ISO-10303-21;
HEADER;
FILE_DESCRIPTION(('STEP AP214'),
    '1');
FILE_NAME('SxB-XH-A-1',
    '',
    ('UNSPECIFIED'),
    ('UNSPECIFIED'),
    'ASCON STEP Converter 1.6',
    'ASCON Math Kernel',
    '');
FILE_SCHEMA(('AUTOMOTIVE_DESIGN { 1 0 10303 214 3 1 1}'));
ENDSEC;

DATA;
#1=SHAPE_REPRESENTATION('NONE',(#2),#6);
#2=AXIS2_PLACEMENT_3D('',#3,#4,#5);
#3=CARTESIAN_POINT('',(0.,0.,0.));
#4=DIRECTION('',(0.,0.,1.));
#5=DIRECTION('',(1.,0.,0.));
#6=(GEOMETRIC_REPRESENTATION_CONTEXT(3)GLOBAL_UNCERTAINTY_ASSIGNED_CONTEXT((#8))
GLOBAL_UNIT_ASSIGNED_CONTEXT((#7,#9,#10))REPRESENTATION_CONTEXT('NONE','NONE'));
#7=(LENGTH_UNIT()NAMED_UNIT(*)SI_UNIT(.MILLI.,.METRE.));
#8=UNCERTAINTY_MEASURE_WITH_UNIT(LENGTH_MEASURE(1.E-005),#7,'NONE','NONE');
#9=(NAMED_UNIT(*)PLANE_ANGLE_UNIT()SI_UNIT($,.RADIAN.));
#10=(NAMED_UNIT(*)SI_UNIT($,.STERADIAN.)SOLID_ANGLE_UNIT());
#11=SHAPE_DEFINITION_REPRESENTATION(#12,#1);
#12=PRODUCT_DEFINITION_SHAPE('NONE','NONE',#13);
#13=PRODUCT_DEFINITION('','UNSPECIFIED',#14,#22);
#14=PRODUCT_DEFINITION_FORMATION_WITH_SPECIFIED_SOURCE('ANY','UNSPECIFIED',#15,.NOT_KNOWN.);
#15=PRODUCT('','SxB-XH-A-1','NONE',(#25));
#16=PERSON('UNSPECIFIED','Chugay','UNSPECIFIED',('UNSPECIFIED'),('UNSPECIFIED'),
('UNSPECIFIED'));
#17=ORGANIZATION('UNSPECIFIED','UNSPECIFIED','UNSPECIFIED');
#18=PERSON_AND_ORGANIZATION(#16,#17);
#19=PERSON_AND_ORGANIZATION_ROLE('design_owner');
#20=CC_DESIGN_PERSON_AND_ORGANIZATION_ASSIGNMENT(#18,#19,(#15));
#21=PRODUCT_RELATED_PRODUCT_CATEGORY('detail','',(#15));
#22=DESIGN_CONTEXT('detailed design',#23,'design');
#23=APPLICATION_CONTEXT('configuration controlled 3d designs of mechanical parts and assemblies');
#24=APPLICATION_PROTOCOL_DEFINITION('international standard','automotive_design',
2011,#23);
#25=MECHANICAL_CONTEXT('NONE',#23,'mechanical');
#26=CC_DESIGN_DATE_AND_TIME_ASSIGNMENT(#27,#31,(#13));
#27=DATE_AND_TIME(#28,#29);
#28=CALENDAR_DATE(0,1,1);
#29=LOCAL_TIME(0,0,0.,#30);
#30=COORDINATED_UNIVERSAL_TIME_OFFSET(0,0,.AHEAD.);
#31=DATE_TIME_ROLE('creation_date');
#32=CC_DESIGN_APPROVAL(#33,(#13));
#33=APPROVAL(#34,'UNSPECIFIED');
#34=APPROVAL_STATUS('not_yet_approved');
#35=APPROVAL_DATE_TIME(#36,#33);
#36=DATE_AND_TIME(#37,#38);
#37=CALENDAR_DATE(0,1,1);
#38=LOCAL_TIME(0,0,0.,#39);
#39=COORDINATED_UNIVERSAL_TIME_OFFSET(0,0,.AHEAD.);
#40=MANIFOLD_SOLID_BREP('',#41);
#41=CLOSED_SHELL('',(#53,#62,#71,#80,#89,#98,#107,#116,#125,#134,#143,#152,#161,
#170,#179,#188,#197,#206,#215,#224,#233,#242,#251,#260,#269,#278,#287,#296,#305,
#314,#323,#332,#341,#350,#359,#368,#377,#386,#395,#404,#413,#422,#431,#440,#449,
#458,#467,#476,#485,#494,#503,#512,#521,#530,#539,#548,#557,#566,#575,#584,#593,
#602,#611,#620,#629,#638,#647,#656,#665,#674,#683,#692,#701,#710,#719,#728,#737,
#746,#755,#764,#773,#782,#791,#800,#809,#818,#827,#836,#845,#854,#863,#872,#881,
#890,#899,#908,#917,#926,#935,#944,#953,#962,#971,#980,#989,#998,#1007,#1016,#1025,
#1034,#1043,#1052,#1061,#1070,#1079,#1088,#1097,#1106,#1115,#1124,#1133,#1142,#1151,
#1160,#1169,#1178,#1187,#1196,#1205,#1214,#1223,#1232,#1241,#1250,#1259,#1268,#1277,
#1286,#1295,#1304,#1313,#1322,#1331,#1340,#1349,#1358,#1367,#1376,#1385,#1394,#1403,
#1412,#1421,#1430,#1439,#1448,#1457,#1466,#1475,#1484,#1493,#1502,#1511,#1520,#1529,
#1538,#1547,#1556,#1565,#1574,#1583));
#42=COLOUR_RGB('',1.,1.,1.);
#43=FILL_AREA_STYLE_COLOUR('',#42);
#44=FILL_AREA_STYLE($,(#43));
#45=SURFACE_STYLE_FILL_AREA(#44);
#46=SURFACE_SIDE_STYLE('',(#45));
#47=SURFACE_STYLE_USAGE(.BOTH.,#46);
#48=PRESENTATION_STYLE_ASSIGNMENT((#47));
#49=MECHANICAL_DESIGN_GEOMETRIC_PRESENTATION_REPRESENTATION('NONE',(#50,#61,#70,
#79,#88,#97,#106,#115,#124,#133,#142,#151,#160,#169,#178,#187,#196,#205,#214,#223,
#232,#241,#250,#259,#268,#277,#286,#295,#304,#313,#322,#331,#340,#349,#358,#367,
#376,#385,#394,#403,#412,#421,#430,#439,#448,#457,#466,#475,#484,#493,#502,#511,
#520,#529,#538,#547,#556,#565,#574,#583,#592,#601,#610,#619,#628,#637,#646,#655,
#664,#673,#682,#691,#700,#709,#718,#727,#736,#745,#754,#763,#772,#781,#790,#799,
#808,#817,#826,#835,#844,#853,#862,#871,#880,#889,#898,#907,#916,#925,#934,#943,
#952,#961,#970,#979,#988,#997,#1006,#1015,#1024,#1033,#1042,#1051,#1060,#1069,#1078,
#1087,#1096,#1105,#1114,#1123,#1132,#1141,#1150,#1159,#1168,#1177,#1186,#1195,#1204,
#1213,#1222,#1231,#1240,#1249,#1258,#1267,#1276,#1285,#1294,#1303,#1312,#1321,#1330,
#1339,#1348,#1357,#1366,#1375,#1384,#1393,#1402,#1411,#1420,#1429,#1438,#1447,#1456,
#1465,#1474,#1483,#1492,#1501,#1510,#1519,#1528,#1537,#1546,#1555,#1564,#1573,#1582,
#1591),#6);
#50=STYLED_ITEM('',(#48),#40);
#51=ADVANCED_BREP_SHAPE_REPRESENTATION('NONE',(#40),#6);
#52=SHAPE_REPRESENTATION_RELATIONSHIP('','',#1,#51);
#53=ADVANCED_FACE('',(#1592),#1594,.F.);
#54=COLOUR_RGB('',1.,1.,1.);
#55=FILL_AREA_STYLE_COLOUR('',#54);
#56=FILL_AREA_STYLE($,(#55));
#57=SURFACE_STYLE_FILL_AREA(#56);
#58=SURFACE_SIDE_STYLE('',(#57));
#59=SURFACE_STYLE_USAGE(.BOTH.,#58);
#60=PRESENTATION_STYLE_ASSIGNMENT((#59));
#61=STYLED_ITEM('',(#60),#53);
#62=ADVANCED_FACE('',(#1599),#1601,.F.);
#63=COLOUR_RGB('',1.,1.,1.);
#64=FILL_AREA_STYLE_COLOUR('',#63);
#65=FILL_AREA_STYLE($,(#64));
#66=SURFACE_STYLE_FILL_AREA(#65);
#67=SURFACE_SIDE_STYLE('',(#66));
#68=SURFACE_STYLE_USAGE(.BOTH.,#67);
#69=PRESENTATION_STYLE_ASSIGNMENT((#68));
#70=STYLED_ITEM('',(#69),#62);
#71=ADVANCED_FACE('',(#1606),#1608,.F.);
#72=COLOUR_RGB('',1.,1.,1.);
#73=FILL_AREA_STYLE_COLOUR('',#72);
#74=FILL_AREA_STYLE($,(#73));
#75=SURFACE_STYLE_FILL_AREA(#74);
#76=SURFACE_SIDE_STYLE('',(#75));
#77=SURFACE_STYLE_USAGE(.BOTH.,#76);
#78=PRESENTATION_STYLE_ASSIGNMENT((#77));
#79=STYLED_ITEM('',(#78),#71);
#80=ADVANCED_FACE('',(#1613),#1615,.T.);
#81=COLOUR_RGB('',1.,1.,1.);
#82=FILL_AREA_STYLE_COLOUR('',#81);
#83=FILL_AREA_STYLE($,(#82));
#84=SURFACE_STYLE_FILL_AREA(#83);
#85=SURFACE_SIDE_STYLE('',(#84));
#86=SURFACE_STYLE_USAGE(.BOTH.,#85);
#87=PRESENTATION_STYLE_ASSIGNMENT((#86));
#88=STYLED_ITEM('',(#87),#80);
#89=ADVANCED_FACE('',(#1620),#1622,.F.);
#90=COLOUR_RGB('',1.,1.,1.);
#91=FILL_AREA_STYLE_COLOUR('',#90);
#92=FILL_AREA_STYLE($,(#91));
#93=SURFACE_STYLE_FILL_AREA(#92);
#94=SURFACE_SIDE_STYLE('',(#93));
#95=SURFACE_STYLE_USAGE(.BOTH.,#94);
#96=PRESENTATION_STYLE_ASSIGNMENT((#95));
#97=STYLED_ITEM('',(#96),#89);
#98=ADVANCED_FACE('',(#1627),#1629,.F.);
#99=COLOUR_RGB('',1.,1.,1.);
#100=FILL_AREA_STYLE_COLOUR('',#99);
#101=FILL_AREA_STYLE($,(#100));
#102=SURFACE_STYLE_FILL_AREA(#101);
#103=SURFACE_SIDE_STYLE('',(#102));
#104=SURFACE_STYLE_USAGE(.BOTH.,#103);
#105=PRESENTATION_STYLE_ASSIGNMENT((#104));
#106=STYLED_ITEM('',(#105),#98);
#107=ADVANCED_FACE('',(#1634),#1636,.F.);
#108=COLOUR_RGB('',1.,1.,1.);
#109=FILL_AREA_STYLE_COLOUR('',#108);
#110=FILL_AREA_STYLE($,(#109));
#111=SURFACE_STYLE_FILL_AREA(#110);
#112=SURFACE_SIDE_STYLE('',(#111));
#113=SURFACE_STYLE_USAGE(.BOTH.,#112);
#114=PRESENTATION_STYLE_ASSIGNMENT((#113));
#115=STYLED_ITEM('',(#114),#107);
#116=ADVANCED_FACE('',(#1641),#1643,.F.);
#117=COLOUR_RGB('',1.,1.,1.);
#118=FILL_AREA_STYLE_COLOUR('',#117);
#119=FILL_AREA_STYLE($,(#118));
#120=SURFACE_STYLE_FILL_AREA(#119);
#121=SURFACE_SIDE_STYLE('',(#120));
#122=SURFACE_STYLE_USAGE(.BOTH.,#121);
#123=PRESENTATION_STYLE_ASSIGNMENT((#122));
#124=STYLED_ITEM('',(#123),#116);
#125=ADVANCED_FACE('',(#1648),#1650,.F.);
#126=COLOUR_RGB('',1.,1.,1.);
#127=FILL_AREA_STYLE_COLOUR('',#126);
#128=FILL_AREA_STYLE($,(#127));
#129=SURFACE_STYLE_FILL_AREA(#128);
#130=SURFACE_SIDE_STYLE('',(#129));
#131=SURFACE_STYLE_USAGE(.BOTH.,#130);
#132=PRESENTATION_STYLE_ASSIGNMENT((#131));
#133=STYLED_ITEM('',(#132),#125);
#134=ADVANCED_FACE('',(#1655),#1657,.F.);
#135=COLOUR_RGB('',1.,1.,1.);
#136=FILL_AREA_STYLE_COLOUR('',#135);
#137=FILL_AREA_STYLE($,(#136));
#138=SURFACE_STYLE_FILL_AREA(#137);
#139=SURFACE_SIDE_STYLE('',(#138));
#140=SURFACE_STYLE_USAGE(.BOTH.,#139);
#141=PRESENTATION_STYLE_ASSIGNMENT((#140));
#142=STYLED_ITEM('',(#141),#134);
#143=ADVANCED_FACE('',(#1662),#1664,.F.);
#144=COLOUR_RGB('',1.,1.,1.);
#145=FILL_AREA_STYLE_COLOUR('',#144);
#146=FILL_AREA_STYLE($,(#145));
#147=SURFACE_STYLE_FILL_AREA(#146);
#148=SURFACE_SIDE_STYLE('',(#147));
#149=SURFACE_STYLE_USAGE(.BOTH.,#148);
#150=PRESENTATION_STYLE_ASSIGNMENT((#149));
#151=STYLED_ITEM('',(#150),#143);
#152=ADVANCED_FACE('',(#1669),#1671,.F.);
#153=COLOUR_RGB('',1.,1.,1.);
#154=FILL_AREA_STYLE_COLOUR('',#153);
#155=FILL_AREA_STYLE($,(#154));
#156=SURFACE_STYLE_FILL_AREA(#155);
#157=SURFACE_SIDE_STYLE('',(#156));
#158=SURFACE_STYLE_USAGE(.BOTH.,#157);
#159=PRESENTATION_STYLE_ASSIGNMENT((#158));
#160=STYLED_ITEM('',(#159),#152);
#161=ADVANCED_FACE('',(#1676),#1678,.F.);
#162=COLOUR_RGB('',1.,1.,1.);
#163=FILL_AREA_STYLE_COLOUR('',#162);
#164=FILL_AREA_STYLE($,(#163));
#165=SURFACE_STYLE_FILL_AREA(#164);
#166=SURFACE_SIDE_STYLE('',(#165));
#167=SURFACE_STYLE_USAGE(.BOTH.,#166);
#168=PRESENTATION_STYLE_ASSIGNMENT((#167));
#169=STYLED_ITEM('',(#168),#161);
#170=ADVANCED_FACE('',(#1683),#1685,.F.);
#171=COLOUR_RGB('',1.,1.,1.);
#172=FILL_AREA_STYLE_COLOUR('',#171);
#173=FILL_AREA_STYLE($,(#172));
#174=SURFACE_STYLE_FILL_AREA(#173);
#175=SURFACE_SIDE_STYLE('',(#174));
#176=SURFACE_STYLE_USAGE(.BOTH.,#175);
#177=PRESENTATION_STYLE_ASSIGNMENT((#176));
#178=STYLED_ITEM('',(#177),#170);
#179=ADVANCED_FACE('',(#1690),#1692,.F.);
#180=COLOUR_RGB('',1.,1.,1.);
#181=FILL_AREA_STYLE_COLOUR('',#180);
#182=FILL_AREA_STYLE($,(#181));
#183=SURFACE_STYLE_FILL_AREA(#182);
#184=SURFACE_SIDE_STYLE('',(#183));
#185=SURFACE_STYLE_USAGE(.BOTH.,#184);
#186=PRESENTATION_STYLE_ASSIGNMENT((#185));
#187=STYLED_ITEM('',(#186),#179);
#188=ADVANCED_FACE('',(#1697),#1699,.F.);
#189=COLOUR_RGB('',1.,1.,1.);
#190=FILL_AREA_STYLE_COLOUR('',#189);
#191=FILL_AREA_STYLE($,(#190));
#192=SURFACE_STYLE_FILL_AREA(#191);
#193=SURFACE_SIDE_STYLE('',(#192));
#194=SURFACE_STYLE_USAGE(.BOTH.,#193);
#195=PRESENTATION_STYLE_ASSIGNMENT((#194));
#196=STYLED_ITEM('',(#195),#188);
#197=ADVANCED_FACE('',(#1704),#1706,.F.);
#198=COLOUR_RGB('',1.,1.,1.);
#199=FILL_AREA_STYLE_COLOUR('',#198);
#200=FILL_AREA_STYLE($,(#199));
#201=SURFACE_STYLE_FILL_AREA(#200);
#202=SURFACE_SIDE_STYLE('',(#201));
#203=SURFACE_STYLE_USAGE(.BOTH.,#202);
#204=PRESENTATION_STYLE_ASSIGNMENT((#203));
#205=STYLED_ITEM('',(#204),#197);
#206=ADVANCED_FACE('',(#1711),#1713,.T.);
#207=COLOUR_RGB('',1.,1.,1.);
#208=FILL_AREA_STYLE_COLOUR('',#207);
#209=FILL_AREA_STYLE($,(#208));
#210=SURFACE_STYLE_FILL_AREA(#209);
#211=SURFACE_SIDE_STYLE('',(#210));
#212=SURFACE_STYLE_USAGE(.BOTH.,#211);
#213=PRESENTATION_STYLE_ASSIGNMENT((#212));
#214=STYLED_ITEM('',(#213),#206);
#215=ADVANCED_FACE('',(#1718),#1720,.F.);
#216=COLOUR_RGB('',1.,1.,1.);
#217=FILL_AREA_STYLE_COLOUR('',#216);
#218=FILL_AREA_STYLE($,(#217));
#219=SURFACE_STYLE_FILL_AREA(#218);
#220=SURFACE_SIDE_STYLE('',(#219));
#221=SURFACE_STYLE_USAGE(.BOTH.,#220);
#222=PRESENTATION_STYLE_ASSIGNMENT((#221));
#223=STYLED_ITEM('',(#222),#215);
#224=ADVANCED_FACE('',(#1725),#1727,.F.);
#225=COLOUR_RGB('',1.,1.,1.);
#226=FILL_AREA_STYLE_COLOUR('',#225);
#227=FILL_AREA_STYLE($,(#226));
#228=SURFACE_STYLE_FILL_AREA(#227);
#229=SURFACE_SIDE_STYLE('',(#228));
#230=SURFACE_STYLE_USAGE(.BOTH.,#229);
#231=PRESENTATION_STYLE_ASSIGNMENT((#230));
#232=STYLED_ITEM('',(#231),#224);
#233=ADVANCED_FACE('',(#1732,#1734,#1736,#1738,#1740,#1742),#1744,.T.);
#234=COLOUR_RGB('',1.,1.,1.);
#235=FILL_AREA_STYLE_COLOUR('',#234);
#236=FILL_AREA_STYLE($,(#235));
#237=SURFACE_STYLE_FILL_AREA(#236);
#238=SURFACE_SIDE_STYLE('',(#237));
#239=SURFACE_STYLE_USAGE(.BOTH.,#238);
#240=PRESENTATION_STYLE_ASSIGNMENT((#239));
#241=STYLED_ITEM('',(#240),#233);
#242=ADVANCED_FACE('',(#1749),#1751,.F.);
#243=COLOUR_RGB('',1.,1.,1.);
#244=FILL_AREA_STYLE_COLOUR('',#243);
#245=FILL_AREA_STYLE($,(#244));
#246=SURFACE_STYLE_FILL_AREA(#245);
#247=SURFACE_SIDE_STYLE('',(#246));
#248=SURFACE_STYLE_USAGE(.BOTH.,#247);
#249=PRESENTATION_STYLE_ASSIGNMENT((#248));
#250=STYLED_ITEM('',(#249),#242);
#251=ADVANCED_FACE('',(#1756),#1758,.F.);
#252=COLOUR_RGB('',1.,1.,1.);
#253=FILL_AREA_STYLE_COLOUR('',#252);
#254=FILL_AREA_STYLE($,(#253));
#255=SURFACE_STYLE_FILL_AREA(#254);
#256=SURFACE_SIDE_STYLE('',(#255));
#257=SURFACE_STYLE_USAGE(.BOTH.,#256);
#258=PRESENTATION_STYLE_ASSIGNMENT((#257));
#259=STYLED_ITEM('',(#258),#251);
#260=ADVANCED_FACE('',(#1763),#1765,.T.);
#261=COLOUR_RGB('',1.,1.,1.);
#262=FILL_AREA_STYLE_COLOUR('',#261);
#263=FILL_AREA_STYLE($,(#262));
#264=SURFACE_STYLE_FILL_AREA(#263);
#265=SURFACE_SIDE_STYLE('',(#264));
#266=SURFACE_STYLE_USAGE(.BOTH.,#265);
#267=PRESENTATION_STYLE_ASSIGNMENT((#266));
#268=STYLED_ITEM('',(#267),#260);
#269=ADVANCED_FACE('',(#1770),#1772,.T.);
#270=COLOUR_RGB('',1.,1.,1.);
#271=FILL_AREA_STYLE_COLOUR('',#270);
#272=FILL_AREA_STYLE($,(#271));
#273=SURFACE_STYLE_FILL_AREA(#272);
#274=SURFACE_SIDE_STYLE('',(#273));
#275=SURFACE_STYLE_USAGE(.BOTH.,#274);
#276=PRESENTATION_STYLE_ASSIGNMENT((#275));
#277=STYLED_ITEM('',(#276),#269);
#278=ADVANCED_FACE('',(#1777),#1779,.F.);
#279=COLOUR_RGB('',1.,1.,1.);
#280=FILL_AREA_STYLE_COLOUR('',#279);
#281=FILL_AREA_STYLE($,(#280));
#282=SURFACE_STYLE_FILL_AREA(#281);
#283=SURFACE_SIDE_STYLE('',(#282));
#284=SURFACE_STYLE_USAGE(.BOTH.,#283);
#285=PRESENTATION_STYLE_ASSIGNMENT((#284));
#286=STYLED_ITEM('',(#285),#278);
#287=ADVANCED_FACE('',(#1784,#1786),#1788,.T.);
#288=COLOUR_RGB('',1.,1.,1.);
#289=FILL_AREA_STYLE_COLOUR('',#288);
#290=FILL_AREA_STYLE($,(#289));
#291=SURFACE_STYLE_FILL_AREA(#290);
#292=SURFACE_SIDE_STYLE('',(#291));
#293=SURFACE_STYLE_USAGE(.BOTH.,#292);
#294=PRESENTATION_STYLE_ASSIGNMENT((#293));
#295=STYLED_ITEM('',(#294),#287);
#296=ADVANCED_FACE('',(#1793),#1795,.F.);
#297=COLOUR_RGB('',1.,1.,1.);
#298=FILL_AREA_STYLE_COLOUR('',#297);
#299=FILL_AREA_STYLE($,(#298));
#300=SURFACE_STYLE_FILL_AREA(#299);
#301=SURFACE_SIDE_STYLE('',(#300));
#302=SURFACE_STYLE_USAGE(.BOTH.,#301);
#303=PRESENTATION_STYLE_ASSIGNMENT((#302));
#304=STYLED_ITEM('',(#303),#296);
#305=ADVANCED_FACE('',(#1800),#1802,.T.);
#306=COLOUR_RGB('',1.,1.,1.);
#307=FILL_AREA_STYLE_COLOUR('',#306);
#308=FILL_AREA_STYLE($,(#307));
#309=SURFACE_STYLE_FILL_AREA(#308);
#310=SURFACE_SIDE_STYLE('',(#309));
#311=SURFACE_STYLE_USAGE(.BOTH.,#310);
#312=PRESENTATION_STYLE_ASSIGNMENT((#311));
#313=STYLED_ITEM('',(#312),#305);
#314=ADVANCED_FACE('',(#1807),#1809,.F.);
#315=COLOUR_RGB('',1.,1.,1.);
#316=FILL_AREA_STYLE_COLOUR('',#315);
#317=FILL_AREA_STYLE($,(#316));
#318=SURFACE_STYLE_FILL_AREA(#317);
#319=SURFACE_SIDE_STYLE('',(#318));
#320=SURFACE_STYLE_USAGE(.BOTH.,#319);
#321=PRESENTATION_STYLE_ASSIGNMENT((#320));
#322=STYLED_ITEM('',(#321),#314);
#323=ADVANCED_FACE('',(#1814,#1816),#1818,.T.);
#324=COLOUR_RGB('',1.,1.,1.);
#325=FILL_AREA_STYLE_COLOUR('',#324);
#326=FILL_AREA_STYLE($,(#325));
#327=SURFACE_STYLE_FILL_AREA(#326);
#328=SURFACE_SIDE_STYLE('',(#327));
#329=SURFACE_STYLE_USAGE(.BOTH.,#328);
#330=PRESENTATION_STYLE_ASSIGNMENT((#329));
#331=STYLED_ITEM('',(#330),#323);
#332=ADVANCED_FACE('',(#1823),#1825,.F.);
#333=COLOUR_RGB('',1.,1.,1.);
#334=FILL_AREA_STYLE_COLOUR('',#333);
#335=FILL_AREA_STYLE($,(#334));
#336=SURFACE_STYLE_FILL_AREA(#335);
#337=SURFACE_SIDE_STYLE('',(#336));
#338=SURFACE_STYLE_USAGE(.BOTH.,#337);
#339=PRESENTATION_STYLE_ASSIGNMENT((#338));
#340=STYLED_ITEM('',(#339),#332);
#341=ADVANCED_FACE('',(#1830),#1832,.T.);
#342=COLOUR_RGB('',1.,1.,1.);
#343=FILL_AREA_STYLE_COLOUR('',#342);
#344=FILL_AREA_STYLE($,(#343));
#345=SURFACE_STYLE_FILL_AREA(#344);
#346=SURFACE_SIDE_STYLE('',(#345));
#347=SURFACE_STYLE_USAGE(.BOTH.,#346);
#348=PRESENTATION_STYLE_ASSIGNMENT((#347));
#349=STYLED_ITEM('',(#348),#341);
#350=ADVANCED_FACE('',(#1837),#1839,.F.);
#351=COLOUR_RGB('',1.,1.,1.);
#352=FILL_AREA_STYLE_COLOUR('',#351);
#353=FILL_AREA_STYLE($,(#352));
#354=SURFACE_STYLE_FILL_AREA(#353);
#355=SURFACE_SIDE_STYLE('',(#354));
#356=SURFACE_STYLE_USAGE(.BOTH.,#355);
#357=PRESENTATION_STYLE_ASSIGNMENT((#356));
#358=STYLED_ITEM('',(#357),#350);
#359=ADVANCED_FACE('',(#1844,#1846),#1848,.T.);
#360=COLOUR_RGB('',1.,1.,1.);
#361=FILL_AREA_STYLE_COLOUR('',#360);
#362=FILL_AREA_STYLE($,(#361));
#363=SURFACE_STYLE_FILL_AREA(#362);
#364=SURFACE_SIDE_STYLE('',(#363));
#365=SURFACE_STYLE_USAGE(.BOTH.,#364);
#366=PRESENTATION_STYLE_ASSIGNMENT((#365));
#367=STYLED_ITEM('',(#366),#359);
#368=ADVANCED_FACE('',(#1853),#1855,.F.);
#369=COLOUR_RGB('',1.,1.,1.);
#370=FILL_AREA_STYLE_COLOUR('',#369);
#371=FILL_AREA_STYLE($,(#370));
#372=SURFACE_STYLE_FILL_AREA(#371);
#373=SURFACE_SIDE_STYLE('',(#372));
#374=SURFACE_STYLE_USAGE(.BOTH.,#373);
#375=PRESENTATION_STYLE_ASSIGNMENT((#374));
#376=STYLED_ITEM('',(#375),#368);
#377=ADVANCED_FACE('',(#1860),#1862,.T.);
#378=COLOUR_RGB('',1.,1.,1.);
#379=FILL_AREA_STYLE_COLOUR('',#378);
#380=FILL_AREA_STYLE($,(#379));
#381=SURFACE_STYLE_FILL_AREA(#380);
#382=SURFACE_SIDE_STYLE('',(#381));
#383=SURFACE_STYLE_USAGE(.BOTH.,#382);
#384=PRESENTATION_STYLE_ASSIGNMENT((#383));
#385=STYLED_ITEM('',(#384),#377);
#386=ADVANCED_FACE('',(#1867),#1869,.F.);
#387=COLOUR_RGB('',1.,1.,1.);
#388=FILL_AREA_STYLE_COLOUR('',#387);
#389=FILL_AREA_STYLE($,(#388));
#390=SURFACE_STYLE_FILL_AREA(#389);
#391=SURFACE_SIDE_STYLE('',(#390));
#392=SURFACE_STYLE_USAGE(.BOTH.,#391);
#393=PRESENTATION_STYLE_ASSIGNMENT((#392));
#394=STYLED_ITEM('',(#393),#386);
#395=ADVANCED_FACE('',(#1874,#1876),#1878,.T.);
#396=COLOUR_RGB('',1.,1.,1.);
#397=FILL_AREA_STYLE_COLOUR('',#396);
#398=FILL_AREA_STYLE($,(#397));
#399=SURFACE_STYLE_FILL_AREA(#398);
#400=SURFACE_SIDE_STYLE('',(#399));
#401=SURFACE_STYLE_USAGE(.BOTH.,#400);
#402=PRESENTATION_STYLE_ASSIGNMENT((#401));
#403=STYLED_ITEM('',(#402),#395);
#404=ADVANCED_FACE('',(#1883),#1885,.F.);
#405=COLOUR_RGB('',1.,1.,1.);
#406=FILL_AREA_STYLE_COLOUR('',#405);
#407=FILL_AREA_STYLE($,(#406));
#408=SURFACE_STYLE_FILL_AREA(#407);
#409=SURFACE_SIDE_STYLE('',(#408));
#410=SURFACE_STYLE_USAGE(.BOTH.,#409);
#411=PRESENTATION_STYLE_ASSIGNMENT((#410));
#412=STYLED_ITEM('',(#411),#404);
#413=ADVANCED_FACE('',(#1890),#1892,.T.);
#414=COLOUR_RGB('',1.,1.,1.);
#415=FILL_AREA_STYLE_COLOUR('',#414);
#416=FILL_AREA_STYLE($,(#415));
#417=SURFACE_STYLE_FILL_AREA(#416);
#418=SURFACE_SIDE_STYLE('',(#417));
#419=SURFACE_STYLE_USAGE(.BOTH.,#418);
#420=PRESENTATION_STYLE_ASSIGNMENT((#419));
#421=STYLED_ITEM('',(#420),#413);
#422=ADVANCED_FACE('',(#1897),#1899,.F.);
#423=COLOUR_RGB('',1.,1.,1.);
#424=FILL_AREA_STYLE_COLOUR('',#423);
#425=FILL_AREA_STYLE($,(#424));
#426=SURFACE_STYLE_FILL_AREA(#425);
#427=SURFACE_SIDE_STYLE('',(#426));
#428=SURFACE_STYLE_USAGE(.BOTH.,#427);
#429=PRESENTATION_STYLE_ASSIGNMENT((#428));
#430=STYLED_ITEM('',(#429),#422);
#431=ADVANCED_FACE('',(#1904,#1906),#1908,.T.);
#432=COLOUR_RGB('',1.,1.,1.);
#433=FILL_AREA_STYLE_COLOUR('',#432);
#434=FILL_AREA_STYLE($,(#433));
#435=SURFACE_STYLE_FILL_AREA(#434);
#436=SURFACE_SIDE_STYLE('',(#435));
#437=SURFACE_STYLE_USAGE(.BOTH.,#436);
#438=PRESENTATION_STYLE_ASSIGNMENT((#437));
#439=STYLED_ITEM('',(#438),#431);
#440=ADVANCED_FACE('',(#1913),#1915,.F.);
#441=COLOUR_RGB('',1.,1.,1.);
#442=FILL_AREA_STYLE_COLOUR('',#441);
#443=FILL_AREA_STYLE($,(#442));
#444=SURFACE_STYLE_FILL_AREA(#443);
#445=SURFACE_SIDE_STYLE('',(#444));
#446=SURFACE_STYLE_USAGE(.BOTH.,#445);
#447=PRESENTATION_STYLE_ASSIGNMENT((#446));
#448=STYLED_ITEM('',(#447),#440);
#449=ADVANCED_FACE('',(#1920),#1922,.T.);
#450=COLOUR_RGB('',1.,1.,1.);
#451=FILL_AREA_STYLE_COLOUR('',#450);
#452=FILL_AREA_STYLE($,(#451));
#453=SURFACE_STYLE_FILL_AREA(#452);
#454=SURFACE_SIDE_STYLE('',(#453));
#455=SURFACE_STYLE_USAGE(.BOTH.,#454);
#456=PRESENTATION_STYLE_ASSIGNMENT((#455));
#457=STYLED_ITEM('',(#456),#449);
#458=ADVANCED_FACE('',(#1927),#1929,.F.);
#459=COLOUR_RGB('',1.,1.,1.);
#460=FILL_AREA_STYLE_COLOUR('',#459);
#461=FILL_AREA_STYLE($,(#460));
#462=SURFACE_STYLE_FILL_AREA(#461);
#463=SURFACE_SIDE_STYLE('',(#462));
#464=SURFACE_STYLE_USAGE(.BOTH.,#463);
#465=PRESENTATION_STYLE_ASSIGNMENT((#464));
#466=STYLED_ITEM('',(#465),#458);
#467=ADVANCED_FACE('',(#1934),#1936,.T.);
#468=COLOUR_RGB('',1.,1.,1.);
#469=FILL_AREA_STYLE_COLOUR('',#468);
#470=FILL_AREA_STYLE($,(#469));
#471=SURFACE_STYLE_FILL_AREA(#470);
#472=SURFACE_SIDE_STYLE('',(#471));
#473=SURFACE_STYLE_USAGE(.BOTH.,#472);
#474=PRESENTATION_STYLE_ASSIGNMENT((#473));
#475=STYLED_ITEM('',(#474),#467);
#476=ADVANCED_FACE('',(#1941),#1943,.T.);
#477=COLOUR_RGB('',1.,1.,1.);
#478=FILL_AREA_STYLE_COLOUR('',#477);
#479=FILL_AREA_STYLE($,(#478));
#480=SURFACE_STYLE_FILL_AREA(#479);
#481=SURFACE_SIDE_STYLE('',(#480));
#482=SURFACE_STYLE_USAGE(.BOTH.,#481);
#483=PRESENTATION_STYLE_ASSIGNMENT((#482));
#484=STYLED_ITEM('',(#483),#476);
#485=ADVANCED_FACE('',(#1948),#1950,.T.);
#486=COLOUR_RGB('',1.,1.,1.);
#487=FILL_AREA_STYLE_COLOUR('',#486);
#488=FILL_AREA_STYLE($,(#487));
#489=SURFACE_STYLE_FILL_AREA(#488);
#490=SURFACE_SIDE_STYLE('',(#489));
#491=SURFACE_STYLE_USAGE(.BOTH.,#490);
#492=PRESENTATION_STYLE_ASSIGNMENT((#491));
#493=STYLED_ITEM('',(#492),#485);
#494=ADVANCED_FACE('',(#1955),#1957,.F.);
#495=COLOUR_RGB('',1.,1.,1.);
#496=FILL_AREA_STYLE_COLOUR('',#495);
#497=FILL_AREA_STYLE($,(#496));
#498=SURFACE_STYLE_FILL_AREA(#497);
#499=SURFACE_SIDE_STYLE('',(#498));
#500=SURFACE_STYLE_USAGE(.BOTH.,#499);
#501=PRESENTATION_STYLE_ASSIGNMENT((#500));
#502=STYLED_ITEM('',(#501),#494);
#503=ADVANCED_FACE('',(#1962),#1964,.F.);
#504=COLOUR_RGB('',1.,1.,1.);
#505=FILL_AREA_STYLE_COLOUR('',#504);
#506=FILL_AREA_STYLE($,(#505));
#507=SURFACE_STYLE_FILL_AREA(#506);
#508=SURFACE_SIDE_STYLE('',(#507));
#509=SURFACE_STYLE_USAGE(.BOTH.,#508);
#510=PRESENTATION_STYLE_ASSIGNMENT((#509));
#511=STYLED_ITEM('',(#510),#503);
#512=ADVANCED_FACE('',(#1969),#1971,.F.);
#513=COLOUR_RGB('',1.,1.,1.);
#514=FILL_AREA_STYLE_COLOUR('',#513);
#515=FILL_AREA_STYLE($,(#514));
#516=SURFACE_STYLE_FILL_AREA(#515);
#517=SURFACE_SIDE_STYLE('',(#516));
#518=SURFACE_STYLE_USAGE(.BOTH.,#517);
#519=PRESENTATION_STYLE_ASSIGNMENT((#518));
#520=STYLED_ITEM('',(#519),#512);
#521=ADVANCED_FACE('',(#1976),#1978,.T.);
#522=COLOUR_RGB('',1.,0.843137254901961,0.);
#523=FILL_AREA_STYLE_COLOUR('',#522);
#524=FILL_AREA_STYLE($,(#523));
#525=SURFACE_STYLE_FILL_AREA(#524);
#526=SURFACE_SIDE_STYLE('',(#525));
#527=SURFACE_STYLE_USAGE(.BOTH.,#526);
#528=PRESENTATION_STYLE_ASSIGNMENT((#527));
#529=STYLED_ITEM('',(#528),#521);
#530=ADVANCED_FACE('',(#1983),#1985,.T.);
#531=COLOUR_RGB('',1.,0.843137254901961,0.);
#532=FILL_AREA_STYLE_COLOUR('',#531);
#533=FILL_AREA_STYLE($,(#532));
#534=SURFACE_STYLE_FILL_AREA(#533);
#535=SURFACE_SIDE_STYLE('',(#534));
#536=SURFACE_STYLE_USAGE(.BOTH.,#535);
#537=PRESENTATION_STYLE_ASSIGNMENT((#536));
#538=STYLED_ITEM('',(#537),#530);
#539=ADVANCED_FACE('',(#1990),#1992,.T.);
#540=COLOUR_RGB('',1.,0.843137254901961,0.);
#541=FILL_AREA_STYLE_COLOUR('',#540);
#542=FILL_AREA_STYLE($,(#541));
#543=SURFACE_STYLE_FILL_AREA(#542);
#544=SURFACE_SIDE_STYLE('',(#543));
#545=SURFACE_STYLE_USAGE(.BOTH.,#544);
#546=PRESENTATION_STYLE_ASSIGNMENT((#545));
#547=STYLED_ITEM('',(#546),#539);
#548=ADVANCED_FACE('',(#1997),#1999,.T.);
#549=COLOUR_RGB('',1.,0.843137254901961,0.);
#550=FILL_AREA_STYLE_COLOUR('',#549);
#551=FILL_AREA_STYLE($,(#550));
#552=SURFACE_STYLE_FILL_AREA(#551);
#553=SURFACE_SIDE_STYLE('',(#552));
#554=SURFACE_STYLE_USAGE(.BOTH.,#553);
#555=PRESENTATION_STYLE_ASSIGNMENT((#554));
#556=STYLED_ITEM('',(#555),#548);
#557=ADVANCED_FACE('',(#2004),#2006,.T.);
#558=COLOUR_RGB('',1.,0.843137254901961,0.);
#559=FILL_AREA_STYLE_COLOUR('',#558);
#560=FILL_AREA_STYLE($,(#559));
#561=SURFACE_STYLE_FILL_AREA(#560);
#562=SURFACE_SIDE_STYLE('',(#561));
#563=SURFACE_STYLE_USAGE(.BOTH.,#562);
#564=PRESENTATION_STYLE_ASSIGNMENT((#563));
#565=STYLED_ITEM('',(#564),#557);
#566=ADVANCED_FACE('',(#2011),#2013,.T.);
#567=COLOUR_RGB('',1.,0.843137254901961,0.);
#568=FILL_AREA_STYLE_COLOUR('',#567);
#569=FILL_AREA_STYLE($,(#568));
#570=SURFACE_STYLE_FILL_AREA(#569);
#571=SURFACE_SIDE_STYLE('',(#570));
#572=SURFACE_STYLE_USAGE(.BOTH.,#571);
#573=PRESENTATION_STYLE_ASSIGNMENT((#572));
#574=STYLED_ITEM('',(#573),#566);
#575=ADVANCED_FACE('',(#2018),#2020,.T.);
#576=COLOUR_RGB('',1.,0.843137254901961,0.);
#577=FILL_AREA_STYLE_COLOUR('',#576);
#578=FILL_AREA_STYLE($,(#577));
#579=SURFACE_STYLE_FILL_AREA(#578);
#580=SURFACE_SIDE_STYLE('',(#579));
#581=SURFACE_STYLE_USAGE(.BOTH.,#580);
#582=PRESENTATION_STYLE_ASSIGNMENT((#581));
#583=STYLED_ITEM('',(#582),#575);
#584=ADVANCED_FACE('',(#2025),#2027,.T.);
#585=COLOUR_RGB('',1.,0.843137254901961,0.);
#586=FILL_AREA_STYLE_COLOUR('',#585);
#587=FILL_AREA_STYLE($,(#586));
#588=SURFACE_STYLE_FILL_AREA(#587);
#589=SURFACE_SIDE_STYLE('',(#588));
#590=SURFACE_STYLE_USAGE(.BOTH.,#589);
#591=PRESENTATION_STYLE_ASSIGNMENT((#590));
#592=STYLED_ITEM('',(#591),#584);
#593=ADVANCED_FACE('',(#2032),#2034,.T.);
#594=COLOUR_RGB('',1.,0.843137254901961,0.);
#595=FILL_AREA_STYLE_COLOUR('',#594);
#596=FILL_AREA_STYLE($,(#595));
#597=SURFACE_STYLE_FILL_AREA(#596);
#598=SURFACE_SIDE_STYLE('',(#597));
#599=SURFACE_STYLE_USAGE(.BOTH.,#598);
#600=PRESENTATION_STYLE_ASSIGNMENT((#599));
#601=STYLED_ITEM('',(#600),#593);
#602=ADVANCED_FACE('',(#2039),#2041,.T.);
#603=COLOUR_RGB('',1.,0.843137254901961,0.);
#604=FILL_AREA_STYLE_COLOUR('',#603);
#605=FILL_AREA_STYLE($,(#604));
#606=SURFACE_STYLE_FILL_AREA(#605);
#607=SURFACE_SIDE_STYLE('',(#606));
#608=SURFACE_STYLE_USAGE(.BOTH.,#607);
#609=PRESENTATION_STYLE_ASSIGNMENT((#608));
#610=STYLED_ITEM('',(#609),#602);
#611=ADVANCED_FACE('',(#2046),#2048,.T.);
#612=COLOUR_RGB('',1.,0.843137254901961,0.);
#613=FILL_AREA_STYLE_COLOUR('',#612);
#614=FILL_AREA_STYLE($,(#613));
#615=SURFACE_STYLE_FILL_AREA(#614);
#616=SURFACE_SIDE_STYLE('',(#615));
#617=SURFACE_STYLE_USAGE(.BOTH.,#616);
#618=PRESENTATION_STYLE_ASSIGNMENT((#617));
#619=STYLED_ITEM('',(#618),#611);
#620=ADVANCED_FACE('',(#2053),#2055,.T.);
#621=COLOUR_RGB('',1.,0.843137254901961,0.);
#622=FILL_AREA_STYLE_COLOUR('',#621);
#623=FILL_AREA_STYLE($,(#622));
#624=SURFACE_STYLE_FILL_AREA(#623);
#625=SURFACE_SIDE_STYLE('',(#624));
#626=SURFACE_STYLE_USAGE(.BOTH.,#625);
#627=PRESENTATION_STYLE_ASSIGNMENT((#626));
#628=STYLED_ITEM('',(#627),#620);
#629=ADVANCED_FACE('',(#2060),#2062,.T.);
#630=COLOUR_RGB('',1.,0.843137254901961,0.);
#631=FILL_AREA_STYLE_COLOUR('',#630);
#632=FILL_AREA_STYLE($,(#631));
#633=SURFACE_STYLE_FILL_AREA(#632);
#634=SURFACE_SIDE_STYLE('',(#633));
#635=SURFACE_STYLE_USAGE(.BOTH.,#634);
#636=PRESENTATION_STYLE_ASSIGNMENT((#635));
#637=STYLED_ITEM('',(#636),#629);
#638=ADVANCED_FACE('',(#2067),#2069,.T.);
#639=COLOUR_RGB('',1.,0.843137254901961,0.);
#640=FILL_AREA_STYLE_COLOUR('',#639);
#641=FILL_AREA_STYLE($,(#640));
#642=SURFACE_STYLE_FILL_AREA(#641);
#643=SURFACE_SIDE_STYLE('',(#642));
#644=SURFACE_STYLE_USAGE(.BOTH.,#643);
#645=PRESENTATION_STYLE_ASSIGNMENT((#644));
#646=STYLED_ITEM('',(#645),#638);
#647=ADVANCED_FACE('',(#2074),#2076,.T.);
#648=COLOUR_RGB('',1.,0.843137254901961,0.);
#649=FILL_AREA_STYLE_COLOUR('',#648);
#650=FILL_AREA_STYLE($,(#649));
#651=SURFACE_STYLE_FILL_AREA(#650);
#652=SURFACE_SIDE_STYLE('',(#651));
#653=SURFACE_STYLE_USAGE(.BOTH.,#652);
#654=PRESENTATION_STYLE_ASSIGNMENT((#653));
#655=STYLED_ITEM('',(#654),#647);
#656=ADVANCED_FACE('',(#2081),#2083,.T.);
#657=COLOUR_RGB('',1.,0.843137254901961,0.);
#658=FILL_AREA_STYLE_COLOUR('',#657);
#659=FILL_AREA_STYLE($,(#658));
#660=SURFACE_STYLE_FILL_AREA(#659);
#661=SURFACE_SIDE_STYLE('',(#660));
#662=SURFACE_STYLE_USAGE(.BOTH.,#661);
#663=PRESENTATION_STYLE_ASSIGNMENT((#662));
#664=STYLED_ITEM('',(#663),#656);
#665=ADVANCED_FACE('',(#2088),#2090,.T.);
#666=COLOUR_RGB('',1.,0.843137254901961,0.);
#667=FILL_AREA_STYLE_COLOUR('',#666);
#668=FILL_AREA_STYLE($,(#667));
#669=SURFACE_STYLE_FILL_AREA(#668);
#670=SURFACE_SIDE_STYLE('',(#669));
#671=SURFACE_STYLE_USAGE(.BOTH.,#670);
#672=PRESENTATION_STYLE_ASSIGNMENT((#671));
#673=STYLED_ITEM('',(#672),#665);
#674=ADVANCED_FACE('',(#2095),#2097,.T.);
#675=COLOUR_RGB('',1.,0.843137254901961,0.);
#676=FILL_AREA_STYLE_COLOUR('',#675);
#677=FILL_AREA_STYLE($,(#676));
#678=SURFACE_STYLE_FILL_AREA(#677);
#679=SURFACE_SIDE_STYLE('',(#678));
#680=SURFACE_STYLE_USAGE(.BOTH.,#679);
#681=PRESENTATION_STYLE_ASSIGNMENT((#680));
#682=STYLED_ITEM('',(#681),#674);
#683=ADVANCED_FACE('',(#2102),#2104,.T.);
#684=COLOUR_RGB('',1.,0.843137254901961,0.);
#685=FILL_AREA_STYLE_COLOUR('',#684);
#686=FILL_AREA_STYLE($,(#685));
#687=SURFACE_STYLE_FILL_AREA(#686);
#688=SURFACE_SIDE_STYLE('',(#687));
#689=SURFACE_STYLE_USAGE(.BOTH.,#688);
#690=PRESENTATION_STYLE_ASSIGNMENT((#689));
#691=STYLED_ITEM('',(#690),#683);
#692=ADVANCED_FACE('',(#2109),#2111,.T.);
#693=COLOUR_RGB('',1.,0.843137254901961,0.);
#694=FILL_AREA_STYLE_COLOUR('',#693);
#695=FILL_AREA_STYLE($,(#694));
#696=SURFACE_STYLE_FILL_AREA(#695);
#697=SURFACE_SIDE_STYLE('',(#696));
#698=SURFACE_STYLE_USAGE(.BOTH.,#697);
#699=PRESENTATION_STYLE_ASSIGNMENT((#698));
#700=STYLED_ITEM('',(#699),#692);
#701=ADVANCED_FACE('',(#2116),#2118,.F.);
#702=COLOUR_RGB('',1.,1.,1.);
#703=FILL_AREA_STYLE_COLOUR('',#702);
#704=FILL_AREA_STYLE($,(#703));
#705=SURFACE_STYLE_FILL_AREA(#704);
#706=SURFACE_SIDE_STYLE('',(#705));
#707=SURFACE_STYLE_USAGE(.BOTH.,#706);
#708=PRESENTATION_STYLE_ASSIGNMENT((#707));
#709=STYLED_ITEM('',(#708),#701);
#710=ADVANCED_FACE('',(#2123),#2125,.F.);
#711=COLOUR_RGB('',1.,1.,1.);
#712=FILL_AREA_STYLE_COLOUR('',#711);
#713=FILL_AREA_STYLE($,(#712));
#714=SURFACE_STYLE_FILL_AREA(#713);
#715=SURFACE_SIDE_STYLE('',(#714));
#716=SURFACE_STYLE_USAGE(.BOTH.,#715);
#717=PRESENTATION_STYLE_ASSIGNMENT((#716));
#718=STYLED_ITEM('',(#717),#710);
#719=ADVANCED_FACE('',(#2130),#2132,.T.);
#720=COLOUR_RGB('',1.,1.,1.);
#721=FILL_AREA_STYLE_COLOUR('',#720);
#722=FILL_AREA_STYLE($,(#721));
#723=SURFACE_STYLE_FILL_AREA(#722);
#724=SURFACE_SIDE_STYLE('',(#723));
#725=SURFACE_STYLE_USAGE(.BOTH.,#724);
#726=PRESENTATION_STYLE_ASSIGNMENT((#725));
#727=STYLED_ITEM('',(#726),#719);
#728=ADVANCED_FACE('',(#2137),#2139,.T.);
#729=COLOUR_RGB('',1.,1.,1.);
#730=FILL_AREA_STYLE_COLOUR('',#729);
#731=FILL_AREA_STYLE($,(#730));
#732=SURFACE_STYLE_FILL_AREA(#731);
#733=SURFACE_SIDE_STYLE('',(#732));
#734=SURFACE_STYLE_USAGE(.BOTH.,#733);
#735=PRESENTATION_STYLE_ASSIGNMENT((#734));
#736=STYLED_ITEM('',(#735),#728);
#737=ADVANCED_FACE('',(#2144),#2146,.F.);
#738=COLOUR_RGB('',1.,1.,1.);
#739=FILL_AREA_STYLE_COLOUR('',#738);
#740=FILL_AREA_STYLE($,(#739));
#741=SURFACE_STYLE_FILL_AREA(#740);
#742=SURFACE_SIDE_STYLE('',(#741));
#743=SURFACE_STYLE_USAGE(.BOTH.,#742);
#744=PRESENTATION_STYLE_ASSIGNMENT((#743));
#745=STYLED_ITEM('',(#744),#737);
#746=ADVANCED_FACE('',(#2151),#2153,.T.);
#747=COLOUR_RGB('',1.,0.843137254901961,0.);
#748=FILL_AREA_STYLE_COLOUR('',#747);
#749=FILL_AREA_STYLE($,(#748));
#750=SURFACE_STYLE_FILL_AREA(#749);
#751=SURFACE_SIDE_STYLE('',(#750));
#752=SURFACE_STYLE_USAGE(.BOTH.,#751);
#753=PRESENTATION_STYLE_ASSIGNMENT((#752));
#754=STYLED_ITEM('',(#753),#746);
#755=ADVANCED_FACE('',(#2158),#2160,.T.);
#756=COLOUR_RGB('',1.,0.843137254901961,0.);
#757=FILL_AREA_STYLE_COLOUR('',#756);
#758=FILL_AREA_STYLE($,(#757));
#759=SURFACE_STYLE_FILL_AREA(#758);
#760=SURFACE_SIDE_STYLE('',(#759));
#761=SURFACE_STYLE_USAGE(.BOTH.,#760);
#762=PRESENTATION_STYLE_ASSIGNMENT((#761));
#763=STYLED_ITEM('',(#762),#755);
#764=ADVANCED_FACE('',(#2165),#2167,.T.);
#765=COLOUR_RGB('',1.,0.843137254901961,0.);
#766=FILL_AREA_STYLE_COLOUR('',#765);
#767=FILL_AREA_STYLE($,(#766));
#768=SURFACE_STYLE_FILL_AREA(#767);
#769=SURFACE_SIDE_STYLE('',(#768));
#770=SURFACE_STYLE_USAGE(.BOTH.,#769);
#771=PRESENTATION_STYLE_ASSIGNMENT((#770));
#772=STYLED_ITEM('',(#771),#764);
#773=ADVANCED_FACE('',(#2172),#2174,.T.);
#774=COLOUR_RGB('',1.,0.843137254901961,0.);
#775=FILL_AREA_STYLE_COLOUR('',#774);
#776=FILL_AREA_STYLE($,(#775));
#777=SURFACE_STYLE_FILL_AREA(#776);
#778=SURFACE_SIDE_STYLE('',(#777));
#779=SURFACE_STYLE_USAGE(.BOTH.,#778);
#780=PRESENTATION_STYLE_ASSIGNMENT((#779));
#781=STYLED_ITEM('',(#780),#773);
#782=ADVANCED_FACE('',(#2179),#2181,.T.);
#783=COLOUR_RGB('',1.,0.843137254901961,0.);
#784=FILL_AREA_STYLE_COLOUR('',#783);
#785=FILL_AREA_STYLE($,(#784));
#786=SURFACE_STYLE_FILL_AREA(#785);
#787=SURFACE_SIDE_STYLE('',(#786));
#788=SURFACE_STYLE_USAGE(.BOTH.,#787);
#789=PRESENTATION_STYLE_ASSIGNMENT((#788));
#790=STYLED_ITEM('',(#789),#782);
#791=ADVANCED_FACE('',(#2186),#2188,.T.);
#792=COLOUR_RGB('',1.,0.843137254901961,0.);
#793=FILL_AREA_STYLE_COLOUR('',#792);
#794=FILL_AREA_STYLE($,(#793));
#795=SURFACE_STYLE_FILL_AREA(#794);
#796=SURFACE_SIDE_STYLE('',(#795));
#797=SURFACE_STYLE_USAGE(.BOTH.,#796);
#798=PRESENTATION_STYLE_ASSIGNMENT((#797));
#799=STYLED_ITEM('',(#798),#791);
#800=ADVANCED_FACE('',(#2193),#2195,.T.);
#801=COLOUR_RGB('',1.,0.843137254901961,0.);
#802=FILL_AREA_STYLE_COLOUR('',#801);
#803=FILL_AREA_STYLE($,(#802));
#804=SURFACE_STYLE_FILL_AREA(#803);
#805=SURFACE_SIDE_STYLE('',(#804));
#806=SURFACE_STYLE_USAGE(.BOTH.,#805);
#807=PRESENTATION_STYLE_ASSIGNMENT((#806));
#808=STYLED_ITEM('',(#807),#800);
#809=ADVANCED_FACE('',(#2200),#2202,.T.);
#810=COLOUR_RGB('',1.,0.843137254901961,0.);
#811=FILL_AREA_STYLE_COLOUR('',#810);
#812=FILL_AREA_STYLE($,(#811));
#813=SURFACE_STYLE_FILL_AREA(#812);
#814=SURFACE_SIDE_STYLE('',(#813));
#815=SURFACE_STYLE_USAGE(.BOTH.,#814);
#816=PRESENTATION_STYLE_ASSIGNMENT((#815));
#817=STYLED_ITEM('',(#816),#809);
#818=ADVANCED_FACE('',(#2207),#2209,.T.);
#819=COLOUR_RGB('',1.,0.843137254901961,0.);
#820=FILL_AREA_STYLE_COLOUR('',#819);
#821=FILL_AREA_STYLE($,(#820));
#822=SURFACE_STYLE_FILL_AREA(#821);
#823=SURFACE_SIDE_STYLE('',(#822));
#824=SURFACE_STYLE_USAGE(.BOTH.,#823);
#825=PRESENTATION_STYLE_ASSIGNMENT((#824));
#826=STYLED_ITEM('',(#825),#818);
#827=ADVANCED_FACE('',(#2214),#2216,.T.);
#828=COLOUR_RGB('',1.,0.843137254901961,0.);
#829=FILL_AREA_STYLE_COLOUR('',#828);
#830=FILL_AREA_STYLE($,(#829));
#831=SURFACE_STYLE_FILL_AREA(#830);
#832=SURFACE_SIDE_STYLE('',(#831));
#833=SURFACE_STYLE_USAGE(.BOTH.,#832);
#834=PRESENTATION_STYLE_ASSIGNMENT((#833));
#835=STYLED_ITEM('',(#834),#827);
#836=ADVANCED_FACE('',(#2221),#2223,.T.);
#837=COLOUR_RGB('',1.,0.843137254901961,0.);
#838=FILL_AREA_STYLE_COLOUR('',#837);
#839=FILL_AREA_STYLE($,(#838));
#840=SURFACE_STYLE_FILL_AREA(#839);
#841=SURFACE_SIDE_STYLE('',(#840));
#842=SURFACE_STYLE_USAGE(.BOTH.,#841);
#843=PRESENTATION_STYLE_ASSIGNMENT((#842));
#844=STYLED_ITEM('',(#843),#836);
#845=ADVANCED_FACE('',(#2228),#2230,.T.);
#846=COLOUR_RGB('',1.,0.843137254901961,0.);
#847=FILL_AREA_STYLE_COLOUR('',#846);
#848=FILL_AREA_STYLE($,(#847));
#849=SURFACE_STYLE_FILL_AREA(#848);
#850=SURFACE_SIDE_STYLE('',(#849));
#851=SURFACE_STYLE_USAGE(.BOTH.,#850);
#852=PRESENTATION_STYLE_ASSIGNMENT((#851));
#853=STYLED_ITEM('',(#852),#845);
#854=ADVANCED_FACE('',(#2235),#2237,.T.);
#855=COLOUR_RGB('',1.,0.843137254901961,0.);
#856=FILL_AREA_STYLE_COLOUR('',#855);
#857=FILL_AREA_STYLE($,(#856));
#858=SURFACE_STYLE_FILL_AREA(#857);
#859=SURFACE_SIDE_STYLE('',(#858));
#860=SURFACE_STYLE_USAGE(.BOTH.,#859);
#861=PRESENTATION_STYLE_ASSIGNMENT((#860));
#862=STYLED_ITEM('',(#861),#854);
#863=ADVANCED_FACE('',(#2242),#2244,.T.);
#864=COLOUR_RGB('',1.,0.843137254901961,0.);
#865=FILL_AREA_STYLE_COLOUR('',#864);
#866=FILL_AREA_STYLE($,(#865));
#867=SURFACE_STYLE_FILL_AREA(#866);
#868=SURFACE_SIDE_STYLE('',(#867));
#869=SURFACE_STYLE_USAGE(.BOTH.,#868);
#870=PRESENTATION_STYLE_ASSIGNMENT((#869));
#871=STYLED_ITEM('',(#870),#863);
#872=ADVANCED_FACE('',(#2249),#2251,.T.);
#873=COLOUR_RGB('',1.,0.843137254901961,0.);
#874=FILL_AREA_STYLE_COLOUR('',#873);
#875=FILL_AREA_STYLE($,(#874));
#876=SURFACE_STYLE_FILL_AREA(#875);
#877=SURFACE_SIDE_STYLE('',(#876));
#878=SURFACE_STYLE_USAGE(.BOTH.,#877);
#879=PRESENTATION_STYLE_ASSIGNMENT((#878));
#880=STYLED_ITEM('',(#879),#872);
#881=ADVANCED_FACE('',(#2256),#2258,.T.);
#882=COLOUR_RGB('',1.,0.843137254901961,0.);
#883=FILL_AREA_STYLE_COLOUR('',#882);
#884=FILL_AREA_STYLE($,(#883));
#885=SURFACE_STYLE_FILL_AREA(#884);
#886=SURFACE_SIDE_STYLE('',(#885));
#887=SURFACE_STYLE_USAGE(.BOTH.,#886);
#888=PRESENTATION_STYLE_ASSIGNMENT((#887));
#889=STYLED_ITEM('',(#888),#881);
#890=ADVANCED_FACE('',(#2263),#2265,.T.);
#891=COLOUR_RGB('',1.,0.843137254901961,0.);
#892=FILL_AREA_STYLE_COLOUR('',#891);
#893=FILL_AREA_STYLE($,(#892));
#894=SURFACE_STYLE_FILL_AREA(#893);
#895=SURFACE_SIDE_STYLE('',(#894));
#896=SURFACE_STYLE_USAGE(.BOTH.,#895);
#897=PRESENTATION_STYLE_ASSIGNMENT((#896));
#898=STYLED_ITEM('',(#897),#890);
#899=ADVANCED_FACE('',(#2270),#2272,.T.);
#900=COLOUR_RGB('',1.,0.843137254901961,0.);
#901=FILL_AREA_STYLE_COLOUR('',#900);
#902=FILL_AREA_STYLE($,(#901));
#903=SURFACE_STYLE_FILL_AREA(#902);
#904=SURFACE_SIDE_STYLE('',(#903));
#905=SURFACE_STYLE_USAGE(.BOTH.,#904);
#906=PRESENTATION_STYLE_ASSIGNMENT((#905));
#907=STYLED_ITEM('',(#906),#899);
#908=ADVANCED_FACE('',(#2277),#2279,.T.);
#909=COLOUR_RGB('',1.,0.843137254901961,0.);
#910=FILL_AREA_STYLE_COLOUR('',#909);
#911=FILL_AREA_STYLE($,(#910));
#912=SURFACE_STYLE_FILL_AREA(#911);
#913=SURFACE_SIDE_STYLE('',(#912));
#914=SURFACE_STYLE_USAGE(.BOTH.,#913);
#915=PRESENTATION_STYLE_ASSIGNMENT((#914));
#916=STYLED_ITEM('',(#915),#908);
#917=ADVANCED_FACE('',(#2284),#2286,.T.);
#918=COLOUR_RGB('',1.,0.843137254901961,0.);
#919=FILL_AREA_STYLE_COLOUR('',#918);
#920=FILL_AREA_STYLE($,(#919));
#921=SURFACE_STYLE_FILL_AREA(#920);
#922=SURFACE_SIDE_STYLE('',(#921));
#923=SURFACE_STYLE_USAGE(.BOTH.,#922);
#924=PRESENTATION_STYLE_ASSIGNMENT((#923));
#925=STYLED_ITEM('',(#924),#917);
#926=ADVANCED_FACE('',(#2291),#2293,.F.);
#927=COLOUR_RGB('',1.,1.,1.);
#928=FILL_AREA_STYLE_COLOUR('',#927);
#929=FILL_AREA_STYLE($,(#928));
#930=SURFACE_STYLE_FILL_AREA(#929);
#931=SURFACE_SIDE_STYLE('',(#930));
#932=SURFACE_STYLE_USAGE(.BOTH.,#931);
#933=PRESENTATION_STYLE_ASSIGNMENT((#932));
#934=STYLED_ITEM('',(#933),#926);
#935=ADVANCED_FACE('',(#2298),#2300,.T.);
#936=COLOUR_RGB('',1.,0.843137254901961,0.);
#937=FILL_AREA_STYLE_COLOUR('',#936);
#938=FILL_AREA_STYLE($,(#937));
#939=SURFACE_STYLE_FILL_AREA(#938);
#940=SURFACE_SIDE_STYLE('',(#939));
#941=SURFACE_STYLE_USAGE(.BOTH.,#940);
#942=PRESENTATION_STYLE_ASSIGNMENT((#941));
#943=STYLED_ITEM('',(#942),#935);
#944=ADVANCED_FACE('',(#2305),#2307,.T.);
#945=COLOUR_RGB('',1.,0.843137254901961,0.);
#946=FILL_AREA_STYLE_COLOUR('',#945);
#947=FILL_AREA_STYLE($,(#946));
#948=SURFACE_STYLE_FILL_AREA(#947);
#949=SURFACE_SIDE_STYLE('',(#948));
#950=SURFACE_STYLE_USAGE(.BOTH.,#949);
#951=PRESENTATION_STYLE_ASSIGNMENT((#950));
#952=STYLED_ITEM('',(#951),#944);
#953=ADVANCED_FACE('',(#2312),#2314,.T.);
#954=COLOUR_RGB('',1.,0.843137254901961,0.);
#955=FILL_AREA_STYLE_COLOUR('',#954);
#956=FILL_AREA_STYLE($,(#955));
#957=SURFACE_STYLE_FILL_AREA(#956);
#958=SURFACE_SIDE_STYLE('',(#957));
#959=SURFACE_STYLE_USAGE(.BOTH.,#958);
#960=PRESENTATION_STYLE_ASSIGNMENT((#959));
#961=STYLED_ITEM('',(#960),#953);
#962=ADVANCED_FACE('',(#2319),#2321,.T.);
#963=COLOUR_RGB('',1.,0.843137254901961,0.);
#964=FILL_AREA_STYLE_COLOUR('',#963);
#965=FILL_AREA_STYLE($,(#964));
#966=SURFACE_STYLE_FILL_AREA(#965);
#967=SURFACE_SIDE_STYLE('',(#966));
#968=SURFACE_STYLE_USAGE(.BOTH.,#967);
#969=PRESENTATION_STYLE_ASSIGNMENT((#968));
#970=STYLED_ITEM('',(#969),#962);
#971=ADVANCED_FACE('',(#2326),#2328,.T.);
#972=COLOUR_RGB('',1.,0.843137254901961,0.);
#973=FILL_AREA_STYLE_COLOUR('',#972);
#974=FILL_AREA_STYLE($,(#973));
#975=SURFACE_STYLE_FILL_AREA(#974);
#976=SURFACE_SIDE_STYLE('',(#975));
#977=SURFACE_STYLE_USAGE(.BOTH.,#976);
#978=PRESENTATION_STYLE_ASSIGNMENT((#977));
#979=STYLED_ITEM('',(#978),#971);
#980=ADVANCED_FACE('',(#2333),#2335,.T.);
#981=COLOUR_RGB('',1.,0.843137254901961,0.);
#982=FILL_AREA_STYLE_COLOUR('',#981);
#983=FILL_AREA_STYLE($,(#982));
#984=SURFACE_STYLE_FILL_AREA(#983);
#985=SURFACE_SIDE_STYLE('',(#984));
#986=SURFACE_STYLE_USAGE(.BOTH.,#985);
#987=PRESENTATION_STYLE_ASSIGNMENT((#986));
#988=STYLED_ITEM('',(#987),#980);
#989=ADVANCED_FACE('',(#2340),#2342,.T.);
#990=COLOUR_RGB('',1.,0.843137254901961,0.);
#991=FILL_AREA_STYLE_COLOUR('',#990);
#992=FILL_AREA_STYLE($,(#991));
#993=SURFACE_STYLE_FILL_AREA(#992);
#994=SURFACE_SIDE_STYLE('',(#993));
#995=SURFACE_STYLE_USAGE(.BOTH.,#994);
#996=PRESENTATION_STYLE_ASSIGNMENT((#995));
#997=STYLED_ITEM('',(#996),#989);
#998=ADVANCED_FACE('',(#2347),#2349,.T.);
#999=COLOUR_RGB('',1.,0.843137254901961,0.);
#1000=FILL_AREA_STYLE_COLOUR('',#999);
#1001=FILL_AREA_STYLE($,(#1000));
#1002=SURFACE_STYLE_FILL_AREA(#1001);
#1003=SURFACE_SIDE_STYLE('',(#1002));
#1004=SURFACE_STYLE_USAGE(.BOTH.,#1003);
#1005=PRESENTATION_STYLE_ASSIGNMENT((#1004));
#1006=STYLED_ITEM('',(#1005),#998);
#1007=ADVANCED_FACE('',(#2354),#2356,.T.);
#1008=COLOUR_RGB('',1.,0.843137254901961,0.);
#1009=FILL_AREA_STYLE_COLOUR('',#1008);
#1010=FILL_AREA_STYLE($,(#1009));
#1011=SURFACE_STYLE_FILL_AREA(#1010);
#1012=SURFACE_SIDE_STYLE('',(#1011));
#1013=SURFACE_STYLE_USAGE(.BOTH.,#1012);
#1014=PRESENTATION_STYLE_ASSIGNMENT((#1013));
#1015=STYLED_ITEM('',(#1014),#1007);
#1016=ADVANCED_FACE('',(#2361),#2363,.T.);
#1017=COLOUR_RGB('',1.,0.843137254901961,0.);
#1018=FILL_AREA_STYLE_COLOUR('',#1017);
#1019=FILL_AREA_STYLE($,(#1018));
#1020=SURFACE_STYLE_FILL_AREA(#1019);
#1021=SURFACE_SIDE_STYLE('',(#1020));
#1022=SURFACE_STYLE_USAGE(.BOTH.,#1021);
#1023=PRESENTATION_STYLE_ASSIGNMENT((#1022));
#1024=STYLED_ITEM('',(#1023),#1016);
#1025=ADVANCED_FACE('',(#2368),#2370,.T.);
#1026=COLOUR_RGB('',1.,0.843137254901961,0.);
#1027=FILL_AREA_STYLE_COLOUR('',#1026);
#1028=FILL_AREA_STYLE($,(#1027));
#1029=SURFACE_STYLE_FILL_AREA(#1028);
#1030=SURFACE_SIDE_STYLE('',(#1029));
#1031=SURFACE_STYLE_USAGE(.BOTH.,#1030);
#1032=PRESENTATION_STYLE_ASSIGNMENT((#1031));
#1033=STYLED_ITEM('',(#1032),#1025);
#1034=ADVANCED_FACE('',(#2375),#2377,.T.);
#1035=COLOUR_RGB('',1.,0.843137254901961,0.);
#1036=FILL_AREA_STYLE_COLOUR('',#1035);
#1037=FILL_AREA_STYLE($,(#1036));
#1038=SURFACE_STYLE_FILL_AREA(#1037);
#1039=SURFACE_SIDE_STYLE('',(#1038));
#1040=SURFACE_STYLE_USAGE(.BOTH.,#1039);
#1041=PRESENTATION_STYLE_ASSIGNMENT((#1040));
#1042=STYLED_ITEM('',(#1041),#1034);
#1043=ADVANCED_FACE('',(#2382),#2384,.T.);
#1044=COLOUR_RGB('',1.,0.843137254901961,0.);
#1045=FILL_AREA_STYLE_COLOUR('',#1044);
#1046=FILL_AREA_STYLE($,(#1045));
#1047=SURFACE_STYLE_FILL_AREA(#1046);
#1048=SURFACE_SIDE_STYLE('',(#1047));
#1049=SURFACE_STYLE_USAGE(.BOTH.,#1048);
#1050=PRESENTATION_STYLE_ASSIGNMENT((#1049));
#1051=STYLED_ITEM('',(#1050),#1043);
#1052=ADVANCED_FACE('',(#2389),#2391,.T.);
#1053=COLOUR_RGB('',1.,0.843137254901961,0.);
#1054=FILL_AREA_STYLE_COLOUR('',#1053);
#1055=FILL_AREA_STYLE($,(#1054));
#1056=SURFACE_STYLE_FILL_AREA(#1055);
#1057=SURFACE_SIDE_STYLE('',(#1056));
#1058=SURFACE_STYLE_USAGE(.BOTH.,#1057);
#1059=PRESENTATION_STYLE_ASSIGNMENT((#1058));
#1060=STYLED_ITEM('',(#1059),#1052);
#1061=ADVANCED_FACE('',(#2396),#2398,.T.);
#1062=COLOUR_RGB('',1.,0.843137254901961,0.);
#1063=FILL_AREA_STYLE_COLOUR('',#1062);
#1064=FILL_AREA_STYLE($,(#1063));
#1065=SURFACE_STYLE_FILL_AREA(#1064);
#1066=SURFACE_SIDE_STYLE('',(#1065));
#1067=SURFACE_STYLE_USAGE(.BOTH.,#1066);
#1068=PRESENTATION_STYLE_ASSIGNMENT((#1067));
#1069=STYLED_ITEM('',(#1068),#1061);
#1070=ADVANCED_FACE('',(#2403),#2405,.T.);
#1071=COLOUR_RGB('',1.,0.843137254901961,0.);
#1072=FILL_AREA_STYLE_COLOUR('',#1071);
#1073=FILL_AREA_STYLE($,(#1072));
#1074=SURFACE_STYLE_FILL_AREA(#1073);
#1075=SURFACE_SIDE_STYLE('',(#1074));
#1076=SURFACE_STYLE_USAGE(.BOTH.,#1075);
#1077=PRESENTATION_STYLE_ASSIGNMENT((#1076));
#1078=STYLED_ITEM('',(#1077),#1070);
#1079=ADVANCED_FACE('',(#2410),#2412,.T.);
#1080=COLOUR_RGB('',1.,0.843137254901961,0.);
#1081=FILL_AREA_STYLE_COLOUR('',#1080);
#1082=FILL_AREA_STYLE($,(#1081));
#1083=SURFACE_STYLE_FILL_AREA(#1082);
#1084=SURFACE_SIDE_STYLE('',(#1083));
#1085=SURFACE_STYLE_USAGE(.BOTH.,#1084);
#1086=PRESENTATION_STYLE_ASSIGNMENT((#1085));
#1087=STYLED_ITEM('',(#1086),#1079);
#1088=ADVANCED_FACE('',(#2417),#2419,.T.);
#1089=COLOUR_RGB('',1.,0.843137254901961,0.);
#1090=FILL_AREA_STYLE_COLOUR('',#1089);
#1091=FILL_AREA_STYLE($,(#1090));
#1092=SURFACE_STYLE_FILL_AREA(#1091);
#1093=SURFACE_SIDE_STYLE('',(#1092));
#1094=SURFACE_STYLE_USAGE(.BOTH.,#1093);
#1095=PRESENTATION_STYLE_ASSIGNMENT((#1094));
#1096=STYLED_ITEM('',(#1095),#1088);
#1097=ADVANCED_FACE('',(#2424),#2426,.T.);
#1098=COLOUR_RGB('',1.,0.843137254901961,0.);
#1099=FILL_AREA_STYLE_COLOUR('',#1098);
#1100=FILL_AREA_STYLE($,(#1099));
#1101=SURFACE_STYLE_FILL_AREA(#1100);
#1102=SURFACE_SIDE_STYLE('',(#1101));
#1103=SURFACE_STYLE_USAGE(.BOTH.,#1102);
#1104=PRESENTATION_STYLE_ASSIGNMENT((#1103));
#1105=STYLED_ITEM('',(#1104),#1097);
#1106=ADVANCED_FACE('',(#2431),#2433,.T.);
#1107=COLOUR_RGB('',1.,0.843137254901961,0.);
#1108=FILL_AREA_STYLE_COLOUR('',#1107);
#1109=FILL_AREA_STYLE($,(#1108));
#1110=SURFACE_STYLE_FILL_AREA(#1109);
#1111=SURFACE_SIDE_STYLE('',(#1110));
#1112=SURFACE_STYLE_USAGE(.BOTH.,#1111);
#1113=PRESENTATION_STYLE_ASSIGNMENT((#1112));
#1114=STYLED_ITEM('',(#1113),#1106);
#1115=ADVANCED_FACE('',(#2438),#2440,.F.);
#1116=COLOUR_RGB('',1.,0.843137254901961,0.);
#1117=FILL_AREA_STYLE_COLOUR('',#1116);
#1118=FILL_AREA_STYLE($,(#1117));
#1119=SURFACE_STYLE_FILL_AREA(#1118);
#1120=SURFACE_SIDE_STYLE('',(#1119));
#1121=SURFACE_STYLE_USAGE(.BOTH.,#1120);
#1122=PRESENTATION_STYLE_ASSIGNMENT((#1121));
#1123=STYLED_ITEM('',(#1122),#1115);
#1124=ADVANCED_FACE('',(#2445),#2447,.T.);
#1125=COLOUR_RGB('',1.,0.843137254901961,0.);
#1126=FILL_AREA_STYLE_COLOUR('',#1125);
#1127=FILL_AREA_STYLE($,(#1126));
#1128=SURFACE_STYLE_FILL_AREA(#1127);
#1129=SURFACE_SIDE_STYLE('',(#1128));
#1130=SURFACE_STYLE_USAGE(.BOTH.,#1129);
#1131=PRESENTATION_STYLE_ASSIGNMENT((#1130));
#1132=STYLED_ITEM('',(#1131),#1124);
#1133=ADVANCED_FACE('',(#2452),#2454,.F.);
#1134=COLOUR_RGB('',1.,0.843137254901961,0.);
#1135=FILL_AREA_STYLE_COLOUR('',#1134);
#1136=FILL_AREA_STYLE($,(#1135));
#1137=SURFACE_STYLE_FILL_AREA(#1136);
#1138=SURFACE_SIDE_STYLE('',(#1137));
#1139=SURFACE_STYLE_USAGE(.BOTH.,#1138);
#1140=PRESENTATION_STYLE_ASSIGNMENT((#1139));
#1141=STYLED_ITEM('',(#1140),#1133);
#1142=ADVANCED_FACE('',(#2459),#2461,.T.);
#1143=COLOUR_RGB('',1.,0.843137254901961,0.);
#1144=FILL_AREA_STYLE_COLOUR('',#1143);
#1145=FILL_AREA_STYLE($,(#1144));
#1146=SURFACE_STYLE_FILL_AREA(#1145);
#1147=SURFACE_SIDE_STYLE('',(#1146));
#1148=SURFACE_STYLE_USAGE(.BOTH.,#1147);
#1149=PRESENTATION_STYLE_ASSIGNMENT((#1148));
#1150=STYLED_ITEM('',(#1149),#1142);
#1151=ADVANCED_FACE('',(#2466),#2468,.T.);
#1152=COLOUR_RGB('',1.,0.843137254901961,0.);
#1153=FILL_AREA_STYLE_COLOUR('',#1152);
#1154=FILL_AREA_STYLE($,(#1153));
#1155=SURFACE_STYLE_FILL_AREA(#1154);
#1156=SURFACE_SIDE_STYLE('',(#1155));
#1157=SURFACE_STYLE_USAGE(.BOTH.,#1156);
#1158=PRESENTATION_STYLE_ASSIGNMENT((#1157));
#1159=STYLED_ITEM('',(#1158),#1151);
#1160=ADVANCED_FACE('',(#2473),#2475,.F.);
#1161=COLOUR_RGB('',1.,0.843137254901961,0.);
#1162=FILL_AREA_STYLE_COLOUR('',#1161);
#1163=FILL_AREA_STYLE($,(#1162));
#1164=SURFACE_STYLE_FILL_AREA(#1163);
#1165=SURFACE_SIDE_STYLE('',(#1164));
#1166=SURFACE_STYLE_USAGE(.BOTH.,#1165);
#1167=PRESENTATION_STYLE_ASSIGNMENT((#1166));
#1168=STYLED_ITEM('',(#1167),#1160);
#1169=ADVANCED_FACE('',(#2480),#2482,.F.);
#1170=COLOUR_RGB('',1.,0.843137254901961,0.);
#1171=FILL_AREA_STYLE_COLOUR('',#1170);
#1172=FILL_AREA_STYLE($,(#1171));
#1173=SURFACE_STYLE_FILL_AREA(#1172);
#1174=SURFACE_SIDE_STYLE('',(#1173));
#1175=SURFACE_STYLE_USAGE(.BOTH.,#1174);
#1176=PRESENTATION_STYLE_ASSIGNMENT((#1175));
#1177=STYLED_ITEM('',(#1176),#1169);
#1178=ADVANCED_FACE('',(#2487),#2489,.T.);
#1179=COLOUR_RGB('',1.,0.843137254901961,0.);
#1180=FILL_AREA_STYLE_COLOUR('',#1179);
#1181=FILL_AREA_STYLE($,(#1180));
#1182=SURFACE_STYLE_FILL_AREA(#1181);
#1183=SURFACE_SIDE_STYLE('',(#1182));
#1184=SURFACE_STYLE_USAGE(.BOTH.,#1183);
#1185=PRESENTATION_STYLE_ASSIGNMENT((#1184));
#1186=STYLED_ITEM('',(#1185),#1178);
#1187=ADVANCED_FACE('',(#2494),#2496,.F.);
#1188=COLOUR_RGB('',1.,0.843137254901961,0.);
#1189=FILL_AREA_STYLE_COLOUR('',#1188);
#1190=FILL_AREA_STYLE($,(#1189));
#1191=SURFACE_STYLE_FILL_AREA(#1190);
#1192=SURFACE_SIDE_STYLE('',(#1191));
#1193=SURFACE_STYLE_USAGE(.BOTH.,#1192);
#1194=PRESENTATION_STYLE_ASSIGNMENT((#1193));
#1195=STYLED_ITEM('',(#1194),#1187);
#1196=ADVANCED_FACE('',(#2501),#2503,.T.);
#1197=COLOUR_RGB('',1.,0.843137254901961,0.);
#1198=FILL_AREA_STYLE_COLOUR('',#1197);
#1199=FILL_AREA_STYLE($,(#1198));
#1200=SURFACE_STYLE_FILL_AREA(#1199);
#1201=SURFACE_SIDE_STYLE('',(#1200));
#1202=SURFACE_STYLE_USAGE(.BOTH.,#1201);
#1203=PRESENTATION_STYLE_ASSIGNMENT((#1202));
#1204=STYLED_ITEM('',(#1203),#1196);
#1205=ADVANCED_FACE('',(#2508),#2510,.T.);
#1206=COLOUR_RGB('',1.,0.843137254901961,0.);
#1207=FILL_AREA_STYLE_COLOUR('',#1206);
#1208=FILL_AREA_STYLE($,(#1207));
#1209=SURFACE_STYLE_FILL_AREA(#1208);
#1210=SURFACE_SIDE_STYLE('',(#1209));
#1211=SURFACE_STYLE_USAGE(.BOTH.,#1210);
#1212=PRESENTATION_STYLE_ASSIGNMENT((#1211));
#1213=STYLED_ITEM('',(#1212),#1205);
#1214=ADVANCED_FACE('',(#2515),#2517,.F.);
#1215=COLOUR_RGB('',1.,0.843137254901961,0.);
#1216=FILL_AREA_STYLE_COLOUR('',#1215);
#1217=FILL_AREA_STYLE($,(#1216));
#1218=SURFACE_STYLE_FILL_AREA(#1217);
#1219=SURFACE_SIDE_STYLE('',(#1218));
#1220=SURFACE_STYLE_USAGE(.BOTH.,#1219);
#1221=PRESENTATION_STYLE_ASSIGNMENT((#1220));
#1222=STYLED_ITEM('',(#1221),#1214);
#1223=ADVANCED_FACE('',(#2522),#2524,.F.);
#1224=COLOUR_RGB('',1.,0.843137254901961,0.);
#1225=FILL_AREA_STYLE_COLOUR('',#1224);
#1226=FILL_AREA_STYLE($,(#1225));
#1227=SURFACE_STYLE_FILL_AREA(#1226);
#1228=SURFACE_SIDE_STYLE('',(#1227));
#1229=SURFACE_STYLE_USAGE(.BOTH.,#1228);
#1230=PRESENTATION_STYLE_ASSIGNMENT((#1229));
#1231=STYLED_ITEM('',(#1230),#1223);
#1232=ADVANCED_FACE('',(#2529),#2531,.T.);
#1233=COLOUR_RGB('',1.,0.843137254901961,0.);
#1234=FILL_AREA_STYLE_COLOUR('',#1233);
#1235=FILL_AREA_STYLE($,(#1234));
#1236=SURFACE_STYLE_FILL_AREA(#1235);
#1237=SURFACE_SIDE_STYLE('',(#1236));
#1238=SURFACE_STYLE_USAGE(.BOTH.,#1237);
#1239=PRESENTATION_STYLE_ASSIGNMENT((#1238));
#1240=STYLED_ITEM('',(#1239),#1232);
#1241=ADVANCED_FACE('',(#2536),#2538,.F.);
#1242=COLOUR_RGB('',1.,0.843137254901961,0.);
#1243=FILL_AREA_STYLE_COLOUR('',#1242);
#1244=FILL_AREA_STYLE($,(#1243));
#1245=SURFACE_STYLE_FILL_AREA(#1244);
#1246=SURFACE_SIDE_STYLE('',(#1245));
#1247=SURFACE_STYLE_USAGE(.BOTH.,#1246);
#1248=PRESENTATION_STYLE_ASSIGNMENT((#1247));
#1249=STYLED_ITEM('',(#1248),#1241);
#1250=ADVANCED_FACE('',(#2543),#2545,.T.);
#1251=COLOUR_RGB('',1.,0.843137254901961,0.);
#1252=FILL_AREA_STYLE_COLOUR('',#1251);
#1253=FILL_AREA_STYLE($,(#1252));
#1254=SURFACE_STYLE_FILL_AREA(#1253);
#1255=SURFACE_SIDE_STYLE('',(#1254));
#1256=SURFACE_STYLE_USAGE(.BOTH.,#1255);
#1257=PRESENTATION_STYLE_ASSIGNMENT((#1256));
#1258=STYLED_ITEM('',(#1257),#1250);
#1259=ADVANCED_FACE('',(#2550),#2552,.T.);
#1260=COLOUR_RGB('',1.,0.843137254901961,0.);
#1261=FILL_AREA_STYLE_COLOUR('',#1260);
#1262=FILL_AREA_STYLE($,(#1261));
#1263=SURFACE_STYLE_FILL_AREA(#1262);
#1264=SURFACE_SIDE_STYLE('',(#1263));
#1265=SURFACE_STYLE_USAGE(.BOTH.,#1264);
#1266=PRESENTATION_STYLE_ASSIGNMENT((#1265));
#1267=STYLED_ITEM('',(#1266),#1259);
#1268=ADVANCED_FACE('',(#2557),#2559,.F.);
#1269=COLOUR_RGB('',1.,0.843137254901961,0.);
#1270=FILL_AREA_STYLE_COLOUR('',#1269);
#1271=FILL_AREA_STYLE($,(#1270));
#1272=SURFACE_STYLE_FILL_AREA(#1271);
#1273=SURFACE_SIDE_STYLE('',(#1272));
#1274=SURFACE_STYLE_USAGE(.BOTH.,#1273);
#1275=PRESENTATION_STYLE_ASSIGNMENT((#1274));
#1276=STYLED_ITEM('',(#1275),#1268);
#1277=ADVANCED_FACE('',(#2564),#2566,.F.);
#1278=COLOUR_RGB('',1.,0.843137254901961,0.);
#1279=FILL_AREA_STYLE_COLOUR('',#1278);
#1280=FILL_AREA_STYLE($,(#1279));
#1281=SURFACE_STYLE_FILL_AREA(#1280);
#1282=SURFACE_SIDE_STYLE('',(#1281));
#1283=SURFACE_STYLE_USAGE(.BOTH.,#1282);
#1284=PRESENTATION_STYLE_ASSIGNMENT((#1283));
#1285=STYLED_ITEM('',(#1284),#1277);
#1286=ADVANCED_FACE('',(#2571),#2573,.T.);
#1287=COLOUR_RGB('',1.,0.843137254901961,0.);
#1288=FILL_AREA_STYLE_COLOUR('',#1287);
#1289=FILL_AREA_STYLE($,(#1288));
#1290=SURFACE_STYLE_FILL_AREA(#1289);
#1291=SURFACE_SIDE_STYLE('',(#1290));
#1292=SURFACE_STYLE_USAGE(.BOTH.,#1291);
#1293=PRESENTATION_STYLE_ASSIGNMENT((#1292));
#1294=STYLED_ITEM('',(#1293),#1286);
#1295=ADVANCED_FACE('',(#2578),#2580,.F.);
#1296=COLOUR_RGB('',1.,0.843137254901961,0.);
#1297=FILL_AREA_STYLE_COLOUR('',#1296);
#1298=FILL_AREA_STYLE($,(#1297));
#1299=SURFACE_STYLE_FILL_AREA(#1298);
#1300=SURFACE_SIDE_STYLE('',(#1299));
#1301=SURFACE_STYLE_USAGE(.BOTH.,#1300);
#1302=PRESENTATION_STYLE_ASSIGNMENT((#1301));
#1303=STYLED_ITEM('',(#1302),#1295);
#1304=ADVANCED_FACE('',(#2585),#2587,.T.);
#1305=COLOUR_RGB('',1.,0.843137254901961,0.);
#1306=FILL_AREA_STYLE_COLOUR('',#1305);
#1307=FILL_AREA_STYLE($,(#1306));
#1308=SURFACE_STYLE_FILL_AREA(#1307);
#1309=SURFACE_SIDE_STYLE('',(#1308));
#1310=SURFACE_STYLE_USAGE(.BOTH.,#1309);
#1311=PRESENTATION_STYLE_ASSIGNMENT((#1310));
#1312=STYLED_ITEM('',(#1311),#1304);
#1313=ADVANCED_FACE('',(#2592),#2594,.T.);
#1314=COLOUR_RGB('',1.,0.843137254901961,0.);
#1315=FILL_AREA_STYLE_COLOUR('',#1314);
#1316=FILL_AREA_STYLE($,(#1315));
#1317=SURFACE_STYLE_FILL_AREA(#1316);
#1318=SURFACE_SIDE_STYLE('',(#1317));
#1319=SURFACE_STYLE_USAGE(.BOTH.,#1318);
#1320=PRESENTATION_STYLE_ASSIGNMENT((#1319));
#1321=STYLED_ITEM('',(#1320),#1313);
#1322=ADVANCED_FACE('',(#2599),#2601,.F.);
#1323=COLOUR_RGB('',1.,0.843137254901961,0.);
#1324=FILL_AREA_STYLE_COLOUR('',#1323);
#1325=FILL_AREA_STYLE($,(#1324));
#1326=SURFACE_STYLE_FILL_AREA(#1325);
#1327=SURFACE_SIDE_STYLE('',(#1326));
#1328=SURFACE_STYLE_USAGE(.BOTH.,#1327);
#1329=PRESENTATION_STYLE_ASSIGNMENT((#1328));
#1330=STYLED_ITEM('',(#1329),#1322);
#1331=ADVANCED_FACE('',(#2606),#2608,.F.);
#1332=COLOUR_RGB('',1.,0.843137254901961,0.);
#1333=FILL_AREA_STYLE_COLOUR('',#1332);
#1334=FILL_AREA_STYLE($,(#1333));
#1335=SURFACE_STYLE_FILL_AREA(#1334);
#1336=SURFACE_SIDE_STYLE('',(#1335));
#1337=SURFACE_STYLE_USAGE(.BOTH.,#1336);
#1338=PRESENTATION_STYLE_ASSIGNMENT((#1337));
#1339=STYLED_ITEM('',(#1338),#1331);
#1340=ADVANCED_FACE('',(#2613),#2615,.T.);
#1341=COLOUR_RGB('',1.,0.843137254901961,0.);
#1342=FILL_AREA_STYLE_COLOUR('',#1341);
#1343=FILL_AREA_STYLE($,(#1342));
#1344=SURFACE_STYLE_FILL_AREA(#1343);
#1345=SURFACE_SIDE_STYLE('',(#1344));
#1346=SURFACE_STYLE_USAGE(.BOTH.,#1345);
#1347=PRESENTATION_STYLE_ASSIGNMENT((#1346));
#1348=STYLED_ITEM('',(#1347),#1340);
#1349=ADVANCED_FACE('',(#2620),#2622,.F.);
#1350=COLOUR_RGB('',1.,0.843137254901961,0.);
#1351=FILL_AREA_STYLE_COLOUR('',#1350);
#1352=FILL_AREA_STYLE($,(#1351));
#1353=SURFACE_STYLE_FILL_AREA(#1352);
#1354=SURFACE_SIDE_STYLE('',(#1353));
#1355=SURFACE_STYLE_USAGE(.BOTH.,#1354);
#1356=PRESENTATION_STYLE_ASSIGNMENT((#1355));
#1357=STYLED_ITEM('',(#1356),#1349);
#1358=ADVANCED_FACE('',(#2627),#2629,.T.);
#1359=COLOUR_RGB('',1.,0.843137254901961,0.);
#1360=FILL_AREA_STYLE_COLOUR('',#1359);
#1361=FILL_AREA_STYLE($,(#1360));
#1362=SURFACE_STYLE_FILL_AREA(#1361);
#1363=SURFACE_SIDE_STYLE('',(#1362));
#1364=SURFACE_STYLE_USAGE(.BOTH.,#1363);
#1365=PRESENTATION_STYLE_ASSIGNMENT((#1364));
#1366=STYLED_ITEM('',(#1365),#1358);
#1367=ADVANCED_FACE('',(#2634),#2636,.T.);
#1368=COLOUR_RGB('',1.,0.843137254901961,0.);
#1369=FILL_AREA_STYLE_COLOUR('',#1368);
#1370=FILL_AREA_STYLE($,(#1369));
#1371=SURFACE_STYLE_FILL_AREA(#1370);
#1372=SURFACE_SIDE_STYLE('',(#1371));
#1373=SURFACE_STYLE_USAGE(.BOTH.,#1372);
#1374=PRESENTATION_STYLE_ASSIGNMENT((#1373));
#1375=STYLED_ITEM('',(#1374),#1367);
#1376=ADVANCED_FACE('',(#2641),#2643,.F.);
#1377=COLOUR_RGB('',1.,0.843137254901961,0.);
#1378=FILL_AREA_STYLE_COLOUR('',#1377);
#1379=FILL_AREA_STYLE($,(#1378));
#1380=SURFACE_STYLE_FILL_AREA(#1379);
#1381=SURFACE_SIDE_STYLE('',(#1380));
#1382=SURFACE_STYLE_USAGE(.BOTH.,#1381);
#1383=PRESENTATION_STYLE_ASSIGNMENT((#1382));
#1384=STYLED_ITEM('',(#1383),#1376);
#1385=ADVANCED_FACE('',(#2648),#2650,.T.);
#1386=COLOUR_RGB('',1.,0.843137254901961,0.);
#1387=FILL_AREA_STYLE_COLOUR('',#1386);
#1388=FILL_AREA_STYLE($,(#1387));
#1389=SURFACE_STYLE_FILL_AREA(#1388);
#1390=SURFACE_SIDE_STYLE('',(#1389));
#1391=SURFACE_STYLE_USAGE(.BOTH.,#1390);
#1392=PRESENTATION_STYLE_ASSIGNMENT((#1391));
#1393=STYLED_ITEM('',(#1392),#1385);
#1394=ADVANCED_FACE('',(#2655),#2657,.T.);
#1395=COLOUR_RGB('',1.,0.843137254901961,0.);
#1396=FILL_AREA_STYLE_COLOUR('',#1395);
#1397=FILL_AREA_STYLE($,(#1396));
#1398=SURFACE_STYLE_FILL_AREA(#1397);
#1399=SURFACE_SIDE_STYLE('',(#1398));
#1400=SURFACE_STYLE_USAGE(.BOTH.,#1399);
#1401=PRESENTATION_STYLE_ASSIGNMENT((#1400));
#1402=STYLED_ITEM('',(#1401),#1394);
#1403=ADVANCED_FACE('',(#2662),#2664,.T.);
#1404=COLOUR_RGB('',1.,0.843137254901961,0.);
#1405=FILL_AREA_STYLE_COLOUR('',#1404);
#1406=FILL_AREA_STYLE($,(#1405));
#1407=SURFACE_STYLE_FILL_AREA(#1406);
#1408=SURFACE_SIDE_STYLE('',(#1407));
#1409=SURFACE_STYLE_USAGE(.BOTH.,#1408);
#1410=PRESENTATION_STYLE_ASSIGNMENT((#1409));
#1411=STYLED_ITEM('',(#1410),#1403);
#1412=ADVANCED_FACE('',(#2669),#2671,.T.);
#1413=COLOUR_RGB('',1.,0.843137254901961,0.);
#1414=FILL_AREA_STYLE_COLOUR('',#1413);
#1415=FILL_AREA_STYLE($,(#1414));
#1416=SURFACE_STYLE_FILL_AREA(#1415);
#1417=SURFACE_SIDE_STYLE('',(#1416));
#1418=SURFACE_STYLE_USAGE(.BOTH.,#1417);
#1419=PRESENTATION_STYLE_ASSIGNMENT((#1418));
#1420=STYLED_ITEM('',(#1419),#1412);
#1421=ADVANCED_FACE('',(#2676),#2678,.T.);
#1422=COLOUR_RGB('',1.,0.843137254901961,0.);
#1423=FILL_AREA_STYLE_COLOUR('',#1422);
#1424=FILL_AREA_STYLE($,(#1423));
#1425=SURFACE_STYLE_FILL_AREA(#1424);
#1426=SURFACE_SIDE_STYLE('',(#1425));
#1427=SURFACE_STYLE_USAGE(.BOTH.,#1426);
#1428=PRESENTATION_STYLE_ASSIGNMENT((#1427));
#1429=STYLED_ITEM('',(#1428),#1421);
#1430=ADVANCED_FACE('',(#2683),#2685,.F.);
#1431=COLOUR_RGB('',1.,0.843137254901961,0.);
#1432=FILL_AREA_STYLE_COLOUR('',#1431);
#1433=FILL_AREA_STYLE($,(#1432));
#1434=SURFACE_STYLE_FILL_AREA(#1433);
#1435=SURFACE_SIDE_STYLE('',(#1434));
#1436=SURFACE_STYLE_USAGE(.BOTH.,#1435);
#1437=PRESENTATION_STYLE_ASSIGNMENT((#1436));
#1438=STYLED_ITEM('',(#1437),#1430);
#1439=ADVANCED_FACE('',(#2690),#2692,.F.);
#1440=COLOUR_RGB('',1.,0.843137254901961,0.);
#1441=FILL_AREA_STYLE_COLOUR('',#1440);
#1442=FILL_AREA_STYLE($,(#1441));
#1443=SURFACE_STYLE_FILL_AREA(#1442);
#1444=SURFACE_SIDE_STYLE('',(#1443));
#1445=SURFACE_STYLE_USAGE(.BOTH.,#1444);
#1446=PRESENTATION_STYLE_ASSIGNMENT((#1445));
#1447=STYLED_ITEM('',(#1446),#1439);
#1448=ADVANCED_FACE('',(#2697),#2699,.F.);
#1449=COLOUR_RGB('',1.,0.843137254901961,0.);
#1450=FILL_AREA_STYLE_COLOUR('',#1449);
#1451=FILL_AREA_STYLE($,(#1450));
#1452=SURFACE_STYLE_FILL_AREA(#1451);
#1453=SURFACE_SIDE_STYLE('',(#1452));
#1454=SURFACE_STYLE_USAGE(.BOTH.,#1453);
#1455=PRESENTATION_STYLE_ASSIGNMENT((#1454));
#1456=STYLED_ITEM('',(#1455),#1448);
#1457=ADVANCED_FACE('',(#2704),#2706,.F.);
#1458=COLOUR_RGB('',1.,0.843137254901961,0.);
#1459=FILL_AREA_STYLE_COLOUR('',#1458);
#1460=FILL_AREA_STYLE($,(#1459));
#1461=SURFACE_STYLE_FILL_AREA(#1460);
#1462=SURFACE_SIDE_STYLE('',(#1461));
#1463=SURFACE_STYLE_USAGE(.BOTH.,#1462);
#1464=PRESENTATION_STYLE_ASSIGNMENT((#1463));
#1465=STYLED_ITEM('',(#1464),#1457);
#1466=ADVANCED_FACE('',(#2711),#2713,.F.);
#1467=COLOUR_RGB('',1.,0.843137254901961,0.);
#1468=FILL_AREA_STYLE_COLOUR('',#1467);
#1469=FILL_AREA_STYLE($,(#1468));
#1470=SURFACE_STYLE_FILL_AREA(#1469);
#1471=SURFACE_SIDE_STYLE('',(#1470));
#1472=SURFACE_STYLE_USAGE(.BOTH.,#1471);
#1473=PRESENTATION_STYLE_ASSIGNMENT((#1472));
#1474=STYLED_ITEM('',(#1473),#1466);
#1475=ADVANCED_FACE('',(#2718),#2720,.F.);
#1476=COLOUR_RGB('',1.,0.843137254901961,0.);
#1477=FILL_AREA_STYLE_COLOUR('',#1476);
#1478=FILL_AREA_STYLE($,(#1477));
#1479=SURFACE_STYLE_FILL_AREA(#1478);
#1480=SURFACE_SIDE_STYLE('',(#1479));
#1481=SURFACE_STYLE_USAGE(.BOTH.,#1480);
#1482=PRESENTATION_STYLE_ASSIGNMENT((#1481));
#1483=STYLED_ITEM('',(#1482),#1475);
#1484=ADVANCED_FACE('',(#2725),#2727,.F.);
#1485=COLOUR_RGB('',1.,0.843137254901961,0.);
#1486=FILL_AREA_STYLE_COLOUR('',#1485);
#1487=FILL_AREA_STYLE($,(#1486));
#1488=SURFACE_STYLE_FILL_AREA(#1487);
#1489=SURFACE_SIDE_STYLE('',(#1488));
#1490=SURFACE_STYLE_USAGE(.BOTH.,#1489);
#1491=PRESENTATION_STYLE_ASSIGNMENT((#1490));
#1492=STYLED_ITEM('',(#1491),#1484);
#1493=ADVANCED_FACE('',(#2732),#2734,.F.);
#1494=COLOUR_RGB('',1.,0.843137254901961,0.);
#1495=FILL_AREA_STYLE_COLOUR('',#1494);
#1496=FILL_AREA_STYLE($,(#1495));
#1497=SURFACE_STYLE_FILL_AREA(#1496);
#1498=SURFACE_SIDE_STYLE('',(#1497));
#1499=SURFACE_STYLE_USAGE(.BOTH.,#1498);
#1500=PRESENTATION_STYLE_ASSIGNMENT((#1499));
#1501=STYLED_ITEM('',(#1500),#1493);
#1502=ADVANCED_FACE('',(#2739),#2741,.F.);
#1503=COLOUR_RGB('',1.,0.843137254901961,0.);
#1504=FILL_AREA_STYLE_COLOUR('',#1503);
#1505=FILL_AREA_STYLE($,(#1504));
#1506=SURFACE_STYLE_FILL_AREA(#1505);
#1507=SURFACE_SIDE_STYLE('',(#1506));
#1508=SURFACE_STYLE_USAGE(.BOTH.,#1507);
#1509=PRESENTATION_STYLE_ASSIGNMENT((#1508));
#1510=STYLED_ITEM('',(#1509),#1502);
#1511=ADVANCED_FACE('',(#2746),#2748,.F.);
#1512=COLOUR_RGB('',1.,0.843137254901961,0.);
#1513=FILL_AREA_STYLE_COLOUR('',#1512);
#1514=FILL_AREA_STYLE($,(#1513));
#1515=SURFACE_STYLE_FILL_AREA(#1514);
#1516=SURFACE_SIDE_STYLE('',(#1515));
#1517=SURFACE_STYLE_USAGE(.BOTH.,#1516);
#1518=PRESENTATION_STYLE_ASSIGNMENT((#1517));
#1519=STYLED_ITEM('',(#1518),#1511);
#1520=ADVANCED_FACE('',(#2753),#2755,.F.);
#1521=COLOUR_RGB('',1.,0.843137254901961,0.);
#1522=FILL_AREA_STYLE_COLOUR('',#1521);
#1523=FILL_AREA_STYLE($,(#1522));
#1524=SURFACE_STYLE_FILL_AREA(#1523);
#1525=SURFACE_SIDE_STYLE('',(#1524));
#1526=SURFACE_STYLE_USAGE(.BOTH.,#1525);
#1527=PRESENTATION_STYLE_ASSIGNMENT((#1526));
#1528=STYLED_ITEM('',(#1527),#1520);
#1529=ADVANCED_FACE('',(#2760),#2762,.F.);
#1530=COLOUR_RGB('',1.,0.843137254901961,0.);
#1531=FILL_AREA_STYLE_COLOUR('',#1530);
#1532=FILL_AREA_STYLE($,(#1531));
#1533=SURFACE_STYLE_FILL_AREA(#1532);
#1534=SURFACE_SIDE_STYLE('',(#1533));
#1535=SURFACE_STYLE_USAGE(.BOTH.,#1534);
#1536=PRESENTATION_STYLE_ASSIGNMENT((#1535));
#1537=STYLED_ITEM('',(#1536),#1529);
#1538=ADVANCED_FACE('',(#2767),#2769,.F.);
#1539=COLOUR_RGB('',1.,0.843137254901961,0.);
#1540=FILL_AREA_STYLE_COLOUR('',#1539);
#1541=FILL_AREA_STYLE($,(#1540));
#1542=SURFACE_STYLE_FILL_AREA(#1541);
#1543=SURFACE_SIDE_STYLE('',(#1542));
#1544=SURFACE_STYLE_USAGE(.BOTH.,#1543);
#1545=PRESENTATION_STYLE_ASSIGNMENT((#1544));
#1546=STYLED_ITEM('',(#1545),#1538);
#1547=ADVANCED_FACE('',(#2774),#2776,.F.);
#1548=COLOUR_RGB('',1.,0.843137254901961,0.);
#1549=FILL_AREA_STYLE_COLOUR('',#1548);
#1550=FILL_AREA_STYLE($,(#1549));
#1551=SURFACE_STYLE_FILL_AREA(#1550);
#1552=SURFACE_SIDE_STYLE('',(#1551));
#1553=SURFACE_STYLE_USAGE(.BOTH.,#1552);
#1554=PRESENTATION_STYLE_ASSIGNMENT((#1553));
#1555=STYLED_ITEM('',(#1554),#1547);
#1556=ADVANCED_FACE('',(#2781),#2783,.F.);
#1557=COLOUR_RGB('',1.,0.843137254901961,0.);
#1558=FILL_AREA_STYLE_COLOUR('',#1557);
#1559=FILL_AREA_STYLE($,(#1558));
#1560=SURFACE_STYLE_FILL_AREA(#1559);
#1561=SURFACE_SIDE_STYLE('',(#1560));
#1562=SURFACE_STYLE_USAGE(.BOTH.,#1561);
#1563=PRESENTATION_STYLE_ASSIGNMENT((#1562));
#1564=STYLED_ITEM('',(#1563),#1556);
#1565=ADVANCED_FACE('',(#2788),#2790,.T.);
#1566=COLOUR_RGB('',1.,1.,1.);
#1567=FILL_AREA_STYLE_COLOUR('',#1566);
#1568=FILL_AREA_STYLE($,(#1567));
#1569=SURFACE_STYLE_FILL_AREA(#1568);
#1570=SURFACE_SIDE_STYLE('',(#1569));
#1571=SURFACE_STYLE_USAGE(.BOTH.,#1570);
#1572=PRESENTATION_STYLE_ASSIGNMENT((#1571));
#1573=STYLED_ITEM('',(#1572),#1565);
#1574=ADVANCED_FACE('',(#2795),#2797,.F.);
#1575=COLOUR_RGB('',1.,1.,1.);
#1576=FILL_AREA_STYLE_COLOUR('',#1575);
#1577=FILL_AREA_STYLE($,(#1576));
#1578=SURFACE_STYLE_FILL_AREA(#1577);
#1579=SURFACE_SIDE_STYLE('',(#1578));
#1580=SURFACE_STYLE_USAGE(.BOTH.,#1579);
#1581=PRESENTATION_STYLE_ASSIGNMENT((#1580));
#1582=STYLED_ITEM('',(#1581),#1574);
#1583=ADVANCED_FACE('',(#2802),#2804,.F.);
#1584=COLOUR_RGB('',1.,1.,1.);
#1585=FILL_AREA_STYLE_COLOUR('',#1584);
#1586=FILL_AREA_STYLE($,(#1585));
#1587=SURFACE_STYLE_FILL_AREA(#1586);
#1588=SURFACE_SIDE_STYLE('',(#1587));
#1589=SURFACE_STYLE_USAGE(.BOTH.,#1588);
#1590=PRESENTATION_STYLE_ASSIGNMENT((#1589));
#1591=STYLED_ITEM('',(#1590),#1583);
#1592=FACE_BOUND('',#1593,.T.);
#1593=EDGE_LOOP('',(#2809,#2810,#2811,#2812,#2813,#2814,#2815,#2816,#2817,#2818,
#2819,#2820,#2821,#2822,#2823,#2824,#2825,#2826,#2827,#2828,#2829,#2830));
#1594=PLANE('',#1595);
#1595=AXIS2_PLACEMENT_3D('',#1596,#1597,#1598);
#1596=CARTESIAN_POINT('',(1.25,-2.6,5.05));
#1597=DIRECTION('',(0.,0.,1.));
#1598=DIRECTION('',(-1.,0.,0.));
#1599=FACE_BOUND('',#1600,.T.);
#1600=EDGE_LOOP('',(#2831,#2832,#2833,#2834));
#1601=PLANE('',#1602);
#1602=AXIS2_PLACEMENT_3D('',#1603,#1604,#1605);
#1603=CARTESIAN_POINT('',(0.,-7.6,0.));
#1604=DIRECTION('',(-0.,1.,0.));
#1605=DIRECTION('',(1.,0.,0.));
#1606=FACE_BOUND('',#1607,.T.);
#1607=EDGE_LOOP('',(#2835,#2836,#2837,#2838));
#1608=PLANE('',#1609);
#1609=AXIS2_PLACEMENT_3D('',#1610,#1611,#1612);
#1610=CARTESIAN_POINT('',(0.,-7.6,0.));
#1611=DIRECTION('',(-0.,1.,0.));
#1612=DIRECTION('',(1.,0.,0.));
#1613=FACE_BOUND('',#1614,.T.);
#1614=EDGE_LOOP('',(#2839,#2840,#2841,#2842,#2843,#2844,#2845,#2846,#2847,#2848,
#2849,#2850,#2851,#2852,#2853,#2854,#2855,#2856,#2857,#2858,#2859,#2860,#2861,#2862,
#2863,#2864,#2865,#2866,#2867,#2868,#2869,#2870,#2871,#2872,#2873,#2874,#2875,#2876));
#1615=PLANE('',#1616);
#1616=AXIS2_PLACEMENT_3D('',#1617,#1618,#1619);
#1617=CARTESIAN_POINT('',(-1.25,-7.6,5.75));
#1618=DIRECTION('',(0.,0.,1.));
#1619=DIRECTION('',(1.,0.,0.));
#1620=FACE_BOUND('',#1621,.T.);
#1621=EDGE_LOOP('',(#2877,#2878,#2879,#2880));
#1622=CYLINDRICAL_SURFACE('',#1623,0.6);
#1623=AXIS2_PLACEMENT_3D('',#1624,#1625,#1626);
#1624=CARTESIAN_POINT('',(9.9,-4.5,5.05));
#1625=DIRECTION('',(-0.,-0.,-1.));
#1626=DIRECTION('',(-6.93889390390723E-017,1.,0.));
#1627=FACE_BOUND('',#1628,.T.);
#1628=EDGE_LOOP('',(#2881,#2882,#2883,#2884));
#1629=PLANE('',#1630);
#1630=AXIS2_PLACEMENT_3D('',#1631,#1632,#1633);
#1631=CARTESIAN_POINT('',(8.75,-3.9,5.05));
#1632=DIRECTION('',(-0.,-1.,-0.));
#1633=DIRECTION('',(1.,0.,0.));
#1634=FACE_BOUND('',#1635,.T.);
#1635=EDGE_LOOP('',(#2885,#2886,#2887,#2888));
#1636=PLANE('',#1637);
#1637=AXIS2_PLACEMENT_3D('',#1638,#1639,#1640);
#1638=CARTESIAN_POINT('',(8.75,-7.59999999999703,5.05));
#1639=DIRECTION('',(1.,6.00120553851917E-017,-0.));
#1640=DIRECTION('',(-6.00120553851917E-017,1.,0.));
#1641=FACE_BOUND('',#1642,.T.);
#1642=EDGE_LOOP('',(#2889,#2890,#2891,#2892));
#1643=PLANE('',#1644);
#1644=AXIS2_PLACEMENT_3D('',#1645,#1646,#1647);
#1645=CARTESIAN_POINT('',(10.1,-7.2,5.05));
#1646=DIRECTION('',(-0.707106781183925,-0.70710678118917,-0.));
#1647=DIRECTION('',(0.70710678118917,-0.707106781183925,0.));
#1648=FACE_BOUND('',#1649,.T.);
#1649=EDGE_LOOP('',(#2893,#2894,#2895,#2896));
#1650=PLANE('',#1651);
#1651=AXIS2_PLACEMENT_3D('',#1652,#1653,#1654);
#1652=CARTESIAN_POINT('',(10.5,-6.8,5.05));
#1653=DIRECTION('',(-0.707106781186548,0.707106781186547,-0.));
#1654=DIRECTION('',(-0.707106781186547,-0.707106781186548,0.));
#1655=FACE_BOUND('',#1656,.T.);
#1656=EDGE_LOOP('',(#2897,#2898,#2899,#2900));
#1657=PLANE('',#1658);
#1658=AXIS2_PLACEMENT_3D('',#1659,#1660,#1661);
#1659=CARTESIAN_POINT('',(10.5,-4.5,5.05));
#1660=DIRECTION('',(-1.,-9.65411325761006E-017,-0.));
#1661=DIRECTION('',(9.65411325761006E-017,-1.,0.));
#1662=FACE_BOUND('',#1663,.T.);
#1663=EDGE_LOOP('',(#2901,#2902,#2903,#2904));
#1664=PLANE('',#1665);
#1665=AXIS2_PLACEMENT_3D('',#1666,#1667,#1668);
#1666=CARTESIAN_POINT('',(1.25,-7.59999999999703,5.05));
#1667=DIRECTION('',(1.,-6.00120553851917E-017,0.));
#1668=DIRECTION('',(6.00120553851917E-017,1.,0.));
#1669=FACE_BOUND('',#1670,.T.);
#1670=EDGE_LOOP('',(#2905,#2906,#2907,#2908));
#1671=PLANE('',#1672);
#1672=AXIS2_PLACEMENT_3D('',#1673,#1674,#1675);
#1673=CARTESIAN_POINT('',(1.25,-3.9,5.05));
#1674=DIRECTION('',(0.,1.,-0.));
#1675=DIRECTION('',(-1.,0.,0.));
#1676=FACE_BOUND('',#1677,.T.);
#1677=EDGE_LOOP('',(#2909,#2910,#2911,#2912));
#1678=CYLINDRICAL_SURFACE('',#1679,0.6);
#1679=AXIS2_PLACEMENT_3D('',#1680,#1681,#1682);
#1680=CARTESIAN_POINT('',(0.1,-4.5,5.05));
#1681=DIRECTION('',(0.,0.,1.));
#1682=DIRECTION('',(6.93889390390723E-017,1.,0.));
#1683=FACE_BOUND('',#1684,.T.);
#1684=EDGE_LOOP('',(#2913,#2914,#2915,#2916));
#1685=PLANE('',#1686);
#1686=AXIS2_PLACEMENT_3D('',#1687,#1688,#1689);
#1687=CARTESIAN_POINT('',(-0.5,-4.5,5.05));
#1688=DIRECTION('',(-1.,9.65411325761006E-017,0.));
#1689=DIRECTION('',(-9.65411325761006E-017,-1.,0.));
#1690=FACE_BOUND('',#1691,.T.);
#1691=EDGE_LOOP('',(#2917,#2918,#2919,#2920));
#1692=PLANE('',#1693);
#1693=AXIS2_PLACEMENT_3D('',#1694,#1695,#1696);
#1694=CARTESIAN_POINT('',(-0.5,-6.8,5.05));
#1695=DIRECTION('',(-0.707106781186548,-0.707106781186547,0.));
#1696=DIRECTION('',(0.707106781186547,-0.707106781186548,0.));
#1697=FACE_BOUND('',#1698,.T.);
#1698=EDGE_LOOP('',(#2921,#2922,#2923,#2924));
#1699=PLANE('',#1700);
#1700=AXIS2_PLACEMENT_3D('',#1701,#1702,#1703);
#1701=CARTESIAN_POINT('',(-0.1,-7.2,5.05));
#1702=DIRECTION('',(-0.707106781183925,0.70710678118917,0.));
#1703=DIRECTION('',(-0.70710678118917,-0.707106781183925,0.));
#1704=FACE_BOUND('',#1705,.T.);
#1705=EDGE_LOOP('',(#2925,#2926,#2927,#2928));
#1706=PLANE('',#1707);
#1707=AXIS2_PLACEMENT_3D('',#1708,#1709,#1710);
#1708=CARTESIAN_POINT('',(0.,-7.6,0.));
#1709=DIRECTION('',(-0.,1.,0.));
#1710=DIRECTION('',(1.,0.,0.));
#1711=FACE_BOUND('',#1712,.T.);
#1712=EDGE_LOOP('',(#2929,#2930,#2931,#2932,#2933,#2934,#2935,#2936,#2937,#2938,
#2939));
#1713=PLANE('',#1714);
#1714=AXIS2_PLACEMENT_3D('',#1715,#1716,#1717);
#1715=CARTESIAN_POINT('',(-2.45,0.,0.));
#1716=DIRECTION('',(-1.,0.,0.));
#1717=DIRECTION('',(0.,0.,1.));
#1718=FACE_BOUND('',#1719,.T.);
#1719=EDGE_LOOP('',(#2940,#2941,#2942,#2943));
#1720=CYLINDRICAL_SURFACE('',#1721,0.6);
#1721=AXIS2_PLACEMENT_3D('',#1722,#1723,#1724);
#1722=CARTESIAN_POINT('',(12.45,-5.1,4.45));
#1723=DIRECTION('',(-1.,0.,0.));
#1724=DIRECTION('',(0.,0.,1.));
#1725=FACE_BOUND('',#1726,.T.);
#1726=EDGE_LOOP('',(#2944,#2945,#2946,#2947,#2948,#2949,#2950));
#1727=PLANE('',#1728);
#1728=AXIS2_PLACEMENT_3D('',#1729,#1730,#1731);
#1729=CARTESIAN_POINT('',(-1.75,0.,0.));
#1730=DIRECTION('',(-1.,0.,0.));
#1731=DIRECTION('',(0.,0.,1.));
#1732=FACE_BOUND('',#1733,.T.);
#1733=EDGE_LOOP('',(#2951,#2952,#2953,#2954));
#1734=FACE_BOUND('',#1735,.T.);
#1735=EDGE_LOOP('',(#2955,#2956,#2957,#2958));
#1736=FACE_BOUND('',#1737,.T.);
#1737=EDGE_LOOP('',(#2959,#2960,#2961,#2962));
#1738=FACE_BOUND('',#1739,.T.);
#1739=EDGE_LOOP('',(#2963,#2964,#2965,#2966));
#1740=FACE_BOUND('',#1741,.T.);
#1741=EDGE_LOOP('',(#2967,#2968,#2969,#2970));
#1742=FACE_BOUND('',#1743,.T.);
#1743=EDGE_LOOP('',(#2971,#2972,#2973,#2974));
#1744=PLANE('',#1745);
#1745=AXIS2_PLACEMENT_3D('',#1746,#1747,#1748);
#1746=CARTESIAN_POINT('',(0.,-2.6,0.));
#1747=DIRECTION('',(0.,-1.,-0.));
#1748=DIRECTION('',(1.,0.,0.));
#1749=FACE_BOUND('',#1750,.T.);
#1750=EDGE_LOOP('',(#2975,#2976,#2977,#2978,#2979,#2980,#2981));
#1751=PLANE('',#1752);
#1752=AXIS2_PLACEMENT_3D('',#1753,#1754,#1755);
#1753=CARTESIAN_POINT('',(11.75,0.,0.));
#1754=DIRECTION('',(-1.,-0.,-0.));
#1755=DIRECTION('',(0.,0.,1.));
#1756=FACE_BOUND('',#1757,.T.);
#1757=EDGE_LOOP('',(#2982,#2983,#2984,#2985));
#1758=CYLINDRICAL_SURFACE('',#1759,0.6);
#1759=AXIS2_PLACEMENT_3D('',#1760,#1761,#1762);
#1760=CARTESIAN_POINT('',(12.45,-5.1,4.45));
#1761=DIRECTION('',(-1.,0.,0.));
#1762=DIRECTION('',(0.,0.,1.));
#1763=FACE_BOUND('',#1764,.T.);
#1764=EDGE_LOOP('',(#2986,#2987,#2988,#2989,#2990,#2991,#2992,#2993,#2994,#2995,
#2996));
#1765=PLANE('',#1766);
#1766=AXIS2_PLACEMENT_3D('',#1767,#1768,#1769);
#1767=CARTESIAN_POINT('',(12.45,0.,0.));
#1768=DIRECTION('',(-1.,-0.,-0.));
#1769=DIRECTION('',(0.,0.,1.));
#1770=FACE_BOUND('',#1771,.T.);
#1771=EDGE_LOOP('',(#2997,#2998,#2999,#3000,#3001,#3002));
#1772=PLANE('',#1773);
#1773=AXIS2_PLACEMENT_3D('',#1774,#1775,#1776);
#1774=CARTESIAN_POINT('',(0.,-0.6,0.));
#1775=DIRECTION('',(-0.,1.,0.));
#1776=DIRECTION('',(1.,0.,0.));
#1777=FACE_BOUND('',#1778,.T.);
#1778=EDGE_LOOP('',(#3003,#3004,#3005,#3006));
#1779=PLANE('',#1780);
#1780=AXIS2_PLACEMENT_3D('',#1781,#1782,#1783);
#1781=CARTESIAN_POINT('',(10.85,-1.,5.75));
#1782=DIRECTION('',(1.,-0.,1.15849359091321E-016));
#1783=DIRECTION('',(1.15849359091321E-016,0.,-1.));
#1784=FACE_BOUND('',#1785,.T.);
#1785=EDGE_LOOP('',(#3007,#3008,#3009,#3010));
#1786=FACE_BOUND('',#1787,.T.);
#1787=EDGE_LOOP('',(#3011,#3012,#3013,#3014));
#1788=PLANE('',#1789);
#1789=AXIS2_PLACEMENT_3D('',#1790,#1791,#1792);
#1790=CARTESIAN_POINT('',(10.,-1.,0.));
#1791=DIRECTION('',(-0.,1.,0.));
#1792=DIRECTION('',(1.,0.,0.));
#1793=FACE_BOUND('',#1794,.T.);
#1794=EDGE_LOOP('',(#3015,#3016,#3017,#3018));
#1795=PLANE('',#1796);
#1796=AXIS2_PLACEMENT_3D('',#1797,#1798,#1799);
#1797=CARTESIAN_POINT('',(9.15,-1.,0.));
#1798=DIRECTION('',(-1.,0.,-1.15849359091321E-016));
#1799=DIRECTION('',(-1.15849359091321E-016,0.,1.));
#1800=FACE_BOUND('',#1801,.T.);
#1801=EDGE_LOOP('',(#3019,#3020,#3021,#3022));
#1802=PLANE('',#1803);
#1803=AXIS2_PLACEMENT_3D('',#1804,#1805,#1806);
#1804=CARTESIAN_POINT('',(0.,-0.6,0.));
#1805=DIRECTION('',(-0.,1.,0.));
#1806=DIRECTION('',(1.,0.,0.));
#1807=FACE_BOUND('',#1808,.T.);
#1808=EDGE_LOOP('',(#3023,#3024,#3025,#3026));
#1809=PLANE('',#1810);
#1810=AXIS2_PLACEMENT_3D('',#1811,#1812,#1813);
#1811=CARTESIAN_POINT('',(8.35,-1.,5.75));
#1812=DIRECTION('',(1.,-0.,1.15849359091321E-016));
#1813=DIRECTION('',(1.15849359091321E-016,0.,-1.));
#1814=FACE_BOUND('',#1815,.T.);
#1815=EDGE_LOOP('',(#3027,#3028,#3029,#3030));
#1816=FACE_BOUND('',#1817,.T.);
#1817=EDGE_LOOP('',(#3031,#3032,#3033,#3034));
#1818=PLANE('',#1819);
#1819=AXIS2_PLACEMENT_3D('',#1820,#1821,#1822);
#1820=CARTESIAN_POINT('',(7.5,-1.,0.));
#1821=DIRECTION('',(-0.,1.,0.));
#1822=DIRECTION('',(1.,0.,0.));
#1823=FACE_BOUND('',#1824,.T.);
#1824=EDGE_LOOP('',(#3035,#3036,#3037,#3038));
#1825=PLANE('',#1826);
#1826=AXIS2_PLACEMENT_3D('',#1827,#1828,#1829);
#1827=CARTESIAN_POINT('',(6.65,-1.,0.));
#1828=DIRECTION('',(-1.,0.,-1.15849359091321E-016));
#1829=DIRECTION('',(-1.15849359091321E-016,0.,1.));
#1830=FACE_BOUND('',#1831,.T.);
#1831=EDGE_LOOP('',(#3039,#3040,#3041,#3042));
#1832=PLANE('',#1833);
#1833=AXIS2_PLACEMENT_3D('',#1834,#1835,#1836);
#1834=CARTESIAN_POINT('',(0.,-0.6,0.));
#1835=DIRECTION('',(-0.,1.,0.));
#1836=DIRECTION('',(1.,0.,0.));
#1837=FACE_BOUND('',#1838,.T.);
#1838=EDGE_LOOP('',(#3043,#3044,#3045,#3046));
#1839=PLANE('',#1840);
#1840=AXIS2_PLACEMENT_3D('',#1841,#1842,#1843);
#1841=CARTESIAN_POINT('',(5.85,-1.,5.75));
#1842=DIRECTION('',(1.,-0.,1.15849359091321E-016));
#1843=DIRECTION('',(1.15849359091321E-016,0.,-1.));
#1844=FACE_BOUND('',#1845,.T.);
#1845=EDGE_LOOP('',(#3047,#3048,#3049,#3050));
#1846=FACE_BOUND('',#1847,.T.);
#1847=EDGE_LOOP('',(#3051,#3052,#3053,#3054));
#1848=PLANE('',#1849);
#1849=AXIS2_PLACEMENT_3D('',#1850,#1851,#1852);
#1850=CARTESIAN_POINT('',(5.,-1.,0.));
#1851=DIRECTION('',(-0.,1.,0.));
#1852=DIRECTION('',(1.,0.,0.));
#1853=FACE_BOUND('',#1854,.T.);
#1854=EDGE_LOOP('',(#3055,#3056,#3057,#3058));
#1855=PLANE('',#1856);
#1856=AXIS2_PLACEMENT_3D('',#1857,#1858,#1859);
#1857=CARTESIAN_POINT('',(4.15,-1.,0.));
#1858=DIRECTION('',(-1.,0.,-1.15849359091321E-016));
#1859=DIRECTION('',(-1.15849359091321E-016,0.,1.));
#1860=FACE_BOUND('',#1861,.T.);
#1861=EDGE_LOOP('',(#3059,#3060,#3061,#3062));
#1862=PLANE('',#1863);
#1863=AXIS2_PLACEMENT_3D('',#1864,#1865,#1866);
#1864=CARTESIAN_POINT('',(0.,-0.6,0.));
#1865=DIRECTION('',(-0.,1.,0.));
#1866=DIRECTION('',(1.,0.,0.));
#1867=FACE_BOUND('',#1868,.T.);
#1868=EDGE_LOOP('',(#3063,#3064,#3065,#3066));
#1869=PLANE('',#1870);
#1870=AXIS2_PLACEMENT_3D('',#1871,#1872,#1873);
#1871=CARTESIAN_POINT('',(3.35,-1.,5.75));
#1872=DIRECTION('',(1.,-0.,1.15849359091321E-016));
#1873=DIRECTION('',(1.15849359091321E-016,0.,-1.));
#1874=FACE_BOUND('',#1875,.T.);
#1875=EDGE_LOOP('',(#3067,#3068,#3069,#3070));
#1876=FACE_BOUND('',#1877,.T.);
#1877=EDGE_LOOP('',(#3071,#3072,#3073,#3074));
#1878=PLANE('',#1879);
#1879=AXIS2_PLACEMENT_3D('',#1880,#1881,#1882);
#1880=CARTESIAN_POINT('',(2.5,-1.,0.));
#1881=DIRECTION('',(-0.,1.,0.));
#1882=DIRECTION('',(1.,0.,0.));
#1883=FACE_BOUND('',#1884,.T.);
#1884=EDGE_LOOP('',(#3075,#3076,#3077,#3078));
#1885=PLANE('',#1886);
#1886=AXIS2_PLACEMENT_3D('',#1887,#1888,#1889);
#1887=CARTESIAN_POINT('',(1.65,-1.,0.));
#1888=DIRECTION('',(-1.,0.,-1.15849359091321E-016));
#1889=DIRECTION('',(-1.15849359091321E-016,0.,1.));
#1890=FACE_BOUND('',#1891,.T.);
#1891=EDGE_LOOP('',(#3079,#3080,#3081,#3082));
#1892=PLANE('',#1893);
#1893=AXIS2_PLACEMENT_3D('',#1894,#1895,#1896);
#1894=CARTESIAN_POINT('',(0.,-0.6,0.));
#1895=DIRECTION('',(-0.,1.,0.));
#1896=DIRECTION('',(1.,0.,0.));
#1897=FACE_BOUND('',#1898,.T.);
#1898=EDGE_LOOP('',(#3083,#3084,#3085,#3086));
#1899=PLANE('',#1900);
#1900=AXIS2_PLACEMENT_3D('',#1901,#1902,#1903);
#1901=CARTESIAN_POINT('',(0.85,-1.,5.75));
#1902=DIRECTION('',(1.,-0.,1.15849359091321E-016));
#1903=DIRECTION('',(1.15849359091321E-016,0.,-1.));
#1904=FACE_BOUND('',#1905,.T.);
#1905=EDGE_LOOP('',(#3087,#3088,#3089,#3090));
#1906=FACE_BOUND('',#1907,.T.);
#1907=EDGE_LOOP('',(#3091,#3092,#3093,#3094));
#1908=PLANE('',#1909);
#1909=AXIS2_PLACEMENT_3D('',#1910,#1911,#1912);
#1910=CARTESIAN_POINT('',(0.,-1.,0.));
#1911=DIRECTION('',(-0.,1.,0.));
#1912=DIRECTION('',(1.,0.,0.));
#1913=FACE_BOUND('',#1914,.T.);
#1914=EDGE_LOOP('',(#3095,#3096,#3097,#3098));
#1915=PLANE('',#1916);
#1916=AXIS2_PLACEMENT_3D('',#1917,#1918,#1919);
#1917=CARTESIAN_POINT('',(-0.85,-1.,0.));
#1918=DIRECTION('',(-1.,0.,-1.15849359091321E-016));
#1919=DIRECTION('',(-1.15849359091321E-016,0.,1.));
#1920=FACE_BOUND('',#1921,.T.);
#1921=EDGE_LOOP('',(#3099,#3100,#3101,#3102,#3103,#3104));
#1922=PLANE('',#1923);
#1923=AXIS2_PLACEMENT_3D('',#1924,#1925,#1926);
#1924=CARTESIAN_POINT('',(0.,-0.6,0.));
#1925=DIRECTION('',(-0.,1.,0.));
#1926=DIRECTION('',(1.,0.,0.));
#1927=FACE_BOUND('',#1928,.T.);
#1928=EDGE_LOOP('',(#3105,#3106,#3107,#3108));
#1929=PLANE('',#1930);
#1930=AXIS2_PLACEMENT_3D('',#1931,#1932,#1933);
#1931=CARTESIAN_POINT('',(12.45,-4.5,4.45));
#1932=DIRECTION('',(0.,1.,0.));
#1933=DIRECTION('',(0.,0.,-1.));
#1934=FACE_BOUND('',#1935,.T.);
#1935=EDGE_LOOP('',(#3109,#3110,#3111,#3112));
#1936=PLANE('',#1937);
#1937=AXIS2_PLACEMENT_3D('',#1938,#1939,#1940);
#1938=CARTESIAN_POINT('',(-1.25,-0.600000000000001,5.00000000000469));
#1939=DIRECTION('',(0.,0.554700196226653,0.832050294336894));
#1940=DIRECTION('',(0.,0.832050294336894,-0.554700196226653));
#1941=FACE_BOUND('',#1942,.T.);
#1942=EDGE_LOOP('',(#3113,#3114,#3115,#3116));
#1943=PLANE('',#1944);
#1944=AXIS2_PLACEMENT_3D('',#1945,#1946,#1947);
#1945=CARTESIAN_POINT('',(-1.25,3.90000000000471,1.99999999999042));
#1946=DIRECTION('',(0.,1.,0.));
#1947=DIRECTION('',(0.,0.,-1.));
#1948=FACE_BOUND('',#1949,.T.);
#1949=EDGE_LOOP('',(#3117,#3118,#3119,#3120,#3121,#3122,#3123,#3124,#3125,#3126,
#3127,#3128,#3129,#3130,#3131,#3132,#3133,#3134,#3135,#3136,#3137,#3138,#3139,#3140,
#3141,#3142,#3143,#3144));
#1950=PLANE('',#1951);
#1951=AXIS2_PLACEMENT_3D('',#1952,#1953,#1954);
#1952=CARTESIAN_POINT('',(1.25,-7.6,0.));
#1953=DIRECTION('',(0.,0.,-1.));
#1954=DIRECTION('',(-1.,0.,0.));
#1955=FACE_BOUND('',#1956,.T.);
#1956=EDGE_LOOP('',(#3145,#3146,#3147,#3148,#3149,#3150,#3151,#3152));
#1957=PLANE('',#1958);
#1958=AXIS2_PLACEMENT_3D('',#1959,#1960,#1961);
#1959=CARTESIAN_POINT('',(0.,-7.6,0.));
#1960=DIRECTION('',(-0.,1.,0.));
#1961=DIRECTION('',(1.,0.,0.));
#1962=FACE_BOUND('',#1963,.T.);
#1963=EDGE_LOOP('',(#3153,#3154,#3155,#3156,#3157));
#1964=PLANE('',#1965);
#1965=AXIS2_PLACEMENT_3D('',#1966,#1967,#1968);
#1966=CARTESIAN_POINT('',(12.45,-4.5,4.05));
#1967=DIRECTION('',(-0.,-0.,-1.));
#1968=DIRECTION('',(0.,-1.,0.));
#1969=FACE_BOUND('',#1970,.T.);
#1970=EDGE_LOOP('',(#3158,#3159,#3160,#3161));
#1971=PLANE('',#1972);
#1972=AXIS2_PLACEMENT_3D('',#1973,#1974,#1975);
#1973=CARTESIAN_POINT('',(-1.25,-2.6,0.7));
#1974=DIRECTION('',(0.,0.,-1.));
#1975=DIRECTION('',(1.,0.,0.));
#1976=FACE_BOUND('',#1977,.T.);
#1977=EDGE_LOOP('',(#3162,#3163,#3164,#3165));
#1978=PLANE('',#1979);
#1979=AXIS2_PLACEMENT_3D('',#1980,#1981,#1982);
#1980=CARTESIAN_POINT('',(2.18,0.32,-3.5));
#1981=DIRECTION('',(-1.,0.,0.));
#1982=DIRECTION('',(0.,-1.,0.));
#1983=FACE_BOUND('',#1984,.T.);
#1984=EDGE_LOOP('',(#3166,#3167,#3168,#3169));
#1985=PLANE('',#1986);
#1986=AXIS2_PLACEMENT_3D('',#1987,#1988,#1989);
#1987=CARTESIAN_POINT('',(2.82,-0.6,3.87));
#1988=DIRECTION('',(0.,0.,1.));
#1989=DIRECTION('',(-1.,0.,0.));
#1990=FACE_BOUND('',#1991,.T.);
#1991=EDGE_LOOP('',(#3170,#3171,#3172,#3173));
#1992=PLANE('',#1993);
#1993=AXIS2_PLACEMENT_3D('',#1994,#1995,#1996);
#1994=CARTESIAN_POINT('',(2.82,-0.32,-3.5));
#1995=DIRECTION('',(1.,0.,0.));
#1996=DIRECTION('',(0.,1.,0.));
#1997=FACE_BOUND('',#1998,.T.);
#1998=EDGE_LOOP('',(#3174,#3175,#3176,#3177));
#1999=PLANE('',#2000);
#2000=AXIS2_PLACEMENT_3D('',#2001,#2002,#2003);
#2001=CARTESIAN_POINT('',(2.18,-0.600000000000001,3.23));
#2002=DIRECTION('',(0.,0.,-1.));
#2003=DIRECTION('',(1.,0.,0.));
#2004=FACE_BOUND('',#2005,.T.);
#2005=EDGE_LOOP('',(#3178,#3179,#3180,#3181));
#2006=PLANE('',#2007);
#2007=AXIS2_PLACEMENT_3D('',#2008,#2009,#2010);
#2008=CARTESIAN_POINT('',(4.68,0.32,-3.5));
#2009=DIRECTION('',(-1.,0.,0.));
#2010=DIRECTION('',(0.,-1.,0.));
#2011=FACE_BOUND('',#2012,.T.);
#2012=EDGE_LOOP('',(#3182,#3183,#3184,#3185));
#2013=PLANE('',#2014);
#2014=AXIS2_PLACEMENT_3D('',#2015,#2016,#2017);
#2015=CARTESIAN_POINT('',(5.32,-0.6,3.87));
#2016=DIRECTION('',(0.,0.,1.));
#2017=DIRECTION('',(-1.,0.,0.));
#2018=FACE_BOUND('',#2019,.T.);
#2019=EDGE_LOOP('',(#3186,#3187,#3188,#3189));
#2020=PLANE('',#2021);
#2021=AXIS2_PLACEMENT_3D('',#2022,#2023,#2024);
#2022=CARTESIAN_POINT('',(5.32,-0.32,-3.5));
#2023=DIRECTION('',(1.,0.,0.));
#2024=DIRECTION('',(0.,1.,0.));
#2025=FACE_BOUND('',#2026,.T.);
#2026=EDGE_LOOP('',(#3190,#3191,#3192,#3193));
#2027=PLANE('',#2028);
#2028=AXIS2_PLACEMENT_3D('',#2029,#2030,#2031);
#2029=CARTESIAN_POINT('',(4.68,-0.600000000000001,3.23));
#2030=DIRECTION('',(0.,0.,-1.));
#2031=DIRECTION('',(1.,0.,0.));
#2032=FACE_BOUND('',#2033,.T.);
#2033=EDGE_LOOP('',(#3194,#3195,#3196,#3197));
#2034=PLANE('',#2035);
#2035=AXIS2_PLACEMENT_3D('',#2036,#2037,#2038);
#2036=CARTESIAN_POINT('',(7.18,0.32,-3.5));
#2037=DIRECTION('',(-1.,0.,0.));
#2038=DIRECTION('',(0.,-1.,0.));
#2039=FACE_BOUND('',#2040,.T.);
#2040=EDGE_LOOP('',(#3198,#3199,#3200,#3201));
#2041=PLANE('',#2042);
#2042=AXIS2_PLACEMENT_3D('',#2043,#2044,#2045);
#2043=CARTESIAN_POINT('',(7.82,-0.6,3.87));
#2044=DIRECTION('',(0.,0.,1.));
#2045=DIRECTION('',(-1.,0.,0.));
#2046=FACE_BOUND('',#2047,.T.);
#2047=EDGE_LOOP('',(#3202,#3203,#3204,#3205));
#2048=PLANE('',#2049);
#2049=AXIS2_PLACEMENT_3D('',#2050,#2051,#2052);
#2050=CARTESIAN_POINT('',(7.82,-0.32,-3.5));
#2051=DIRECTION('',(1.,0.,0.));
#2052=DIRECTION('',(0.,1.,0.));
#2053=FACE_BOUND('',#2054,.T.);
#2054=EDGE_LOOP('',(#3206,#3207,#3208,#3209));
#2055=PLANE('',#2056);
#2056=AXIS2_PLACEMENT_3D('',#2057,#2058,#2059);
#2057=CARTESIAN_POINT('',(7.18,-0.600000000000001,3.23));
#2058=DIRECTION('',(0.,0.,-1.));
#2059=DIRECTION('',(1.,0.,0.));
#2060=FACE_BOUND('',#2061,.T.);
#2061=EDGE_LOOP('',(#3210,#3211,#3212,#3213));
#2062=PLANE('',#2063);
#2063=AXIS2_PLACEMENT_3D('',#2064,#2065,#2066);
#2064=CARTESIAN_POINT('',(9.68,0.32,-3.5));
#2065=DIRECTION('',(-1.,0.,0.));
#2066=DIRECTION('',(0.,-1.,0.));
#2067=FACE_BOUND('',#2068,.T.);
#2068=EDGE_LOOP('',(#3214,#3215,#3216,#3217));
#2069=PLANE('',#2070);
#2070=AXIS2_PLACEMENT_3D('',#2071,#2072,#2073);
#2071=CARTESIAN_POINT('',(10.32,-0.6,3.87));
#2072=DIRECTION('',(0.,0.,1.));
#2073=DIRECTION('',(-1.,0.,0.));
#2074=FACE_BOUND('',#2075,.T.);
#2075=EDGE_LOOP('',(#3218,#3219,#3220,#3221));
#2076=PLANE('',#2077);
#2077=AXIS2_PLACEMENT_3D('',#2078,#2079,#2080);
#2078=CARTESIAN_POINT('',(10.32,-0.32,-3.5));
#2079=DIRECTION('',(1.,0.,0.));
#2080=DIRECTION('',(0.,1.,0.));
#2081=FACE_BOUND('',#2082,.T.);
#2082=EDGE_LOOP('',(#3222,#3223,#3224,#3225));
#2083=PLANE('',#2084);
#2084=AXIS2_PLACEMENT_3D('',#2085,#2086,#2087);
#2085=CARTESIAN_POINT('',(9.68,-0.600000000000001,3.23));
#2086=DIRECTION('',(0.,0.,-1.));
#2087=DIRECTION('',(1.,0.,0.));
#2088=FACE_BOUND('',#2089,.T.);
#2089=EDGE_LOOP('',(#3226,#3227,#3228,#3229));
#2090=PLANE('',#2091);
#2091=AXIS2_PLACEMENT_3D('',#2092,#2093,#2094);
#2092=CARTESIAN_POINT('',(-0.32,0.32,-3.5));
#2093=DIRECTION('',(-1.,0.,0.));
#2094=DIRECTION('',(0.,-1.,0.));
#2095=FACE_BOUND('',#2096,.T.);
#2096=EDGE_LOOP('',(#3230,#3231,#3232,#3233));
#2097=PLANE('',#2098);
#2098=AXIS2_PLACEMENT_3D('',#2099,#2100,#2101);
#2099=CARTESIAN_POINT('',(0.32,-0.6,3.87));
#2100=DIRECTION('',(0.,0.,1.));
#2101=DIRECTION('',(-1.,0.,0.));
#2102=FACE_BOUND('',#2103,.T.);
#2103=EDGE_LOOP('',(#3234,#3235,#3236,#3237));
#2104=PLANE('',#2105);
#2105=AXIS2_PLACEMENT_3D('',#2106,#2107,#2108);
#2106=CARTESIAN_POINT('',(0.32,-0.32,-3.5));
#2107=DIRECTION('',(1.,0.,0.));
#2108=DIRECTION('',(0.,1.,0.));
#2109=FACE_BOUND('',#2110,.T.);
#2110=EDGE_LOOP('',(#3238,#3239,#3240,#3241));
#2111=PLANE('',#2112);
#2112=AXIS2_PLACEMENT_3D('',#2113,#2114,#2115);
#2113=CARTESIAN_POINT('',(-0.32,-0.600000000000001,3.23));
#2114=DIRECTION('',(0.,0.,-1.));
#2115=DIRECTION('',(1.,0.,0.));
#2116=FACE_BOUND('',#2117,.T.);
#2117=EDGE_LOOP('',(#3242,#3243,#3244,#3245));
#2118=PLANE('',#2119);
#2119=AXIS2_PLACEMENT_3D('',#2120,#2121,#2122);
#2120=CARTESIAN_POINT('',(12.45,-4.5,4.45));
#2121=DIRECTION('',(0.,1.,0.));
#2122=DIRECTION('',(0.,0.,-1.));
#2123=FACE_BOUND('',#2124,.T.);
#2124=EDGE_LOOP('',(#3246,#3247,#3248,#3249,#3250));
#2125=PLANE('',#2126);
#2126=AXIS2_PLACEMENT_3D('',#2127,#2128,#2129);
#2127=CARTESIAN_POINT('',(12.45,-4.5,4.05));
#2128=DIRECTION('',(-0.,-0.,-1.));
#2129=DIRECTION('',(0.,-1.,0.));
#2130=FACE_BOUND('',#2131,.T.);
#2131=EDGE_LOOP('',(#3251,#3252,#3253,#3254));
#2132=PLANE('',#2133);
#2133=AXIS2_PLACEMENT_3D('',#2134,#2135,#2136);
#2134=CARTESIAN_POINT('',(11.25,3.90000000000471,1.99999999999042));
#2135=DIRECTION('',(-0.,-1.,-0.));
#2136=DIRECTION('',(0.,0.,-1.));
#2137=FACE_BOUND('',#2138,.T.);
#2138=EDGE_LOOP('',(#3255,#3256,#3257,#3258));
#2139=PLANE('',#2140);
#2140=AXIS2_PLACEMENT_3D('',#2141,#2142,#2143);
#2141=CARTESIAN_POINT('',(11.25,-0.600000000000001,5.00000000000469));
#2142=DIRECTION('',(-0.,-0.554700196226653,-0.832050294336894));
#2143=DIRECTION('',(0.,0.832050294336894,-0.554700196226653));
#2144=FACE_BOUND('',#2145,.T.);
#2145=EDGE_LOOP('',(#3259,#3260,#3261,#3262));
#2146=PLANE('',#2147);
#2147=AXIS2_PLACEMENT_3D('',#2148,#2149,#2150);
#2148=CARTESIAN_POINT('',(11.75,0.,0.));
#2149=DIRECTION('',(-1.,-0.,-0.));
#2150=DIRECTION('',(0.,0.,1.));
#2151=FACE_BOUND('',#2152,.T.);
#2152=EDGE_LOOP('',(#3263,#3264,#3265,#3266,#3267,#3268,#3269,#3270));
#2153=PLANE('',#2154);
#2154=AXIS2_PLACEMENT_3D('',#2155,#2156,#2157);
#2155=CARTESIAN_POINT('',(9.68,0.32,-3.5));
#2156=DIRECTION('',(-1.,0.,0.));
#2157=DIRECTION('',(0.,-1.,0.));
#2158=FACE_BOUND('',#2159,.T.);
#2159=EDGE_LOOP('',(#3271,#3272,#3273,#3274));
#2160=PLANE('',#2161);
#2161=AXIS2_PLACEMENT_3D('',#2162,#2163,#2164);
#2162=CARTESIAN_POINT('',(9.68,-0.600000000000001,3.23));
#2163=DIRECTION('',(0.,0.,-1.));
#2164=DIRECTION('',(1.,0.,0.));
#2165=FACE_BOUND('',#2166,.T.);
#2166=EDGE_LOOP('',(#3275,#3276,#3277,#3278,#3279,#3280,#3281,#3282));
#2167=PLANE('',#2168);
#2168=AXIS2_PLACEMENT_3D('',#2169,#2170,#2171);
#2169=CARTESIAN_POINT('',(10.32,-0.32,-3.5));
#2170=DIRECTION('',(1.,0.,0.));
#2171=DIRECTION('',(0.,1.,0.));
#2172=FACE_BOUND('',#2173,.T.);
#2173=EDGE_LOOP('',(#3283,#3284,#3285,#3286));
#2174=PLANE('',#2175);
#2175=AXIS2_PLACEMENT_3D('',#2176,#2177,#2178);
#2176=CARTESIAN_POINT('',(10.32,-0.6,3.87));
#2177=DIRECTION('',(0.,0.,1.));
#2178=DIRECTION('',(-1.,0.,0.));
#2179=FACE_BOUND('',#2180,.T.);
#2180=EDGE_LOOP('',(#3287,#3288,#3289,#3290,#3291,#3292,#3293,#3294));
#2181=PLANE('',#2182);
#2182=AXIS2_PLACEMENT_3D('',#2183,#2184,#2185);
#2183=CARTESIAN_POINT('',(7.18,0.32,-3.5));
#2184=DIRECTION('',(-1.,0.,0.));
#2185=DIRECTION('',(0.,-1.,0.));
#2186=FACE_BOUND('',#2187,.T.);
#2187=EDGE_LOOP('',(#3295,#3296,#3297,#3298));
#2188=PLANE('',#2189);
#2189=AXIS2_PLACEMENT_3D('',#2190,#2191,#2192);
#2190=CARTESIAN_POINT('',(7.18,-0.600000000000001,3.23));
#2191=DIRECTION('',(0.,0.,-1.));
#2192=DIRECTION('',(1.,0.,0.));
#2193=FACE_BOUND('',#2194,.T.);
#2194=EDGE_LOOP('',(#3299,#3300,#3301,#3302,#3303,#3304,#3305,#3306));
#2195=PLANE('',#2196);
#2196=AXIS2_PLACEMENT_3D('',#2197,#2198,#2199);
#2197=CARTESIAN_POINT('',(7.82,-0.32,-3.5));
#2198=DIRECTION('',(1.,0.,0.));
#2199=DIRECTION('',(0.,1.,0.));
#2200=FACE_BOUND('',#2201,.T.);
#2201=EDGE_LOOP('',(#3307,#3308,#3309,#3310));
#2202=PLANE('',#2203);
#2203=AXIS2_PLACEMENT_3D('',#2204,#2205,#2206);
#2204=CARTESIAN_POINT('',(7.82,-0.6,3.87));
#2205=DIRECTION('',(0.,0.,1.));
#2206=DIRECTION('',(-1.,0.,0.));
#2207=FACE_BOUND('',#2208,.T.);
#2208=EDGE_LOOP('',(#3311,#3312,#3313,#3314,#3315,#3316,#3317,#3318));
#2209=PLANE('',#2210);
#2210=AXIS2_PLACEMENT_3D('',#2211,#2212,#2213);
#2211=CARTESIAN_POINT('',(4.68,0.32,-3.5));
#2212=DIRECTION('',(-1.,0.,0.));
#2213=DIRECTION('',(0.,-1.,0.));
#2214=FACE_BOUND('',#2215,.T.);
#2215=EDGE_LOOP('',(#3319,#3320,#3321,#3322));
#2216=PLANE('',#2217);
#2217=AXIS2_PLACEMENT_3D('',#2218,#2219,#2220);
#2218=CARTESIAN_POINT('',(4.68,-0.600000000000001,3.23));
#2219=DIRECTION('',(0.,0.,-1.));
#2220=DIRECTION('',(1.,0.,0.));
#2221=FACE_BOUND('',#2222,.T.);
#2222=EDGE_LOOP('',(#3323,#3324,#3325,#3326,#3327,#3328,#3329,#3330));
#2223=PLANE('',#2224);
#2224=AXIS2_PLACEMENT_3D('',#2225,#2226,#2227);
#2225=CARTESIAN_POINT('',(5.32,-0.32,-3.5));
#2226=DIRECTION('',(1.,0.,0.));
#2227=DIRECTION('',(0.,1.,0.));
#2228=FACE_BOUND('',#2229,.T.);
#2229=EDGE_LOOP('',(#3331,#3332,#3333,#3334));
#2230=PLANE('',#2231);
#2231=AXIS2_PLACEMENT_3D('',#2232,#2233,#2234);
#2232=CARTESIAN_POINT('',(5.32,-0.6,3.87));
#2233=DIRECTION('',(0.,0.,1.));
#2234=DIRECTION('',(-1.,0.,0.));
#2235=FACE_BOUND('',#2236,.T.);
#2236=EDGE_LOOP('',(#3335,#3336,#3337,#3338,#3339,#3340,#3341,#3342));
#2237=PLANE('',#2238);
#2238=AXIS2_PLACEMENT_3D('',#2239,#2240,#2241);
#2239=CARTESIAN_POINT('',(2.18,0.32,-3.5));
#2240=DIRECTION('',(-1.,0.,0.));
#2241=DIRECTION('',(0.,-1.,0.));
#2242=FACE_BOUND('',#2243,.T.);
#2243=EDGE_LOOP('',(#3343,#3344,#3345,#3346));
#2244=PLANE('',#2245);
#2245=AXIS2_PLACEMENT_3D('',#2246,#2247,#2248);
#2246=CARTESIAN_POINT('',(2.18,-0.600000000000001,3.23));
#2247=DIRECTION('',(0.,0.,-1.));
#2248=DIRECTION('',(1.,0.,0.));
#2249=FACE_BOUND('',#2250,.T.);
#2250=EDGE_LOOP('',(#3347,#3348,#3349,#3350,#3351,#3352,#3353,#3354));
#2251=PLANE('',#2252);
#2252=AXIS2_PLACEMENT_3D('',#2253,#2254,#2255);
#2253=CARTESIAN_POINT('',(2.82,-0.32,-3.5));
#2254=DIRECTION('',(1.,0.,0.));
#2255=DIRECTION('',(0.,1.,0.));
#2256=FACE_BOUND('',#2257,.T.);
#2257=EDGE_LOOP('',(#3355,#3356,#3357,#3358));
#2258=PLANE('',#2259);
#2259=AXIS2_PLACEMENT_3D('',#2260,#2261,#2262);
#2260=CARTESIAN_POINT('',(2.82,-0.6,3.87));
#2261=DIRECTION('',(0.,0.,1.));
#2262=DIRECTION('',(-1.,0.,0.));
#2263=FACE_BOUND('',#2264,.T.);
#2264=EDGE_LOOP('',(#3359,#3360,#3361,#3362,#3363,#3364,#3365,#3366));
#2265=PLANE('',#2266);
#2266=AXIS2_PLACEMENT_3D('',#2267,#2268,#2269);
#2267=CARTESIAN_POINT('',(-0.32,0.32,-3.5));
#2268=DIRECTION('',(-1.,0.,0.));
#2269=DIRECTION('',(0.,-1.,0.));
#2270=FACE_BOUND('',#2271,.T.);
#2271=EDGE_LOOP('',(#3367,#3368,#3369,#3370));
#2272=PLANE('',#2273);
#2273=AXIS2_PLACEMENT_3D('',#2274,#2275,#2276);
#2274=CARTESIAN_POINT('',(-0.32,-0.600000000000001,3.23));
#2275=DIRECTION('',(0.,0.,-1.));
#2276=DIRECTION('',(1.,0.,0.));
#2277=FACE_BOUND('',#2278,.T.);
#2278=EDGE_LOOP('',(#3371,#3372,#3373,#3374,#3375,#3376,#3377,#3378));
#2279=PLANE('',#2280);
#2280=AXIS2_PLACEMENT_3D('',#2281,#2282,#2283);
#2281=CARTESIAN_POINT('',(0.32,-0.32,-3.5));
#2282=DIRECTION('',(1.,0.,0.));
#2283=DIRECTION('',(0.,1.,0.));
#2284=FACE_BOUND('',#2285,.T.);
#2285=EDGE_LOOP('',(#3379,#3380,#3381,#3382));
#2286=PLANE('',#2287);
#2287=AXIS2_PLACEMENT_3D('',#2288,#2289,#2290);
#2288=CARTESIAN_POINT('',(0.32,-0.6,3.87));
#2289=DIRECTION('',(0.,0.,1.));
#2290=DIRECTION('',(-1.,0.,0.));
#2291=FACE_BOUND('',#2292,.T.);
#2292=EDGE_LOOP('',(#3383,#3384,#3385,#3386));
#2293=PLANE('',#2294);
#2294=AXIS2_PLACEMENT_3D('',#2295,#2296,#2297);
#2295=CARTESIAN_POINT('',(-1.75,0.,0.));
#2296=DIRECTION('',(-1.,0.,0.));
#2297=DIRECTION('',(0.,0.,1.));
#2298=FACE_BOUND('',#2299,.T.);
#2299=EDGE_LOOP('',(#3387,#3388,#3389,#3390));
#2300=PLANE('',#2301);
#2301=AXIS2_PLACEMENT_3D('',#2302,#2303,#2304);
#2302=CARTESIAN_POINT('',(2.18,-6.72679491924311,4.81641016151378));
#2303=DIRECTION('',(-0.965925826289068,-0.258819045102523,-0.));
#2304=DIRECTION('',(0.,0.,-1.));
#2305=FACE_BOUND('',#2306,.T.);
#2306=EDGE_LOOP('',(#3391,#3392,#3393,#3394));
#2307=PLANE('',#2308);
#2308=AXIS2_PLACEMENT_3D('',#2309,#2310,#2311);
#2309=CARTESIAN_POINT('',(3.76641016151378,-6.72679491924311,3.87));
#2310=DIRECTION('',(1.8151898764984E-016,-0.258819045102519,0.965925826289069));
#2311=DIRECTION('',(-1.,-7.01335512531312E-016,0.));
#2312=FACE_BOUND('',#2313,.T.);
#2313=EDGE_LOOP('',(#3395,#3396,#3397,#3398));
#2314=PLANE('',#2315);
#2315=AXIS2_PLACEMENT_3D('',#2316,#2317,#2318);
#2316=CARTESIAN_POINT('',(2.82,-6.72679491924311,2.28358983848622));
#2317=DIRECTION('',(0.965925826289069,-0.258819045102519,-1.81518987649839E-016));
#2318=DIRECTION('',(3.76053679555884E-032,-7.01335512531311E-016,1.));
#2319=FACE_BOUND('',#2320,.T.);
#2320=EDGE_LOOP('',(#3399,#3400,#3401,#3402));
#2321=PLANE('',#2322);
#2322=AXIS2_PLACEMENT_3D('',#2323,#2324,#2325);
#2323=CARTESIAN_POINT('',(1.23358983848622,-6.72679491924311,3.23));
#2324=DIRECTION('',(-1.81518987649841E-016,-0.258819045102521,-0.965925826289068));
#2325=DIRECTION('',(1.,-7.01335512531312E-016,3.76053679555885E-032));
#2326=FACE_BOUND('',#2327,.T.);
#2327=EDGE_LOOP('',(#3403,#3404,#3405,#3406));
#2328=PLANE('',#2329);
#2329=AXIS2_PLACEMENT_3D('',#2330,#2331,#2332);
#2330=CARTESIAN_POINT('',(4.68,-6.72679491924311,4.81641016151378));
#2331=DIRECTION('',(-0.965925826289068,-0.258819045102521,-0.));
#2332=DIRECTION('',(0.,0.,-1.));
#2333=FACE_BOUND('',#2334,.T.);
#2334=EDGE_LOOP('',(#3407,#3408,#3409,#3410));
#2335=PLANE('',#2336);
#2336=AXIS2_PLACEMENT_3D('',#2337,#2338,#2339);
#2337=CARTESIAN_POINT('',(6.26641016151378,-6.72679491924311,3.87));
#2338=DIRECTION('',(1.8151898764984E-016,-0.258819045102519,0.965925826289069));
#2339=DIRECTION('',(-1.,-7.01335512531312E-016,3.76053679555885E-032));
#2340=FACE_BOUND('',#2341,.T.);
#2341=EDGE_LOOP('',(#3411,#3412,#3413,#3414));
#2342=PLANE('',#2343);
#2343=AXIS2_PLACEMENT_3D('',#2344,#2345,#2346);
#2344=CARTESIAN_POINT('',(5.32,-6.72679491924311,2.28358983848622));
#2345=DIRECTION('',(0.965925826289069,-0.258819045102518,-1.81518987649839E-016));
#2346=DIRECTION('',(0.,-7.01335512531311E-016,1.));
#2347=FACE_BOUND('',#2348,.T.);
#2348=EDGE_LOOP('',(#3415,#3416,#3417,#3418));
#2349=PLANE('',#2350);
#2350=AXIS2_PLACEMENT_3D('',#2351,#2352,#2353);
#2351=CARTESIAN_POINT('',(3.73358983848622,-6.72679491924311,3.23));
#2352=DIRECTION('',(-1.81518987649841E-016,-0.258819045102521,-0.965925826289068));
#2353=DIRECTION('',(1.,-7.01335512531312E-016,0.));
#2354=FACE_BOUND('',#2355,.T.);
#2355=EDGE_LOOP('',(#3419,#3420,#3421,#3422));
#2356=PLANE('',#2357);
#2357=AXIS2_PLACEMENT_3D('',#2358,#2359,#2360);
#2358=CARTESIAN_POINT('',(7.18,-6.72679491924311,4.81641016151378));
#2359=DIRECTION('',(-0.965925826289069,-0.258819045102519,1.8151898764984E-016));
#2360=DIRECTION('',(-3.76053679555885E-032,-7.01335512531312E-016,-1.));
#2361=FACE_BOUND('',#2362,.T.);
#2362=EDGE_LOOP('',(#3423,#3424,#3425,#3426));
#2363=PLANE('',#2364);
#2364=AXIS2_PLACEMENT_3D('',#2365,#2366,#2367);
#2365=CARTESIAN_POINT('',(8.76641016151378,-6.72679491924311,3.87));
#2366=DIRECTION('',(1.8151898764984E-016,-0.258819045102519,0.965925826289069));
#2367=DIRECTION('',(-1.,-7.01335512531312E-016,0.));
#2368=FACE_BOUND('',#2369,.T.);
#2369=EDGE_LOOP('',(#3427,#3428,#3429,#3430));
#2370=PLANE('',#2371);
#2371=AXIS2_PLACEMENT_3D('',#2372,#2373,#2374);
#2372=CARTESIAN_POINT('',(7.82,-6.72679491924311,2.28358983848622));
#2373=DIRECTION('',(0.965925826289069,-0.258819045102518,-1.81518987649839E-016));
#2374=DIRECTION('',(0.,-7.01335512531311E-016,1.));
#2375=FACE_BOUND('',#2376,.T.);
#2376=EDGE_LOOP('',(#3431,#3432,#3433,#3434));
#2377=PLANE('',#2378);
#2378=AXIS2_PLACEMENT_3D('',#2379,#2380,#2381);
#2379=CARTESIAN_POINT('',(6.23358983848622,-6.72679491924311,3.23));
#2380=DIRECTION('',(1.81518987649843E-016,-0.258819045102523,-0.965925826289068));
#2381=DIRECTION('',(1.,7.01335512531312E-016,0.));
#2382=FACE_BOUND('',#2383,.T.);
#2383=EDGE_LOOP('',(#3435,#3436,#3437,#3438));
#2384=PLANE('',#2385);
#2385=AXIS2_PLACEMENT_3D('',#2386,#2387,#2388);
#2386=CARTESIAN_POINT('',(9.68,-6.72679491924311,4.81641016151378));
#2387=DIRECTION('',(-0.965925826289068,-0.258819045102521,-0.));
#2388=DIRECTION('',(0.,0.,-1.));
#2389=FACE_BOUND('',#2390,.T.);
#2390=EDGE_LOOP('',(#3439,#3440,#3441,#3442));
#2391=PLANE('',#2392);
#2392=AXIS2_PLACEMENT_3D('',#2393,#2394,#2395);
#2393=CARTESIAN_POINT('',(11.2664101615138,-6.72679491924311,3.87));
#2394=DIRECTION('',(1.8151898764984E-016,-0.258819045102519,0.965925826289069));
#2395=DIRECTION('',(-1.,-7.01335512531312E-016,0.));
#2396=FACE_BOUND('',#2397,.T.);
#2397=EDGE_LOOP('',(#3443,#3444,#3445,#3446));
#2398=PLANE('',#2399);
#2399=AXIS2_PLACEMENT_3D('',#2400,#2401,#2402);
#2400=CARTESIAN_POINT('',(10.32,-6.72679491924311,2.28358983848622));
#2401=DIRECTION('',(0.965925826289069,-0.258819045102518,-1.81518987649839E-016));
#2402=DIRECTION('',(0.,-7.01335512531311E-016,1.));
#2403=FACE_BOUND('',#2404,.T.);
#2404=EDGE_LOOP('',(#3447,#3448,#3449,#3450));
#2405=PLANE('',#2406);
#2406=AXIS2_PLACEMENT_3D('',#2407,#2408,#2409);
#2407=CARTESIAN_POINT('',(8.73358983848622,-6.72679491924311,3.23));
#2408=DIRECTION('',(-1.81518987649841E-016,-0.258819045102521,-0.965925826289068));
#2409=DIRECTION('',(1.,-7.01335512531312E-016,0.));
#2410=FACE_BOUND('',#2411,.T.);
#2411=EDGE_LOOP('',(#3451,#3452,#3453,#3454));
#2412=PLANE('',#2413);
#2413=AXIS2_PLACEMENT_3D('',#2414,#2415,#2416);
#2414=CARTESIAN_POINT('',(-0.32,-6.72679491924311,4.81641016151378));
#2415=DIRECTION('',(-0.965925826289068,-0.258819045102522,-0.));
#2416=DIRECTION('',(0.,0.,-1.));
#2417=FACE_BOUND('',#2418,.T.);
#2418=EDGE_LOOP('',(#3455,#3456,#3457,#3458));
#2419=PLANE('',#2420);
#2420=AXIS2_PLACEMENT_3D('',#2421,#2422,#2423);
#2421=CARTESIAN_POINT('',(1.26641016151378,-6.72679491924311,3.87));
#2422=DIRECTION('',(-1.81518987649841E-016,-0.258819045102521,0.965925826289068));
#2423=DIRECTION('',(-1.,7.01335512531312E-016,0.));
#2424=FACE_BOUND('',#2425,.T.);
#2425=EDGE_LOOP('',(#3459,#3460,#3461,#3462));
#2426=PLANE('',#2427);
#2427=AXIS2_PLACEMENT_3D('',#2428,#2429,#2430);
#2428=CARTESIAN_POINT('',(0.32,-6.72679491924311,2.28358983848622));
#2429=DIRECTION('',(0.965925826289069,-0.258819045102519,-1.81518987649839E-016));
#2430=DIRECTION('',(3.76053679555884E-032,-7.01335512531311E-016,1.));
#2431=FACE_BOUND('',#2432,.T.);
#2432=EDGE_LOOP('',(#3463,#3464,#3465,#3466));
#2433=PLANE('',#2434);
#2434=AXIS2_PLACEMENT_3D('',#2435,#2436,#2437);
#2435=CARTESIAN_POINT('',(-1.26641016151378,-6.72679491924311,3.23));
#2436=DIRECTION('',(1.81518987649843E-016,-0.258819045102523,-0.965925826289068));
#2437=DIRECTION('',(1.,7.01335512531312E-016,0.));
#2438=FACE_BOUND('',#2439,.T.);
#2439=EDGE_LOOP('',(#3467,#3468,#3469,#3470));
#2440=PLANE('',#2441);
#2441=AXIS2_PLACEMENT_3D('',#2442,#2443,#2444);
#2442=CARTESIAN_POINT('',(9.68,1.26641016151378,-3.12679491924311));
#2443=DIRECTION('',(0.965925826289069,0.,0.25881904510252));
#2444=DIRECTION('',(0.,-1.,0.));
#2445=FACE_BOUND('',#2446,.T.);
#2446=EDGE_LOOP('',(#3471,#3472,#3473,#3474));
#2447=PLANE('',#2448);
#2448=AXIS2_PLACEMENT_3D('',#2449,#2450,#2451);
#2449=CARTESIAN_POINT('',(9.68,-0.32,-3.5));
#2450=DIRECTION('',(0.,-1.,0.));
#2451=DIRECTION('',(1.,0.,0.));
#2452=FACE_BOUND('',#2453,.T.);
#2453=EDGE_LOOP('',(#3475,#3476,#3477,#3478));
#2454=CYLINDRICAL_SURFACE('',#2455,0.28);
#2455=AXIS2_PLACEMENT_3D('',#2456,#2457,#2458);
#2456=CARTESIAN_POINT('',(10.32,-0.6,2.95));
#2457=DIRECTION('',(1.,0.,-0.));
#2458=DIRECTION('',(0.,1.,3.1720657846433E-015));
#2459=FACE_BOUND('',#2460,.T.);
#2460=EDGE_LOOP('',(#3479,#3480,#3481,#3482));
#2461=CYLINDRICAL_SURFACE('',#2462,0.92);
#2462=AXIS2_PLACEMENT_3D('',#2463,#2464,#2465);
#2463=CARTESIAN_POINT('',(9.68,-0.6,2.95));
#2464=DIRECTION('',(1.,0.,-0.));
#2465=DIRECTION('',(0.,1.,9.65411325761006E-016));
#2466=FACE_BOUND('',#2467,.T.);
#2467=EDGE_LOOP('',(#3483,#3484,#3485,#3486));
#2468=PLANE('',#2469);
#2469=AXIS2_PLACEMENT_3D('',#2470,#2471,#2472);
#2470=CARTESIAN_POINT('',(10.32,0.32,-3.5));
#2471=DIRECTION('',(0.,1.,-0.));
#2472=DIRECTION('',(-1.,0.,0.));
#2473=FACE_BOUND('',#2474,.T.);
#2474=EDGE_LOOP('',(#3487,#3488,#3489,#3490));
#2475=PLANE('',#2476);
#2476=AXIS2_PLACEMENT_3D('',#2477,#2478,#2479);
#2477=CARTESIAN_POINT('',(10.32,-1.26641016151378,-3.12679491924311));
#2478=DIRECTION('',(-0.965925826289069,0.,0.25881904510252));
#2479=DIRECTION('',(0.,1.,0.));
#2480=FACE_BOUND('',#2481,.T.);
#2481=EDGE_LOOP('',(#3491,#3492,#3493,#3494));
#2482=PLANE('',#2483);
#2483=AXIS2_PLACEMENT_3D('',#2484,#2485,#2486);
#2484=CARTESIAN_POINT('',(7.18,1.26641016151378,-3.12679491924311));
#2485=DIRECTION('',(0.965925826289069,0.,0.25881904510252));
#2486=DIRECTION('',(0.,-1.,0.));
#2487=FACE_BOUND('',#2488,.T.);
#2488=EDGE_LOOP('',(#3495,#3496,#3497,#3498));
#2489=PLANE('',#2490);
#2490=AXIS2_PLACEMENT_3D('',#2491,#2492,#2493);
#2491=CARTESIAN_POINT('',(7.18,-0.32,-3.5));
#2492=DIRECTION('',(0.,-1.,0.));
#2493=DIRECTION('',(1.,0.,0.));
#2494=FACE_BOUND('',#2495,.T.);
#2495=EDGE_LOOP('',(#3499,#3500,#3501,#3502));
#2496=CYLINDRICAL_SURFACE('',#2497,0.28);
#2497=AXIS2_PLACEMENT_3D('',#2498,#2499,#2500);
#2498=CARTESIAN_POINT('',(7.82,-0.6,2.95));
#2499=DIRECTION('',(1.,0.,-0.));
#2500=DIRECTION('',(0.,1.,3.1720657846433E-015));
#2501=FACE_BOUND('',#2502,.T.);
#2502=EDGE_LOOP('',(#3503,#3504,#3505,#3506));
#2503=CYLINDRICAL_SURFACE('',#2504,0.92);
#2504=AXIS2_PLACEMENT_3D('',#2505,#2506,#2507);
#2505=CARTESIAN_POINT('',(7.18,-0.6,2.95));
#2506=DIRECTION('',(1.,0.,-0.));
#2507=DIRECTION('',(0.,1.,9.65411325761006E-016));
#2508=FACE_BOUND('',#2509,.T.);
#2509=EDGE_LOOP('',(#3507,#3508,#3509,#3510));
#2510=PLANE('',#2511);
#2511=AXIS2_PLACEMENT_3D('',#2512,#2513,#2514);
#2512=CARTESIAN_POINT('',(7.82,0.32,-3.5));
#2513=DIRECTION('',(0.,1.,-0.));
#2514=DIRECTION('',(-1.,0.,0.));
#2515=FACE_BOUND('',#2516,.T.);
#2516=EDGE_LOOP('',(#3511,#3512,#3513,#3514));
#2517=PLANE('',#2518);
#2518=AXIS2_PLACEMENT_3D('',#2519,#2520,#2521);
#2519=CARTESIAN_POINT('',(7.82,-1.26641016151378,-3.12679491924311));
#2520=DIRECTION('',(-0.965925826289069,0.,0.25881904510252));
#2521=DIRECTION('',(0.,1.,0.));
#2522=FACE_BOUND('',#2523,.T.);
#2523=EDGE_LOOP('',(#3515,#3516,#3517,#3518));
#2524=PLANE('',#2525);
#2525=AXIS2_PLACEMENT_3D('',#2526,#2527,#2528);
#2526=CARTESIAN_POINT('',(4.68,1.26641016151378,-3.12679491924311));
#2527=DIRECTION('',(0.965925826289069,0.,0.25881904510252));
#2528=DIRECTION('',(0.,-1.,0.));
#2529=FACE_BOUND('',#2530,.T.);
#2530=EDGE_LOOP('',(#3519,#3520,#3521,#3522));
#2531=PLANE('',#2532);
#2532=AXIS2_PLACEMENT_3D('',#2533,#2534,#2535);
#2533=CARTESIAN_POINT('',(4.68,-0.32,-3.5));
#2534=DIRECTION('',(0.,-1.,0.));
#2535=DIRECTION('',(1.,0.,0.));
#2536=FACE_BOUND('',#2537,.T.);
#2537=EDGE_LOOP('',(#3523,#3524,#3525,#3526));
#2538=CYLINDRICAL_SURFACE('',#2539,0.28);
#2539=AXIS2_PLACEMENT_3D('',#2540,#2541,#2542);
#2540=CARTESIAN_POINT('',(5.32,-0.6,2.95));
#2541=DIRECTION('',(1.,0.,-0.));
#2542=DIRECTION('',(0.,1.,3.1720657846433E-015));
#2543=FACE_BOUND('',#2544,.T.);
#2544=EDGE_LOOP('',(#3527,#3528,#3529,#3530));
#2545=CYLINDRICAL_SURFACE('',#2546,0.92);
#2546=AXIS2_PLACEMENT_3D('',#2547,#2548,#2549);
#2547=CARTESIAN_POINT('',(4.68,-0.6,2.95));
#2548=DIRECTION('',(1.,0.,-0.));
#2549=DIRECTION('',(0.,1.,9.65411325761006E-016));
#2550=FACE_BOUND('',#2551,.T.);
#2551=EDGE_LOOP('',(#3531,#3532,#3533,#3534));
#2552=PLANE('',#2553);
#2553=AXIS2_PLACEMENT_3D('',#2554,#2555,#2556);
#2554=CARTESIAN_POINT('',(5.32,0.32,-3.5));
#2555=DIRECTION('',(0.,1.,-0.));
#2556=DIRECTION('',(-1.,0.,0.));
#2557=FACE_BOUND('',#2558,.T.);
#2558=EDGE_LOOP('',(#3535,#3536,#3537,#3538));
#2559=PLANE('',#2560);
#2560=AXIS2_PLACEMENT_3D('',#2561,#2562,#2563);
#2561=CARTESIAN_POINT('',(5.32,-1.26641016151378,-3.12679491924311));
#2562=DIRECTION('',(-0.965925826289069,0.,0.25881904510252));
#2563=DIRECTION('',(0.,1.,0.));
#2564=FACE_BOUND('',#2565,.T.);
#2565=EDGE_LOOP('',(#3539,#3540,#3541,#3542));
#2566=PLANE('',#2567);
#2567=AXIS2_PLACEMENT_3D('',#2568,#2569,#2570);
#2568=CARTESIAN_POINT('',(2.18,1.26641016151378,-3.12679491924311));
#2569=DIRECTION('',(0.965925826289068,0.,0.258819045102521));
#2570=DIRECTION('',(0.,-1.,0.));
#2571=FACE_BOUND('',#2572,.T.);
#2572=EDGE_LOOP('',(#3543,#3544,#3545,#3546));
#2573=PLANE('',#2574);
#2574=AXIS2_PLACEMENT_3D('',#2575,#2576,#2577);
#2575=CARTESIAN_POINT('',(2.18,-0.32,-3.5));
#2576=DIRECTION('',(0.,-1.,0.));
#2577=DIRECTION('',(1.,0.,0.));
#2578=FACE_BOUND('',#2579,.T.);
#2579=EDGE_LOOP('',(#3547,#3548,#3549,#3550));
#2580=CYLINDRICAL_SURFACE('',#2581,0.28);
#2581=AXIS2_PLACEMENT_3D('',#2582,#2583,#2584);
#2582=CARTESIAN_POINT('',(2.82,-0.6,2.95));
#2583=DIRECTION('',(1.,0.,-0.));
#2584=DIRECTION('',(0.,1.,3.1720657846433E-015));
#2585=FACE_BOUND('',#2586,.T.);
#2586=EDGE_LOOP('',(#3551,#3552,#3553,#3554));
#2587=CYLINDRICAL_SURFACE('',#2588,0.92);
#2588=AXIS2_PLACEMENT_3D('',#2589,#2590,#2591);
#2589=CARTESIAN_POINT('',(2.18,-0.6,2.95));
#2590=DIRECTION('',(1.,0.,-0.));
#2591=DIRECTION('',(0.,1.,9.65411325761006E-016));
#2592=FACE_BOUND('',#2593,.T.);
#2593=EDGE_LOOP('',(#3555,#3556,#3557,#3558));
#2594=PLANE('',#2595);
#2595=AXIS2_PLACEMENT_3D('',#2596,#2597,#2598);
#2596=CARTESIAN_POINT('',(2.82,0.32,-3.5));
#2597=DIRECTION('',(0.,1.,-0.));
#2598=DIRECTION('',(-1.,0.,0.));
#2599=FACE_BOUND('',#2600,.T.);
#2600=EDGE_LOOP('',(#3559,#3560,#3561,#3562));
#2601=PLANE('',#2602);
#2602=AXIS2_PLACEMENT_3D('',#2603,#2604,#2605);
#2603=CARTESIAN_POINT('',(2.82,-1.26641016151378,-3.12679491924311));
#2604=DIRECTION('',(-0.965925826289068,0.,0.258819045102521));
#2605=DIRECTION('',(0.,1.,0.));
#2606=FACE_BOUND('',#2607,.T.);
#2607=EDGE_LOOP('',(#3563,#3564,#3565,#3566));
#2608=PLANE('',#2609);
#2609=AXIS2_PLACEMENT_3D('',#2610,#2611,#2612);
#2610=CARTESIAN_POINT('',(-0.32,1.26641016151378,-3.12679491924311));
#2611=DIRECTION('',(0.965925826289068,0.,0.258819045102521));
#2612=DIRECTION('',(0.,-1.,0.));
#2613=FACE_BOUND('',#2614,.T.);
#2614=EDGE_LOOP('',(#3567,#3568,#3569,#3570));
#2615=PLANE('',#2616);
#2616=AXIS2_PLACEMENT_3D('',#2617,#2618,#2619);
#2617=CARTESIAN_POINT('',(-0.32,-0.32,-3.5));
#2618=DIRECTION('',(0.,-1.,0.));
#2619=DIRECTION('',(1.,0.,0.));
#2620=FACE_BOUND('',#2621,.T.);
#2621=EDGE_LOOP('',(#3571,#3572,#3573,#3574));
#2622=CYLINDRICAL_SURFACE('',#2623,0.28);
#2623=AXIS2_PLACEMENT_3D('',#2624,#2625,#2626);
#2624=CARTESIAN_POINT('',(0.32,-0.6,2.95));
#2625=DIRECTION('',(1.,0.,-0.));
#2626=DIRECTION('',(0.,1.,3.1720657846433E-015));
#2627=FACE_BOUND('',#2628,.T.);
#2628=EDGE_LOOP('',(#3575,#3576,#3577,#3578));
#2629=CYLINDRICAL_SURFACE('',#2630,0.92);
#2630=AXIS2_PLACEMENT_3D('',#2631,#2632,#2633);
#2631=CARTESIAN_POINT('',(-0.32,-0.6,2.95));
#2632=DIRECTION('',(1.,0.,-0.));
#2633=DIRECTION('',(0.,1.,9.65411325761006E-016));
#2634=FACE_BOUND('',#2635,.T.);
#2635=EDGE_LOOP('',(#3579,#3580,#3581,#3582));
#2636=PLANE('',#2637);
#2637=AXIS2_PLACEMENT_3D('',#2638,#2639,#2640);
#2638=CARTESIAN_POINT('',(0.32,0.32,-3.5));
#2639=DIRECTION('',(0.,1.,-0.));
#2640=DIRECTION('',(-1.,0.,0.));
#2641=FACE_BOUND('',#2642,.T.);
#2642=EDGE_LOOP('',(#3583,#3584,#3585,#3586));
#2643=PLANE('',#2644);
#2644=AXIS2_PLACEMENT_3D('',#2645,#2646,#2647);
#2645=CARTESIAN_POINT('',(0.32,-1.26641016151378,-3.12679491924311));
#2646=DIRECTION('',(-0.965925826289068,0.,0.258819045102521));
#2647=DIRECTION('',(0.,1.,0.));
#2648=FACE_BOUND('',#2649,.T.);
#2649=EDGE_LOOP('',(#3587,#3588,#3589,#3590));
#2650=PLANE('',#2651);
#2651=AXIS2_PLACEMENT_3D('',#2652,#2653,#2654);
#2652=CARTESIAN_POINT('',(2.5,-7.1,3.55));
#2653=DIRECTION('',(0.,-1.,9.49410759657493E-016));
#2654=DIRECTION('',(1.,0.,0.));
#2655=FACE_BOUND('',#2656,.T.);
#2656=EDGE_LOOP('',(#3591,#3592,#3593,#3594));
#2657=PLANE('',#2658);
#2658=AXIS2_PLACEMENT_3D('',#2659,#2660,#2661);
#2659=CARTESIAN_POINT('',(5.,-7.1,3.55));
#2660=DIRECTION('',(0.,-1.,9.49410759657493E-016));
#2661=DIRECTION('',(1.,0.,0.));
#2662=FACE_BOUND('',#2663,.T.);
#2663=EDGE_LOOP('',(#3595,#3596,#3597,#3598));
#2664=PLANE('',#2665);
#2665=AXIS2_PLACEMENT_3D('',#2666,#2667,#2668);
#2666=CARTESIAN_POINT('',(7.5,-7.1,3.55));
#2667=DIRECTION('',(0.,-1.,9.49410759657493E-016));
#2668=DIRECTION('',(1.,0.,0.));
#2669=FACE_BOUND('',#2670,.T.);
#2670=EDGE_LOOP('',(#3599,#3600,#3601,#3602));
#2671=PLANE('',#2672);
#2672=AXIS2_PLACEMENT_3D('',#2673,#2674,#2675);
#2673=CARTESIAN_POINT('',(10.,-7.1,3.55));
#2674=DIRECTION('',(0.,-1.,9.49410759657493E-016));
#2675=DIRECTION('',(1.,0.,0.));
#2676=FACE_BOUND('',#2677,.T.);
#2677=EDGE_LOOP('',(#3603,#3604,#3605,#3606));
#2678=PLANE('',#2679);
#2679=AXIS2_PLACEMENT_3D('',#2680,#2681,#2682);
#2680=CARTESIAN_POINT('',(0.,-7.1,3.55));
#2681=DIRECTION('',(0.,-1.,9.49410759657493E-016));
#2682=DIRECTION('',(1.,0.,0.));
#2683=FACE_BOUND('',#2684,.T.);
#2684=EDGE_LOOP('',(#3607,#3608,#3609,#3610));
#2685=PLANE('',#2686);
#2686=AXIS2_PLACEMENT_3D('',#2687,#2688,#2689);
#2687=CARTESIAN_POINT('',(11.2664101615138,0.32,-3.12679491924311));
#2688=DIRECTION('',(0.,-0.965925826289068,0.258819045102521));
#2689=DIRECTION('',(-1.,0.,0.));
#2690=FACE_BOUND('',#2691,.T.);
#2691=EDGE_LOOP('',(#3611,#3612,#3613,#3614));
#2692=PLANE('',#2693);
#2693=AXIS2_PLACEMENT_3D('',#2694,#2695,#2696);
#2694=CARTESIAN_POINT('',(10.,0.,-3.5));
#2695=DIRECTION('',(0.,0.,1.));
#2696=DIRECTION('',(1.,0.,0.));
#2697=FACE_BOUND('',#2698,.T.);
#2698=EDGE_LOOP('',(#3615,#3616,#3617,#3618));
#2699=PLANE('',#2700);
#2700=AXIS2_PLACEMENT_3D('',#2701,#2702,#2703);
#2701=CARTESIAN_POINT('',(8.73358983848622,-0.32,-3.12679491924311));
#2702=DIRECTION('',(-0.,0.965925826289068,0.258819045102521));
#2703=DIRECTION('',(1.,0.,0.));
#2704=FACE_BOUND('',#2705,.T.);
#2705=EDGE_LOOP('',(#3619,#3620,#3621,#3622));
#2706=PLANE('',#2707);
#2707=AXIS2_PLACEMENT_3D('',#2708,#2709,#2710);
#2708=CARTESIAN_POINT('',(8.76641016151378,0.32,-3.12679491924311));
#2709=DIRECTION('',(0.,-0.965925826289068,0.258819045102521));
#2710=DIRECTION('',(-1.,0.,0.));
#2711=FACE_BOUND('',#2712,.T.);
#2712=EDGE_LOOP('',(#3623,#3624,#3625,#3626));
#2713=PLANE('',#2714);
#2714=AXIS2_PLACEMENT_3D('',#2715,#2716,#2717);
#2715=CARTESIAN_POINT('',(7.5,0.,-3.5));
#2716=DIRECTION('',(0.,0.,1.));
#2717=DIRECTION('',(1.,0.,0.));
#2718=FACE_BOUND('',#2719,.T.);
#2719=EDGE_LOOP('',(#3627,#3628,#3629,#3630));
#2720=PLANE('',#2721);
#2721=AXIS2_PLACEMENT_3D('',#2722,#2723,#2724);
#2722=CARTESIAN_POINT('',(6.23358983848622,-0.32,-3.12679491924311));
#2723=DIRECTION('',(-0.,0.965925826289068,0.25881904510252));
#2724=DIRECTION('',(1.,0.,0.));
#2725=FACE_BOUND('',#2726,.T.);
#2726=EDGE_LOOP('',(#3631,#3632,#3633,#3634));
#2727=PLANE('',#2728);
#2728=AXIS2_PLACEMENT_3D('',#2729,#2730,#2731);
#2729=CARTESIAN_POINT('',(6.26641016151378,0.32,-3.12679491924311));
#2730=DIRECTION('',(0.,-0.965925826289068,0.25881904510252));
#2731=DIRECTION('',(-1.,0.,0.));
#2732=FACE_BOUND('',#2733,.T.);
#2733=EDGE_LOOP('',(#3635,#3636,#3637,#3638));
#2734=PLANE('',#2735);
#2735=AXIS2_PLACEMENT_3D('',#2736,#2737,#2738);
#2736=CARTESIAN_POINT('',(5.,0.,-3.5));
#2737=DIRECTION('',(0.,0.,1.));
#2738=DIRECTION('',(1.,0.,0.));
#2739=FACE_BOUND('',#2740,.T.);
#2740=EDGE_LOOP('',(#3639,#3640,#3641,#3642));
#2741=PLANE('',#2742);
#2742=AXIS2_PLACEMENT_3D('',#2743,#2744,#2745);
#2743=CARTESIAN_POINT('',(3.73358983848622,-0.32,-3.12679491924311));
#2744=DIRECTION('',(-0.,0.965925826289068,0.25881904510252));
#2745=DIRECTION('',(1.,0.,0.));
#2746=FACE_BOUND('',#2747,.T.);
#2747=EDGE_LOOP('',(#3643,#3644,#3645,#3646));
#2748=PLANE('',#2749);
#2749=AXIS2_PLACEMENT_3D('',#2750,#2751,#2752);
#2750=CARTESIAN_POINT('',(3.76641016151378,0.32,-3.12679491924311));
#2751=DIRECTION('',(0.,-0.965925826289068,0.25881904510252));
#2752=DIRECTION('',(-1.,0.,0.));
#2753=FACE_BOUND('',#2754,.T.);
#2754=EDGE_LOOP('',(#3647,#3648,#3649,#3650));
#2755=PLANE('',#2756);
#2756=AXIS2_PLACEMENT_3D('',#2757,#2758,#2759);
#2757=CARTESIAN_POINT('',(2.5,0.,-3.5));
#2758=DIRECTION('',(0.,0.,1.));
#2759=DIRECTION('',(1.,0.,0.));
#2760=FACE_BOUND('',#2761,.T.);
#2761=EDGE_LOOP('',(#3651,#3652,#3653,#3654));
#2762=PLANE('',#2763);
#2763=AXIS2_PLACEMENT_3D('',#2764,#2765,#2766);
#2764=CARTESIAN_POINT('',(1.23358983848622,-0.32,-3.12679491924311));
#2765=DIRECTION('',(-0.,0.965925826289068,0.25881904510252));
#2766=DIRECTION('',(1.,0.,0.));
#2767=FACE_BOUND('',#2768,.T.);
#2768=EDGE_LOOP('',(#3655,#3656,#3657,#3658));
#2769=PLANE('',#2770);
#2770=AXIS2_PLACEMENT_3D('',#2771,#2772,#2773);
#2771=CARTESIAN_POINT('',(1.26641016151378,0.32,-3.12679491924311));
#2772=DIRECTION('',(0.,-0.965925826289068,0.25881904510252));
#2773=DIRECTION('',(-1.,0.,0.));
#2774=FACE_BOUND('',#2775,.T.);
#2775=EDGE_LOOP('',(#3659,#3660,#3661,#3662));
#2776=PLANE('',#2777);
#2777=AXIS2_PLACEMENT_3D('',#2778,#2779,#2780);
#2778=CARTESIAN_POINT('',(0.,0.,-3.5));
#2779=DIRECTION('',(0.,0.,1.));
#2780=DIRECTION('',(1.,0.,0.));
#2781=FACE_BOUND('',#2782,.T.);
#2782=EDGE_LOOP('',(#3663,#3664,#3665,#3666));
#2783=PLANE('',#2784);
#2784=AXIS2_PLACEMENT_3D('',#2785,#2786,#2787);
#2785=CARTESIAN_POINT('',(-1.26641016151378,-0.32,-3.12679491924311));
#2786=DIRECTION('',(-0.,0.965925826289068,0.25881904510252));
#2787=DIRECTION('',(1.,0.,0.));
#2788=FACE_BOUND('',#2789,.T.);
#2789=EDGE_LOOP('',(#3667,#3668,#3669,#3670));
#2790=PLANE('',#2791);
#2791=AXIS2_PLACEMENT_3D('',#2792,#2793,#2794);
#2792=CARTESIAN_POINT('',(12.05,-7.6,-0.5));
#2793=DIRECTION('',(-0.707106781186541,-0.707106781186554,-2.18447646425567E-016));
#2794=DIRECTION('',(-3.08931624243522E-016,0.,1.));
#2795=FACE_BOUND('',#2796,.T.);
#2796=EDGE_LOOP('',(#3671,#3672,#3673,#3674));
#2797=PLANE('',#2798);
#2798=AXIS2_PLACEMENT_3D('',#2799,#2800,#2801);
#2799=CARTESIAN_POINT('',(12.95,-7.6,0.4));
#2800=DIRECTION('',(0.,0.707106781186548,-0.707106781186547));
#2801=DIRECTION('',(-1.,0.,0.));
#2802=FACE_BOUND('',#2803,.T.);
#2803=EDGE_LOOP('',(#3675,#3676,#3677,#3678));
#2804=PLANE('',#2805);
#2805=AXIS2_PLACEMENT_3D('',#2806,#2807,#2808);
#2806=CARTESIAN_POINT('',(-2.05,-7.6,-0.5));
#2807=DIRECTION('',(-0.707106781186546,0.707106781186549,0.));
#2808=DIRECTION('',(0.,0.,1.));
#2809=ORIENTED_EDGE('',*,*,#3679,.T.);
#2810=ORIENTED_EDGE('',*,*,#3680,.T.);
#2811=ORIENTED_EDGE('',*,*,#3681,.T.);
#2812=ORIENTED_EDGE('',*,*,#3682,.T.);
#2813=ORIENTED_EDGE('',*,*,#3683,.F.);
#2814=ORIENTED_EDGE('',*,*,#3684,.T.);
#2815=ORIENTED_EDGE('',*,*,#3685,.T.);
#2816=ORIENTED_EDGE('',*,*,#3686,.T.);
#2817=ORIENTED_EDGE('',*,*,#3687,.T.);
#2818=ORIENTED_EDGE('',*,*,#3688,.T.);
#2819=ORIENTED_EDGE('',*,*,#3689,.T.);
#2820=ORIENTED_EDGE('',*,*,#3690,.F.);
#2821=ORIENTED_EDGE('',*,*,#3691,.F.);
#2822=ORIENTED_EDGE('',*,*,#3692,.F.);
#2823=ORIENTED_EDGE('',*,*,#3693,.T.);
#2824=ORIENTED_EDGE('',*,*,#3694,.F.);
#2825=ORIENTED_EDGE('',*,*,#3695,.F.);
#2826=ORIENTED_EDGE('',*,*,#3696,.F.);
#2827=ORIENTED_EDGE('',*,*,#3697,.F.);
#2828=ORIENTED_EDGE('',*,*,#3698,.F.);
#2829=ORIENTED_EDGE('',*,*,#3699,.T.);
#2830=ORIENTED_EDGE('',*,*,#3700,.T.);
#2831=ORIENTED_EDGE('',*,*,#3701,.T.);
#2832=ORIENTED_EDGE('',*,*,#3698,.T.);
#2833=ORIENTED_EDGE('',*,*,#3702,.T.);
#2834=ORIENTED_EDGE('',*,*,#3703,.F.);
#2835=ORIENTED_EDGE('',*,*,#3704,.T.);
#2836=ORIENTED_EDGE('',*,*,#3705,.F.);
#2837=ORIENTED_EDGE('',*,*,#3706,.T.);
#2838=ORIENTED_EDGE('',*,*,#3683,.T.);
#2839=ORIENTED_EDGE('',*,*,#3707,.T.);
#2840=ORIENTED_EDGE('',*,*,#3708,.T.);
#2841=ORIENTED_EDGE('',*,*,#3709,.T.);
#2842=ORIENTED_EDGE('',*,*,#3703,.T.);
#2843=ORIENTED_EDGE('',*,*,#3710,.T.);
#2844=ORIENTED_EDGE('',*,*,#3711,.F.);
#2845=ORIENTED_EDGE('',*,*,#3712,.T.);
#2846=ORIENTED_EDGE('',*,*,#3713,.T.);
#2847=ORIENTED_EDGE('',*,*,#3714,.T.);
#2848=ORIENTED_EDGE('',*,*,#3715,.F.);
#2849=ORIENTED_EDGE('',*,*,#3716,.T.);
#2850=ORIENTED_EDGE('',*,*,#3717,.T.);
#2851=ORIENTED_EDGE('',*,*,#3718,.T.);
#2852=ORIENTED_EDGE('',*,*,#3719,.F.);
#2853=ORIENTED_EDGE('',*,*,#3720,.T.);
#2854=ORIENTED_EDGE('',*,*,#3721,.T.);
#2855=ORIENTED_EDGE('',*,*,#3722,.T.);
#2856=ORIENTED_EDGE('',*,*,#3723,.F.);
#2857=ORIENTED_EDGE('',*,*,#3724,.T.);
#2858=ORIENTED_EDGE('',*,*,#3725,.T.);
#2859=ORIENTED_EDGE('',*,*,#3726,.T.);
#2860=ORIENTED_EDGE('',*,*,#3727,.F.);
#2861=ORIENTED_EDGE('',*,*,#3728,.T.);
#2862=ORIENTED_EDGE('',*,*,#3729,.T.);
#2863=ORIENTED_EDGE('',*,*,#3730,.T.);
#2864=ORIENTED_EDGE('',*,*,#3731,.T.);
#2865=ORIENTED_EDGE('',*,*,#3732,.F.);
#2866=ORIENTED_EDGE('',*,*,#3733,.T.);
#2867=ORIENTED_EDGE('',*,*,#3734,.T.);
#2868=ORIENTED_EDGE('',*,*,#3735,.T.);
#2869=ORIENTED_EDGE('',*,*,#3736,.T.);
#2870=ORIENTED_EDGE('',*,*,#3737,.T.);
#2871=ORIENTED_EDGE('',*,*,#3738,.T.);
#2872=ORIENTED_EDGE('',*,*,#3739,.T.);
#2873=ORIENTED_EDGE('',*,*,#3705,.T.);
#2874=ORIENTED_EDGE('',*,*,#3740,.T.);
#2875=ORIENTED_EDGE('',*,*,#3741,.T.);
#2876=ORIENTED_EDGE('',*,*,#3742,.T.);
#2877=ORIENTED_EDGE('',*,*,#3742,.F.);
#2878=ORIENTED_EDGE('',*,*,#3743,.F.);
#2879=ORIENTED_EDGE('',*,*,#3680,.F.);
#2880=ORIENTED_EDGE('',*,*,#3744,.T.);
#2881=ORIENTED_EDGE('',*,*,#3741,.F.);
#2882=ORIENTED_EDGE('',*,*,#3745,.F.);
#2883=ORIENTED_EDGE('',*,*,#3681,.F.);
#2884=ORIENTED_EDGE('',*,*,#3743,.T.);
#2885=ORIENTED_EDGE('',*,*,#3740,.F.);
#2886=ORIENTED_EDGE('',*,*,#3704,.F.);
#2887=ORIENTED_EDGE('',*,*,#3682,.F.);
#2888=ORIENTED_EDGE('',*,*,#3745,.T.);
#2889=ORIENTED_EDGE('',*,*,#3709,.F.);
#2890=ORIENTED_EDGE('',*,*,#3746,.F.);
#2891=ORIENTED_EDGE('',*,*,#3699,.F.);
#2892=ORIENTED_EDGE('',*,*,#3701,.F.);
#2893=ORIENTED_EDGE('',*,*,#3708,.F.);
#2894=ORIENTED_EDGE('',*,*,#3747,.F.);
#2895=ORIENTED_EDGE('',*,*,#3700,.F.);
#2896=ORIENTED_EDGE('',*,*,#3746,.T.);
#2897=ORIENTED_EDGE('',*,*,#3707,.F.);
#2898=ORIENTED_EDGE('',*,*,#3744,.F.);
#2899=ORIENTED_EDGE('',*,*,#3679,.F.);
#2900=ORIENTED_EDGE('',*,*,#3747,.T.);
#2901=ORIENTED_EDGE('',*,*,#3684,.F.);
#2902=ORIENTED_EDGE('',*,*,#3706,.F.);
#2903=ORIENTED_EDGE('',*,*,#3739,.F.);
#2904=ORIENTED_EDGE('',*,*,#3748,.F.);
#2905=ORIENTED_EDGE('',*,*,#3685,.F.);
#2906=ORIENTED_EDGE('',*,*,#3748,.T.);
#2907=ORIENTED_EDGE('',*,*,#3738,.F.);
#2908=ORIENTED_EDGE('',*,*,#3749,.F.);
#2909=ORIENTED_EDGE('',*,*,#3686,.F.);
#2910=ORIENTED_EDGE('',*,*,#3749,.T.);
#2911=ORIENTED_EDGE('',*,*,#3737,.F.);
#2912=ORIENTED_EDGE('',*,*,#3750,.F.);
#2913=ORIENTED_EDGE('',*,*,#3687,.F.);
#2914=ORIENTED_EDGE('',*,*,#3750,.T.);
#2915=ORIENTED_EDGE('',*,*,#3736,.F.);
#2916=ORIENTED_EDGE('',*,*,#3751,.F.);
#2917=ORIENTED_EDGE('',*,*,#3688,.F.);
#2918=ORIENTED_EDGE('',*,*,#3751,.T.);
#2919=ORIENTED_EDGE('',*,*,#3735,.F.);
#2920=ORIENTED_EDGE('',*,*,#3752,.F.);
#2921=ORIENTED_EDGE('',*,*,#3689,.F.);
#2922=ORIENTED_EDGE('',*,*,#3752,.T.);
#2923=ORIENTED_EDGE('',*,*,#3734,.F.);
#2924=ORIENTED_EDGE('',*,*,#3753,.F.);
#2925=ORIENTED_EDGE('',*,*,#3753,.T.);
#2926=ORIENTED_EDGE('',*,*,#3733,.F.);
#2927=ORIENTED_EDGE('',*,*,#3754,.F.);
#2928=ORIENTED_EDGE('',*,*,#3690,.T.);
#2929=ORIENTED_EDGE('',*,*,#3755,.T.);
#2930=ORIENTED_EDGE('',*,*,#3756,.T.);
#2931=ORIENTED_EDGE('',*,*,#3691,.T.);
#2932=ORIENTED_EDGE('',*,*,#3754,.T.);
#2933=ORIENTED_EDGE('',*,*,#3732,.T.);
#2934=ORIENTED_EDGE('',*,*,#3757,.T.);
#2935=ORIENTED_EDGE('',*,*,#3758,.T.);
#2936=ORIENTED_EDGE('',*,*,#3759,.T.);
#2937=ORIENTED_EDGE('',*,*,#3760,.T.);
#2938=ORIENTED_EDGE('',*,*,#3761,.T.);
#2939=ORIENTED_EDGE('',*,*,#3762,.T.);
#2940=ORIENTED_EDGE('',*,*,#3763,.F.);
#2941=ORIENTED_EDGE('',*,*,#3692,.T.);
#2942=ORIENTED_EDGE('',*,*,#3756,.F.);
#2943=ORIENTED_EDGE('',*,*,#3764,.F.);
#2944=ORIENTED_EDGE('',*,*,#3765,.F.);
#2945=ORIENTED_EDGE('',*,*,#3766,.F.);
#2946=ORIENTED_EDGE('',*,*,#3767,.F.);
#2947=ORIENTED_EDGE('',*,*,#3693,.F.);
#2948=ORIENTED_EDGE('',*,*,#3763,.T.);
#2949=ORIENTED_EDGE('',*,*,#3768,.T.);
#2950=ORIENTED_EDGE('',*,*,#3769,.T.);
#2951=ORIENTED_EDGE('',*,*,#3694,.T.);
#2952=ORIENTED_EDGE('',*,*,#3767,.T.);
#2953=ORIENTED_EDGE('',*,*,#3770,.T.);
#2954=ORIENTED_EDGE('',*,*,#3771,.F.);
#2955=ORIENTED_EDGE('',*,*,#3772,.F.);
#2956=ORIENTED_EDGE('',*,*,#3773,.F.);
#2957=ORIENTED_EDGE('',*,*,#3774,.F.);
#2958=ORIENTED_EDGE('',*,*,#3775,.F.);
#2959=ORIENTED_EDGE('',*,*,#3776,.F.);
#2960=ORIENTED_EDGE('',*,*,#3777,.F.);
#2961=ORIENTED_EDGE('',*,*,#3778,.F.);
#2962=ORIENTED_EDGE('',*,*,#3779,.F.);
#2963=ORIENTED_EDGE('',*,*,#3780,.F.);
#2964=ORIENTED_EDGE('',*,*,#3781,.F.);
#2965=ORIENTED_EDGE('',*,*,#3782,.F.);
#2966=ORIENTED_EDGE('',*,*,#3783,.F.);
#2967=ORIENTED_EDGE('',*,*,#3784,.F.);
#2968=ORIENTED_EDGE('',*,*,#3785,.F.);
#2969=ORIENTED_EDGE('',*,*,#3786,.F.);
#2970=ORIENTED_EDGE('',*,*,#3787,.F.);
#2971=ORIENTED_EDGE('',*,*,#3788,.F.);
#2972=ORIENTED_EDGE('',*,*,#3789,.F.);
#2973=ORIENTED_EDGE('',*,*,#3790,.F.);
#2974=ORIENTED_EDGE('',*,*,#3791,.F.);
#2975=ORIENTED_EDGE('',*,*,#3792,.F.);
#2976=ORIENTED_EDGE('',*,*,#3793,.T.);
#2977=ORIENTED_EDGE('',*,*,#3794,.T.);
#2978=ORIENTED_EDGE('',*,*,#3795,.T.);
#2979=ORIENTED_EDGE('',*,*,#3695,.T.);
#2980=ORIENTED_EDGE('',*,*,#3771,.T.);
#2981=ORIENTED_EDGE('',*,*,#3796,.T.);
#2982=ORIENTED_EDGE('',*,*,#3795,.F.);
#2983=ORIENTED_EDGE('',*,*,#3797,.F.);
#2984=ORIENTED_EDGE('',*,*,#3798,.F.);
#2985=ORIENTED_EDGE('',*,*,#3696,.T.);
#2986=ORIENTED_EDGE('',*,*,#3799,.T.);
#2987=ORIENTED_EDGE('',*,*,#3800,.T.);
#2988=ORIENTED_EDGE('',*,*,#3801,.F.);
#2989=ORIENTED_EDGE('',*,*,#3802,.F.);
#2990=ORIENTED_EDGE('',*,*,#3803,.F.);
#2991=ORIENTED_EDGE('',*,*,#3804,.F.);
#2992=ORIENTED_EDGE('',*,*,#3805,.F.);
#2993=ORIENTED_EDGE('',*,*,#3710,.F.);
#2994=ORIENTED_EDGE('',*,*,#3702,.F.);
#2995=ORIENTED_EDGE('',*,*,#3697,.T.);
#2996=ORIENTED_EDGE('',*,*,#3798,.T.);
#2997=ORIENTED_EDGE('',*,*,#3806,.T.);
#2998=ORIENTED_EDGE('',*,*,#3711,.T.);
#2999=ORIENTED_EDGE('',*,*,#3805,.T.);
#3000=ORIENTED_EDGE('',*,*,#3807,.F.);
#3001=ORIENTED_EDGE('',*,*,#3808,.F.);
#3002=ORIENTED_EDGE('',*,*,#3809,.F.);
#3003=ORIENTED_EDGE('',*,*,#3806,.F.);
#3004=ORIENTED_EDGE('',*,*,#3810,.F.);
#3005=ORIENTED_EDGE('',*,*,#3811,.F.);
#3006=ORIENTED_EDGE('',*,*,#3712,.F.);
#3007=ORIENTED_EDGE('',*,*,#3713,.F.);
#3008=ORIENTED_EDGE('',*,*,#3811,.T.);
#3009=ORIENTED_EDGE('',*,*,#3812,.F.);
#3010=ORIENTED_EDGE('',*,*,#3813,.T.);
#3011=ORIENTED_EDGE('',*,*,#3814,.F.);
#3012=ORIENTED_EDGE('',*,*,#3815,.F.);
#3013=ORIENTED_EDGE('',*,*,#3816,.F.);
#3014=ORIENTED_EDGE('',*,*,#3817,.F.);
#3015=ORIENTED_EDGE('',*,*,#3818,.F.);
#3016=ORIENTED_EDGE('',*,*,#3714,.F.);
#3017=ORIENTED_EDGE('',*,*,#3813,.F.);
#3018=ORIENTED_EDGE('',*,*,#3819,.F.);
#3019=ORIENTED_EDGE('',*,*,#3820,.T.);
#3020=ORIENTED_EDGE('',*,*,#3715,.T.);
#3021=ORIENTED_EDGE('',*,*,#3818,.T.);
#3022=ORIENTED_EDGE('',*,*,#3821,.T.);
#3023=ORIENTED_EDGE('',*,*,#3820,.F.);
#3024=ORIENTED_EDGE('',*,*,#3822,.F.);
#3025=ORIENTED_EDGE('',*,*,#3823,.F.);
#3026=ORIENTED_EDGE('',*,*,#3716,.F.);
#3027=ORIENTED_EDGE('',*,*,#3717,.F.);
#3028=ORIENTED_EDGE('',*,*,#3823,.T.);
#3029=ORIENTED_EDGE('',*,*,#3824,.F.);
#3030=ORIENTED_EDGE('',*,*,#3825,.T.);
#3031=ORIENTED_EDGE('',*,*,#3826,.F.);
#3032=ORIENTED_EDGE('',*,*,#3827,.F.);
#3033=ORIENTED_EDGE('',*,*,#3828,.F.);
#3034=ORIENTED_EDGE('',*,*,#3829,.F.);
#3035=ORIENTED_EDGE('',*,*,#3830,.F.);
#3036=ORIENTED_EDGE('',*,*,#3718,.F.);
#3037=ORIENTED_EDGE('',*,*,#3825,.F.);
#3038=ORIENTED_EDGE('',*,*,#3831,.F.);
#3039=ORIENTED_EDGE('',*,*,#3832,.T.);
#3040=ORIENTED_EDGE('',*,*,#3719,.T.);
#3041=ORIENTED_EDGE('',*,*,#3830,.T.);
#3042=ORIENTED_EDGE('',*,*,#3833,.T.);
#3043=ORIENTED_EDGE('',*,*,#3832,.F.);
#3044=ORIENTED_EDGE('',*,*,#3834,.F.);
#3045=ORIENTED_EDGE('',*,*,#3835,.F.);
#3046=ORIENTED_EDGE('',*,*,#3720,.F.);
#3047=ORIENTED_EDGE('',*,*,#3721,.F.);
#3048=ORIENTED_EDGE('',*,*,#3835,.T.);
#3049=ORIENTED_EDGE('',*,*,#3836,.F.);
#3050=ORIENTED_EDGE('',*,*,#3837,.T.);
#3051=ORIENTED_EDGE('',*,*,#3838,.F.);
#3052=ORIENTED_EDGE('',*,*,#3839,.F.);
#3053=ORIENTED_EDGE('',*,*,#3840,.F.);
#3054=ORIENTED_EDGE('',*,*,#3841,.F.);
#3055=ORIENTED_EDGE('',*,*,#3842,.F.);
#3056=ORIENTED_EDGE('',*,*,#3722,.F.);
#3057=ORIENTED_EDGE('',*,*,#3837,.F.);
#3058=ORIENTED_EDGE('',*,*,#3843,.F.);
#3059=ORIENTED_EDGE('',*,*,#3844,.T.);
#3060=ORIENTED_EDGE('',*,*,#3723,.T.);
#3061=ORIENTED_EDGE('',*,*,#3842,.T.);
#3062=ORIENTED_EDGE('',*,*,#3845,.T.);
#3063=ORIENTED_EDGE('',*,*,#3844,.F.);
#3064=ORIENTED_EDGE('',*,*,#3846,.F.);
#3065=ORIENTED_EDGE('',*,*,#3847,.F.);
#3066=ORIENTED_EDGE('',*,*,#3724,.F.);
#3067=ORIENTED_EDGE('',*,*,#3725,.F.);
#3068=ORIENTED_EDGE('',*,*,#3847,.T.);
#3069=ORIENTED_EDGE('',*,*,#3848,.F.);
#3070=ORIENTED_EDGE('',*,*,#3849,.T.);
#3071=ORIENTED_EDGE('',*,*,#3850,.F.);
#3072=ORIENTED_EDGE('',*,*,#3851,.F.);
#3073=ORIENTED_EDGE('',*,*,#3852,.F.);
#3074=ORIENTED_EDGE('',*,*,#3853,.F.);
#3075=ORIENTED_EDGE('',*,*,#3854,.F.);
#3076=ORIENTED_EDGE('',*,*,#3726,.F.);
#3077=ORIENTED_EDGE('',*,*,#3849,.F.);
#3078=ORIENTED_EDGE('',*,*,#3855,.F.);
#3079=ORIENTED_EDGE('',*,*,#3854,.T.);
#3080=ORIENTED_EDGE('',*,*,#3856,.T.);
#3081=ORIENTED_EDGE('',*,*,#3857,.T.);
#3082=ORIENTED_EDGE('',*,*,#3727,.T.);
#3083=ORIENTED_EDGE('',*,*,#3858,.F.);
#3084=ORIENTED_EDGE('',*,*,#3859,.F.);
#3085=ORIENTED_EDGE('',*,*,#3728,.F.);
#3086=ORIENTED_EDGE('',*,*,#3857,.F.);
#3087=ORIENTED_EDGE('',*,*,#3860,.F.);
#3088=ORIENTED_EDGE('',*,*,#3861,.T.);
#3089=ORIENTED_EDGE('',*,*,#3729,.F.);
#3090=ORIENTED_EDGE('',*,*,#3859,.T.);
#3091=ORIENTED_EDGE('',*,*,#3862,.F.);
#3092=ORIENTED_EDGE('',*,*,#3863,.F.);
#3093=ORIENTED_EDGE('',*,*,#3864,.F.);
#3094=ORIENTED_EDGE('',*,*,#3865,.F.);
#3095=ORIENTED_EDGE('',*,*,#3866,.F.);
#3096=ORIENTED_EDGE('',*,*,#3867,.F.);
#3097=ORIENTED_EDGE('',*,*,#3730,.F.);
#3098=ORIENTED_EDGE('',*,*,#3861,.F.);
#3099=ORIENTED_EDGE('',*,*,#3868,.T.);
#3100=ORIENTED_EDGE('',*,*,#3757,.F.);
#3101=ORIENTED_EDGE('',*,*,#3731,.F.);
#3102=ORIENTED_EDGE('',*,*,#3867,.T.);
#3103=ORIENTED_EDGE('',*,*,#3869,.F.);
#3104=ORIENTED_EDGE('',*,*,#3870,.T.);
#3105=ORIENTED_EDGE('',*,*,#3768,.F.);
#3106=ORIENTED_EDGE('',*,*,#3764,.T.);
#3107=ORIENTED_EDGE('',*,*,#3755,.F.);
#3108=ORIENTED_EDGE('',*,*,#3871,.F.);
#3109=ORIENTED_EDGE('',*,*,#3872,.T.);
#3110=ORIENTED_EDGE('',*,*,#3873,.T.);
#3111=ORIENTED_EDGE('',*,*,#3758,.F.);
#3112=ORIENTED_EDGE('',*,*,#3868,.F.);
#3113=ORIENTED_EDGE('',*,*,#3874,.T.);
#3114=ORIENTED_EDGE('',*,*,#3875,.T.);
#3115=ORIENTED_EDGE('',*,*,#3759,.F.);
#3116=ORIENTED_EDGE('',*,*,#3873,.F.);
#3117=ORIENTED_EDGE('',*,*,#3809,.T.);
#3118=ORIENTED_EDGE('',*,*,#3876,.T.);
#3119=ORIENTED_EDGE('',*,*,#3877,.T.);
#3120=ORIENTED_EDGE('',*,*,#3802,.T.);
#3121=ORIENTED_EDGE('',*,*,#3878,.T.);
#3122=ORIENTED_EDGE('',*,*,#3760,.F.);
#3123=ORIENTED_EDGE('',*,*,#3875,.F.);
#3124=ORIENTED_EDGE('',*,*,#3879,.T.);
#3125=ORIENTED_EDGE('',*,*,#3869,.T.);
#3126=ORIENTED_EDGE('',*,*,#3866,.T.);
#3127=ORIENTED_EDGE('',*,*,#3860,.T.);
#3128=ORIENTED_EDGE('',*,*,#3858,.T.);
#3129=ORIENTED_EDGE('',*,*,#3856,.F.);
#3130=ORIENTED_EDGE('',*,*,#3855,.T.);
#3131=ORIENTED_EDGE('',*,*,#3848,.T.);
#3132=ORIENTED_EDGE('',*,*,#3846,.T.);
#3133=ORIENTED_EDGE('',*,*,#3845,.F.);
#3134=ORIENTED_EDGE('',*,*,#3843,.T.);
#3135=ORIENTED_EDGE('',*,*,#3836,.T.);
#3136=ORIENTED_EDGE('',*,*,#3834,.T.);
#3137=ORIENTED_EDGE('',*,*,#3833,.F.);
#3138=ORIENTED_EDGE('',*,*,#3831,.T.);
#3139=ORIENTED_EDGE('',*,*,#3824,.T.);
#3140=ORIENTED_EDGE('',*,*,#3822,.T.);
#3141=ORIENTED_EDGE('',*,*,#3821,.F.);
#3142=ORIENTED_EDGE('',*,*,#3819,.T.);
#3143=ORIENTED_EDGE('',*,*,#3812,.T.);
#3144=ORIENTED_EDGE('',*,*,#3810,.T.);
#3145=ORIENTED_EDGE('',*,*,#3880,.T.);
#3146=ORIENTED_EDGE('',*,*,#3881,.T.);
#3147=ORIENTED_EDGE('',*,*,#3882,.T.);
#3148=ORIENTED_EDGE('',*,*,#3883,.T.);
#3149=ORIENTED_EDGE('',*,*,#3761,.F.);
#3150=ORIENTED_EDGE('',*,*,#3878,.F.);
#3151=ORIENTED_EDGE('',*,*,#3801,.T.);
#3152=ORIENTED_EDGE('',*,*,#3884,.T.);
#3153=ORIENTED_EDGE('',*,*,#3885,.F.);
#3154=ORIENTED_EDGE('',*,*,#3769,.F.);
#3155=ORIENTED_EDGE('',*,*,#3871,.T.);
#3156=ORIENTED_EDGE('',*,*,#3762,.F.);
#3157=ORIENTED_EDGE('',*,*,#3883,.F.);
#3158=ORIENTED_EDGE('',*,*,#3886,.F.);
#3159=ORIENTED_EDGE('',*,*,#3796,.F.);
#3160=ORIENTED_EDGE('',*,*,#3770,.F.);
#3161=ORIENTED_EDGE('',*,*,#3766,.T.);
#3162=ORIENTED_EDGE('',*,*,#3887,.F.);
#3163=ORIENTED_EDGE('',*,*,#3888,.F.);
#3164=ORIENTED_EDGE('',*,*,#3772,.T.);
#3165=ORIENTED_EDGE('',*,*,#3889,.T.);
#3166=ORIENTED_EDGE('',*,*,#3890,.F.);
#3167=ORIENTED_EDGE('',*,*,#3891,.F.);
#3168=ORIENTED_EDGE('',*,*,#3773,.T.);
#3169=ORIENTED_EDGE('',*,*,#3888,.T.);
#3170=ORIENTED_EDGE('',*,*,#3892,.F.);
#3171=ORIENTED_EDGE('',*,*,#3893,.F.);
#3172=ORIENTED_EDGE('',*,*,#3774,.T.);
#3173=ORIENTED_EDGE('',*,*,#3891,.T.);
#3174=ORIENTED_EDGE('',*,*,#3894,.F.);
#3175=ORIENTED_EDGE('',*,*,#3889,.F.);
#3176=ORIENTED_EDGE('',*,*,#3775,.T.);
#3177=ORIENTED_EDGE('',*,*,#3893,.T.);
#3178=ORIENTED_EDGE('',*,*,#3895,.F.);
#3179=ORIENTED_EDGE('',*,*,#3896,.F.);
#3180=ORIENTED_EDGE('',*,*,#3776,.T.);
#3181=ORIENTED_EDGE('',*,*,#3897,.T.);
#3182=ORIENTED_EDGE('',*,*,#3898,.F.);
#3183=ORIENTED_EDGE('',*,*,#3899,.F.);
#3184=ORIENTED_EDGE('',*,*,#3777,.T.);
#3185=ORIENTED_EDGE('',*,*,#3896,.T.);
#3186=ORIENTED_EDGE('',*,*,#3900,.F.);
#3187=ORIENTED_EDGE('',*,*,#3901,.F.);
#3188=ORIENTED_EDGE('',*,*,#3778,.T.);
#3189=ORIENTED_EDGE('',*,*,#3899,.T.);
#3190=ORIENTED_EDGE('',*,*,#3902,.F.);
#3191=ORIENTED_EDGE('',*,*,#3897,.F.);
#3192=ORIENTED_EDGE('',*,*,#3779,.T.);
#3193=ORIENTED_EDGE('',*,*,#3901,.T.);
#3194=ORIENTED_EDGE('',*,*,#3903,.F.);
#3195=ORIENTED_EDGE('',*,*,#3904,.F.);
#3196=ORIENTED_EDGE('',*,*,#3780,.T.);
#3197=ORIENTED_EDGE('',*,*,#3905,.T.);
#3198=ORIENTED_EDGE('',*,*,#3906,.F.);
#3199=ORIENTED_EDGE('',*,*,#3907,.F.);
#3200=ORIENTED_EDGE('',*,*,#3781,.T.);
#3201=ORIENTED_EDGE('',*,*,#3904,.T.);
#3202=ORIENTED_EDGE('',*,*,#3908,.F.);
#3203=ORIENTED_EDGE('',*,*,#3909,.F.);
#3204=ORIENTED_EDGE('',*,*,#3782,.T.);
#3205=ORIENTED_EDGE('',*,*,#3907,.T.);
#3206=ORIENTED_EDGE('',*,*,#3910,.F.);
#3207=ORIENTED_EDGE('',*,*,#3905,.F.);
#3208=ORIENTED_EDGE('',*,*,#3783,.T.);
#3209=ORIENTED_EDGE('',*,*,#3909,.T.);
#3210=ORIENTED_EDGE('',*,*,#3911,.F.);
#3211=ORIENTED_EDGE('',*,*,#3912,.F.);
#3212=ORIENTED_EDGE('',*,*,#3784,.T.);
#3213=ORIENTED_EDGE('',*,*,#3913,.T.);
#3214=ORIENTED_EDGE('',*,*,#3914,.F.);
#3215=ORIENTED_EDGE('',*,*,#3915,.F.);
#3216=ORIENTED_EDGE('',*,*,#3785,.T.);
#3217=ORIENTED_EDGE('',*,*,#3912,.T.);
#3218=ORIENTED_EDGE('',*,*,#3916,.F.);
#3219=ORIENTED_EDGE('',*,*,#3917,.F.);
#3220=ORIENTED_EDGE('',*,*,#3786,.T.);
#3221=ORIENTED_EDGE('',*,*,#3915,.T.);
#3222=ORIENTED_EDGE('',*,*,#3918,.F.);
#3223=ORIENTED_EDGE('',*,*,#3913,.F.);
#3224=ORIENTED_EDGE('',*,*,#3787,.T.);
#3225=ORIENTED_EDGE('',*,*,#3917,.T.);
#3226=ORIENTED_EDGE('',*,*,#3919,.F.);
#3227=ORIENTED_EDGE('',*,*,#3920,.F.);
#3228=ORIENTED_EDGE('',*,*,#3788,.T.);
#3229=ORIENTED_EDGE('',*,*,#3921,.T.);
#3230=ORIENTED_EDGE('',*,*,#3922,.F.);
#3231=ORIENTED_EDGE('',*,*,#3923,.F.);
#3232=ORIENTED_EDGE('',*,*,#3789,.T.);
#3233=ORIENTED_EDGE('',*,*,#3920,.T.);
#3234=ORIENTED_EDGE('',*,*,#3924,.F.);
#3235=ORIENTED_EDGE('',*,*,#3925,.F.);
#3236=ORIENTED_EDGE('',*,*,#3790,.T.);
#3237=ORIENTED_EDGE('',*,*,#3923,.T.);
#3238=ORIENTED_EDGE('',*,*,#3926,.F.);
#3239=ORIENTED_EDGE('',*,*,#3921,.F.);
#3240=ORIENTED_EDGE('',*,*,#3791,.T.);
#3241=ORIENTED_EDGE('',*,*,#3925,.T.);
#3242=ORIENTED_EDGE('',*,*,#3794,.F.);
#3243=ORIENTED_EDGE('',*,*,#3927,.F.);
#3244=ORIENTED_EDGE('',*,*,#3799,.F.);
#3245=ORIENTED_EDGE('',*,*,#3797,.T.);
#3246=ORIENTED_EDGE('',*,*,#3928,.F.);
#3247=ORIENTED_EDGE('',*,*,#3884,.F.);
#3248=ORIENTED_EDGE('',*,*,#3800,.F.);
#3249=ORIENTED_EDGE('',*,*,#3927,.T.);
#3250=ORIENTED_EDGE('',*,*,#3793,.F.);
#3251=ORIENTED_EDGE('',*,*,#3929,.T.);
#3252=ORIENTED_EDGE('',*,*,#3930,.T.);
#3253=ORIENTED_EDGE('',*,*,#3803,.T.);
#3254=ORIENTED_EDGE('',*,*,#3877,.F.);
#3255=ORIENTED_EDGE('',*,*,#3931,.T.);
#3256=ORIENTED_EDGE('',*,*,#3807,.T.);
#3257=ORIENTED_EDGE('',*,*,#3804,.T.);
#3258=ORIENTED_EDGE('',*,*,#3930,.F.);
#3259=ORIENTED_EDGE('',*,*,#3876,.F.);
#3260=ORIENTED_EDGE('',*,*,#3808,.T.);
#3261=ORIENTED_EDGE('',*,*,#3931,.F.);
#3262=ORIENTED_EDGE('',*,*,#3929,.F.);
#3263=ORIENTED_EDGE('',*,*,#3932,.T.);
#3264=ORIENTED_EDGE('',*,*,#3933,.T.);
#3265=ORIENTED_EDGE('',*,*,#3934,.T.);
#3266=ORIENTED_EDGE('',*,*,#3935,.T.);
#3267=ORIENTED_EDGE('',*,*,#3814,.T.);
#3268=ORIENTED_EDGE('',*,*,#3936,.F.);
#3269=ORIENTED_EDGE('',*,*,#3937,.F.);
#3270=ORIENTED_EDGE('',*,*,#3938,.F.);
#3271=ORIENTED_EDGE('',*,*,#3815,.T.);
#3272=ORIENTED_EDGE('',*,*,#3935,.F.);
#3273=ORIENTED_EDGE('',*,*,#3939,.T.);
#3274=ORIENTED_EDGE('',*,*,#3940,.T.);
#3275=ORIENTED_EDGE('',*,*,#3941,.T.);
#3276=ORIENTED_EDGE('',*,*,#3942,.T.);
#3277=ORIENTED_EDGE('',*,*,#3943,.T.);
#3278=ORIENTED_EDGE('',*,*,#3944,.T.);
#3279=ORIENTED_EDGE('',*,*,#3816,.T.);
#3280=ORIENTED_EDGE('',*,*,#3940,.F.);
#3281=ORIENTED_EDGE('',*,*,#3945,.F.);
#3282=ORIENTED_EDGE('',*,*,#3946,.F.);
#3283=ORIENTED_EDGE('',*,*,#3817,.T.);
#3284=ORIENTED_EDGE('',*,*,#3944,.F.);
#3285=ORIENTED_EDGE('',*,*,#3947,.T.);
#3286=ORIENTED_EDGE('',*,*,#3936,.T.);
#3287=ORIENTED_EDGE('',*,*,#3948,.T.);
#3288=ORIENTED_EDGE('',*,*,#3949,.T.);
#3289=ORIENTED_EDGE('',*,*,#3950,.T.);
#3290=ORIENTED_EDGE('',*,*,#3951,.T.);
#3291=ORIENTED_EDGE('',*,*,#3826,.T.);
#3292=ORIENTED_EDGE('',*,*,#3952,.F.);
#3293=ORIENTED_EDGE('',*,*,#3953,.F.);
#3294=ORIENTED_EDGE('',*,*,#3954,.F.);
#3295=ORIENTED_EDGE('',*,*,#3827,.T.);
#3296=ORIENTED_EDGE('',*,*,#3951,.F.);
#3297=ORIENTED_EDGE('',*,*,#3955,.T.);
#3298=ORIENTED_EDGE('',*,*,#3956,.T.);
#3299=ORIENTED_EDGE('',*,*,#3957,.T.);
#3300=ORIENTED_EDGE('',*,*,#3958,.T.);
#3301=ORIENTED_EDGE('',*,*,#3959,.T.);
#3302=ORIENTED_EDGE('',*,*,#3960,.T.);
#3303=ORIENTED_EDGE('',*,*,#3828,.T.);
#3304=ORIENTED_EDGE('',*,*,#3956,.F.);
#3305=ORIENTED_EDGE('',*,*,#3961,.F.);
#3306=ORIENTED_EDGE('',*,*,#3962,.F.);
#3307=ORIENTED_EDGE('',*,*,#3829,.T.);
#3308=ORIENTED_EDGE('',*,*,#3960,.F.);
#3309=ORIENTED_EDGE('',*,*,#3963,.T.);
#3310=ORIENTED_EDGE('',*,*,#3952,.T.);
#3311=ORIENTED_EDGE('',*,*,#3964,.T.);
#3312=ORIENTED_EDGE('',*,*,#3965,.T.);
#3313=ORIENTED_EDGE('',*,*,#3966,.T.);
#3314=ORIENTED_EDGE('',*,*,#3967,.T.);
#3315=ORIENTED_EDGE('',*,*,#3838,.T.);
#3316=ORIENTED_EDGE('',*,*,#3968,.F.);
#3317=ORIENTED_EDGE('',*,*,#3969,.F.);
#3318=ORIENTED_EDGE('',*,*,#3970,.F.);
#3319=ORIENTED_EDGE('',*,*,#3839,.T.);
#3320=ORIENTED_EDGE('',*,*,#3967,.F.);
#3321=ORIENTED_EDGE('',*,*,#3971,.T.);
#3322=ORIENTED_EDGE('',*,*,#3972,.T.);
#3323=ORIENTED_EDGE('',*,*,#3973,.T.);
#3324=ORIENTED_EDGE('',*,*,#3974,.T.);
#3325=ORIENTED_EDGE('',*,*,#3975,.T.);
#3326=ORIENTED_EDGE('',*,*,#3976,.T.);
#3327=ORIENTED_EDGE('',*,*,#3840,.T.);
#3328=ORIENTED_EDGE('',*,*,#3972,.F.);
#3329=ORIENTED_EDGE('',*,*,#3977,.F.);
#3330=ORIENTED_EDGE('',*,*,#3978,.F.);
#3331=ORIENTED_EDGE('',*,*,#3841,.T.);
#3332=ORIENTED_EDGE('',*,*,#3976,.F.);
#3333=ORIENTED_EDGE('',*,*,#3979,.T.);
#3334=ORIENTED_EDGE('',*,*,#3968,.T.);
#3335=ORIENTED_EDGE('',*,*,#3980,.T.);
#3336=ORIENTED_EDGE('',*,*,#3981,.T.);
#3337=ORIENTED_EDGE('',*,*,#3982,.T.);
#3338=ORIENTED_EDGE('',*,*,#3983,.T.);
#3339=ORIENTED_EDGE('',*,*,#3850,.T.);
#3340=ORIENTED_EDGE('',*,*,#3984,.F.);
#3341=ORIENTED_EDGE('',*,*,#3985,.F.);
#3342=ORIENTED_EDGE('',*,*,#3986,.F.);
#3343=ORIENTED_EDGE('',*,*,#3851,.T.);
#3344=ORIENTED_EDGE('',*,*,#3983,.F.);
#3345=ORIENTED_EDGE('',*,*,#3987,.T.);
#3346=ORIENTED_EDGE('',*,*,#3988,.T.);
#3347=ORIENTED_EDGE('',*,*,#3989,.T.);
#3348=ORIENTED_EDGE('',*,*,#3990,.T.);
#3349=ORIENTED_EDGE('',*,*,#3991,.T.);
#3350=ORIENTED_EDGE('',*,*,#3992,.T.);
#3351=ORIENTED_EDGE('',*,*,#3852,.T.);
#3352=ORIENTED_EDGE('',*,*,#3988,.F.);
#3353=ORIENTED_EDGE('',*,*,#3993,.F.);
#3354=ORIENTED_EDGE('',*,*,#3994,.F.);
#3355=ORIENTED_EDGE('',*,*,#3853,.T.);
#3356=ORIENTED_EDGE('',*,*,#3992,.F.);
#3357=ORIENTED_EDGE('',*,*,#3995,.T.);
#3358=ORIENTED_EDGE('',*,*,#3984,.T.);
#3359=ORIENTED_EDGE('',*,*,#3996,.T.);
#3360=ORIENTED_EDGE('',*,*,#3997,.T.);
#3361=ORIENTED_EDGE('',*,*,#3998,.T.);
#3362=ORIENTED_EDGE('',*,*,#3999,.T.);
#3363=ORIENTED_EDGE('',*,*,#3862,.T.);
#3364=ORIENTED_EDGE('',*,*,#4000,.F.);
#3365=ORIENTED_EDGE('',*,*,#4001,.F.);
#3366=ORIENTED_EDGE('',*,*,#4002,.F.);
#3367=ORIENTED_EDGE('',*,*,#3863,.T.);
#3368=ORIENTED_EDGE('',*,*,#3999,.F.);
#3369=ORIENTED_EDGE('',*,*,#4003,.T.);
#3370=ORIENTED_EDGE('',*,*,#4004,.T.);
#3371=ORIENTED_EDGE('',*,*,#4005,.T.);
#3372=ORIENTED_EDGE('',*,*,#4006,.T.);
#3373=ORIENTED_EDGE('',*,*,#4007,.T.);
#3374=ORIENTED_EDGE('',*,*,#4008,.T.);
#3375=ORIENTED_EDGE('',*,*,#3864,.T.);
#3376=ORIENTED_EDGE('',*,*,#4004,.F.);
#3377=ORIENTED_EDGE('',*,*,#4009,.F.);
#3378=ORIENTED_EDGE('',*,*,#4010,.F.);
#3379=ORIENTED_EDGE('',*,*,#3865,.T.);
#3380=ORIENTED_EDGE('',*,*,#4008,.F.);
#3381=ORIENTED_EDGE('',*,*,#4011,.T.);
#3382=ORIENTED_EDGE('',*,*,#4000,.T.);
#3383=ORIENTED_EDGE('',*,*,#3879,.F.);
#3384=ORIENTED_EDGE('',*,*,#3874,.F.);
#3385=ORIENTED_EDGE('',*,*,#3872,.F.);
#3386=ORIENTED_EDGE('',*,*,#3870,.F.);
#3387=ORIENTED_EDGE('',*,*,#3887,.T.);
#3388=ORIENTED_EDGE('',*,*,#4012,.T.);
#3389=ORIENTED_EDGE('',*,*,#4013,.F.);
#3390=ORIENTED_EDGE('',*,*,#4014,.F.);
#3391=ORIENTED_EDGE('',*,*,#3890,.T.);
#3392=ORIENTED_EDGE('',*,*,#4014,.T.);
#3393=ORIENTED_EDGE('',*,*,#4015,.F.);
#3394=ORIENTED_EDGE('',*,*,#4016,.F.);
#3395=ORIENTED_EDGE('',*,*,#3892,.T.);
#3396=ORIENTED_EDGE('',*,*,#4016,.T.);
#3397=ORIENTED_EDGE('',*,*,#4017,.F.);
#3398=ORIENTED_EDGE('',*,*,#4018,.F.);
#3399=ORIENTED_EDGE('',*,*,#3894,.T.);
#3400=ORIENTED_EDGE('',*,*,#4018,.T.);
#3401=ORIENTED_EDGE('',*,*,#4019,.F.);
#3402=ORIENTED_EDGE('',*,*,#4012,.F.);
#3403=ORIENTED_EDGE('',*,*,#3895,.T.);
#3404=ORIENTED_EDGE('',*,*,#4020,.T.);
#3405=ORIENTED_EDGE('',*,*,#4021,.F.);
#3406=ORIENTED_EDGE('',*,*,#4022,.F.);
#3407=ORIENTED_EDGE('',*,*,#3898,.T.);
#3408=ORIENTED_EDGE('',*,*,#4022,.T.);
#3409=ORIENTED_EDGE('',*,*,#4023,.F.);
#3410=ORIENTED_EDGE('',*,*,#4024,.F.);
#3411=ORIENTED_EDGE('',*,*,#3900,.T.);
#3412=ORIENTED_EDGE('',*,*,#4024,.T.);
#3413=ORIENTED_EDGE('',*,*,#4025,.F.);
#3414=ORIENTED_EDGE('',*,*,#4026,.F.);
#3415=ORIENTED_EDGE('',*,*,#3902,.T.);
#3416=ORIENTED_EDGE('',*,*,#4026,.T.);
#3417=ORIENTED_EDGE('',*,*,#4027,.F.);
#3418=ORIENTED_EDGE('',*,*,#4020,.F.);
#3419=ORIENTED_EDGE('',*,*,#3903,.T.);
#3420=ORIENTED_EDGE('',*,*,#4028,.T.);
#3421=ORIENTED_EDGE('',*,*,#4029,.F.);
#3422=ORIENTED_EDGE('',*,*,#4030,.F.);
#3423=ORIENTED_EDGE('',*,*,#3906,.T.);
#3424=ORIENTED_EDGE('',*,*,#4030,.T.);
#3425=ORIENTED_EDGE('',*,*,#4031,.F.);
#3426=ORIENTED_EDGE('',*,*,#4032,.F.);
#3427=ORIENTED_EDGE('',*,*,#3908,.T.);
#3428=ORIENTED_EDGE('',*,*,#4032,.T.);
#3429=ORIENTED_EDGE('',*,*,#4033,.F.);
#3430=ORIENTED_EDGE('',*,*,#4034,.F.);
#3431=ORIENTED_EDGE('',*,*,#3910,.T.);
#3432=ORIENTED_EDGE('',*,*,#4034,.T.);
#3433=ORIENTED_EDGE('',*,*,#4035,.F.);
#3434=ORIENTED_EDGE('',*,*,#4028,.F.);
#3435=ORIENTED_EDGE('',*,*,#3911,.T.);
#3436=ORIENTED_EDGE('',*,*,#4036,.T.);
#3437=ORIENTED_EDGE('',*,*,#4037,.F.);
#3438=ORIENTED_EDGE('',*,*,#4038,.F.);
#3439=ORIENTED_EDGE('',*,*,#3914,.T.);
#3440=ORIENTED_EDGE('',*,*,#4038,.T.);
#3441=ORIENTED_EDGE('',*,*,#4039,.F.);
#3442=ORIENTED_EDGE('',*,*,#4040,.F.);
#3443=ORIENTED_EDGE('',*,*,#3916,.T.);
#3444=ORIENTED_EDGE('',*,*,#4040,.T.);
#3445=ORIENTED_EDGE('',*,*,#4041,.F.);
#3446=ORIENTED_EDGE('',*,*,#4042,.F.);
#3447=ORIENTED_EDGE('',*,*,#3918,.T.);
#3448=ORIENTED_EDGE('',*,*,#4042,.T.);
#3449=ORIENTED_EDGE('',*,*,#4043,.F.);
#3450=ORIENTED_EDGE('',*,*,#4036,.F.);
#3451=ORIENTED_EDGE('',*,*,#3919,.T.);
#3452=ORIENTED_EDGE('',*,*,#4044,.T.);
#3453=ORIENTED_EDGE('',*,*,#4045,.F.);
#3454=ORIENTED_EDGE('',*,*,#4046,.F.);
#3455=ORIENTED_EDGE('',*,*,#3922,.T.);
#3456=ORIENTED_EDGE('',*,*,#4046,.T.);
#3457=ORIENTED_EDGE('',*,*,#4047,.F.);
#3458=ORIENTED_EDGE('',*,*,#4048,.F.);
#3459=ORIENTED_EDGE('',*,*,#3924,.T.);
#3460=ORIENTED_EDGE('',*,*,#4048,.T.);
#3461=ORIENTED_EDGE('',*,*,#4049,.F.);
#3462=ORIENTED_EDGE('',*,*,#4050,.F.);
#3463=ORIENTED_EDGE('',*,*,#3926,.T.);
#3464=ORIENTED_EDGE('',*,*,#4050,.T.);
#3465=ORIENTED_EDGE('',*,*,#4051,.F.);
#3466=ORIENTED_EDGE('',*,*,#4044,.F.);
#3467=ORIENTED_EDGE('',*,*,#3932,.F.);
#3468=ORIENTED_EDGE('',*,*,#4052,.F.);
#3469=ORIENTED_EDGE('',*,*,#4053,.T.);
#3470=ORIENTED_EDGE('',*,*,#4054,.T.);
#3471=ORIENTED_EDGE('',*,*,#4055,.T.);
#3472=ORIENTED_EDGE('',*,*,#3946,.T.);
#3473=ORIENTED_EDGE('',*,*,#4056,.F.);
#3474=ORIENTED_EDGE('',*,*,#3933,.F.);
#3475=ORIENTED_EDGE('',*,*,#4056,.T.);
#3476=ORIENTED_EDGE('',*,*,#3945,.T.);
#3477=ORIENTED_EDGE('',*,*,#3939,.F.);
#3478=ORIENTED_EDGE('',*,*,#3934,.F.);
#3479=ORIENTED_EDGE('',*,*,#4057,.T.);
#3480=ORIENTED_EDGE('',*,*,#3937,.T.);
#3481=ORIENTED_EDGE('',*,*,#3947,.F.);
#3482=ORIENTED_EDGE('',*,*,#3943,.F.);
#3483=ORIENTED_EDGE('',*,*,#4058,.T.);
#3484=ORIENTED_EDGE('',*,*,#3938,.T.);
#3485=ORIENTED_EDGE('',*,*,#4057,.F.);
#3486=ORIENTED_EDGE('',*,*,#3942,.F.);
#3487=ORIENTED_EDGE('',*,*,#3941,.F.);
#3488=ORIENTED_EDGE('',*,*,#4059,.F.);
#3489=ORIENTED_EDGE('',*,*,#4060,.T.);
#3490=ORIENTED_EDGE('',*,*,#4061,.T.);
#3491=ORIENTED_EDGE('',*,*,#3948,.F.);
#3492=ORIENTED_EDGE('',*,*,#4062,.F.);
#3493=ORIENTED_EDGE('',*,*,#4063,.T.);
#3494=ORIENTED_EDGE('',*,*,#4064,.T.);
#3495=ORIENTED_EDGE('',*,*,#4065,.T.);
#3496=ORIENTED_EDGE('',*,*,#3962,.T.);
#3497=ORIENTED_EDGE('',*,*,#4066,.F.);
#3498=ORIENTED_EDGE('',*,*,#3949,.F.);
#3499=ORIENTED_EDGE('',*,*,#4066,.T.);
#3500=ORIENTED_EDGE('',*,*,#3961,.T.);
#3501=ORIENTED_EDGE('',*,*,#3955,.F.);
#3502=ORIENTED_EDGE('',*,*,#3950,.F.);
#3503=ORIENTED_EDGE('',*,*,#4067,.T.);
#3504=ORIENTED_EDGE('',*,*,#3953,.T.);
#3505=ORIENTED_EDGE('',*,*,#3963,.F.);
#3506=ORIENTED_EDGE('',*,*,#3959,.F.);
#3507=ORIENTED_EDGE('',*,*,#4068,.T.);
#3508=ORIENTED_EDGE('',*,*,#3954,.T.);
#3509=ORIENTED_EDGE('',*,*,#4067,.F.);
#3510=ORIENTED_EDGE('',*,*,#3958,.F.);
#3511=ORIENTED_EDGE('',*,*,#3957,.F.);
#3512=ORIENTED_EDGE('',*,*,#4069,.F.);
#3513=ORIENTED_EDGE('',*,*,#4070,.T.);
#3514=ORIENTED_EDGE('',*,*,#4071,.T.);
#3515=ORIENTED_EDGE('',*,*,#3964,.F.);
#3516=ORIENTED_EDGE('',*,*,#4072,.F.);
#3517=ORIENTED_EDGE('',*,*,#4073,.T.);
#3518=ORIENTED_EDGE('',*,*,#4074,.T.);
#3519=ORIENTED_EDGE('',*,*,#4075,.T.);
#3520=ORIENTED_EDGE('',*,*,#3978,.T.);
#3521=ORIENTED_EDGE('',*,*,#4076,.F.);
#3522=ORIENTED_EDGE('',*,*,#3965,.F.);
#3523=ORIENTED_EDGE('',*,*,#4076,.T.);
#3524=ORIENTED_EDGE('',*,*,#3977,.T.);
#3525=ORIENTED_EDGE('',*,*,#3971,.F.);
#3526=ORIENTED_EDGE('',*,*,#3966,.F.);
#3527=ORIENTED_EDGE('',*,*,#4077,.T.);
#3528=ORIENTED_EDGE('',*,*,#3969,.T.);
#3529=ORIENTED_EDGE('',*,*,#3979,.F.);
#3530=ORIENTED_EDGE('',*,*,#3975,.F.);
#3531=ORIENTED_EDGE('',*,*,#4078,.T.);
#3532=ORIENTED_EDGE('',*,*,#3970,.T.);
#3533=ORIENTED_EDGE('',*,*,#4077,.F.);
#3534=ORIENTED_EDGE('',*,*,#3974,.F.);
#3535=ORIENTED_EDGE('',*,*,#3973,.F.);
#3536=ORIENTED_EDGE('',*,*,#4079,.F.);
#3537=ORIENTED_EDGE('',*,*,#4080,.T.);
#3538=ORIENTED_EDGE('',*,*,#4081,.T.);
#3539=ORIENTED_EDGE('',*,*,#3980,.F.);
#3540=ORIENTED_EDGE('',*,*,#4082,.F.);
#3541=ORIENTED_EDGE('',*,*,#4083,.T.);
#3542=ORIENTED_EDGE('',*,*,#4084,.T.);
#3543=ORIENTED_EDGE('',*,*,#4085,.T.);
#3544=ORIENTED_EDGE('',*,*,#3994,.T.);
#3545=ORIENTED_EDGE('',*,*,#4086,.F.);
#3546=ORIENTED_EDGE('',*,*,#3981,.F.);
#3547=ORIENTED_EDGE('',*,*,#4086,.T.);
#3548=ORIENTED_EDGE('',*,*,#3993,.T.);
#3549=ORIENTED_EDGE('',*,*,#3987,.F.);
#3550=ORIENTED_EDGE('',*,*,#3982,.F.);
#3551=ORIENTED_EDGE('',*,*,#4087,.T.);
#3552=ORIENTED_EDGE('',*,*,#3985,.T.);
#3553=ORIENTED_EDGE('',*,*,#3995,.F.);
#3554=ORIENTED_EDGE('',*,*,#3991,.F.);
#3555=ORIENTED_EDGE('',*,*,#4088,.T.);
#3556=ORIENTED_EDGE('',*,*,#3986,.T.);
#3557=ORIENTED_EDGE('',*,*,#4087,.F.);
#3558=ORIENTED_EDGE('',*,*,#3990,.F.);
#3559=ORIENTED_EDGE('',*,*,#3989,.F.);
#3560=ORIENTED_EDGE('',*,*,#4089,.F.);
#3561=ORIENTED_EDGE('',*,*,#4090,.T.);
#3562=ORIENTED_EDGE('',*,*,#4091,.T.);
#3563=ORIENTED_EDGE('',*,*,#3996,.F.);
#3564=ORIENTED_EDGE('',*,*,#4092,.F.);
#3565=ORIENTED_EDGE('',*,*,#4093,.T.);
#3566=ORIENTED_EDGE('',*,*,#4094,.T.);
#3567=ORIENTED_EDGE('',*,*,#4095,.T.);
#3568=ORIENTED_EDGE('',*,*,#4010,.T.);
#3569=ORIENTED_EDGE('',*,*,#4096,.F.);
#3570=ORIENTED_EDGE('',*,*,#3997,.F.);
#3571=ORIENTED_EDGE('',*,*,#4096,.T.);
#3572=ORIENTED_EDGE('',*,*,#4009,.T.);
#3573=ORIENTED_EDGE('',*,*,#4003,.F.);
#3574=ORIENTED_EDGE('',*,*,#3998,.F.);
#3575=ORIENTED_EDGE('',*,*,#4097,.T.);
#3576=ORIENTED_EDGE('',*,*,#4001,.T.);
#3577=ORIENTED_EDGE('',*,*,#4011,.F.);
#3578=ORIENTED_EDGE('',*,*,#4007,.F.);
#3579=ORIENTED_EDGE('',*,*,#4098,.T.);
#3580=ORIENTED_EDGE('',*,*,#4002,.T.);
#3581=ORIENTED_EDGE('',*,*,#4097,.F.);
#3582=ORIENTED_EDGE('',*,*,#4006,.F.);
#3583=ORIENTED_EDGE('',*,*,#4005,.F.);
#3584=ORIENTED_EDGE('',*,*,#4099,.F.);
#3585=ORIENTED_EDGE('',*,*,#4100,.T.);
#3586=ORIENTED_EDGE('',*,*,#4101,.T.);
#3587=ORIENTED_EDGE('',*,*,#4019,.T.);
#3588=ORIENTED_EDGE('',*,*,#4017,.T.);
#3589=ORIENTED_EDGE('',*,*,#4015,.T.);
#3590=ORIENTED_EDGE('',*,*,#4013,.T.);
#3591=ORIENTED_EDGE('',*,*,#4027,.T.);
#3592=ORIENTED_EDGE('',*,*,#4025,.T.);
#3593=ORIENTED_EDGE('',*,*,#4023,.T.);
#3594=ORIENTED_EDGE('',*,*,#4021,.T.);
#3595=ORIENTED_EDGE('',*,*,#4035,.T.);
#3596=ORIENTED_EDGE('',*,*,#4033,.T.);
#3597=ORIENTED_EDGE('',*,*,#4031,.T.);
#3598=ORIENTED_EDGE('',*,*,#4029,.T.);
#3599=ORIENTED_EDGE('',*,*,#4043,.T.);
#3600=ORIENTED_EDGE('',*,*,#4041,.T.);
#3601=ORIENTED_EDGE('',*,*,#4039,.T.);
#3602=ORIENTED_EDGE('',*,*,#4037,.T.);
#3603=ORIENTED_EDGE('',*,*,#4051,.T.);
#3604=ORIENTED_EDGE('',*,*,#4049,.T.);
#3605=ORIENTED_EDGE('',*,*,#4047,.T.);
#3606=ORIENTED_EDGE('',*,*,#4045,.T.);
#3607=ORIENTED_EDGE('',*,*,#4058,.F.);
#3608=ORIENTED_EDGE('',*,*,#4061,.F.);
#3609=ORIENTED_EDGE('',*,*,#4102,.T.);
#3610=ORIENTED_EDGE('',*,*,#4052,.T.);
#3611=ORIENTED_EDGE('',*,*,#4053,.F.);
#3612=ORIENTED_EDGE('',*,*,#4102,.F.);
#3613=ORIENTED_EDGE('',*,*,#4060,.F.);
#3614=ORIENTED_EDGE('',*,*,#4103,.F.);
#3615=ORIENTED_EDGE('',*,*,#4055,.F.);
#3616=ORIENTED_EDGE('',*,*,#4054,.F.);
#3617=ORIENTED_EDGE('',*,*,#4103,.T.);
#3618=ORIENTED_EDGE('',*,*,#4059,.T.);
#3619=ORIENTED_EDGE('',*,*,#4068,.F.);
#3620=ORIENTED_EDGE('',*,*,#4071,.F.);
#3621=ORIENTED_EDGE('',*,*,#4104,.T.);
#3622=ORIENTED_EDGE('',*,*,#4062,.T.);
#3623=ORIENTED_EDGE('',*,*,#4063,.F.);
#3624=ORIENTED_EDGE('',*,*,#4104,.F.);
#3625=ORIENTED_EDGE('',*,*,#4070,.F.);
#3626=ORIENTED_EDGE('',*,*,#4105,.F.);
#3627=ORIENTED_EDGE('',*,*,#4065,.F.);
#3628=ORIENTED_EDGE('',*,*,#4064,.F.);
#3629=ORIENTED_EDGE('',*,*,#4105,.T.);
#3630=ORIENTED_EDGE('',*,*,#4069,.T.);
#3631=ORIENTED_EDGE('',*,*,#4078,.F.);
#3632=ORIENTED_EDGE('',*,*,#4081,.F.);
#3633=ORIENTED_EDGE('',*,*,#4106,.T.);
#3634=ORIENTED_EDGE('',*,*,#4072,.T.);
#3635=ORIENTED_EDGE('',*,*,#4073,.F.);
#3636=ORIENTED_EDGE('',*,*,#4106,.F.);
#3637=ORIENTED_EDGE('',*,*,#4080,.F.);
#3638=ORIENTED_EDGE('',*,*,#4107,.F.);
#3639=ORIENTED_EDGE('',*,*,#4075,.F.);
#3640=ORIENTED_EDGE('',*,*,#4074,.F.);
#3641=ORIENTED_EDGE('',*,*,#4107,.T.);
#3642=ORIENTED_EDGE('',*,*,#4079,.T.);
#3643=ORIENTED_EDGE('',*,*,#4088,.F.);
#3644=ORIENTED_EDGE('',*,*,#4091,.F.);
#3645=ORIENTED_EDGE('',*,*,#4108,.T.);
#3646=ORIENTED_EDGE('',*,*,#4082,.T.);
#3647=ORIENTED_EDGE('',*,*,#4083,.F.);
#3648=ORIENTED_EDGE('',*,*,#4108,.F.);
#3649=ORIENTED_EDGE('',*,*,#4090,.F.);
#3650=ORIENTED_EDGE('',*,*,#4109,.F.);
#3651=ORIENTED_EDGE('',*,*,#4085,.F.);
#3652=ORIENTED_EDGE('',*,*,#4084,.F.);
#3653=ORIENTED_EDGE('',*,*,#4109,.T.);
#3654=ORIENTED_EDGE('',*,*,#4089,.T.);
#3655=ORIENTED_EDGE('',*,*,#4098,.F.);
#3656=ORIENTED_EDGE('',*,*,#4101,.F.);
#3657=ORIENTED_EDGE('',*,*,#4110,.T.);
#3658=ORIENTED_EDGE('',*,*,#4092,.T.);
#3659=ORIENTED_EDGE('',*,*,#4093,.F.);
#3660=ORIENTED_EDGE('',*,*,#4110,.F.);
#3661=ORIENTED_EDGE('',*,*,#4100,.F.);
#3662=ORIENTED_EDGE('',*,*,#4111,.F.);
#3663=ORIENTED_EDGE('',*,*,#4095,.F.);
#3664=ORIENTED_EDGE('',*,*,#4094,.F.);
#3665=ORIENTED_EDGE('',*,*,#4111,.T.);
#3666=ORIENTED_EDGE('',*,*,#4099,.T.);
#3667=ORIENTED_EDGE('',*,*,#3880,.F.);
#3668=ORIENTED_EDGE('',*,*,#3928,.T.);
#3669=ORIENTED_EDGE('',*,*,#3792,.T.);
#3670=ORIENTED_EDGE('',*,*,#4112,.T.);
#3671=ORIENTED_EDGE('',*,*,#3881,.F.);
#3672=ORIENTED_EDGE('',*,*,#4112,.F.);
#3673=ORIENTED_EDGE('',*,*,#3886,.T.);
#3674=ORIENTED_EDGE('',*,*,#4113,.T.);
#3675=ORIENTED_EDGE('',*,*,#3882,.F.);
#3676=ORIENTED_EDGE('',*,*,#4113,.F.);
#3677=ORIENTED_EDGE('',*,*,#3765,.T.);
#3678=ORIENTED_EDGE('',*,*,#3885,.T.);
#3679=EDGE_CURVE('',#4114,#4115,#4116,.F.);
#3680=EDGE_CURVE('',#4115,#4117,#4118,.F.);
#3681=EDGE_CURVE('',#4117,#4119,#4120,.F.);
#3682=EDGE_CURVE('',#4119,#4121,#4122,.F.);
#3683=EDGE_CURVE('',#4123,#4121,#4124,.T.);
#3684=EDGE_CURVE('',#4123,#4125,#4126,.T.);
#3685=EDGE_CURVE('',#4125,#4127,#4128,.T.);
#3686=EDGE_CURVE('',#4127,#4129,#4130,.T.);
#3687=EDGE_CURVE('',#4129,#4131,#4132,.T.);
#3688=EDGE_CURVE('',#4131,#4133,#4134,.T.);
#3689=EDGE_CURVE('',#4133,#4135,#4136,.T.);
#3690=EDGE_CURVE('',#4137,#4135,#4138,.T.);
#3691=EDGE_CURVE('',#4139,#4137,#4140,.F.);
#3692=EDGE_CURVE('',#4141,#4139,#4142,.T.);
#3693=EDGE_CURVE('',#4141,#4143,#4144,.T.);
#3694=EDGE_CURVE('',#4145,#4143,#4146,.T.);
#3695=EDGE_CURVE('',#4147,#4145,#4148,.T.);
#3696=EDGE_CURVE('',#4149,#4147,#4150,.T.);
#3697=EDGE_CURVE('',#4151,#4149,#4152,.T.);
#3698=EDGE_CURVE('',#4153,#4151,#4154,.T.);
#3699=EDGE_CURVE('',#4153,#4155,#4156,.F.);
#3700=EDGE_CURVE('',#4155,#4114,#4157,.F.);
#3701=EDGE_CURVE('',#4158,#4153,#4159,.F.);
#3702=EDGE_CURVE('',#4151,#4160,#4161,.T.);
#3703=EDGE_CURVE('',#4158,#4160,#4162,.T.);
#3704=EDGE_CURVE('',#4121,#4163,#4164,.F.);
#3705=EDGE_CURVE('',#4165,#4163,#4166,.T.);
#3706=EDGE_CURVE('',#4165,#4123,#4167,.T.);
#3707=EDGE_CURVE('',#4168,#4169,#4170,.T.);
#3708=EDGE_CURVE('',#4169,#4171,#4172,.T.);
#3709=EDGE_CURVE('',#4171,#4158,#4173,.T.);
#3710=EDGE_CURVE('',#4160,#4174,#4175,.T.);
#3711=EDGE_CURVE('',#4176,#4174,#4177,.T.);
#3712=EDGE_CURVE('',#4176,#4178,#4179,.F.);
#3713=EDGE_CURVE('',#4178,#4180,#4181,.T.);
#3714=EDGE_CURVE('',#4180,#4182,#4183,.F.);
#3715=EDGE_CURVE('',#4184,#4182,#4185,.T.);
#3716=EDGE_CURVE('',#4184,#4186,#4187,.F.);
#3717=EDGE_CURVE('',#4186,#4188,#4189,.T.);
#3718=EDGE_CURVE('',#4188,#4190,#4191,.F.);
#3719=EDGE_CURVE('',#4192,#4190,#4193,.T.);
#3720=EDGE_CURVE('',#4192,#4194,#4195,.F.);
#3721=EDGE_CURVE('',#4194,#4196,#4197,.T.);
#3722=EDGE_CURVE('',#4196,#4198,#4199,.F.);
#3723=EDGE_CURVE('',#4200,#4198,#4201,.T.);
#3724=EDGE_CURVE('',#4200,#4202,#4203,.F.);
#3725=EDGE_CURVE('',#4202,#4204,#4205,.T.);
#3726=EDGE_CURVE('',#4204,#4206,#4207,.F.);
#3727=EDGE_CURVE('',#4208,#4206,#4209,.T.);
#3728=EDGE_CURVE('',#4208,#4210,#4211,.F.);
#3729=EDGE_CURVE('',#4210,#4212,#4213,.T.);
#3730=EDGE_CURVE('',#4212,#4214,#4215,.F.);
#3731=EDGE_CURVE('',#4214,#4216,#4217,.T.);
#3732=EDGE_CURVE('',#4218,#4216,#4219,.T.);
#3733=EDGE_CURVE('',#4218,#4220,#4221,.T.);
#3734=EDGE_CURVE('',#4220,#4222,#4223,.F.);
#3735=EDGE_CURVE('',#4222,#4224,#4225,.F.);
#3736=EDGE_CURVE('',#4224,#4226,#4227,.F.);
#3737=EDGE_CURVE('',#4226,#4228,#4229,.F.);
#3738=EDGE_CURVE('',#4228,#4230,#4231,.F.);
#3739=EDGE_CURVE('',#4230,#4165,#4232,.F.);
#3740=EDGE_CURVE('',#4163,#4233,#4234,.T.);
#3741=EDGE_CURVE('',#4233,#4235,#4236,.T.);
#3742=EDGE_CURVE('',#4235,#4168,#4237,.T.);
#3743=EDGE_CURVE('',#4117,#4235,#4238,.T.);
#3744=EDGE_CURVE('',#4115,#4168,#4239,.T.);
#3745=EDGE_CURVE('',#4119,#4233,#4240,.T.);
#3746=EDGE_CURVE('',#4155,#4171,#4241,.T.);
#3747=EDGE_CURVE('',#4114,#4169,#4242,.T.);
#3748=EDGE_CURVE('',#4125,#4230,#4243,.T.);
#3749=EDGE_CURVE('',#4127,#4228,#4244,.T.);
#3750=EDGE_CURVE('',#4129,#4226,#4245,.T.);
#3751=EDGE_CURVE('',#4131,#4224,#4246,.T.);
#3752=EDGE_CURVE('',#4133,#4222,#4247,.T.);
#3753=EDGE_CURVE('',#4135,#4220,#4248,.T.);
#3754=EDGE_CURVE('',#4137,#4218,#4249,.T.);
#3755=EDGE_CURVE('',#4250,#4251,#4252,.F.);
#3756=EDGE_CURVE('',#4251,#4139,#4253,.F.);
#3757=EDGE_CURVE('',#4216,#4254,#4255,.T.);
#3758=EDGE_CURVE('',#4254,#4256,#4257,.T.);
#3759=EDGE_CURVE('',#4256,#4258,#4259,.T.);
#3760=EDGE_CURVE('',#4258,#4260,#4261,.T.);
#3761=EDGE_CURVE('',#4260,#4262,#4263,.T.);
#3762=EDGE_CURVE('',#4262,#4250,#4264,.F.);
#3763=EDGE_CURVE('',#4141,#4265,#4266,.T.);
#3764=EDGE_CURVE('',#4265,#4251,#4267,.T.);
#3765=EDGE_CURVE('',#4268,#4269,#4270,.T.);
#3766=EDGE_CURVE('',#4271,#4268,#4272,.T.);
#3767=EDGE_CURVE('',#4143,#4271,#4273,.T.);
#3768=EDGE_CURVE('',#4265,#4274,#4275,.T.);
#3769=EDGE_CURVE('',#4274,#4269,#4276,.T.);
#3770=EDGE_CURVE('',#4271,#4277,#4278,.T.);
#3771=EDGE_CURVE('',#4145,#4277,#4279,.T.);
#3772=EDGE_CURVE('',#4280,#4281,#4282,.T.);
#3773=EDGE_CURVE('',#4283,#4280,#4284,.T.);
#3774=EDGE_CURVE('',#4285,#4283,#4286,.T.);
#3775=EDGE_CURVE('',#4281,#4285,#4287,.T.);
#3776=EDGE_CURVE('',#4288,#4289,#4290,.T.);
#3777=EDGE_CURVE('',#4291,#4288,#4292,.T.);
#3778=EDGE_CURVE('',#4293,#4291,#4294,.T.);
#3779=EDGE_CURVE('',#4289,#4293,#4295,.T.);
#3780=EDGE_CURVE('',#4296,#4297,#4298,.T.);
#3781=EDGE_CURVE('',#4299,#4296,#4300,.T.);
#3782=EDGE_CURVE('',#4301,#4299,#4302,.T.);
#3783=EDGE_CURVE('',#4297,#4301,#4303,.T.);
#3784=EDGE_CURVE('',#4304,#4305,#4306,.T.);
#3785=EDGE_CURVE('',#4307,#4304,#4308,.T.);
#3786=EDGE_CURVE('',#4309,#4307,#4310,.T.);
#3787=EDGE_CURVE('',#4305,#4309,#4311,.T.);
#3788=EDGE_CURVE('',#4312,#4313,#4314,.T.);
#3789=EDGE_CURVE('',#4315,#4312,#4316,.T.);
#3790=EDGE_CURVE('',#4317,#4315,#4318,.T.);
#3791=EDGE_CURVE('',#4313,#4317,#4319,.T.);
#3792=EDGE_CURVE('',#4320,#4321,#4322,.F.);
#3793=EDGE_CURVE('',#4320,#4323,#4324,.F.);
#3794=EDGE_CURVE('',#4323,#4325,#4326,.F.);
#3795=EDGE_CURVE('',#4325,#4147,#4327,.F.);
#3796=EDGE_CURVE('',#4277,#4321,#4328,.T.);
#3797=EDGE_CURVE('',#4329,#4325,#4330,.T.);
#3798=EDGE_CURVE('',#4149,#4329,#4331,.T.);
#3799=EDGE_CURVE('',#4329,#4332,#4333,.T.);
#3800=EDGE_CURVE('',#4332,#4334,#4335,.T.);
#3801=EDGE_CURVE('',#4336,#4334,#4337,.T.);
#3802=EDGE_CURVE('',#4338,#4336,#4339,.T.);
#3803=EDGE_CURVE('',#4340,#4338,#4341,.T.);
#3804=EDGE_CURVE('',#4342,#4340,#4343,.T.);
#3805=EDGE_CURVE('',#4174,#4342,#4344,.T.);
#3806=EDGE_CURVE('',#4345,#4176,#4346,.F.);
#3807=EDGE_CURVE('',#4347,#4342,#4348,.T.);
#3808=EDGE_CURVE('',#4349,#4347,#4350,.T.);
#3809=EDGE_CURVE('',#4345,#4349,#4351,.T.);
#3810=EDGE_CURVE('',#4352,#4345,#4353,.F.);
#3811=EDGE_CURVE('',#4178,#4352,#4354,.T.);
#3812=EDGE_CURVE('',#4355,#4352,#4356,.T.);
#3813=EDGE_CURVE('',#4355,#4180,#4357,.T.);
#3814=EDGE_CURVE('',#4358,#4359,#4360,.T.);
#3815=EDGE_CURVE('',#4361,#4358,#4362,.T.);
#3816=EDGE_CURVE('',#4363,#4361,#4364,.T.);
#3817=EDGE_CURVE('',#4359,#4363,#4365,.T.);
#3818=EDGE_CURVE('',#4182,#4366,#4367,.F.);
#3819=EDGE_CURVE('',#4366,#4355,#4368,.F.);
#3820=EDGE_CURVE('',#4369,#4184,#4370,.F.);
#3821=EDGE_CURVE('',#4366,#4369,#4371,.T.);
#3822=EDGE_CURVE('',#4372,#4369,#4373,.F.);
#3823=EDGE_CURVE('',#4186,#4372,#4374,.T.);
#3824=EDGE_CURVE('',#4375,#4372,#4376,.T.);
#3825=EDGE_CURVE('',#4375,#4188,#4377,.T.);
#3826=EDGE_CURVE('',#4378,#4379,#4380,.T.);
#3827=EDGE_CURVE('',#4381,#4378,#4382,.T.);
#3828=EDGE_CURVE('',#4383,#4381,#4384,.T.);
#3829=EDGE_CURVE('',#4379,#4383,#4385,.T.);
#3830=EDGE_CURVE('',#4190,#4386,#4387,.F.);
#3831=EDGE_CURVE('',#4386,#4375,#4388,.F.);
#3832=EDGE_CURVE('',#4389,#4192,#4390,.F.);
#3833=EDGE_CURVE('',#4386,#4389,#4391,.T.);
#3834=EDGE_CURVE('',#4392,#4389,#4393,.F.);
#3835=EDGE_CURVE('',#4194,#4392,#4394,.T.);
#3836=EDGE_CURVE('',#4395,#4392,#4396,.T.);
#3837=EDGE_CURVE('',#4395,#4196,#4397,.T.);
#3838=EDGE_CURVE('',#4398,#4399,#4400,.T.);
#3839=EDGE_CURVE('',#4401,#4398,#4402,.T.);
#3840=EDGE_CURVE('',#4403,#4401,#4404,.T.);
#3841=EDGE_CURVE('',#4399,#4403,#4405,.T.);
#3842=EDGE_CURVE('',#4198,#4406,#4407,.F.);
#3843=EDGE_CURVE('',#4406,#4395,#4408,.F.);
#3844=EDGE_CURVE('',#4409,#4200,#4410,.F.);
#3845=EDGE_CURVE('',#4406,#4409,#4411,.T.);
#3846=EDGE_CURVE('',#4412,#4409,#4413,.F.);
#3847=EDGE_CURVE('',#4202,#4412,#4414,.T.);
#3848=EDGE_CURVE('',#4415,#4412,#4416,.T.);
#3849=EDGE_CURVE('',#4415,#4204,#4417,.T.);
#3850=EDGE_CURVE('',#4418,#4419,#4420,.T.);
#3851=EDGE_CURVE('',#4421,#4418,#4422,.T.);
#3852=EDGE_CURVE('',#4423,#4421,#4424,.T.);
#3853=EDGE_CURVE('',#4419,#4423,#4425,.T.);
#3854=EDGE_CURVE('',#4206,#4426,#4427,.F.);
#3855=EDGE_CURVE('',#4426,#4415,#4428,.F.);
#3856=EDGE_CURVE('',#4426,#4429,#4430,.T.);
#3857=EDGE_CURVE('',#4429,#4208,#4431,.F.);
#3858=EDGE_CURVE('',#4432,#4429,#4433,.F.);
#3859=EDGE_CURVE('',#4210,#4432,#4434,.T.);
#3860=EDGE_CURVE('',#4435,#4432,#4436,.T.);
#3861=EDGE_CURVE('',#4435,#4212,#4437,.T.);
#3862=EDGE_CURVE('',#4438,#4439,#4440,.T.);
#3863=EDGE_CURVE('',#4441,#4438,#4442,.T.);
#3864=EDGE_CURVE('',#4443,#4441,#4444,.T.);
#3865=EDGE_CURVE('',#4439,#4443,#4445,.T.);
#3866=EDGE_CURVE('',#4446,#4435,#4447,.F.);
#3867=EDGE_CURVE('',#4214,#4446,#4448,.F.);
#3868=EDGE_CURVE('',#4449,#4254,#4450,.T.);
#3869=EDGE_CURVE('',#4451,#4446,#4452,.F.);
#3870=EDGE_CURVE('',#4451,#4449,#4453,.T.);
#3871=EDGE_CURVE('',#4274,#4250,#4454,.T.);
#3872=EDGE_CURVE('',#4449,#4455,#4456,.F.);
#3873=EDGE_CURVE('',#4455,#4256,#4457,.T.);
#3874=EDGE_CURVE('',#4455,#4458,#4459,.F.);
#3875=EDGE_CURVE('',#4458,#4258,#4460,.T.);
#3876=EDGE_CURVE('',#4349,#4461,#4462,.T.);
#3877=EDGE_CURVE('',#4461,#4338,#4463,.T.);
#3878=EDGE_CURVE('',#4336,#4260,#4464,.T.);
#3879=EDGE_CURVE('',#4458,#4451,#4465,.F.);
#3880=EDGE_CURVE('',#4466,#4467,#4468,.F.);
#3881=EDGE_CURVE('',#4467,#4469,#4470,.T.);
#3882=EDGE_CURVE('',#4469,#4471,#4472,.T.);
#3883=EDGE_CURVE('',#4471,#4262,#4473,.T.);
#3884=EDGE_CURVE('',#4334,#4466,#4474,.T.);
#3885=EDGE_CURVE('',#4269,#4471,#4475,.F.);
#3886=EDGE_CURVE('',#4321,#4268,#4476,.T.);
#3887=EDGE_CURVE('',#4477,#4478,#4479,.T.);
#3888=EDGE_CURVE('',#4280,#4477,#4480,.T.);
#3889=EDGE_CURVE('',#4281,#4478,#4481,.T.);
#3890=EDGE_CURVE('',#4482,#4477,#4483,.T.);
#3891=EDGE_CURVE('',#4283,#4482,#4484,.T.);
#3892=EDGE_CURVE('',#4485,#4482,#4486,.T.);
#3893=EDGE_CURVE('',#4285,#4485,#4487,.T.);
#3894=EDGE_CURVE('',#4478,#4485,#4488,.T.);
#3895=EDGE_CURVE('',#4489,#4490,#4491,.T.);
#3896=EDGE_CURVE('',#4288,#4489,#4492,.T.);
#3897=EDGE_CURVE('',#4289,#4490,#4493,.T.);
#3898=EDGE_CURVE('',#4494,#4489,#4495,.T.);
#3899=EDGE_CURVE('',#4291,#4494,#4496,.T.);
#3900=EDGE_CURVE('',#4497,#4494,#4498,.T.);
#3901=EDGE_CURVE('',#4293,#4497,#4499,.T.);
#3902=EDGE_CURVE('',#4490,#4497,#4500,.T.);
#3903=EDGE_CURVE('',#4501,#4502,#4503,.T.);
#3904=EDGE_CURVE('',#4296,#4501,#4504,.T.);
#3905=EDGE_CURVE('',#4297,#4502,#4505,.T.);
#3906=EDGE_CURVE('',#4506,#4501,#4507,.T.);
#3907=EDGE_CURVE('',#4299,#4506,#4508,.T.);
#3908=EDGE_CURVE('',#4509,#4506,#4510,.T.);
#3909=EDGE_CURVE('',#4301,#4509,#4511,.T.);
#3910=EDGE_CURVE('',#4502,#4509,#4512,.T.);
#3911=EDGE_CURVE('',#4513,#4514,#4515,.T.);
#3912=EDGE_CURVE('',#4304,#4513,#4516,.T.);
#3913=EDGE_CURVE('',#4305,#4514,#4517,.T.);
#3914=EDGE_CURVE('',#4518,#4513,#4519,.T.);
#3915=EDGE_CURVE('',#4307,#4518,#4520,.T.);
#3916=EDGE_CURVE('',#4521,#4518,#4522,.T.);
#3917=EDGE_CURVE('',#4309,#4521,#4523,.T.);
#3918=EDGE_CURVE('',#4514,#4521,#4524,.T.);
#3919=EDGE_CURVE('',#4525,#4526,#4527,.T.);
#3920=EDGE_CURVE('',#4312,#4525,#4528,.T.);
#3921=EDGE_CURVE('',#4313,#4526,#4529,.T.);
#3922=EDGE_CURVE('',#4530,#4525,#4531,.T.);
#3923=EDGE_CURVE('',#4315,#4530,#4532,.T.);
#3924=EDGE_CURVE('',#4533,#4530,#4534,.T.);
#3925=EDGE_CURVE('',#4317,#4533,#4535,.T.);
#3926=EDGE_CURVE('',#4526,#4533,#4536,.T.);
#3927=EDGE_CURVE('',#4332,#4323,#4537,.T.);
#3928=EDGE_CURVE('',#4466,#4320,#4538,.F.);
#3929=EDGE_CURVE('',#4461,#4539,#4540,.F.);
#3930=EDGE_CURVE('',#4539,#4340,#4541,.T.);
#3931=EDGE_CURVE('',#4539,#4347,#4542,.F.);
#3932=EDGE_CURVE('',#4543,#4544,#4545,.T.);
#3933=EDGE_CURVE('',#4544,#4546,#4547,.T.);
#3934=EDGE_CURVE('',#4546,#4548,#4549,.T.);
#3935=EDGE_CURVE('',#4548,#4358,#4550,.T.);
#3936=EDGE_CURVE('',#4551,#4359,#4552,.T.);
#3937=EDGE_CURVE('',#4553,#4551,#4554,.T.);
#3938=EDGE_CURVE('',#4543,#4553,#4555,.T.);
#3939=EDGE_CURVE('',#4548,#4556,#4557,.T.);
#3940=EDGE_CURVE('',#4556,#4361,#4558,.T.);
#3941=EDGE_CURVE('',#4559,#4560,#4561,.T.);
#3942=EDGE_CURVE('',#4560,#4562,#4563,.T.);
#3943=EDGE_CURVE('',#4562,#4564,#4565,.T.);
#3944=EDGE_CURVE('',#4564,#4363,#4566,.T.);
#3945=EDGE_CURVE('',#4567,#4556,#4568,.T.);
#3946=EDGE_CURVE('',#4559,#4567,#4569,.T.);
#3947=EDGE_CURVE('',#4564,#4551,#4570,.T.);
#3948=EDGE_CURVE('',#4571,#4572,#4573,.T.);
#3949=EDGE_CURVE('',#4572,#4574,#4575,.T.);
#3950=EDGE_CURVE('',#4574,#4576,#4577,.T.);
#3951=EDGE_CURVE('',#4576,#4378,#4578,.T.);
#3952=EDGE_CURVE('',#4579,#4379,#4580,.T.);
#3953=EDGE_CURVE('',#4581,#4579,#4582,.T.);
#3954=EDGE_CURVE('',#4571,#4581,#4583,.T.);
#3955=EDGE_CURVE('',#4576,#4584,#4585,.T.);
#3956=EDGE_CURVE('',#4584,#4381,#4586,.T.);
#3957=EDGE_CURVE('',#4587,#4588,#4589,.T.);
#3958=EDGE_CURVE('',#4588,#4590,#4591,.T.);
#3959=EDGE_CURVE('',#4590,#4592,#4593,.T.);
#3960=EDGE_CURVE('',#4592,#4383,#4594,.T.);
#3961=EDGE_CURVE('',#4595,#4584,#4596,.T.);
#3962=EDGE_CURVE('',#4587,#4595,#4597,.T.);
#3963=EDGE_CURVE('',#4592,#4579,#4598,.T.);
#3964=EDGE_CURVE('',#4599,#4600,#4601,.T.);
#3965=EDGE_CURVE('',#4600,#4602,#4603,.T.);
#3966=EDGE_CURVE('',#4602,#4604,#4605,.T.);
#3967=EDGE_CURVE('',#4604,#4398,#4606,.T.);
#3968=EDGE_CURVE('',#4607,#4399,#4608,.T.);
#3969=EDGE_CURVE('',#4609,#4607,#4610,.T.);
#3970=EDGE_CURVE('',#4599,#4609,#4611,.T.);
#3971=EDGE_CURVE('',#4604,#4612,#4613,.T.);
#3972=EDGE_CURVE('',#4612,#4401,#4614,.T.);
#3973=EDGE_CURVE('',#4615,#4616,#4617,.T.);
#3974=EDGE_CURVE('',#4616,#4618,#4619,.T.);
#3975=EDGE_CURVE('',#4618,#4620,#4621,.T.);
#3976=EDGE_CURVE('',#4620,#4403,#4622,.T.);
#3977=EDGE_CURVE('',#4623,#4612,#4624,.T.);
#3978=EDGE_CURVE('',#4615,#4623,#4625,.T.);
#3979=EDGE_CURVE('',#4620,#4607,#4626,.T.);
#3980=EDGE_CURVE('',#4627,#4628,#4629,.T.);
#3981=EDGE_CURVE('',#4628,#4630,#4631,.T.);
#3982=EDGE_CURVE('',#4630,#4632,#4633,.T.);
#3983=EDGE_CURVE('',#4632,#4418,#4634,.T.);
#3984=EDGE_CURVE('',#4635,#4419,#4636,.T.);
#3985=EDGE_CURVE('',#4637,#4635,#4638,.T.);
#3986=EDGE_CURVE('',#4627,#4637,#4639,.T.);
#3987=EDGE_CURVE('',#4632,#4640,#4641,.T.);
#3988=EDGE_CURVE('',#4640,#4421,#4642,.T.);
#3989=EDGE_CURVE('',#4643,#4644,#4645,.T.);
#3990=EDGE_CURVE('',#4644,#4646,#4647,.T.);
#3991=EDGE_CURVE('',#4646,#4648,#4649,.T.);
#3992=EDGE_CURVE('',#4648,#4423,#4650,.T.);
#3993=EDGE_CURVE('',#4651,#4640,#4652,.T.);
#3994=EDGE_CURVE('',#4643,#4651,#4653,.T.);
#3995=EDGE_CURVE('',#4648,#4635,#4654,.T.);
#3996=EDGE_CURVE('',#4655,#4656,#4657,.T.);
#3997=EDGE_CURVE('',#4656,#4658,#4659,.T.);
#3998=EDGE_CURVE('',#4658,#4660,#4661,.T.);
#3999=EDGE_CURVE('',#4660,#4438,#4662,.T.);
#4000=EDGE_CURVE('',#4663,#4439,#4664,.T.);
#4001=EDGE_CURVE('',#4665,#4663,#4666,.T.);
#4002=EDGE_CURVE('',#4655,#4665,#4667,.T.);
#4003=EDGE_CURVE('',#4660,#4668,#4669,.T.);
#4004=EDGE_CURVE('',#4668,#4441,#4670,.T.);
#4005=EDGE_CURVE('',#4671,#4672,#4673,.T.);
#4006=EDGE_CURVE('',#4672,#4674,#4675,.T.);
#4007=EDGE_CURVE('',#4674,#4676,#4677,.T.);
#4008=EDGE_CURVE('',#4676,#4443,#4678,.T.);
#4009=EDGE_CURVE('',#4679,#4668,#4680,.T.);
#4010=EDGE_CURVE('',#4671,#4679,#4681,.T.);
#4011=EDGE_CURVE('',#4676,#4663,#4682,.T.);
#4012=EDGE_CURVE('',#4478,#4683,#4684,.T.);
#4013=EDGE_CURVE('',#4685,#4683,#4686,.T.);
#4014=EDGE_CURVE('',#4477,#4685,#4687,.T.);
#4015=EDGE_CURVE('',#4688,#4685,#4689,.T.);
#4016=EDGE_CURVE('',#4482,#4688,#4690,.T.);
#4017=EDGE_CURVE('',#4691,#4688,#4692,.T.);
#4018=EDGE_CURVE('',#4485,#4691,#4693,.T.);
#4019=EDGE_CURVE('',#4683,#4691,#4694,.T.);
#4020=EDGE_CURVE('',#4490,#4695,#4696,.T.);
#4021=EDGE_CURVE('',#4697,#4695,#4698,.T.);
#4022=EDGE_CURVE('',#4489,#4697,#4699,.T.);
#4023=EDGE_CURVE('',#4700,#4697,#4701,.T.);
#4024=EDGE_CURVE('',#4494,#4700,#4702,.T.);
#4025=EDGE_CURVE('',#4703,#4700,#4704,.T.);
#4026=EDGE_CURVE('',#4497,#4703,#4705,.T.);
#4027=EDGE_CURVE('',#4695,#4703,#4706,.T.);
#4028=EDGE_CURVE('',#4502,#4707,#4708,.T.);
#4029=EDGE_CURVE('',#4709,#4707,#4710,.T.);
#4030=EDGE_CURVE('',#4501,#4709,#4711,.T.);
#4031=EDGE_CURVE('',#4712,#4709,#4713,.T.);
#4032=EDGE_CURVE('',#4506,#4712,#4714,.T.);
#4033=EDGE_CURVE('',#4715,#4712,#4716,.T.);
#4034=EDGE_CURVE('',#4509,#4715,#4717,.T.);
#4035=EDGE_CURVE('',#4707,#4715,#4718,.T.);
#4036=EDGE_CURVE('',#4514,#4719,#4720,.T.);
#4037=EDGE_CURVE('',#4721,#4719,#4722,.T.);
#4038=EDGE_CURVE('',#4513,#4721,#4723,.T.);
#4039=EDGE_CURVE('',#4724,#4721,#4725,.T.);
#4040=EDGE_CURVE('',#4518,#4724,#4726,.T.);
#4041=EDGE_CURVE('',#4727,#4724,#4728,.T.);
#4042=EDGE_CURVE('',#4521,#4727,#4729,.T.);
#4043=EDGE_CURVE('',#4719,#4727,#4730,.T.);
#4044=EDGE_CURVE('',#4526,#4731,#4732,.T.);
#4045=EDGE_CURVE('',#4733,#4731,#4734,.T.);
#4046=EDGE_CURVE('',#4525,#4733,#4735,.T.);
#4047=EDGE_CURVE('',#4736,#4733,#4737,.T.);
#4048=EDGE_CURVE('',#4530,#4736,#4738,.T.);
#4049=EDGE_CURVE('',#4739,#4736,#4740,.T.);
#4050=EDGE_CURVE('',#4533,#4739,#4741,.T.);
#4051=EDGE_CURVE('',#4731,#4739,#4742,.T.);
#4052=EDGE_CURVE('',#4743,#4543,#4744,.F.);
#4053=EDGE_CURVE('',#4743,#4745,#4746,.T.);
#4054=EDGE_CURVE('',#4745,#4544,#4747,.F.);
#4055=EDGE_CURVE('',#4544,#4559,#4748,.T.);
#4056=EDGE_CURVE('',#4546,#4567,#4749,.T.);
#4057=EDGE_CURVE('',#4562,#4553,#4750,.T.);
#4058=EDGE_CURVE('',#4560,#4543,#4751,.T.);
#4059=EDGE_CURVE('',#4752,#4559,#4753,.F.);
#4060=EDGE_CURVE('',#4752,#4754,#4755,.T.);
#4061=EDGE_CURVE('',#4754,#4560,#4756,.F.);
#4062=EDGE_CURVE('',#4757,#4571,#4758,.F.);
#4063=EDGE_CURVE('',#4757,#4759,#4760,.T.);
#4064=EDGE_CURVE('',#4759,#4572,#4761,.F.);
#4065=EDGE_CURVE('',#4572,#4587,#4762,.T.);
#4066=EDGE_CURVE('',#4574,#4595,#4763,.T.);
#4067=EDGE_CURVE('',#4590,#4581,#4764,.T.);
#4068=EDGE_CURVE('',#4588,#4571,#4765,.T.);
#4069=EDGE_CURVE('',#4766,#4587,#4767,.F.);
#4070=EDGE_CURVE('',#4766,#4768,#4769,.T.);
#4071=EDGE_CURVE('',#4768,#4588,#4770,.F.);
#4072=EDGE_CURVE('',#4771,#4599,#4772,.F.);
#4073=EDGE_CURVE('',#4771,#4773,#4774,.T.);
#4074=EDGE_CURVE('',#4773,#4600,#4775,.F.);
#4075=EDGE_CURVE('',#4600,#4615,#4776,.T.);
#4076=EDGE_CURVE('',#4602,#4623,#4777,.T.);
#4077=EDGE_CURVE('',#4618,#4609,#4778,.T.);
#4078=EDGE_CURVE('',#4616,#4599,#4779,.T.);
#4079=EDGE_CURVE('',#4780,#4615,#4781,.F.);
#4080=EDGE_CURVE('',#4780,#4782,#4783,.T.);
#4081=EDGE_CURVE('',#4782,#4616,#4784,.F.);
#4082=EDGE_CURVE('',#4785,#4627,#4786,.F.);
#4083=EDGE_CURVE('',#4785,#4787,#4788,.T.);
#4084=EDGE_CURVE('',#4787,#4628,#4789,.F.);
#4085=EDGE_CURVE('',#4628,#4643,#4790,.T.);
#4086=EDGE_CURVE('',#4630,#4651,#4791,.T.);
#4087=EDGE_CURVE('',#4646,#4637,#4792,.T.);
#4088=EDGE_CURVE('',#4644,#4627,#4793,.T.);
#4089=EDGE_CURVE('',#4794,#4643,#4795,.F.);
#4090=EDGE_CURVE('',#4794,#4796,#4797,.T.);
#4091=EDGE_CURVE('',#4796,#4644,#4798,.F.);
#4092=EDGE_CURVE('',#4799,#4655,#4800,.F.);
#4093=EDGE_CURVE('',#4799,#4801,#4802,.T.);
#4094=EDGE_CURVE('',#4801,#4656,#4803,.F.);
#4095=EDGE_CURVE('',#4656,#4671,#4804,.T.);
#4096=EDGE_CURVE('',#4658,#4679,#4805,.T.);
#4097=EDGE_CURVE('',#4674,#4665,#4806,.T.);
#4098=EDGE_CURVE('',#4672,#4655,#4807,.T.);
#4099=EDGE_CURVE('',#4808,#4671,#4809,.F.);
#4100=EDGE_CURVE('',#4808,#4810,#4811,.T.);
#4101=EDGE_CURVE('',#4810,#4672,#4812,.F.);
#4102=EDGE_CURVE('',#4754,#4743,#4813,.T.);
#4103=EDGE_CURVE('',#4745,#4752,#4814,.T.);
#4104=EDGE_CURVE('',#4768,#4757,#4815,.T.);
#4105=EDGE_CURVE('',#4759,#4766,#4816,.T.);
#4106=EDGE_CURVE('',#4782,#4771,#4817,.T.);
#4107=EDGE_CURVE('',#4773,#4780,#4818,.T.);
#4108=EDGE_CURVE('',#4796,#4785,#4819,.T.);
#4109=EDGE_CURVE('',#4787,#4794,#4820,.T.);
#4110=EDGE_CURVE('',#4810,#4799,#4821,.T.);
#4111=EDGE_CURVE('',#4801,#4808,#4822,.T.);
#4112=EDGE_CURVE('',#4321,#4467,#4823,.F.);
#4113=EDGE_CURVE('',#4268,#4469,#4824,.F.);
#4114=VERTEX_POINT('',#4825);
#4115=VERTEX_POINT('',#4826);
#4116=LINE('',#4827,#4828);
#4117=VERTEX_POINT('',#4830);
#4118=CIRCLE('',#4831,0.6);
#4119=VERTEX_POINT('',#4835);
#4120=LINE('',#4836,#4837);
#4121=VERTEX_POINT('',#4839);
#4122=LINE('',#4840,#4841);
#4123=VERTEX_POINT('',#4843);
#4124=LINE('',#4844,#4845);
#4125=VERTEX_POINT('',#4847);
#4126=LINE('',#4848,#4849);
#4127=VERTEX_POINT('',#4851);
#4128=LINE('',#4852,#4853);
#4129=VERTEX_POINT('',#4855);
#4130=CIRCLE('',#4856,0.6);
#4131=VERTEX_POINT('',#4860);
#4132=LINE('',#4861,#4862);
#4133=VERTEX_POINT('',#4864);
#4134=LINE('',#4865,#4866);
#4135=VERTEX_POINT('',#4868);
#4136=LINE('',#4869,#4870);
#4137=VERTEX_POINT('',#4872);
#4138=LINE('',#4873,#4874);
#4139=VERTEX_POINT('',#4876);
#4140=LINE('',#4877,#4878);
#4141=VERTEX_POINT('',#4880);
#4142=LINE('',#4881,#4882);
#4143=VERTEX_POINT('',#4884);
#4144=LINE('',#4885,#4886);
#4145=VERTEX_POINT('',#4888);
#4146=LINE('',#4889,#4890);
#4147=VERTEX_POINT('',#4892);
#4148=LINE('',#4893,#4894);
#4149=VERTEX_POINT('',#4896);
#4150=LINE('',#4897,#4898);
#4151=VERTEX_POINT('',#4900);
#4152=LINE('',#4901,#4902);
#4153=VERTEX_POINT('',#4904);
#4154=LINE('',#4905,#4906);
#4155=VERTEX_POINT('',#4908);
#4156=LINE('',#4909,#4910);
#4157=LINE('',#4912,#4913);
#4158=VERTEX_POINT('',#4915);
#4159=LINE('',#4916,#4917);
#4160=VERTEX_POINT('',#4919);
#4161=LINE('',#4920,#4921);
#4162=LINE('',#4923,#4924);
#4163=VERTEX_POINT('',#4926);
#4164=LINE('',#4927,#4928);
#4165=VERTEX_POINT('',#4930);
#4166=LINE('',#4931,#4932);
#4167=LINE('',#4934,#4935);
#4168=VERTEX_POINT('',#4937);
#4169=VERTEX_POINT('',#4938);
#4170=LINE('',#4939,#4940);
#4171=VERTEX_POINT('',#4942);
#4172=LINE('',#4943,#4944);
#4173=LINE('',#4946,#4947);
#4174=VERTEX_POINT('',#4949);
#4175=LINE('',#4950,#4951);
#4176=VERTEX_POINT('',#4953);
#4177=LINE('',#4954,#4955);
#4178=VERTEX_POINT('',#4957);
#4179=LINE('',#4958,#4959);
#4180=VERTEX_POINT('',#4961);
#4181=LINE('',#4962,#4963);
#4182=VERTEX_POINT('',#4965);
#4183=LINE('',#4966,#4967);
#4184=VERTEX_POINT('',#4969);
#4185=LINE('',#4970,#4971);
#4186=VERTEX_POINT('',#4973);
#4187=LINE('',#4974,#4975);
#4188=VERTEX_POINT('',#4977);
#4189=LINE('',#4978,#4979);
#4190=VERTEX_POINT('',#4981);
#4191=LINE('',#4982,#4983);
#4192=VERTEX_POINT('',#4985);
#4193=LINE('',#4986,#4987);
#4194=VERTEX_POINT('',#4989);
#4195=LINE('',#4990,#4991);
#4196=VERTEX_POINT('',#4993);
#4197=LINE('',#4994,#4995);
#4198=VERTEX_POINT('',#4997);
#4199=LINE('',#4998,#4999);
#4200=VERTEX_POINT('',#5001);
#4201=LINE('',#5002,#5003);
#4202=VERTEX_POINT('',#5005);
#4203=LINE('',#5006,#5007);
#4204=VERTEX_POINT('',#5009);
#4205=LINE('',#5010,#5011);
#4206=VERTEX_POINT('',#5013);
#4207=LINE('',#5014,#5015);
#4208=VERTEX_POINT('',#5017);
#4209=LINE('',#5018,#5019);
#4210=VERTEX_POINT('',#5021);
#4211=LINE('',#5022,#5023);
#4212=VERTEX_POINT('',#5025);
#4213=LINE('',#5026,#5027);
#4214=VERTEX_POINT('',#5029);
#4215=LINE('',#5030,#5031);
#4216=VERTEX_POINT('',#5033);
#4217=LINE('',#5034,#5035);
#4218=VERTEX_POINT('',#5037);
#4219=LINE('',#5038,#5039);
#4220=VERTEX_POINT('',#5041);
#4221=LINE('',#5042,#5043);
#4222=VERTEX_POINT('',#5045);
#4223=LINE('',#5046,#5047);
#4224=VERTEX_POINT('',#5049);
#4225=LINE('',#5050,#5051);
#4226=VERTEX_POINT('',#5053);
#4227=LINE('',#5054,#5055);
#4228=VERTEX_POINT('',#5057);
#4229=CIRCLE('',#5058,0.6);
#4230=VERTEX_POINT('',#5062);
#4231=LINE('',#5063,#5064);
#4232=LINE('',#5066,#5067);
#4233=VERTEX_POINT('',#5069);
#4234=LINE('',#5070,#5071);
#4235=VERTEX_POINT('',#5073);
#4236=LINE('',#5074,#5075);
#4237=CIRCLE('',#5077,0.6);
#4238=LINE('',#5081,#5082);
#4239=LINE('',#5084,#5085);
#4240=LINE('',#5087,#5088);
#4241=LINE('',#5090,#5091);
#4242=LINE('',#5093,#5094);
#4243=LINE('',#5096,#5097);
#4244=LINE('',#5099,#5100);
#4245=LINE('',#5102,#5103);
#4246=LINE('',#5105,#5106);
#4247=LINE('',#5108,#5109);
#4248=LINE('',#5111,#5112);
#4249=LINE('',#5114,#5115);
#4250=VERTEX_POINT('',#5117);
#4251=VERTEX_POINT('',#5118);
#4252=LINE('',#5119,#5120);
#4253=CIRCLE('',#5122,0.6);
#4254=VERTEX_POINT('',#5126);
#4255=LINE('',#5127,#5128);
#4256=VERTEX_POINT('',#5130);
#4257=LINE('',#5131,#5132);
#4258=VERTEX_POINT('',#5134);
#4259=LINE('',#5135,#5136);
#4260=VERTEX_POINT('',#5138);
#4261=LINE('',#5139,#5140);
#4262=VERTEX_POINT('',#5142);
#4263=LINE('',#5143,#5144);
#4264=LINE('',#5146,#5147);
#4265=VERTEX_POINT('',#5149);
#4266=CIRCLE('',#5150,0.6);
#4267=LINE('',#5154,#5155);
#4268=VERTEX_POINT('',#5157);
#4269=VERTEX_POINT('',#5158);
#4270=LINE('',#5159,#5160);
#4271=VERTEX_POINT('',#5162);
#4272=LINE('',#5163,#5164);
#4273=LINE('',#5166,#5167);
#4274=VERTEX_POINT('',#5169);
#4275=LINE('',#5170,#5171);
#4276=LINE('',#5173,#5174);
#4277=VERTEX_POINT('',#5176);
#4278=LINE('',#5177,#5178);
#4279=LINE('',#5180,#5181);
#4280=VERTEX_POINT('',#5183);
#4281=VERTEX_POINT('',#5184);
#4282=LINE('',#5185,#5186);
#4283=VERTEX_POINT('',#5188);
#4284=LINE('',#5189,#5190);
#4285=VERTEX_POINT('',#5192);
#4286=LINE('',#5193,#5194);
#4287=LINE('',#5196,#5197);
#4288=VERTEX_POINT('',#5199);
#4289=VERTEX_POINT('',#5200);
#4290=LINE('',#5201,#5202);
#4291=VERTEX_POINT('',#5204);
#4292=LINE('',#5205,#5206);
#4293=VERTEX_POINT('',#5208);
#4294=LINE('',#5209,#5210);
#4295=LINE('',#5212,#5213);
#4296=VERTEX_POINT('',#5215);
#4297=VERTEX_POINT('',#5216);
#4298=LINE('',#5217,#5218);
#4299=VERTEX_POINT('',#5220);
#4300=LINE('',#5221,#5222);
#4301=VERTEX_POINT('',#5224);
#4302=LINE('',#5225,#5226);
#4303=LINE('',#5228,#5229);
#4304=VERTEX_POINT('',#5231);
#4305=VERTEX_POINT('',#5232);
#4306=LINE('',#5233,#5234);
#4307=VERTEX_POINT('',#5236);
#4308=LINE('',#5237,#5238);
#4309=VERTEX_POINT('',#5240);
#4310=LINE('',#5241,#5242);
#4311=LINE('',#5244,#5245);
#4312=VERTEX_POINT('',#5247);
#4313=VERTEX_POINT('',#5248);
#4314=LINE('',#5249,#5250);
#4315=VERTEX_POINT('',#5252);
#4316=LINE('',#5253,#5254);
#4317=VERTEX_POINT('',#5256);
#4318=LINE('',#5257,#5258);
#4319=LINE('',#5260,#5261);
#4320=VERTEX_POINT('',#5263);
#4321=VERTEX_POINT('',#5264);
#4322=LINE('',#5265,#5266);
#4323=VERTEX_POINT('',#5268);
#4324=LINE('',#5269,#5270);
#4325=VERTEX_POINT('',#5272);
#4326=LINE('',#5273,#5274);
#4327=CIRCLE('',#5276,0.6);
#4328=LINE('',#5280,#5281);
#4329=VERTEX_POINT('',#5283);
#4330=LINE('',#5284,#5285);
#4331=CIRCLE('',#5287,0.6);
#4332=VERTEX_POINT('',#5291);
#4333=LINE('',#5292,#5293);
#4334=VERTEX_POINT('',#5295);
#4335=LINE('',#5296,#5297);
#4336=VERTEX_POINT('',#5299);
#4337=LINE('',#5300,#5301);
#4338=VERTEX_POINT('',#5303);
#4339=LINE('',#5304,#5305);
#4340=VERTEX_POINT('',#5307);
#4341=LINE('',#5308,#5309);
#4342=VERTEX_POINT('',#5311);
#4343=LINE('',#5312,#5313);
#4344=LINE('',#5315,#5316);
#4345=VERTEX_POINT('',#5318);
#4346=LINE('',#5319,#5320);
#4347=VERTEX_POINT('',#5322);
#4348=LINE('',#5323,#5324);
#4349=VERTEX_POINT('',#5326);
#4350=LINE('',#5327,#5328);
#4351=LINE('',#5330,#5331);
#4352=VERTEX_POINT('',#5333);
#4353=LINE('',#5334,#5335);
#4354=LINE('',#5337,#5338);
#4355=VERTEX_POINT('',#5340);
#4356=LINE('',#5341,#5342);
#4357=LINE('',#5344,#5345);
#4358=VERTEX_POINT('',#5347);
#4359=VERTEX_POINT('',#5348);
#4360=LINE('',#5349,#5350);
#4361=VERTEX_POINT('',#5352);
#4362=LINE('',#5353,#5354);
#4363=VERTEX_POINT('',#5356);
#4364=LINE('',#5357,#5358);
#4365=LINE('',#5360,#5361);
#4366=VERTEX_POINT('',#5363);
#4367=LINE('',#5364,#5365);
#4368=LINE('',#5367,#5368);
#4369=VERTEX_POINT('',#5370);
#4370=LINE('',#5371,#5372);
#4371=LINE('',#5374,#5375);
#4372=VERTEX_POINT('',#5377);
#4373=LINE('',#5378,#5379);
#4374=LINE('',#5381,#5382);
#4375=VERTEX_POINT('',#5384);
#4376=LINE('',#5385,#5386);
#4377=LINE('',#5388,#5389);
#4378=VERTEX_POINT('',#5391);
#4379=VERTEX_POINT('',#5392);
#4380=LINE('',#5393,#5394);
#4381=VERTEX_POINT('',#5396);
#4382=LINE('',#5397,#5398);
#4383=VERTEX_POINT('',#5400);
#4384=LINE('',#5401,#5402);
#4385=LINE('',#5404,#5405);
#4386=VERTEX_POINT('',#5407);
#4387=LINE('',#5408,#5409);
#4388=LINE('',#5411,#5412);
#4389=VERTEX_POINT('',#5414);
#4390=LINE('',#5415,#5416);
#4391=LINE('',#5418,#5419);
#4392=VERTEX_POINT('',#5421);
#4393=LINE('',#5422,#5423);
#4394=LINE('',#5425,#5426);
#4395=VERTEX_POINT('',#5428);
#4396=LINE('',#5429,#5430);
#4397=LINE('',#5432,#5433);
#4398=VERTEX_POINT('',#5435);
#4399=VERTEX_POINT('',#5436);
#4400=LINE('',#5437,#5438);
#4401=VERTEX_POINT('',#5440);
#4402=LINE('',#5441,#5442);
#4403=VERTEX_POINT('',#5444);
#4404=LINE('',#5445,#5446);
#4405=LINE('',#5448,#5449);
#4406=VERTEX_POINT('',#5451);
#4407=LINE('',#5452,#5453);
#4408=LINE('',#5455,#5456);
#4409=VERTEX_POINT('',#5458);
#4410=LINE('',#5459,#5460);
#4411=LINE('',#5462,#5463);
#4412=VERTEX_POINT('',#5465);
#4413=LINE('',#5466,#5467);
#4414=LINE('',#5469,#5470);
#4415=VERTEX_POINT('',#5472);
#4416=LINE('',#5473,#5474);
#4417=LINE('',#5476,#5477);
#4418=VERTEX_POINT('',#5479);
#4419=VERTEX_POINT('',#5480);
#4420=LINE('',#5481,#5482);
#4421=VERTEX_POINT('',#5484);
#4422=LINE('',#5485,#5486);
#4423=VERTEX_POINT('',#5488);
#4424=LINE('',#5489,#5490);
#4425=LINE('',#5492,#5493);
#4426=VERTEX_POINT('',#5495);
#4427=LINE('',#5496,#5497);
#4428=LINE('',#5499,#5500);
#4429=VERTEX_POINT('',#5502);
#4430=LINE('',#5503,#5504);
#4431=LINE('',#5506,#5507);
#4432=VERTEX_POINT('',#5509);
#4433=LINE('',#5510,#5511);
#4434=LINE('',#5513,#5514);
#4435=VERTEX_POINT('',#5516);
#4436=LINE('',#5517,#5518);
#4437=LINE('',#5520,#5521);
#4438=VERTEX_POINT('',#5523);
#4439=VERTEX_POINT('',#5524);
#4440=LINE('',#5525,#5526);
#4441=VERTEX_POINT('',#5528);
#4442=LINE('',#5529,#5530);
#4443=VERTEX_POINT('',#5532);
#4444=LINE('',#5533,#5534);
#4445=LINE('',#5536,#5537);
#4446=VERTEX_POINT('',#5539);
#4447=LINE('',#5540,#5541);
#4448=LINE('',#5543,#5544);
#4449=VERTEX_POINT('',#5546);
#4450=LINE('',#5547,#5548);
#4451=VERTEX_POINT('',#5550);
#4452=LINE('',#5551,#5552);
#4453=LINE('',#5554,#5555);
#4454=LINE('',#5557,#5558);
#4455=VERTEX_POINT('',#5560);
#4456=LINE('',#5561,#5562);
#4457=LINE('',#5564,#5565);
#4458=VERTEX_POINT('',#5567);
#4459=LINE('',#5568,#5569);
#4460=LINE('',#5571,#5572);
#4461=VERTEX_POINT('',#5574);
#4462=LINE('',#5575,#5576);
#4463=LINE('',#5578,#5579);
#4464=LINE('',#5581,#5582);
#4465=LINE('',#5584,#5585);
#4466=VERTEX_POINT('',#5587);
#4467=VERTEX_POINT('',#5588);
#4468=LINE('',#5589,#5590);
#4469=VERTEX_POINT('',#5592);
#4470=LINE('',#5593,#5594);
#4471=VERTEX_POINT('',#5596);
#4472=LINE('',#5597,#5598);
#4473=LINE('',#5600,#5601);
#4474=LINE('',#5603,#5604);
#4475=LINE('',#5606,#5607);
#4476=LINE('',#5609,#5610);
#4477=VERTEX_POINT('',#5612);
#4478=VERTEX_POINT('',#5613);
#4479=LINE('',#5614,#5615);
#4480=LINE('',#5617,#5618);
#4481=LINE('',#5620,#5621);
#4482=VERTEX_POINT('',#5623);
#4483=LINE('',#5624,#5625);
#4484=LINE('',#5627,#5628);
#4485=VERTEX_POINT('',#5630);
#4486=LINE('',#5631,#5632);
#4487=LINE('',#5634,#5635);
#4488=LINE('',#5637,#5638);
#4489=VERTEX_POINT('',#5640);
#4490=VERTEX_POINT('',#5641);
#4491=LINE('',#5642,#5643);
#4492=LINE('',#5645,#5646);
#4493=LINE('',#5648,#5649);
#4494=VERTEX_POINT('',#5651);
#4495=LINE('',#5652,#5653);
#4496=LINE('',#5655,#5656);
#4497=VERTEX_POINT('',#5658);
#4498=LINE('',#5659,#5660);
#4499=LINE('',#5662,#5663);
#4500=LINE('',#5665,#5666);
#4501=VERTEX_POINT('',#5668);
#4502=VERTEX_POINT('',#5669);
#4503=LINE('',#5670,#5671);
#4504=LINE('',#5673,#5674);
#4505=LINE('',#5676,#5677);
#4506=VERTEX_POINT('',#5679);
#4507=LINE('',#5680,#5681);
#4508=LINE('',#5683,#5684);
#4509=VERTEX_POINT('',#5686);
#4510=LINE('',#5687,#5688);
#4511=LINE('',#5690,#5691);
#4512=LINE('',#5693,#5694);
#4513=VERTEX_POINT('',#5696);
#4514=VERTEX_POINT('',#5697);
#4515=LINE('',#5698,#5699);
#4516=LINE('',#5701,#5702);
#4517=LINE('',#5704,#5705);
#4518=VERTEX_POINT('',#5707);
#4519=LINE('',#5708,#5709);
#4520=LINE('',#5711,#5712);
#4521=VERTEX_POINT('',#5714);
#4522=LINE('',#5715,#5716);
#4523=LINE('',#5718,#5719);
#4524=LINE('',#5721,#5722);
#4525=VERTEX_POINT('',#5724);
#4526=VERTEX_POINT('',#5725);
#4527=LINE('',#5726,#5727);
#4528=LINE('',#5729,#5730);
#4529=LINE('',#5732,#5733);
#4530=VERTEX_POINT('',#5735);
#4531=LINE('',#5736,#5737);
#4532=LINE('',#5739,#5740);
#4533=VERTEX_POINT('',#5742);
#4534=LINE('',#5743,#5744);
#4535=LINE('',#5746,#5747);
#4536=LINE('',#5749,#5750);
#4537=LINE('',#5752,#5753);
#4538=LINE('',#5755,#5756);
#4539=VERTEX_POINT('',#5758);
#4540=LINE('',#5759,#5760);
#4541=LINE('',#5762,#5763);
#4542=LINE('',#5765,#5766);
#4543=VERTEX_POINT('',#5768);
#4544=VERTEX_POINT('',#5769);
#4545=LINE('',#5770,#5771);
#4546=VERTEX_POINT('',#5773);
#4547=LINE('',#5774,#5775);
#4548=VERTEX_POINT('',#5777);
#4549=CIRCLE('',#5778,0.28);
#4550=LINE('',#5782,#5783);
#4551=VERTEX_POINT('',#5785);
#4552=LINE('',#5786,#5787);
#4553=VERTEX_POINT('',#5789);
#4554=CIRCLE('',#5790,0.92);
#4555=LINE('',#5794,#5795);
#4556=VERTEX_POINT('',#5797);
#4557=LINE('',#5798,#5799);
#4558=LINE('',#5801,#5802);
#4559=VERTEX_POINT('',#5804);
#4560=VERTEX_POINT('',#5805);
#4561=LINE('',#5806,#5807);
#4562=VERTEX_POINT('',#5809);
#4563=LINE('',#5810,#5811);
#4564=VERTEX_POINT('',#5813);
#4565=CIRCLE('',#5814,0.92);
#4566=LINE('',#5818,#5819);
#4567=VERTEX_POINT('',#5821);
#4568=CIRCLE('',#5822,0.28);
#4569=LINE('',#5826,#5827);
#4570=LINE('',#5829,#5830);
#4571=VERTEX_POINT('',#5832);
#4572=VERTEX_POINT('',#5833);
#4573=LINE('',#5834,#5835);
#4574=VERTEX_POINT('',#5837);
#4575=LINE('',#5838,#5839);
#4576=VERTEX_POINT('',#5841);
#4577=CIRCLE('',#5842,0.28);
#4578=LINE('',#5846,#5847);
#4579=VERTEX_POINT('',#5849);
#4580=LINE('',#5850,#5851);
#4581=VERTEX_POINT('',#5853);
#4582=CIRCLE('',#5854,0.92);
#4583=LINE('',#5858,#5859);
#4584=VERTEX_POINT('',#5861);
#4585=LINE('',#5862,#5863);
#4586=LINE('',#5865,#5866);
#4587=VERTEX_POINT('',#5868);
#4588=VERTEX_POINT('',#5869);
#4589=LINE('',#5870,#5871);
#4590=VERTEX_POINT('',#5873);
#4591=LINE('',#5874,#5875);
#4592=VERTEX_POINT('',#5877);
#4593=CIRCLE('',#5878,0.92);
#4594=LINE('',#5882,#5883);
#4595=VERTEX_POINT('',#5885);
#4596=CIRCLE('',#5886,0.28);
#4597=LINE('',#5890,#5891);
#4598=LINE('',#5893,#5894);
#4599=VERTEX_POINT('',#5896);
#4600=VERTEX_POINT('',#5897);
#4601=LINE('',#5898,#5899);
#4602=VERTEX_POINT('',#5901);
#4603=LINE('',#5902,#5903);
#4604=VERTEX_POINT('',#5905);
#4605=CIRCLE('',#5906,0.28);
#4606=LINE('',#5910,#5911);
#4607=VERTEX_POINT('',#5913);
#4608=LINE('',#5914,#5915);
#4609=VERTEX_POINT('',#5917);
#4610=CIRCLE('',#5918,0.92);
#4611=LINE('',#5922,#5923);
#4612=VERTEX_POINT('',#5925);
#4613=LINE('',#5926,#5927);
#4614=LINE('',#5929,#5930);
#4615=VERTEX_POINT('',#5932);
#4616=VERTEX_POINT('',#5933);
#4617=LINE('',#5934,#5935);
#4618=VERTEX_POINT('',#5937);
#4619=LINE('',#5938,#5939);
#4620=VERTEX_POINT('',#5941);
#4621=CIRCLE('',#5942,0.92);
#4622=LINE('',#5946,#5947);
#4623=VERTEX_POINT('',#5949);
#4624=CIRCLE('',#5950,0.28);
#4625=LINE('',#5954,#5955);
#4626=LINE('',#5957,#5958);
#4627=VERTEX_POINT('',#5960);
#4628=VERTEX_POINT('',#5961);
#4629=LINE('',#5962,#5963);
#4630=VERTEX_POINT('',#5965);
#4631=LINE('',#5966,#5967);
#4632=VERTEX_POINT('',#5969);
#4633=CIRCLE('',#5970,0.28);
#4634=LINE('',#5974,#5975);
#4635=VERTEX_POINT('',#5977);
#4636=LINE('',#5978,#5979);
#4637=VERTEX_POINT('',#5981);
#4638=CIRCLE('',#5982,0.92);
#4639=LINE('',#5986,#5987);
#4640=VERTEX_POINT('',#5989);
#4641=LINE('',#5990,#5991);
#4642=LINE('',#5993,#5994);
#4643=VERTEX_POINT('',#5996);
#4644=VERTEX_POINT('',#5997);
#4645=LINE('',#5998,#5999);
#4646=VERTEX_POINT('',#6001);
#4647=LINE('',#6002,#6003);
#4648=VERTEX_POINT('',#6005);
#4649=CIRCLE('',#6006,0.92);
#4650=LINE('',#6010,#6011);
#4651=VERTEX_POINT('',#6013);
#4652=CIRCLE('',#6014,0.28);
#4653=LINE('',#6018,#6019);
#4654=LINE('',#6021,#6022);
#4655=VERTEX_POINT('',#6024);
#4656=VERTEX_POINT('',#6025);
#4657=LINE('',#6026,#6027);
#4658=VERTEX_POINT('',#6029);
#4659=LINE('',#6030,#6031);
#4660=VERTEX_POINT('',#6033);
#4661=CIRCLE('',#6034,0.28);
#4662=LINE('',#6038,#6039);
#4663=VERTEX_POINT('',#6041);
#4664=LINE('',#6042,#6043);
#4665=VERTEX_POINT('',#6045);
#4666=CIRCLE('',#6046,0.92);
#4667=LINE('',#6050,#6051);
#4668=VERTEX_POINT('',#6053);
#4669=LINE('',#6054,#6055);
#4670=LINE('',#6057,#6058);
#4671=VERTEX_POINT('',#6060);
#4672=VERTEX_POINT('',#6061);
#4673=LINE('',#6062,#6063);
#4674=VERTEX_POINT('',#6065);
#4675=LINE('',#6066,#6067);
#4676=VERTEX_POINT('',#6069);
#4677=CIRCLE('',#6070,0.92);
#4678=LINE('',#6074,#6075);
#4679=VERTEX_POINT('',#6077);
#4680=CIRCLE('',#6078,0.28);
#4681=LINE('',#6082,#6083);
#4682=LINE('',#6085,#6086);
#4683=VERTEX_POINT('',#6088);
#4684=LINE('',#6089,#6090);
#4685=VERTEX_POINT('',#6092);
#4686=LINE('',#6093,#6094);
#4687=LINE('',#6096,#6097);
#4688=VERTEX_POINT('',#6099);
#4689=LINE('',#6100,#6101);
#4690=LINE('',#6103,#6104);
#4691=VERTEX_POINT('',#6106);
#4692=LINE('',#6107,#6108);
#4693=LINE('',#6110,#6111);
#4694=LINE('',#6113,#6114);
#4695=VERTEX_POINT('',#6116);
#4696=LINE('',#6117,#6118);
#4697=VERTEX_POINT('',#6120);
#4698=LINE('',#6121,#6122);
#4699=LINE('',#6124,#6125);
#4700=VERTEX_POINT('',#6127);
#4701=LINE('',#6128,#6129);
#4702=LINE('',#6131,#6132);
#4703=VERTEX_POINT('',#6134);
#4704=LINE('',#6135,#6136);
#4705=LINE('',#6138,#6139);
#4706=LINE('',#6141,#6142);
#4707=VERTEX_POINT('',#6144);
#4708=LINE('',#6145,#6146);
#4709=VERTEX_POINT('',#6148);
#4710=LINE('',#6149,#6150);
#4711=LINE('',#6152,#6153);
#4712=VERTEX_POINT('',#6155);
#4713=LINE('',#6156,#6157);
#4714=LINE('',#6159,#6160);
#4715=VERTEX_POINT('',#6162);
#4716=LINE('',#6163,#6164);
#4717=LINE('',#6166,#6167);
#4718=LINE('',#6169,#6170);
#4719=VERTEX_POINT('',#6172);
#4720=LINE('',#6173,#6174);
#4721=VERTEX_POINT('',#6176);
#4722=LINE('',#6177,#6178);
#4723=LINE('',#6180,#6181);
#4724=VERTEX_POINT('',#6183);
#4725=LINE('',#6184,#6185);
#4726=LINE('',#6187,#6188);
#4727=VERTEX_POINT('',#6190);
#4728=LINE('',#6191,#6192);
#4729=LINE('',#6194,#6195);
#4730=LINE('',#6197,#6198);
#4731=VERTEX_POINT('',#6200);
#4732=LINE('',#6201,#6202);
#4733=VERTEX_POINT('',#6204);
#4734=LINE('',#6205,#6206);
#4735=LINE('',#6208,#6209);
#4736=VERTEX_POINT('',#6211);
#4737=LINE('',#6212,#6213);
#4738=LINE('',#6215,#6216);
#4739=VERTEX_POINT('',#6218);
#4740=LINE('',#6219,#6220);
#4741=LINE('',#6222,#6223);
#4742=LINE('',#6225,#6226);
#4743=VERTEX_POINT('',#6228);
#4744=LINE('',#6229,#6230);
#4745=VERTEX_POINT('',#6232);
#4746=LINE('',#6233,#6234);
#4747=LINE('',#6236,#6237);
#4748=LINE('',#6239,#6240);
#4749=LINE('',#6242,#6243);
#4750=LINE('',#6245,#6246);
#4751=LINE('',#6248,#6249);
#4752=VERTEX_POINT('',#6251);
#4753=LINE('',#6252,#6253);
#4754=VERTEX_POINT('',#6255);
#4755=LINE('',#6256,#6257);
#4756=LINE('',#6259,#6260);
#4757=VERTEX_POINT('',#6262);
#4758=LINE('',#6263,#6264);
#4759=VERTEX_POINT('',#6266);
#4760=LINE('',#6267,#6268);
#4761=LINE('',#6270,#6271);
#4762=LINE('',#6273,#6274);
#4763=LINE('',#6276,#6277);
#4764=LINE('',#6279,#6280);
#4765=LINE('',#6282,#6283);
#4766=VERTEX_POINT('',#6285);
#4767=LINE('',#6286,#6287);
#4768=VERTEX_POINT('',#6289);
#4769=LINE('',#6290,#6291);
#4770=LINE('',#6293,#6294);
#4771=VERTEX_POINT('',#6296);
#4772=LINE('',#6297,#6298);
#4773=VERTEX_POINT('',#6300);
#4774=LINE('',#6301,#6302);
#4775=LINE('',#6304,#6305);
#4776=LINE('',#6307,#6308);
#4777=LINE('',#6310,#6311);
#4778=LINE('',#6313,#6314);
#4779=LINE('',#6316,#6317);
#4780=VERTEX_POINT('',#6319);
#4781=LINE('',#6320,#6321);
#4782=VERTEX_POINT('',#6323);
#4783=LINE('',#6324,#6325);
#4784=LINE('',#6327,#6328);
#4785=VERTEX_POINT('',#6330);
#4786=LINE('',#6331,#6332);
#4787=VERTEX_POINT('',#6334);
#4788=LINE('',#6335,#6336);
#4789=LINE('',#6338,#6339);
#4790=LINE('',#6341,#6342);
#4791=LINE('',#6344,#6345);
#4792=LINE('',#6347,#6348);
#4793=LINE('',#6350,#6351);
#4794=VERTEX_POINT('',#6353);
#4795=LINE('',#6354,#6355);
#4796=VERTEX_POINT('',#6357);
#4797=LINE('',#6358,#6359);
#4798=LINE('',#6361,#6362);
#4799=VERTEX_POINT('',#6364);
#4800=LINE('',#6365,#6366);
#4801=VERTEX_POINT('',#6368);
#4802=LINE('',#6369,#6370);
#4803=LINE('',#6372,#6373);
#4804=LINE('',#6375,#6376);
#4805=LINE('',#6378,#6379);
#4806=LINE('',#6381,#6382);
#4807=LINE('',#6384,#6385);
#4808=VERTEX_POINT('',#6387);
#4809=LINE('',#6388,#6389);
#4810=VERTEX_POINT('',#6391);
#4811=LINE('',#6392,#6393);
#4812=LINE('',#6395,#6396);
#4813=LINE('',#6398,#6399);
#4814=LINE('',#6401,#6402);
#4815=LINE('',#6404,#6405);
#4816=LINE('',#6407,#6408);
#4817=LINE('',#6410,#6411);
#4818=LINE('',#6413,#6414);
#4819=LINE('',#6416,#6417);
#4820=LINE('',#6419,#6420);
#4821=LINE('',#6422,#6423);
#4822=LINE('',#6425,#6426);
#4823=LINE('',#6428,#6429);
#4824=LINE('',#6431,#6432);
#4825=CARTESIAN_POINT('',(10.5,-6.8,5.05));
#4826=CARTESIAN_POINT('',(10.5,-4.5,5.05));
#4827=CARTESIAN_POINT('',(10.5,-4.5,5.05));
#4828=VECTOR('',#4829,1.);
#4829=DIRECTION('',(0.,-1.,0.));
#4830=CARTESIAN_POINT('',(9.9,-3.9,5.05));
#4831=AXIS2_PLACEMENT_3D('',#4832,#4833,#4834);
#4832=CARTESIAN_POINT('',(9.9,-4.5,5.05));
#4833=DIRECTION('',(-0.,0.,-1.));
#4834=DIRECTION('',(0.,1.,0.));
#4835=CARTESIAN_POINT('',(8.75,-3.9,5.05));
#4836=CARTESIAN_POINT('',(8.75,-3.9,5.05));
#4837=VECTOR('',#4838,1.);
#4838=DIRECTION('',(1.,0.,0.));
#4839=CARTESIAN_POINT('',(8.75,-7.6,5.05));
#4840=CARTESIAN_POINT('',(8.75,-7.59999999999703,5.05));
#4841=VECTOR('',#4842,1.);
#4842=DIRECTION('',(0.,1.,0.));
#4843=CARTESIAN_POINT('',(1.25,-7.6,5.05));
#4844=CARTESIAN_POINT('',(1.25,-7.6,5.05));
#4845=VECTOR('',#4846,1.);
#4846=DIRECTION('',(1.,0.,0.));
#4847=CARTESIAN_POINT('',(1.25,-3.9,5.05));
#4848=CARTESIAN_POINT('',(1.25,-7.59999999999703,5.05));
#4849=VECTOR('',#4850,1.);
#4850=DIRECTION('',(6.00120553851917E-017,1.,0.));
#4851=CARTESIAN_POINT('',(0.1,-3.9,5.05));
#4852=CARTESIAN_POINT('',(1.25,-3.9,5.05));
#4853=VECTOR('',#4854,1.);
#4854=DIRECTION('',(-1.,0.,0.));
#4855=CARTESIAN_POINT('',(-0.5,-4.5,5.05));
#4856=AXIS2_PLACEMENT_3D('',#4857,#4858,#4859);
#4857=CARTESIAN_POINT('',(0.1,-4.5,5.05));
#4858=DIRECTION('',(0.,0.,1.));
#4859=DIRECTION('',(6.93889390390723E-017,1.,0.));
#4860=CARTESIAN_POINT('',(-0.5,-6.8,5.05));
#4861=CARTESIAN_POINT('',(-0.5,-4.5,5.05));
#4862=VECTOR('',#4863,1.);
#4863=DIRECTION('',(-9.65411325761006E-017,-1.,0.));
#4864=CARTESIAN_POINT('',(-0.1,-7.2,5.05));
#4865=CARTESIAN_POINT('',(-0.5,-6.8,5.05));
#4866=VECTOR('',#4867,1.);
#4867=DIRECTION('',(0.707106781186547,-0.707106781186548,0.));
#4868=CARTESIAN_POINT('',(-0.500000000002968,-7.6,5.05));
#4869=CARTESIAN_POINT('',(-0.1,-7.2,5.05));
#4870=VECTOR('',#4871,1.);
#4871=DIRECTION('',(-0.70710678118917,-0.707106781183925,0.));
#4872=CARTESIAN_POINT('',(-2.45,-7.59999999999773,5.05));
#4873=CARTESIAN_POINT('',(-2.45,-7.6,5.05));
#4874=VECTOR('',#4875,1.);
#4875=DIRECTION('',(1.,0.,0.));
#4876=CARTESIAN_POINT('',(-2.45,-5.1,5.05));
#4877=CARTESIAN_POINT('',(-2.45,-7.59999999999547,5.05));
#4878=VECTOR('',#4879,1.);
#4879=DIRECTION('',(0.,1.,0.));
#4880=CARTESIAN_POINT('',(-1.75,-5.1,5.05));
#4881=CARTESIAN_POINT('',(-1.74999999999999,-5.1,5.05));
#4882=VECTOR('',#4883,1.);
#4883=DIRECTION('',(-1.,0.,0.));
#4884=CARTESIAN_POINT('',(-1.75,-2.6,5.05));
#4885=CARTESIAN_POINT('',(-1.75,-5.1,5.05));
#4886=VECTOR('',#4887,1.);
#4887=DIRECTION('',(0.,1.,0.));
#4888=CARTESIAN_POINT('',(11.75,-2.6,5.05));
#4889=CARTESIAN_POINT('',(11.75,-2.6,5.05));
#4890=VECTOR('',#4891,1.);
#4891=DIRECTION('',(-1.,0.,0.));
#4892=CARTESIAN_POINT('',(11.75,-5.1,5.05));
#4893=CARTESIAN_POINT('',(11.75,-5.1,5.05));
#4894=VECTOR('',#4895,1.);
#4895=DIRECTION('',(0.,1.,0.));
#4896=CARTESIAN_POINT('',(12.45,-5.1,5.05));
#4897=CARTESIAN_POINT('',(12.45,-5.1,5.05));
#4898=VECTOR('',#4899,1.);
#4899=DIRECTION('',(-1.,0.,0.));
#4900=CARTESIAN_POINT('',(12.45,-7.59999999999773,5.05));
#4901=CARTESIAN_POINT('',(12.45,-7.59999999999547,5.05));
#4902=VECTOR('',#4903,1.);
#4903=DIRECTION('',(0.,1.,0.));
#4904=CARTESIAN_POINT('',(10.500000000003,-7.6,5.05));
#4905=CARTESIAN_POINT('',(10.500000000003,-7.6,5.05));
#4906=VECTOR('',#4907,1.);
#4907=DIRECTION('',(1.,0.,0.));
#4908=CARTESIAN_POINT('',(10.1,-7.2,5.05));
#4909=CARTESIAN_POINT('',(10.1,-7.2,5.05));
#4910=VECTOR('',#4911,1.);
#4911=DIRECTION('',(0.70710678118917,-0.707106781183925,0.));
#4912=CARTESIAN_POINT('',(10.5,-6.8,5.05));
#4913=VECTOR('',#4914,1.);
#4914=DIRECTION('',(-0.707106781186547,-0.707106781186547,0.));
#4915=CARTESIAN_POINT('',(10.4999999999984,-7.59999999999773,5.7500000000009));
#4916=CARTESIAN_POINT('',(10.500000000003,-7.6,5.05));
#4917=VECTOR('',#4918,1.);
#4918=DIRECTION('',(0.,0.,1.));
#4919=CARTESIAN_POINT('',(12.45,-7.59999999999547,5.7500000000018));
#4920=CARTESIAN_POINT('',(12.45,-7.6,5.05));
#4921=VECTOR('',#4922,1.);
#4922=DIRECTION('',(0.,0.,1.));
#4923=CARTESIAN_POINT('',(10.4999999999984,-7.59999999999547,5.75));
#4924=VECTOR('',#4925,1.);
#4925=DIRECTION('',(1.,0.,0.));
#4926=CARTESIAN_POINT('',(8.75,-7.59999999999773,5.7500000000009));
#4927=CARTESIAN_POINT('',(8.75,-7.6,5.75));
#4928=VECTOR('',#4929,1.);
#4929=DIRECTION('',(0.,0.,-1.));
#4930=CARTESIAN_POINT('',(1.25,-7.59999999999773,5.7500000000009));
#4931=CARTESIAN_POINT('',(1.25,-7.59999999999547,5.75));
#4932=VECTOR('',#4933,1.);
#4933=DIRECTION('',(1.,0.,0.));
#4934=CARTESIAN_POINT('',(1.25,-7.6,5.75));
#4935=VECTOR('',#4936,1.);
#4936=DIRECTION('',(0.,0.,-1.));
#4937=CARTESIAN_POINT('',(10.5,-4.5,5.75));
#4938=CARTESIAN_POINT('',(10.5,-6.8,5.75));
#4939=CARTESIAN_POINT('',(10.5,-4.5,5.75));
#4940=VECTOR('',#4941,1.);
#4941=DIRECTION('',(0.,-1.,0.));
#4942=CARTESIAN_POINT('',(10.1,-7.2,5.75));
#4943=CARTESIAN_POINT('',(10.5,-6.8,5.75));
#4944=VECTOR('',#4945,1.);
#4945=DIRECTION('',(-0.707106781186547,-0.707106781186547,0.));
#4946=CARTESIAN_POINT('',(10.1,-7.2,5.75));
#4947=VECTOR('',#4948,1.);
#4948=DIRECTION('',(0.70710678118917,-0.707106781183925,0.));
#4949=CARTESIAN_POINT('',(12.45,-0.600000000000001,5.7500000000018));
#4950=CARTESIAN_POINT('',(12.45,-7.59999999999547,5.75));
#4951=VECTOR('',#4952,1.);
#4952=DIRECTION('',(0.,1.,0.));
#4953=CARTESIAN_POINT('',(10.85,-0.6,5.75));
#4954=CARTESIAN_POINT('',(10.85,-0.6,5.75));
#4955=VECTOR('',#4956,1.);
#4956=DIRECTION('',(1.,-5.55111512312578E-016,0.));
#4957=CARTESIAN_POINT('',(10.85,-1.,5.75));
#4958=CARTESIAN_POINT('',(10.85,-1.,5.75));
#4959=VECTOR('',#4960,1.);
#4960=DIRECTION('',(0.,1.,0.));
#4961=CARTESIAN_POINT('',(9.15,-1.,5.75));
#4962=CARTESIAN_POINT('',(10.85,-1.,5.75));
#4963=VECTOR('',#4964,1.);
#4964=DIRECTION('',(-1.,0.,0.));
#4965=CARTESIAN_POINT('',(9.15,-0.6,5.75));
#4966=CARTESIAN_POINT('',(9.15,-0.6,5.75));
#4967=VECTOR('',#4968,1.);
#4968=DIRECTION('',(0.,-1.,0.));
#4969=CARTESIAN_POINT('',(8.35,-0.6,5.75));
#4970=CARTESIAN_POINT('',(8.35,-0.6,5.75));
#4971=VECTOR('',#4972,1.);
#4972=DIRECTION('',(1.,0.,0.));
#4973=CARTESIAN_POINT('',(8.35,-1.,5.75));
#4974=CARTESIAN_POINT('',(8.35,-1.,5.75));
#4975=VECTOR('',#4976,1.);
#4976=DIRECTION('',(0.,1.,0.));
#4977=CARTESIAN_POINT('',(6.65,-1.,5.75));
#4978=CARTESIAN_POINT('',(8.35,-1.,5.75));
#4979=VECTOR('',#4980,1.);
#4980=DIRECTION('',(-1.,0.,0.));
#4981=CARTESIAN_POINT('',(6.65,-0.6,5.75));
#4982=CARTESIAN_POINT('',(6.65,-0.6,5.75));
#4983=VECTOR('',#4984,1.);
#4984=DIRECTION('',(0.,-1.,0.));
#4985=CARTESIAN_POINT('',(5.85,-0.6,5.75));
#4986=CARTESIAN_POINT('',(5.85,-0.600000000000001,5.75));
#4987=VECTOR('',#4988,1.);
#4988=DIRECTION('',(1.,1.11022302462516E-015,0.));
#4989=CARTESIAN_POINT('',(5.85,-1.,5.75));
#4990=CARTESIAN_POINT('',(5.85,-1.,5.75));
#4991=VECTOR('',#4992,1.);
#4992=DIRECTION('',(0.,1.,0.));
#4993=CARTESIAN_POINT('',(4.15,-1.,5.75));
#4994=CARTESIAN_POINT('',(5.85,-1.,5.75));
#4995=VECTOR('',#4996,1.);
#4996=DIRECTION('',(-1.,0.,0.));
#4997=CARTESIAN_POINT('',(4.15,-0.6,5.75));
#4998=CARTESIAN_POINT('',(4.15,-0.6,5.75));
#4999=VECTOR('',#5000,1.);
#5000=DIRECTION('',(0.,-1.,0.));
#5001=CARTESIAN_POINT('',(3.35,-0.6,5.75));
#5002=CARTESIAN_POINT('',(3.35,-0.600000000000001,5.75));
#5003=VECTOR('',#5004,1.);
#5004=DIRECTION('',(1.,0.,0.));
#5005=CARTESIAN_POINT('',(3.35,-1.,5.75));
#5006=CARTESIAN_POINT('',(3.35,-1.,5.75));
#5007=VECTOR('',#5008,1.);
#5008=DIRECTION('',(0.,1.,0.));
#5009=CARTESIAN_POINT('',(1.65,-1.,5.75));
#5010=CARTESIAN_POINT('',(3.35,-1.,5.75));
#5011=VECTOR('',#5012,1.);
#5012=DIRECTION('',(-1.,0.,0.));
#5013=CARTESIAN_POINT('',(1.65,-0.6,5.75));
#5014=CARTESIAN_POINT('',(1.65,-0.6,5.75));
#5015=VECTOR('',#5016,1.);
#5016=DIRECTION('',(0.,-1.,0.));
#5017=CARTESIAN_POINT('',(0.85,-0.6,5.75));
#5018=CARTESIAN_POINT('',(0.85,-0.6,5.75));
#5019=VECTOR('',#5020,1.);
#5020=DIRECTION('',(1.,0.,0.));
#5021=CARTESIAN_POINT('',(0.85,-1.,5.75));
#5022=CARTESIAN_POINT('',(0.85,-1.,5.75));
#5023=VECTOR('',#5024,1.);
#5024=DIRECTION('',(0.,1.,0.));
#5025=CARTESIAN_POINT('',(-0.850000000000001,-1.,5.75));
#5026=CARTESIAN_POINT('',(0.85,-1.,5.75));
#5027=VECTOR('',#5028,1.);
#5028=DIRECTION('',(-1.,0.,0.));
#5029=CARTESIAN_POINT('',(-0.850000000000001,-0.6,5.75));
#5030=CARTESIAN_POINT('',(-0.850000000000001,-0.6,5.75));
#5031=VECTOR('',#5032,1.);
#5032=DIRECTION('',(0.,-1.,0.));
#5033=CARTESIAN_POINT('',(-2.45,-0.600000000000001,5.7500000000018));
#5034=CARTESIAN_POINT('',(-0.850000000000001,-0.6,5.75));
#5035=VECTOR('',#5036,1.);
#5036=DIRECTION('',(-1.,-5.55111512312578E-016,0.));
#5037=CARTESIAN_POINT('',(-2.45,-7.59999999999547,5.7500000000018));
#5038=CARTESIAN_POINT('',(-2.45,-7.59999999999547,5.75));
#5039=VECTOR('',#5040,1.);
#5040=DIRECTION('',(0.,1.,0.));
#5041=CARTESIAN_POINT('',(-0.500000000002967,-7.59999999999773,5.7500000000009));
#5042=CARTESIAN_POINT('',(-2.45,-7.59999999999547,5.75));
#5043=VECTOR('',#5044,1.);
#5044=DIRECTION('',(1.,0.,0.));
#5045=CARTESIAN_POINT('',(-0.1,-7.2,5.75));
#5046=CARTESIAN_POINT('',(-0.1,-7.2,5.75));
#5047=VECTOR('',#5048,1.);
#5048=DIRECTION('',(-0.70710678118917,-0.707106781183925,0.));
#5049=CARTESIAN_POINT('',(-0.5,-6.8,5.75));
#5050=CARTESIAN_POINT('',(-0.5,-6.8,5.75));
#5051=VECTOR('',#5052,1.);
#5052=DIRECTION('',(0.707106781186547,-0.707106781186548,0.));
#5053=CARTESIAN_POINT('',(-0.5,-4.5,5.75));
#5054=CARTESIAN_POINT('',(-0.5,-4.5,5.75));
#5055=VECTOR('',#5056,1.);
#5056=DIRECTION('',(-9.65411325761006E-017,-1.,0.));
#5057=CARTESIAN_POINT('',(0.1,-3.9,5.75));
#5058=AXIS2_PLACEMENT_3D('',#5059,#5060,#5061);
#5059=CARTESIAN_POINT('',(0.1,-4.5,5.75));
#5060=DIRECTION('',(0.,-0.,1.));
#5061=DIRECTION('',(6.93889390390723E-017,1.,0.));
#5062=CARTESIAN_POINT('',(1.25,-3.9,5.75));
#5063=CARTESIAN_POINT('',(1.25,-3.9,5.75));
#5064=VECTOR('',#5065,1.);
#5065=DIRECTION('',(-1.,0.,0.));
#5066=CARTESIAN_POINT('',(1.25,-7.59999999999547,5.75));
#5067=VECTOR('',#5068,1.);
#5068=DIRECTION('',(1.20024110770434E-016,1.,0.));
#5069=CARTESIAN_POINT('',(8.75,-3.9,5.75));
#5070=CARTESIAN_POINT('',(8.75,-7.59999999999547,5.75));
#5071=VECTOR('',#5072,1.);
#5072=DIRECTION('',(0.,1.,0.));
#5073=CARTESIAN_POINT('',(9.9,-3.9,5.75));
#5074=CARTESIAN_POINT('',(8.75,-3.9,5.75));
#5075=VECTOR('',#5076,1.);
#5076=DIRECTION('',(1.,0.,0.));
#5077=AXIS2_PLACEMENT_3D('',#5078,#5079,#5080);
#5078=CARTESIAN_POINT('',(9.9,-4.5,5.75));
#5079=DIRECTION('',(0.,0.,-1.));
#5080=DIRECTION('',(0.,1.,0.));
#5081=CARTESIAN_POINT('',(9.9,-3.9,5.05));
#5082=VECTOR('',#5083,1.);
#5083=DIRECTION('',(0.,0.,1.));
#5084=CARTESIAN_POINT('',(10.5,-4.5,5.05));
#5085=VECTOR('',#5086,1.);
#5086=DIRECTION('',(0.,0.,1.));
#5087=CARTESIAN_POINT('',(8.75,-3.9,5.05));
#5088=VECTOR('',#5089,1.);
#5089=DIRECTION('',(0.,0.,1.));
#5090=CARTESIAN_POINT('',(10.1,-7.2,5.05));
#5091=VECTOR('',#5092,1.);
#5092=DIRECTION('',(0.,0.,1.));
#5093=CARTESIAN_POINT('',(10.5,-6.8,5.05));
#5094=VECTOR('',#5095,1.);
#5095=DIRECTION('',(0.,0.,1.));
#5096=CARTESIAN_POINT('',(1.25,-3.9,5.05));
#5097=VECTOR('',#5098,1.);
#5098=DIRECTION('',(0.,0.,1.));
#5099=CARTESIAN_POINT('',(0.0999999999999999,-3.9,5.05));
#5100=VECTOR('',#5101,1.);
#5101=DIRECTION('',(0.,0.,1.));
#5102=CARTESIAN_POINT('',(-0.5,-4.5,5.05));
#5103=VECTOR('',#5104,1.);
#5104=DIRECTION('',(0.,0.,1.));
#5105=CARTESIAN_POINT('',(-0.5,-6.8,5.05));
#5106=VECTOR('',#5107,1.);
#5107=DIRECTION('',(0.,0.,1.));
#5108=CARTESIAN_POINT('',(-0.1,-7.2,5.05));
#5109=VECTOR('',#5110,1.);
#5110=DIRECTION('',(0.,0.,1.));
#5111=CARTESIAN_POINT('',(-0.500000000002967,-7.6,5.05));
#5112=VECTOR('',#5113,1.);
#5113=DIRECTION('',(0.,0.,1.));
#5114=CARTESIAN_POINT('',(-2.45,-7.6,5.05));
#5115=VECTOR('',#5116,1.);
#5116=DIRECTION('',(0.,0.,1.));
#5117=CARTESIAN_POINT('',(-2.45,-4.5,4.05));
#5118=CARTESIAN_POINT('',(-2.45,-4.5,4.45));
#5119=CARTESIAN_POINT('',(-2.45,-4.5,4.45));
#5120=VECTOR('',#5121,1.);
#5121=DIRECTION('',(0.,0.,-1.));
#5122=AXIS2_PLACEMENT_3D('',#5123,#5124,#5125);
#5123=CARTESIAN_POINT('',(-2.45,-5.1,4.45));
#5124=DIRECTION('',(-1.,0.,0.));
#5125=DIRECTION('',(0.,0.,1.));
#5126=CARTESIAN_POINT('',(-2.45,-0.600000000000001,5.00000000000469));
#5127=CARTESIAN_POINT('',(-2.45,-0.6,5.7500000000018));
#5128=VECTOR('',#5129,1.);
#5129=DIRECTION('',(0.,0.,-1.));
#5130=CARTESIAN_POINT('',(-2.45,3.90000000000471,1.99999999999042));
#5131=CARTESIAN_POINT('',(-2.45,-0.600000000000001,5.00000000000469));
#5132=VECTOR('',#5133,1.);
#5133=DIRECTION('',(0.,0.832050294336894,-0.554700196226653));
#5134=CARTESIAN_POINT('',(-2.45,3.90000000000471,-1.76504956151793E-012));
#5135=CARTESIAN_POINT('',(-2.45,3.90000000000471,1.99999999999042));
#5136=VECTOR('',#5137,1.);
#5137=DIRECTION('',(0.,0.,-1.));
#5138=CARTESIAN_POINT('',(-2.45,-7.59999999999547,-1.76541838544917E-012));
#5139=CARTESIAN_POINT('',(-2.45,3.90000000000471,0.));
#5140=VECTOR('',#5141,1.);
#5141=DIRECTION('',(0.,-1.,0.));
#5142=CARTESIAN_POINT('',(-2.45,-7.59999999999773,4.05));
#5143=CARTESIAN_POINT('',(-2.45,-7.6,-1.76541838544917E-012));
#5144=VECTOR('',#5145,1.);
#5145=DIRECTION('',(0.,0.,1.));
#5146=CARTESIAN_POINT('',(-2.45,-4.5,4.05));
#5147=VECTOR('',#5148,1.);
#5148=DIRECTION('',(0.,-1.,0.));
#5149=CARTESIAN_POINT('',(-1.75,-4.5,4.45));
#5150=AXIS2_PLACEMENT_3D('',#5151,#5152,#5153);
#5151=CARTESIAN_POINT('',(-1.75,-5.1,4.45));
#5152=DIRECTION('',(-1.,0.,0.));
#5153=DIRECTION('',(0.,0.,1.));
#5154=CARTESIAN_POINT('',(-1.75,-4.5,4.45));
#5155=VECTOR('',#5156,1.);
#5156=DIRECTION('',(-1.,0.,0.));
#5157=CARTESIAN_POINT('',(-1.75,-7.3,0.7));
#5158=CARTESIAN_POINT('',(-1.75,-7.3,4.05));
#5159=CARTESIAN_POINT('',(-1.75,-7.3,0.7));
#5160=VECTOR('',#5161,1.);
#5161=DIRECTION('',(0.,-2.65127886477649E-016,1.));
#5162=CARTESIAN_POINT('',(-1.75,-2.6,0.7));
#5163=CARTESIAN_POINT('',(-1.75,-2.6,0.7));
#5164=VECTOR('',#5165,1.);
#5165=DIRECTION('',(0.,-1.,0.));
#5166=CARTESIAN_POINT('',(-1.75,-2.6,5.05));
#5167=VECTOR('',#5168,1.);
#5168=DIRECTION('',(0.,0.,-1.));
#5169=CARTESIAN_POINT('',(-1.75,-4.5,4.05));
#5170=CARTESIAN_POINT('',(-1.75,-4.5,4.45));
#5171=VECTOR('',#5172,1.);
#5172=DIRECTION('',(0.,0.,-1.));
#5173=CARTESIAN_POINT('',(-1.75,-4.5,4.05));
#5174=VECTOR('',#5175,1.);
#5175=DIRECTION('',(0.,-1.,0.));
#5176=CARTESIAN_POINT('',(11.75,-2.6,0.7));
#5177=CARTESIAN_POINT('',(-1.75,-2.6,0.7));
#5178=VECTOR('',#5179,1.);
#5179=DIRECTION('',(1.,0.,0.));
#5180=CARTESIAN_POINT('',(11.75,-2.6,5.05));
#5181=VECTOR('',#5182,1.);
#5182=DIRECTION('',(0.,0.,-1.));
#5183=CARTESIAN_POINT('',(2.18,-2.6,3.87));
#5184=CARTESIAN_POINT('',(2.18,-2.6,3.23));
#5185=CARTESIAN_POINT('',(2.18,-2.6,3.87));
#5186=VECTOR('',#5187,1.);
#5187=DIRECTION('',(0.,0.,-1.));
#5188=CARTESIAN_POINT('',(2.82,-2.6,3.87));
#5189=CARTESIAN_POINT('',(2.82,-2.6,3.87));
#5190=VECTOR('',#5191,1.);
#5191=DIRECTION('',(-1.,0.,0.));
#5192=CARTESIAN_POINT('',(2.82,-2.6,3.23));
#5193=CARTESIAN_POINT('',(2.82,-2.6,3.23));
#5194=VECTOR('',#5195,1.);
#5195=DIRECTION('',(0.,0.,1.));
#5196=CARTESIAN_POINT('',(2.18,-2.6,3.23));
#5197=VECTOR('',#5198,1.);
#5198=DIRECTION('',(1.,0.,0.));
#5199=CARTESIAN_POINT('',(4.68,-2.6,3.87));
#5200=CARTESIAN_POINT('',(4.68,-2.6,3.23));
#5201=CARTESIAN_POINT('',(4.68,-2.6,3.87));
#5202=VECTOR('',#5203,1.);
#5203=DIRECTION('',(0.,0.,-1.));
#5204=CARTESIAN_POINT('',(5.32,-2.6,3.87));
#5205=CARTESIAN_POINT('',(5.32,-2.6,3.87));
#5206=VECTOR('',#5207,1.);
#5207=DIRECTION('',(-1.,0.,0.));
#5208=CARTESIAN_POINT('',(5.32,-2.6,3.23));
#5209=CARTESIAN_POINT('',(5.32,-2.6,3.23));
#5210=VECTOR('',#5211,1.);
#5211=DIRECTION('',(0.,0.,1.));
#5212=CARTESIAN_POINT('',(4.68,-2.6,3.23));
#5213=VECTOR('',#5214,1.);
#5214=DIRECTION('',(1.,0.,0.));
#5215=CARTESIAN_POINT('',(7.18,-2.6,3.87));
#5216=CARTESIAN_POINT('',(7.18,-2.6,3.23));
#5217=CARTESIAN_POINT('',(7.18,-2.6,3.87));
#5218=VECTOR('',#5219,1.);
#5219=DIRECTION('',(1.38777878078145E-015,0.,-1.));
#5220=CARTESIAN_POINT('',(7.82,-2.6,3.87));
#5221=CARTESIAN_POINT('',(7.82,-2.6,3.87));
#5222=VECTOR('',#5223,1.);
#5223=DIRECTION('',(-1.,0.,0.));
#5224=CARTESIAN_POINT('',(7.82,-2.6,3.23));
#5225=CARTESIAN_POINT('',(7.82,-2.6,3.23));
#5226=VECTOR('',#5227,1.);
#5227=DIRECTION('',(0.,0.,1.));
#5228=CARTESIAN_POINT('',(7.18,-2.6,3.23));
#5229=VECTOR('',#5230,1.);
#5230=DIRECTION('',(1.,0.,0.));
#5231=CARTESIAN_POINT('',(9.68,-2.6,3.87));
#5232=CARTESIAN_POINT('',(9.68,-2.6,3.23));
#5233=CARTESIAN_POINT('',(9.68,-2.6,3.87));
#5234=VECTOR('',#5235,1.);
#5235=DIRECTION('',(0.,0.,-1.));
#5236=CARTESIAN_POINT('',(10.32,-2.6,3.87));
#5237=CARTESIAN_POINT('',(10.32,-2.6,3.87));
#5238=VECTOR('',#5239,1.);
#5239=DIRECTION('',(-1.,0.,0.));
#5240=CARTESIAN_POINT('',(10.32,-2.6,3.23));
#5241=CARTESIAN_POINT('',(10.32,-2.6,3.23));
#5242=VECTOR('',#5243,1.);
#5243=DIRECTION('',(0.,0.,1.));
#5244=CARTESIAN_POINT('',(9.68,-2.6,3.23));
#5245=VECTOR('',#5246,1.);
#5246=DIRECTION('',(1.,0.,0.));
#5247=CARTESIAN_POINT('',(-0.32,-2.6,3.87));
#5248=CARTESIAN_POINT('',(-0.32,-2.6,3.23));
#5249=CARTESIAN_POINT('',(-0.32,-2.6,3.87));
#5250=VECTOR('',#5251,1.);
#5251=DIRECTION('',(-8.67361737988404E-017,0.,-1.));
#5252=CARTESIAN_POINT('',(0.32,-2.6,3.87));
#5253=CARTESIAN_POINT('',(0.32,-2.6,3.87));
#5254=VECTOR('',#5255,1.);
#5255=DIRECTION('',(-1.,0.,0.));
#5256=CARTESIAN_POINT('',(0.32,-2.6,3.23));
#5257=CARTESIAN_POINT('',(0.32,-2.6,3.23));
#5258=VECTOR('',#5259,1.);
#5259=DIRECTION('',(0.,0.,1.));
#5260=CARTESIAN_POINT('',(-0.32,-2.6,3.23));
#5261=VECTOR('',#5262,1.);
#5262=DIRECTION('',(1.,0.,0.));
#5263=CARTESIAN_POINT('',(11.75,-7.3,4.05));
#5264=CARTESIAN_POINT('',(11.75,-7.3,0.7));
#5265=CARTESIAN_POINT('',(11.75,-7.3,0.7));
#5266=VECTOR('',#5267,1.);
#5267=DIRECTION('',(0.,-2.65127886477649E-016,1.));
#5268=CARTESIAN_POINT('',(11.75,-4.5,4.05));
#5269=CARTESIAN_POINT('',(11.75,-4.5,4.05));
#5270=VECTOR('',#5271,1.);
#5271=DIRECTION('',(0.,-1.,0.));
#5272=CARTESIAN_POINT('',(11.75,-4.5,4.45));
#5273=CARTESIAN_POINT('',(11.75,-4.5,4.45));
#5274=VECTOR('',#5275,1.);
#5275=DIRECTION('',(0.,0.,-1.));
#5276=AXIS2_PLACEMENT_3D('',#5277,#5278,#5279);
#5277=CARTESIAN_POINT('',(11.75,-5.1,4.45));
#5278=DIRECTION('',(-1.,0.,0.));
#5279=DIRECTION('',(0.,0.,1.));
#5280=CARTESIAN_POINT('',(11.75,-2.6,0.7));
#5281=VECTOR('',#5282,1.);
#5282=DIRECTION('',(0.,-1.,0.));
#5283=CARTESIAN_POINT('',(12.45,-4.5,4.45));
#5284=CARTESIAN_POINT('',(12.45,-4.5,4.45));
#5285=VECTOR('',#5286,1.);
#5286=DIRECTION('',(-1.,0.,0.));
#5287=AXIS2_PLACEMENT_3D('',#5288,#5289,#5290);
#5288=CARTESIAN_POINT('',(12.45,-5.1,4.45));
#5289=DIRECTION('',(-1.,0.,0.));
#5290=DIRECTION('',(0.,0.,1.));
#5291=CARTESIAN_POINT('',(12.45,-4.5,4.05));
#5292=CARTESIAN_POINT('',(12.45,-4.5,4.45));
#5293=VECTOR('',#5294,1.);
#5294=DIRECTION('',(0.,0.,-1.));
#5295=CARTESIAN_POINT('',(12.45,-7.59999999999773,4.05));
#5296=CARTESIAN_POINT('',(12.45,-4.5,4.05));
#5297=VECTOR('',#5298,1.);
#5298=DIRECTION('',(0.,-1.,0.));
#5299=CARTESIAN_POINT('',(12.45,-7.59999999999547,-1.76541838544917E-012));
#5300=CARTESIAN_POINT('',(12.45,-7.6,-1.76541838544917E-012));
#5301=VECTOR('',#5302,1.);
#5302=DIRECTION('',(0.,0.,1.));
#5303=CARTESIAN_POINT('',(12.45,3.90000000000471,-1.76504956151793E-012));
#5304=CARTESIAN_POINT('',(12.45,3.90000000000471,0.));
#5305=VECTOR('',#5306,1.);
#5306=DIRECTION('',(0.,-1.,0.));
#5307=CARTESIAN_POINT('',(12.45,3.90000000000471,1.99999999999042));
#5308=CARTESIAN_POINT('',(12.45,3.90000000000471,1.99999999999042));
#5309=VECTOR('',#5310,1.);
#5310=DIRECTION('',(0.,0.,-1.));
#5311=CARTESIAN_POINT('',(12.45,-0.600000000000001,5.00000000000469));
#5312=CARTESIAN_POINT('',(12.45,-0.600000000000001,5.00000000000469));
#5313=VECTOR('',#5314,1.);
#5314=DIRECTION('',(0.,0.832050294336894,-0.554700196226653));
#5315=CARTESIAN_POINT('',(12.45,-0.6,5.7500000000018));
#5316=VECTOR('',#5317,1.);
#5317=DIRECTION('',(0.,0.,-1.));
#5318=CARTESIAN_POINT('',(10.85,-0.599999999999999,0.));
#5319=CARTESIAN_POINT('',(10.85,-0.6,5.75));
#5320=VECTOR('',#5321,1.);
#5321=DIRECTION('',(0.,0.,-1.));
#5322=CARTESIAN_POINT('',(11.75,-0.6,5.00000000000469));
#5323=CARTESIAN_POINT('',(11.75,-0.6,5.00000000000469));
#5324=VECTOR('',#5325,1.);
#5325=DIRECTION('',(1.,0.,0.));
#5326=CARTESIAN_POINT('',(11.75,-0.6,1.3322676295554E-014));
#5327=CARTESIAN_POINT('',(11.75,-0.6,1.3322676295554E-014));
#5328=VECTOR('',#5329,1.);
#5329=DIRECTION('',(0.,0.,1.));
#5330=CARTESIAN_POINT('',(10.85,-0.599999999999999,0.));
#5331=VECTOR('',#5332,1.);
#5332=DIRECTION('',(1.,-9.86864910777917E-016,0.));
#5333=CARTESIAN_POINT('',(10.85,-1.,0.));
#5334=CARTESIAN_POINT('',(10.85,-0.6,0.));
#5335=VECTOR('',#5336,1.);
#5336=DIRECTION('',(0.,-1.,0.));
#5337=CARTESIAN_POINT('',(10.85,-1.,5.75));
#5338=VECTOR('',#5339,1.);
#5339=DIRECTION('',(0.,0.,-1.));
#5340=CARTESIAN_POINT('',(9.15,-1.,0.));
#5341=CARTESIAN_POINT('',(9.15,-1.,0.));
#5342=VECTOR('',#5343,1.);
#5343=DIRECTION('',(1.,0.,0.));
#5344=CARTESIAN_POINT('',(9.15,-1.,0.));
#5345=VECTOR('',#5346,1.);
#5346=DIRECTION('',(0.,0.,1.));
#5347=CARTESIAN_POINT('',(9.68,-1.,3.23));
#5348=CARTESIAN_POINT('',(9.68,-1.,3.87));
#5349=CARTESIAN_POINT('',(9.68,-1.,3.23));
#5350=VECTOR('',#5351,1.);
#5351=DIRECTION('',(0.,0.,1.));
#5352=CARTESIAN_POINT('',(10.32,-1.,3.23));
#5353=CARTESIAN_POINT('',(10.32,-1.,3.23));
#5354=VECTOR('',#5355,1.);
#5355=DIRECTION('',(-1.,0.,0.));
#5356=CARTESIAN_POINT('',(10.32,-1.,3.87));
#5357=CARTESIAN_POINT('',(10.32,-1.,3.87));
#5358=VECTOR('',#5359,1.);
#5359=DIRECTION('',(0.,0.,-1.));
#5360=CARTESIAN_POINT('',(9.68,-1.,3.87));
#5361=VECTOR('',#5362,1.);
#5362=DIRECTION('',(1.,0.,0.));
#5363=CARTESIAN_POINT('',(9.15,-0.6,0.));
#5364=CARTESIAN_POINT('',(9.15,-0.6,0.));
#5365=VECTOR('',#5366,1.);
#5366=DIRECTION('',(0.,0.,1.));
#5367=CARTESIAN_POINT('',(9.15,-1.,0.));
#5368=VECTOR('',#5369,1.);
#5369=DIRECTION('',(0.,1.,0.));
#5370=CARTESIAN_POINT('',(8.35,-0.6,0.));
#5371=CARTESIAN_POINT('',(8.35,-0.6,5.75));
#5372=VECTOR('',#5373,1.);
#5373=DIRECTION('',(0.,0.,-1.));
#5374=CARTESIAN_POINT('',(9.15,-0.6,0.));
#5375=VECTOR('',#5376,1.);
#5376=DIRECTION('',(-1.,0.,0.));
#5377=CARTESIAN_POINT('',(8.35,-1.,0.));
#5378=CARTESIAN_POINT('',(8.35,-0.6,0.));
#5379=VECTOR('',#5380,1.);
#5380=DIRECTION('',(0.,-1.,0.));
#5381=CARTESIAN_POINT('',(8.35,-1.,5.75));
#5382=VECTOR('',#5383,1.);
#5383=DIRECTION('',(0.,0.,-1.));
#5384=CARTESIAN_POINT('',(6.65,-1.,0.));
#5385=CARTESIAN_POINT('',(6.65,-1.,0.));
#5386=VECTOR('',#5387,1.);
#5387=DIRECTION('',(1.,0.,0.));
#5388=CARTESIAN_POINT('',(6.65,-1.,0.));
#5389=VECTOR('',#5390,1.);
#5390=DIRECTION('',(-1.54465812121761E-016,0.,1.));
#5391=CARTESIAN_POINT('',(7.18,-1.,3.23));
#5392=CARTESIAN_POINT('',(7.18,-1.,3.87));
#5393=CARTESIAN_POINT('',(7.18,-1.,3.23));
#5394=VECTOR('',#5395,1.);
#5395=DIRECTION('',(0.,0.,1.));
#5396=CARTESIAN_POINT('',(7.82,-1.,3.23));
#5397=CARTESIAN_POINT('',(7.82,-1.,3.23));
#5398=VECTOR('',#5399,1.);
#5399=DIRECTION('',(-1.,0.,0.));
#5400=CARTESIAN_POINT('',(7.82,-1.,3.87));
#5401=CARTESIAN_POINT('',(7.82,-1.,3.87));
#5402=VECTOR('',#5403,1.);
#5403=DIRECTION('',(0.,0.,-1.));
#5404=CARTESIAN_POINT('',(7.18,-1.,3.87));
#5405=VECTOR('',#5406,1.);
#5406=DIRECTION('',(1.,0.,0.));
#5407=CARTESIAN_POINT('',(6.65,-0.6,0.));
#5408=CARTESIAN_POINT('',(6.65,-0.6,0.));
#5409=VECTOR('',#5410,1.);
#5410=DIRECTION('',(-1.54465812121761E-016,0.,1.));
#5411=CARTESIAN_POINT('',(6.65,-1.,0.));
#5412=VECTOR('',#5413,1.);
#5413=DIRECTION('',(0.,1.,0.));
#5414=CARTESIAN_POINT('',(5.85,-0.6,0.));
#5415=CARTESIAN_POINT('',(5.85,-0.6,5.75));
#5416=VECTOR('',#5417,1.);
#5417=DIRECTION('',(0.,0.,-1.));
#5418=CARTESIAN_POINT('',(6.65,-0.6,0.));
#5419=VECTOR('',#5420,1.);
#5420=DIRECTION('',(-1.,0.,0.));
#5421=CARTESIAN_POINT('',(5.85,-1.,0.));
#5422=CARTESIAN_POINT('',(5.85,-0.6,0.));
#5423=VECTOR('',#5424,1.);
#5424=DIRECTION('',(0.,-1.,0.));
#5425=CARTESIAN_POINT('',(5.85,-1.,5.75));
#5426=VECTOR('',#5427,1.);
#5427=DIRECTION('',(1.54465812121761E-016,0.,-1.));
#5428=CARTESIAN_POINT('',(4.15,-1.,0.));
#5429=CARTESIAN_POINT('',(4.15,-1.,0.));
#5430=VECTOR('',#5431,1.);
#5431=DIRECTION('',(1.,0.,0.));
#5432=CARTESIAN_POINT('',(4.15,-1.,0.));
#5433=VECTOR('',#5434,1.);
#5434=DIRECTION('',(-1.54465812121761E-016,0.,1.));
#5435=CARTESIAN_POINT('',(4.68,-1.,3.23));
#5436=CARTESIAN_POINT('',(4.68,-1.,3.87));
#5437=CARTESIAN_POINT('',(4.68,-1.,3.23));
#5438=VECTOR('',#5439,1.);
#5439=DIRECTION('',(0.,0.,1.));
#5440=CARTESIAN_POINT('',(5.32,-1.,3.23));
#5441=CARTESIAN_POINT('',(5.32,-1.,3.23));
#5442=VECTOR('',#5443,1.);
#5443=DIRECTION('',(-1.,0.,0.));
#5444=CARTESIAN_POINT('',(5.32,-1.,3.87));
#5445=CARTESIAN_POINT('',(5.32,-1.,3.87));
#5446=VECTOR('',#5447,1.);
#5447=DIRECTION('',(0.,0.,-1.));
#5448=CARTESIAN_POINT('',(4.68,-1.,3.87));
#5449=VECTOR('',#5450,1.);
#5450=DIRECTION('',(1.,0.,0.));
#5451=CARTESIAN_POINT('',(4.15,-0.6,0.));
#5452=CARTESIAN_POINT('',(4.15,-0.6,0.));
#5453=VECTOR('',#5454,1.);
#5454=DIRECTION('',(-1.54465812121761E-016,0.,1.));
#5455=CARTESIAN_POINT('',(4.15,-1.,0.));
#5456=VECTOR('',#5457,1.);
#5457=DIRECTION('',(0.,1.,0.));
#5458=CARTESIAN_POINT('',(3.35,-0.6,0.));
#5459=CARTESIAN_POINT('',(3.35,-0.6,5.75));
#5460=VECTOR('',#5461,1.);
#5461=DIRECTION('',(1.54465812121761E-016,0.,-1.));
#5462=CARTESIAN_POINT('',(4.15,-0.6,0.));
#5463=VECTOR('',#5464,1.);
#5464=DIRECTION('',(-1.,0.,0.));
#5465=CARTESIAN_POINT('',(3.35,-1.,0.));
#5466=CARTESIAN_POINT('',(3.35,-0.6,0.));
#5467=VECTOR('',#5468,1.);
#5468=DIRECTION('',(0.,-1.,0.));
#5469=CARTESIAN_POINT('',(3.35,-1.,5.75));
#5470=VECTOR('',#5471,1.);
#5471=DIRECTION('',(1.54465812121761E-016,0.,-1.));
#5472=CARTESIAN_POINT('',(1.65,-1.,0.));
#5473=CARTESIAN_POINT('',(1.65,-1.,0.));
#5474=VECTOR('',#5475,1.);
#5475=DIRECTION('',(1.,0.,0.));
#5476=CARTESIAN_POINT('',(1.65,-1.,0.));
#5477=VECTOR('',#5478,1.);
#5478=DIRECTION('',(-1.15849359091321E-016,0.,1.));
#5479=CARTESIAN_POINT('',(2.18,-1.,3.23));
#5480=CARTESIAN_POINT('',(2.18,-1.,3.87));
#5481=CARTESIAN_POINT('',(2.18,-1.,3.23));
#5482=VECTOR('',#5483,1.);
#5483=DIRECTION('',(0.,0.,1.));
#5484=CARTESIAN_POINT('',(2.82,-1.,3.23));
#5485=CARTESIAN_POINT('',(2.82,-1.,3.23));
#5486=VECTOR('',#5487,1.);
#5487=DIRECTION('',(-1.,0.,0.));
#5488=CARTESIAN_POINT('',(2.82,-1.,3.87));
#5489=CARTESIAN_POINT('',(2.82,-1.,3.87));
#5490=VECTOR('',#5491,1.);
#5491=DIRECTION('',(0.,0.,-1.));
#5492=CARTESIAN_POINT('',(2.18,-1.,3.87));
#5493=VECTOR('',#5494,1.);
#5494=DIRECTION('',(1.,0.,0.));
#5495=CARTESIAN_POINT('',(1.65,-0.6,0.));
#5496=CARTESIAN_POINT('',(1.65,-0.6,0.));
#5497=VECTOR('',#5498,1.);
#5498=DIRECTION('',(-1.15849359091321E-016,0.,1.));
#5499=CARTESIAN_POINT('',(1.65,-1.,0.));
#5500=VECTOR('',#5501,1.);
#5501=DIRECTION('',(0.,1.,0.));
#5502=CARTESIAN_POINT('',(0.85,-0.6,0.));
#5503=CARTESIAN_POINT('',(1.65,-0.6,0.));
#5504=VECTOR('',#5505,1.);
#5505=DIRECTION('',(-1.,0.,0.));
#5506=CARTESIAN_POINT('',(0.85,-0.6,5.75));
#5507=VECTOR('',#5508,1.);
#5508=DIRECTION('',(1.15849359091321E-016,0.,-1.));
#5509=CARTESIAN_POINT('',(0.85,-1.,0.));
#5510=CARTESIAN_POINT('',(0.85,-0.6,0.));
#5511=VECTOR('',#5512,1.);
#5512=DIRECTION('',(0.,-1.,0.));
#5513=CARTESIAN_POINT('',(0.85,-1.,5.75));
#5514=VECTOR('',#5515,1.);
#5515=DIRECTION('',(1.15849359091321E-016,0.,-1.));
#5516=CARTESIAN_POINT('',(-0.85,-1.,0.));
#5517=CARTESIAN_POINT('',(-0.850000000000001,-1.,0.));
#5518=VECTOR('',#5519,1.);
#5519=DIRECTION('',(1.,0.,0.));
#5520=CARTESIAN_POINT('',(-0.85,-1.,0.));
#5521=VECTOR('',#5522,1.);
#5522=DIRECTION('',(-1.15849359091321E-016,0.,1.));
#5523=CARTESIAN_POINT('',(-0.32,-1.,3.23));
#5524=CARTESIAN_POINT('',(-0.32,-1.,3.87));
#5525=CARTESIAN_POINT('',(-0.32,-1.,3.23));
#5526=VECTOR('',#5527,1.);
#5527=DIRECTION('',(0.,0.,1.));
#5528=CARTESIAN_POINT('',(0.32,-1.,3.23));
#5529=CARTESIAN_POINT('',(0.32,-1.,3.23));
#5530=VECTOR('',#5531,1.);
#5531=DIRECTION('',(-1.,0.,0.));
#5532=CARTESIAN_POINT('',(0.32,-1.,3.87));
#5533=CARTESIAN_POINT('',(0.32,-1.,3.87));
#5534=VECTOR('',#5535,1.);
#5535=DIRECTION('',(0.,0.,-1.));
#5536=CARTESIAN_POINT('',(-0.32,-1.,3.87));
#5537=VECTOR('',#5538,1.);
#5538=DIRECTION('',(1.,0.,0.));
#5539=CARTESIAN_POINT('',(-0.85,-0.6,0.));
#5540=CARTESIAN_POINT('',(-0.85,-1.,0.));
#5541=VECTOR('',#5542,1.);
#5542=DIRECTION('',(0.,1.,0.));
#5543=CARTESIAN_POINT('',(-0.85,-0.6,0.));
#5544=VECTOR('',#5545,1.);
#5545=DIRECTION('',(-1.15849359091321E-016,0.,1.));
#5546=CARTESIAN_POINT('',(-1.75,-0.6,5.00000000000469));
#5547=CARTESIAN_POINT('',(-1.75,-0.6,5.00000000000469));
#5548=VECTOR('',#5549,1.);
#5549=DIRECTION('',(-1.,0.,0.));
#5550=CARTESIAN_POINT('',(-1.75,-0.6,1.3322676295554E-014));
#5551=CARTESIAN_POINT('',(-0.85,-0.6,0.));
#5552=VECTOR('',#5553,1.);
#5553=DIRECTION('',(-1.,0.,0.));
#5554=CARTESIAN_POINT('',(-1.75,-0.6,1.3322676295554E-014));
#5555=VECTOR('',#5556,1.);
#5556=DIRECTION('',(0.,0.,1.));
#5557=CARTESIAN_POINT('',(-1.75,-4.5,4.05));
#5558=VECTOR('',#5559,1.);
#5559=DIRECTION('',(-1.,0.,0.));
#5560=CARTESIAN_POINT('',(-1.75,3.90000000000471,1.99999999999042));
#5561=CARTESIAN_POINT('',(-1.75,3.90000000000471,1.99999999999042));
#5562=VECTOR('',#5563,1.);
#5563=DIRECTION('',(0.,-0.832050294336894,0.554700196226653));
#5564=CARTESIAN_POINT('',(-1.75,3.90000000000471,1.99999999999042));
#5565=VECTOR('',#5566,1.);
#5566=DIRECTION('',(-1.,0.,0.));
#5567=CARTESIAN_POINT('',(-1.75,3.90000000000471,-8.82516282274537E-013));
#5568=CARTESIAN_POINT('',(-1.75,3.90000000000471,0.));
#5569=VECTOR('',#5570,1.);
#5570=DIRECTION('',(0.,0.,1.));
#5571=CARTESIAN_POINT('',(-1.75,3.90000000000471,-1.76503256454907E-012));
#5572=VECTOR('',#5573,1.);
#5573=DIRECTION('',(-1.,0.,0.));
#5574=CARTESIAN_POINT('',(11.75,3.90000000000471,-8.82516282274537E-013));
#5575=CARTESIAN_POINT('',(11.75,-0.6,0.));
#5576=VECTOR('',#5577,1.);
#5577=DIRECTION('',(0.,1.,0.));
#5578=CARTESIAN_POINT('',(11.75,3.90000000000471,-1.76503256454907E-012));
#5579=VECTOR('',#5580,1.);
#5580=DIRECTION('',(1.,0.,0.));
#5581=CARTESIAN_POINT('',(12.45,-7.59999999999547,0.));
#5582=VECTOR('',#5583,1.);
#5583=DIRECTION('',(-1.,0.,0.));
#5584=CARTESIAN_POINT('',(-1.75,-0.6,0.));
#5585=VECTOR('',#5586,1.);
#5586=DIRECTION('',(0.,1.,0.));
#5587=CARTESIAN_POINT('',(12.05,-7.6,4.05));
#5588=CARTESIAN_POINT('',(12.05,-7.6,0.4));
#5589=CARTESIAN_POINT('',(12.05,-7.6,0.4));
#5590=VECTOR('',#5591,1.);
#5591=DIRECTION('',(0.,0.,1.));
#5592=CARTESIAN_POINT('',(-2.05,-7.6,0.4));
#5593=CARTESIAN_POINT('',(12.05,-7.6,0.4));
#5594=VECTOR('',#5595,1.);
#5595=DIRECTION('',(-1.,0.,0.));
#5596=CARTESIAN_POINT('',(-2.05,-7.6,4.05));
#5597=CARTESIAN_POINT('',(-2.05,-7.6,0.4));
#5598=VECTOR('',#5599,1.);
#5599=DIRECTION('',(0.,0.,1.));
#5600=CARTESIAN_POINT('',(-2.05,-7.6,4.05));
#5601=VECTOR('',#5602,1.);
#5602=DIRECTION('',(-1.,0.,0.));
#5603=CARTESIAN_POINT('',(12.45,-7.6,4.05));
#5604=VECTOR('',#5605,1.);
#5605=DIRECTION('',(-1.,0.,0.));
#5606=CARTESIAN_POINT('',(-2.05,-7.6,4.05));
#5607=VECTOR('',#5608,1.);
#5608=DIRECTION('',(0.707106781186548,0.707106781186548,0.));
#5609=CARTESIAN_POINT('',(11.75,-7.3,0.7));
#5610=VECTOR('',#5611,1.);
#5611=DIRECTION('',(-1.,-6.57909940518611E-017,0.));
#5612=CARTESIAN_POINT('',(2.18,-6.72679491924311,3.87));
#5613=CARTESIAN_POINT('',(2.18,-6.72679491924311,3.23));
#5614=CARTESIAN_POINT('',(2.18,-6.72679491924311,3.87));
#5615=VECTOR('',#5616,1.);
#5616=DIRECTION('',(0.,0.,-1.));
#5617=CARTESIAN_POINT('',(2.18,-2.6,3.87));
#5618=VECTOR('',#5619,1.);
#5619=DIRECTION('',(0.,-1.,0.));
#5620=CARTESIAN_POINT('',(2.18,-2.6,3.23));
#5621=VECTOR('',#5622,1.);
#5622=DIRECTION('',(0.,-1.,0.));
#5623=CARTESIAN_POINT('',(2.82,-6.72679491924311,3.87));
#5624=CARTESIAN_POINT('',(2.82,-6.72679491924311,3.87));
#5625=VECTOR('',#5626,1.);
#5626=DIRECTION('',(-1.,1.38777878078145E-015,0.));
#5627=CARTESIAN_POINT('',(2.82,-2.6,3.87));
#5628=VECTOR('',#5629,1.);
#5629=DIRECTION('',(0.,-1.,0.));
#5630=CARTESIAN_POINT('',(2.82,-6.72679491924311,3.23));
#5631=CARTESIAN_POINT('',(2.82,-6.72679491924311,3.23));
#5632=VECTOR('',#5633,1.);
#5633=DIRECTION('',(0.,-1.38777878078145E-015,1.));
#5634=CARTESIAN_POINT('',(2.82,-2.6,3.23));
#5635=VECTOR('',#5636,1.);
#5636=DIRECTION('',(0.,-1.,0.));
#5637=CARTESIAN_POINT('',(2.18,-6.72679491924311,3.23));
#5638=VECTOR('',#5639,1.);
#5639=DIRECTION('',(1.,-1.38777878078145E-015,0.));
#5640=CARTESIAN_POINT('',(4.68,-6.72679491924311,3.87));
#5641=CARTESIAN_POINT('',(4.68,-6.72679491924311,3.23));
#5642=CARTESIAN_POINT('',(4.68,-6.72679491924311,3.87));
#5643=VECTOR('',#5644,1.);
#5644=DIRECTION('',(0.,0.,-1.));
#5645=CARTESIAN_POINT('',(4.68,-2.6,3.87));
#5646=VECTOR('',#5647,1.);
#5647=DIRECTION('',(0.,-1.,0.));
#5648=CARTESIAN_POINT('',(4.68,-2.6,3.23));
#5649=VECTOR('',#5650,1.);
#5650=DIRECTION('',(0.,-1.,0.));
#5651=CARTESIAN_POINT('',(5.32,-6.72679491924311,3.87));
#5652=CARTESIAN_POINT('',(5.32,-6.72679491924311,3.87));
#5653=VECTOR('',#5654,1.);
#5654=DIRECTION('',(-1.,-1.38777878078145E-015,0.));
#5655=CARTESIAN_POINT('',(5.32,-2.6,3.87));
#5656=VECTOR('',#5657,1.);
#5657=DIRECTION('',(0.,-1.,0.));
#5658=CARTESIAN_POINT('',(5.32,-6.72679491924311,3.23));
#5659=CARTESIAN_POINT('',(5.32,-6.72679491924311,3.23));
#5660=VECTOR('',#5661,1.);
#5661=DIRECTION('',(0.,-1.38777878078145E-015,1.));
#5662=CARTESIAN_POINT('',(5.32,-2.6,3.23));
#5663=VECTOR('',#5664,1.);
#5664=DIRECTION('',(0.,-1.,0.));
#5665=CARTESIAN_POINT('',(4.68,-6.72679491924311,3.23));
#5666=VECTOR('',#5667,1.);
#5667=DIRECTION('',(1.,-2.77555756156289E-015,0.));
#5668=CARTESIAN_POINT('',(7.18,-6.72679491924311,3.87));
#5669=CARTESIAN_POINT('',(7.18,-6.72679491924311,3.23));
#5670=CARTESIAN_POINT('',(7.18,-6.72679491924311,3.87));
#5671=VECTOR('',#5672,1.);
#5672=DIRECTION('',(0.,-2.7755575615629E-015,-1.));
#5673=CARTESIAN_POINT('',(7.18,-2.6,3.87));
#5674=VECTOR('',#5675,1.);
#5675=DIRECTION('',(0.,-1.,0.));
#5676=CARTESIAN_POINT('',(7.18,-2.6,3.23));
#5677=VECTOR('',#5678,1.);
#5678=DIRECTION('',(0.,-1.,0.));
#5679=CARTESIAN_POINT('',(7.82,-6.72679491924311,3.87));
#5680=CARTESIAN_POINT('',(7.82,-6.72679491924311,3.87));
#5681=VECTOR('',#5682,1.);
#5682=DIRECTION('',(-1.,-1.38777878078145E-015,0.));
#5683=CARTESIAN_POINT('',(7.82,-2.6,3.87));
#5684=VECTOR('',#5685,1.);
#5685=DIRECTION('',(0.,-1.,2.15222330423685E-016));
#5686=CARTESIAN_POINT('',(7.82,-6.72679491924311,3.23));
#5687=CARTESIAN_POINT('',(7.82,-6.72679491924311,3.23));
#5688=VECTOR('',#5689,1.);
#5689=DIRECTION('',(0.,1.38777878078145E-015,1.));
#5690=CARTESIAN_POINT('',(7.82,-2.6,3.23));
#5691=VECTOR('',#5692,1.);
#5692=DIRECTION('',(0.,-1.,0.));
#5693=CARTESIAN_POINT('',(7.18,-6.72679491924311,3.23));
#5694=VECTOR('',#5695,1.);
#5695=DIRECTION('',(1.,1.38777878078145E-015,0.));
#5696=CARTESIAN_POINT('',(9.68,-6.72679491924311,3.87));
#5697=CARTESIAN_POINT('',(9.68,-6.72679491924311,3.23));
#5698=CARTESIAN_POINT('',(9.68,-6.72679491924311,3.87));
#5699=VECTOR('',#5700,1.);
#5700=DIRECTION('',(0.,0.,-1.));
#5701=CARTESIAN_POINT('',(9.68,-2.6,3.87));
#5702=VECTOR('',#5703,1.);
#5703=DIRECTION('',(0.,-1.,0.));
#5704=CARTESIAN_POINT('',(9.68,-2.6,3.23));
#5705=VECTOR('',#5706,1.);
#5706=DIRECTION('',(0.,-1.,0.));
#5707=CARTESIAN_POINT('',(10.32,-6.72679491924311,3.87));
#5708=CARTESIAN_POINT('',(10.32,-6.72679491924311,3.87));
#5709=VECTOR('',#5710,1.);
#5710=DIRECTION('',(-1.,-1.38777878078144E-015,0.));
#5711=CARTESIAN_POINT('',(10.32,-2.6,3.87));
#5712=VECTOR('',#5713,1.);
#5713=DIRECTION('',(0.,-1.,0.));
#5714=CARTESIAN_POINT('',(10.32,-6.72679491924311,3.23));
#5715=CARTESIAN_POINT('',(10.32,-6.72679491924311,3.23));
#5716=VECTOR('',#5717,1.);
#5717=DIRECTION('',(0.,-1.38777878078145E-015,1.));
#5718=CARTESIAN_POINT('',(10.32,-2.6,3.23));
#5719=VECTOR('',#5720,1.);
#5720=DIRECTION('',(0.,-1.,0.));
#5721=CARTESIAN_POINT('',(9.68,-6.72679491924311,3.23));
#5722=VECTOR('',#5723,1.);
#5723=DIRECTION('',(1.,-2.77555756156289E-015,0.));
#5724=CARTESIAN_POINT('',(-0.32,-6.72679491924311,3.87));
#5725=CARTESIAN_POINT('',(-0.32,-6.72679491924311,3.23));
#5726=CARTESIAN_POINT('',(-0.32,-6.72679491924311,3.87));
#5727=VECTOR('',#5728,1.);
#5728=DIRECTION('',(0.,0.,-1.));
#5729=CARTESIAN_POINT('',(-0.32,-2.6,3.87));
#5730=VECTOR('',#5731,1.);
#5731=DIRECTION('',(0.,-1.,0.));
#5732=CARTESIAN_POINT('',(-0.32,-2.6,3.23));
#5733=VECTOR('',#5734,1.);
#5734=DIRECTION('',(0.,-1.,0.));
#5735=CARTESIAN_POINT('',(0.32,-6.72679491924311,3.87));
#5736=CARTESIAN_POINT('',(0.32,-6.72679491924311,3.87));
#5737=VECTOR('',#5738,1.);
#5738=DIRECTION('',(-1.,1.38777878078145E-015,0.));
#5739=CARTESIAN_POINT('',(0.32,-2.6,3.87));
#5740=VECTOR('',#5741,1.);
#5741=DIRECTION('',(0.,-1.,-2.15222330423685E-016));
#5742=CARTESIAN_POINT('',(0.32,-6.72679491924311,3.23));
#5743=CARTESIAN_POINT('',(0.32,-6.72679491924311,3.23));
#5744=VECTOR('',#5745,1.);
#5745=DIRECTION('',(0.,-1.38777878078145E-015,1.));
#5746=CARTESIAN_POINT('',(0.32,-2.6,3.23));
#5747=VECTOR('',#5748,1.);
#5748=DIRECTION('',(0.,-1.,0.));
#5749=CARTESIAN_POINT('',(-0.32,-6.72679491924311,3.23));
#5750=VECTOR('',#5751,1.);
#5751=DIRECTION('',(1.,1.38777878078145E-015,0.));
#5752=CARTESIAN_POINT('',(12.45,-4.5,4.05));
#5753=VECTOR('',#5754,1.);
#5754=DIRECTION('',(-1.,0.,0.));
#5755=CARTESIAN_POINT('',(11.75,-7.3,4.05));
#5756=VECTOR('',#5757,1.);
#5757=DIRECTION('',(0.707106781186554,-0.707106781186541,0.));
#5758=CARTESIAN_POINT('',(11.75,3.90000000000471,1.99999999999042));
#5759=CARTESIAN_POINT('',(11.75,3.90000000000471,1.99999999999042));
#5760=VECTOR('',#5761,1.);
#5761=DIRECTION('',(0.,0.,-1.));
#5762=CARTESIAN_POINT('',(11.75,3.90000000000471,1.99999999999042));
#5763=VECTOR('',#5764,1.);
#5764=DIRECTION('',(1.,0.,0.));
#5765=CARTESIAN_POINT('',(11.75,-0.6,5.00000000000469));
#5766=VECTOR('',#5767,1.);
#5767=DIRECTION('',(0.,0.832050294336894,-0.554700196226653));
#5768=CARTESIAN_POINT('',(9.68,0.32,-3.12679491924311));
#5769=CARTESIAN_POINT('',(9.68,-0.32,-3.12679491924311));
#5770=CARTESIAN_POINT('',(9.68,0.32,-3.12679491924311));
#5771=VECTOR('',#5772,1.);
#5772=DIRECTION('',(0.,-1.,0.));
#5773=CARTESIAN_POINT('',(9.68,-0.32,2.95));
#5774=CARTESIAN_POINT('',(9.68,-0.32,-3.12679491924311));
#5775=VECTOR('',#5776,1.);
#5776=DIRECTION('',(0.,0.,1.));
#5777=CARTESIAN_POINT('',(9.68,-0.600000000000001,3.23));
#5778=AXIS2_PLACEMENT_3D('',#5779,#5780,#5781);
#5779=CARTESIAN_POINT('',(9.68,-0.6,2.95));
#5780=DIRECTION('',(1.,0.,-0.));
#5781=DIRECTION('',(0.,1.,1.58603289232165E-015));
#5782=CARTESIAN_POINT('',(9.68,-0.600000000000001,3.23));
#5783=VECTOR('',#5784,1.);
#5784=DIRECTION('',(0.,-1.,0.));
#5785=CARTESIAN_POINT('',(9.68,-0.6,3.87));
#5786=CARTESIAN_POINT('',(9.68,-0.6,3.87));
#5787=VECTOR('',#5788,1.);
#5788=DIRECTION('',(0.,-1.,0.));
#5789=CARTESIAN_POINT('',(9.68,0.32,2.95));
#5790=AXIS2_PLACEMENT_3D('',#5791,#5792,#5793);
#5791=CARTESIAN_POINT('',(9.68,-0.6,2.95));
#5792=DIRECTION('',(1.,0.,0.));
#5793=DIRECTION('',(0.,1.,9.65411325761006E-016));
#5794=CARTESIAN_POINT('',(9.68,0.32,-3.12679491924311));
#5795=VECTOR('',#5796,1.);
#5796=DIRECTION('',(0.,0.,1.));
#5797=CARTESIAN_POINT('',(10.32,-0.600000000000001,3.23));
#5798=CARTESIAN_POINT('',(9.68,-0.600000000000001,3.23));
#5799=VECTOR('',#5800,1.);
#5800=DIRECTION('',(1.,0.,0.));
#5801=CARTESIAN_POINT('',(10.32,-0.600000000000001,3.23));
#5802=VECTOR('',#5803,1.);
#5803=DIRECTION('',(0.,-1.,0.));
#5804=CARTESIAN_POINT('',(10.32,-0.32,-3.12679491924311));
#5805=CARTESIAN_POINT('',(10.32,0.32,-3.12679491924311));
#5806=CARTESIAN_POINT('',(10.32,-0.32,-3.12679491924311));
#5807=VECTOR('',#5808,1.);
#5808=DIRECTION('',(0.,1.,0.));
#5809=CARTESIAN_POINT('',(10.32,0.32,2.95));
#5810=CARTESIAN_POINT('',(10.32,0.32,-3.12679491924311));
#5811=VECTOR('',#5812,1.);
#5812=DIRECTION('',(0.,0.,1.));
#5813=CARTESIAN_POINT('',(10.32,-0.6,3.87));
#5814=AXIS2_PLACEMENT_3D('',#5815,#5816,#5817);
#5815=CARTESIAN_POINT('',(10.32,-0.6,2.95));
#5816=DIRECTION('',(1.,0.,-0.));
#5817=DIRECTION('',(0.,1.,9.65411325761006E-016));
#5818=CARTESIAN_POINT('',(10.32,-0.6,3.87));
#5819=VECTOR('',#5820,1.);
#5820=DIRECTION('',(0.,-1.,2.22044604925031E-015));
#5821=CARTESIAN_POINT('',(10.32,-0.32,2.95));
#5822=AXIS2_PLACEMENT_3D('',#5823,#5824,#5825);
#5823=CARTESIAN_POINT('',(10.32,-0.6,2.95));
#5824=DIRECTION('',(1.,0.,-0.));
#5825=DIRECTION('',(0.,1.,1.58603289232165E-015));
#5826=CARTESIAN_POINT('',(10.32,-0.32,-3.12679491924311));
#5827=VECTOR('',#5828,1.);
#5828=DIRECTION('',(0.,0.,1.));
#5829=CARTESIAN_POINT('',(10.32,-0.6,3.87));
#5830=VECTOR('',#5831,1.);
#5831=DIRECTION('',(-1.,0.,0.));
#5832=CARTESIAN_POINT('',(7.18,0.32,-3.12679491924311));
#5833=CARTESIAN_POINT('',(7.18,-0.32,-3.12679491924311));
#5834=CARTESIAN_POINT('',(7.18,0.32,-3.12679491924311));
#5835=VECTOR('',#5836,1.);
#5836=DIRECTION('',(0.,-1.,0.));
#5837=CARTESIAN_POINT('',(7.18,-0.32,2.95));
#5838=CARTESIAN_POINT('',(7.18,-0.32,-3.12679491924311));
#5839=VECTOR('',#5840,1.);
#5840=DIRECTION('',(0.,0.,1.));
#5841=CARTESIAN_POINT('',(7.18,-0.600000000000001,3.23));
#5842=AXIS2_PLACEMENT_3D('',#5843,#5844,#5845);
#5843=CARTESIAN_POINT('',(7.18,-0.6,2.95));
#5844=DIRECTION('',(1.,0.,-0.));
#5845=DIRECTION('',(0.,1.,1.58603289232165E-015));
#5846=CARTESIAN_POINT('',(7.18,-0.600000000000001,3.23));
#5847=VECTOR('',#5848,1.);
#5848=DIRECTION('',(0.,-1.,0.));
#5849=CARTESIAN_POINT('',(7.18,-0.6,3.87));
#5850=CARTESIAN_POINT('',(7.18,-0.6,3.87));
#5851=VECTOR('',#5852,1.);
#5852=DIRECTION('',(0.,-1.,0.));
#5853=CARTESIAN_POINT('',(7.18,0.32,2.95));
#5854=AXIS2_PLACEMENT_3D('',#5855,#5856,#5857);
#5855=CARTESIAN_POINT('',(7.18,-0.6,2.95));
#5856=DIRECTION('',(1.,0.,0.));
#5857=DIRECTION('',(0.,1.,9.65411325761006E-016));
#5858=CARTESIAN_POINT('',(7.18,0.32,-3.12679491924311));
#5859=VECTOR('',#5860,1.);
#5860=DIRECTION('',(0.,0.,1.));
#5861=CARTESIAN_POINT('',(7.82,-0.600000000000001,3.23));
#5862=CARTESIAN_POINT('',(7.18,-0.600000000000001,3.23));
#5863=VECTOR('',#5864,1.);
#5864=DIRECTION('',(1.,0.,0.));
#5865=CARTESIAN_POINT('',(7.82,-0.600000000000001,3.23));
#5866=VECTOR('',#5867,1.);
#5867=DIRECTION('',(0.,-1.,0.));
#5868=CARTESIAN_POINT('',(7.82,-0.32,-3.12679491924311));
#5869=CARTESIAN_POINT('',(7.82,0.32,-3.12679491924311));
#5870=CARTESIAN_POINT('',(7.82,-0.32,-3.12679491924311));
#5871=VECTOR('',#5872,1.);
#5872=DIRECTION('',(0.,1.,0.));
#5873=CARTESIAN_POINT('',(7.82,0.32,2.95));
#5874=CARTESIAN_POINT('',(7.82,0.32,-3.12679491924311));
#5875=VECTOR('',#5876,1.);
#5876=DIRECTION('',(0.,0.,1.));
#5877=CARTESIAN_POINT('',(7.82,-0.6,3.87));
#5878=AXIS2_PLACEMENT_3D('',#5879,#5880,#5881);
#5879=CARTESIAN_POINT('',(7.82,-0.6,2.95));
#5880=DIRECTION('',(1.,0.,-0.));
#5881=DIRECTION('',(0.,1.,9.65411325761006E-016));
#5882=CARTESIAN_POINT('',(7.82,-0.6,3.87));
#5883=VECTOR('',#5884,1.);
#5884=DIRECTION('',(0.,-1.,0.));
#5885=CARTESIAN_POINT('',(7.82,-0.32,2.95));
#5886=AXIS2_PLACEMENT_3D('',#5887,#5888,#5889);
#5887=CARTESIAN_POINT('',(7.82,-0.6,2.95));
#5888=DIRECTION('',(1.,0.,-0.));
#5889=DIRECTION('',(0.,1.,1.58603289232165E-015));
#5890=CARTESIAN_POINT('',(7.82,-0.32,-3.12679491924311));
#5891=VECTOR('',#5892,1.);
#5892=DIRECTION('',(0.,0.,1.));
#5893=CARTESIAN_POINT('',(7.82,-0.6,3.87));
#5894=VECTOR('',#5895,1.);
#5895=DIRECTION('',(-1.,0.,0.));
#5896=CARTESIAN_POINT('',(4.68,0.32,-3.12679491924311));
#5897=CARTESIAN_POINT('',(4.68,-0.32,-3.12679491924311));
#5898=CARTESIAN_POINT('',(4.68,0.32,-3.12679491924311));
#5899=VECTOR('',#5900,1.);
#5900=DIRECTION('',(0.,-1.,0.));
#5901=CARTESIAN_POINT('',(4.68,-0.32,2.95));
#5902=CARTESIAN_POINT('',(4.68,-0.32,-3.12679491924311));
#5903=VECTOR('',#5904,1.);
#5904=DIRECTION('',(0.,0.,1.));
#5905=CARTESIAN_POINT('',(4.68,-0.600000000000001,3.23));
#5906=AXIS2_PLACEMENT_3D('',#5907,#5908,#5909);
#5907=CARTESIAN_POINT('',(4.68,-0.6,2.95));
#5908=DIRECTION('',(1.,0.,-0.));
#5909=DIRECTION('',(0.,1.,1.58603289232165E-015));
#5910=CARTESIAN_POINT('',(4.68,-0.600000000000001,3.23));
#5911=VECTOR('',#5912,1.);
#5912=DIRECTION('',(0.,-1.,0.));
#5913=CARTESIAN_POINT('',(4.68,-0.6,3.87));
#5914=CARTESIAN_POINT('',(4.68,-0.6,3.87));
#5915=VECTOR('',#5916,1.);
#5916=DIRECTION('',(0.,-1.,0.));
#5917=CARTESIAN_POINT('',(4.68,0.32,2.95));
#5918=AXIS2_PLACEMENT_3D('',#5919,#5920,#5921);
#5919=CARTESIAN_POINT('',(4.68,-0.6,2.95));
#5920=DIRECTION('',(1.,0.,0.));
#5921=DIRECTION('',(0.,1.,9.65411325761006E-016));
#5922=CARTESIAN_POINT('',(4.68,0.32,-3.12679491924311));
#5923=VECTOR('',#5924,1.);
#5924=DIRECTION('',(0.,0.,1.));
#5925=CARTESIAN_POINT('',(5.32,-0.600000000000001,3.23));
#5926=CARTESIAN_POINT('',(4.68,-0.600000000000001,3.23));
#5927=VECTOR('',#5928,1.);
#5928=DIRECTION('',(1.,0.,0.));
#5929=CARTESIAN_POINT('',(5.32,-0.600000000000001,3.23));
#5930=VECTOR('',#5931,1.);
#5931=DIRECTION('',(0.,-1.,0.));
#5932=CARTESIAN_POINT('',(5.32,-0.32,-3.12679491924311));
#5933=CARTESIAN_POINT('',(5.32,0.32,-3.12679491924311));
#5934=CARTESIAN_POINT('',(5.32,-0.32,-3.12679491924311));
#5935=VECTOR('',#5936,1.);
#5936=DIRECTION('',(0.,1.,0.));
#5937=CARTESIAN_POINT('',(5.32,0.32,2.95));
#5938=CARTESIAN_POINT('',(5.32,0.32,-3.12679491924311));
#5939=VECTOR('',#5940,1.);
#5940=DIRECTION('',(0.,0.,1.));
#5941=CARTESIAN_POINT('',(5.32,-0.6,3.87));
#5942=AXIS2_PLACEMENT_3D('',#5943,#5944,#5945);
#5943=CARTESIAN_POINT('',(5.32,-0.6,2.95));
#5944=DIRECTION('',(1.,0.,-0.));
#5945=DIRECTION('',(0.,1.,9.65411325761006E-016));
#5946=CARTESIAN_POINT('',(5.32,-0.6,3.87));
#5947=VECTOR('',#5948,1.);
#5948=DIRECTION('',(0.,-1.,2.22044604925031E-015));
#5949=CARTESIAN_POINT('',(5.32,-0.32,2.95));
#5950=AXIS2_PLACEMENT_3D('',#5951,#5952,#5953);
#5951=CARTESIAN_POINT('',(5.32,-0.6,2.95));
#5952=DIRECTION('',(1.,0.,-0.));
#5953=DIRECTION('',(0.,1.,1.58603289232165E-015));
#5954=CARTESIAN_POINT('',(5.32,-0.32,-3.12679491924311));
#5955=VECTOR('',#5956,1.);
#5956=DIRECTION('',(0.,0.,1.));
#5957=CARTESIAN_POINT('',(5.32,-0.6,3.87));
#5958=VECTOR('',#5959,1.);
#5959=DIRECTION('',(-1.,0.,0.));
#5960=CARTESIAN_POINT('',(2.18,0.32,-3.12679491924311));
#5961=CARTESIAN_POINT('',(2.18,-0.32,-3.12679491924311));
#5962=CARTESIAN_POINT('',(2.18,0.32,-3.12679491924311));
#5963=VECTOR('',#5964,1.);
#5964=DIRECTION('',(0.,-1.,0.));
#5965=CARTESIAN_POINT('',(2.18,-0.32,2.95));
#5966=CARTESIAN_POINT('',(2.18,-0.32,-3.12679491924311));
#5967=VECTOR('',#5968,1.);
#5968=DIRECTION('',(0.,0.,1.));
#5969=CARTESIAN_POINT('',(2.18,-0.600000000000001,3.23));
#5970=AXIS2_PLACEMENT_3D('',#5971,#5972,#5973);
#5971=CARTESIAN_POINT('',(2.18,-0.6,2.95));
#5972=DIRECTION('',(1.,0.,-0.));
#5973=DIRECTION('',(0.,1.,1.58603289232165E-015));
#5974=CARTESIAN_POINT('',(2.18,-0.600000000000001,3.23));
#5975=VECTOR('',#5976,1.);
#5976=DIRECTION('',(0.,-1.,0.));
#5977=CARTESIAN_POINT('',(2.18,-0.6,3.87));
#5978=CARTESIAN_POINT('',(2.18,-0.6,3.87));
#5979=VECTOR('',#5980,1.);
#5980=DIRECTION('',(0.,-1.,0.));
#5981=CARTESIAN_POINT('',(2.18,0.32,2.95));
#5982=AXIS2_PLACEMENT_3D('',#5983,#5984,#5985);
#5983=CARTESIAN_POINT('',(2.18,-0.6,2.95));
#5984=DIRECTION('',(1.,0.,0.));
#5985=DIRECTION('',(0.,1.,9.65411325761006E-016));
#5986=CARTESIAN_POINT('',(2.18,0.32,-3.12679491924311));
#5987=VECTOR('',#5988,1.);
#5988=DIRECTION('',(0.,0.,1.));
#5989=CARTESIAN_POINT('',(2.82,-0.600000000000001,3.23));
#5990=CARTESIAN_POINT('',(2.18,-0.600000000000001,3.23));
#5991=VECTOR('',#5992,1.);
#5992=DIRECTION('',(1.,0.,0.));
#5993=CARTESIAN_POINT('',(2.82,-0.600000000000001,3.23));
#5994=VECTOR('',#5995,1.);
#5995=DIRECTION('',(0.,-1.,0.));
#5996=CARTESIAN_POINT('',(2.82,-0.32,-3.12679491924311));
#5997=CARTESIAN_POINT('',(2.82,0.32,-3.12679491924311));
#5998=CARTESIAN_POINT('',(2.82,-0.32,-3.12679491924311));
#5999=VECTOR('',#6000,1.);
#6000=DIRECTION('',(0.,1.,0.));
#6001=CARTESIAN_POINT('',(2.82,0.32,2.95));
#6002=CARTESIAN_POINT('',(2.82,0.32,-3.12679491924311));
#6003=VECTOR('',#6004,1.);
#6004=DIRECTION('',(0.,0.,1.));
#6005=CARTESIAN_POINT('',(2.82,-0.6,3.87));
#6006=AXIS2_PLACEMENT_3D('',#6007,#6008,#6009);
#6007=CARTESIAN_POINT('',(2.82,-0.6,2.95));
#6008=DIRECTION('',(1.,0.,-0.));
#6009=DIRECTION('',(0.,1.,9.65411325761006E-016));
#6010=CARTESIAN_POINT('',(2.82,-0.6,3.87));
#6011=VECTOR('',#6012,1.);
#6012=DIRECTION('',(0.,-1.,2.22044604925031E-015));
#6013=CARTESIAN_POINT('',(2.82,-0.32,2.95));
#6014=AXIS2_PLACEMENT_3D('',#6015,#6016,#6017);
#6015=CARTESIAN_POINT('',(2.82,-0.6,2.95));
#6016=DIRECTION('',(1.,0.,-0.));
#6017=DIRECTION('',(0.,1.,1.58603289232165E-015));
#6018=CARTESIAN_POINT('',(2.82,-0.32,-3.12679491924311));
#6019=VECTOR('',#6020,1.);
#6020=DIRECTION('',(0.,0.,1.));
#6021=CARTESIAN_POINT('',(2.82,-0.6,3.87));
#6022=VECTOR('',#6023,1.);
#6023=DIRECTION('',(-1.,0.,0.));
#6024=CARTESIAN_POINT('',(-0.32,0.32,-3.12679491924311));
#6025=CARTESIAN_POINT('',(-0.32,-0.32,-3.12679491924311));
#6026=CARTESIAN_POINT('',(-0.32,0.32,-3.12679491924311));
#6027=VECTOR('',#6028,1.);
#6028=DIRECTION('',(0.,-1.,0.));
#6029=CARTESIAN_POINT('',(-0.32,-0.32,2.95));
#6030=CARTESIAN_POINT('',(-0.32,-0.32,-3.12679491924311));
#6031=VECTOR('',#6032,1.);
#6032=DIRECTION('',(0.,0.,1.));
#6033=CARTESIAN_POINT('',(-0.32,-0.600000000000001,3.23));
#6034=AXIS2_PLACEMENT_3D('',#6035,#6036,#6037);
#6035=CARTESIAN_POINT('',(-0.32,-0.6,2.95));
#6036=DIRECTION('',(1.,0.,-0.));
#6037=DIRECTION('',(0.,1.,1.58603289232165E-015));
#6038=CARTESIAN_POINT('',(-0.32,-0.600000000000001,3.23));
#6039=VECTOR('',#6040,1.);
#6040=DIRECTION('',(0.,-1.,0.));
#6041=CARTESIAN_POINT('',(-0.32,-0.6,3.87));
#6042=CARTESIAN_POINT('',(-0.32,-0.6,3.87));
#6043=VECTOR('',#6044,1.);
#6044=DIRECTION('',(2.77555756156289E-016,-1.,0.));
#6045=CARTESIAN_POINT('',(-0.32,0.32,2.95));
#6046=AXIS2_PLACEMENT_3D('',#6047,#6048,#6049);
#6047=CARTESIAN_POINT('',(-0.32,-0.6,2.95));
#6048=DIRECTION('',(1.,0.,0.));
#6049=DIRECTION('',(0.,1.,9.65411325761006E-016));
#6050=CARTESIAN_POINT('',(-0.32,0.32,-3.12679491924311));
#6051=VECTOR('',#6052,1.);
#6052=DIRECTION('',(0.,0.,1.));
#6053=CARTESIAN_POINT('',(0.32,-0.600000000000001,3.23));
#6054=CARTESIAN_POINT('',(-0.32,-0.600000000000001,3.23));
#6055=VECTOR('',#6056,1.);
#6056=DIRECTION('',(1.,0.,0.));
#6057=CARTESIAN_POINT('',(0.32,-0.600000000000001,3.23));
#6058=VECTOR('',#6059,1.);
#6059=DIRECTION('',(0.,-1.,0.));
#6060=CARTESIAN_POINT('',(0.32,-0.32,-3.12679491924311));
#6061=CARTESIAN_POINT('',(0.32,0.32,-3.12679491924311));
#6062=CARTESIAN_POINT('',(0.32,-0.32,-3.12679491924311));
#6063=VECTOR('',#6064,1.);
#6064=DIRECTION('',(0.,1.,0.));
#6065=CARTESIAN_POINT('',(0.32,0.32,2.95));
#6066=CARTESIAN_POINT('',(0.32,0.32,-3.12679491924311));
#6067=VECTOR('',#6068,1.);
#6068=DIRECTION('',(0.,0.,1.));
#6069=CARTESIAN_POINT('',(0.32,-0.6,3.87));
#6070=AXIS2_PLACEMENT_3D('',#6071,#6072,#6073);
#6071=CARTESIAN_POINT('',(0.32,-0.6,2.95));
#6072=DIRECTION('',(1.,0.,-0.));
#6073=DIRECTION('',(0.,1.,9.65411325761006E-016));
#6074=CARTESIAN_POINT('',(0.32,-0.6,3.87));
#6075=VECTOR('',#6076,1.);
#6076=DIRECTION('',(0.,-1.,2.22044604925031E-015));
#6077=CARTESIAN_POINT('',(0.32,-0.32,2.95));
#6078=AXIS2_PLACEMENT_3D('',#6079,#6080,#6081);
#6079=CARTESIAN_POINT('',(0.32,-0.6,2.95));
#6080=DIRECTION('',(1.,0.,-0.));
#6081=DIRECTION('',(0.,1.,1.58603289232165E-015));
#6082=CARTESIAN_POINT('',(0.32,-0.32,-3.12679491924311));
#6083=VECTOR('',#6084,1.);
#6084=DIRECTION('',(0.,0.,1.));
#6085=CARTESIAN_POINT('',(0.32,-0.6,3.87));
#6086=VECTOR('',#6087,1.);
#6087=DIRECTION('',(-1.,0.,0.));
#6088=CARTESIAN_POINT('',(2.28,-7.1,3.33));
#6089=CARTESIAN_POINT('',(2.18,-6.72679491924311,3.23));
#6090=VECTOR('',#6091,1.);
#6091=DIRECTION('',(0.250562807085733,-0.935113126531028,0.250562807085736));
#6092=CARTESIAN_POINT('',(2.28,-7.1,3.77));
#6093=CARTESIAN_POINT('',(2.28,-7.1,3.77));
#6094=VECTOR('',#6095,1.);
#6095=DIRECTION('',(0.,0.,-1.));
#6096=CARTESIAN_POINT('',(2.18,-6.72679491924311,3.87));
#6097=VECTOR('',#6098,1.);
#6098=DIRECTION('',(0.250562807085734,-0.935113126531029,-0.250562807085729));
#6099=CARTESIAN_POINT('',(2.72,-7.1,3.77));
#6100=CARTESIAN_POINT('',(2.72,-7.1,3.77));
#6101=VECTOR('',#6102,1.);
#6102=DIRECTION('',(-1.,0.,0.));
#6103=CARTESIAN_POINT('',(2.82,-6.72679491924311,3.87));
#6104=VECTOR('',#6105,1.);
#6105=DIRECTION('',(-0.25056280708573,-0.93511312653103,-0.25056280708573));
#6106=CARTESIAN_POINT('',(2.72,-7.1,3.33));
#6107=CARTESIAN_POINT('',(2.72,-7.1,3.33));
#6108=VECTOR('',#6109,1.);
#6109=DIRECTION('',(0.,0.,1.));
#6110=CARTESIAN_POINT('',(2.82,-6.72679491924311,3.23));
#6111=VECTOR('',#6112,1.);
#6112=DIRECTION('',(-0.250562807085732,-0.935113126531029,0.250562807085732));
#6113=CARTESIAN_POINT('',(2.28,-7.1,3.33));
#6114=VECTOR('',#6115,1.);
#6115=DIRECTION('',(1.,0.,0.));
#6116=CARTESIAN_POINT('',(4.78,-7.1,3.33));
#6117=CARTESIAN_POINT('',(4.68,-6.72679491924311,3.23));
#6118=VECTOR('',#6119,1.);
#6119=DIRECTION('',(0.25056280708573,-0.935113126531029,0.250562807085736));
#6120=CARTESIAN_POINT('',(4.78,-7.1,3.77));
#6121=CARTESIAN_POINT('',(4.78,-7.1,3.77));
#6122=VECTOR('',#6123,1.);
#6123=DIRECTION('',(0.,0.,-1.));
#6124=CARTESIAN_POINT('',(4.68,-6.72679491924311,3.87));
#6125=VECTOR('',#6126,1.);
#6126=DIRECTION('',(0.250562807085731,-0.93511312653103,-0.25056280708573));
#6127=CARTESIAN_POINT('',(5.22,-7.1,3.77));
#6128=CARTESIAN_POINT('',(5.22,-7.1,3.77));
#6129=VECTOR('',#6130,1.);
#6130=DIRECTION('',(-1.,0.,0.));
#6131=CARTESIAN_POINT('',(5.32,-6.72679491924311,3.87));
#6132=VECTOR('',#6133,1.);
#6133=DIRECTION('',(-0.250562807085729,-0.93511312653103,-0.250562807085731));
#6134=CARTESIAN_POINT('',(5.22,-7.1,3.33));
#6135=CARTESIAN_POINT('',(5.22,-7.1,3.33));
#6136=VECTOR('',#6137,1.);
#6137=DIRECTION('',(0.,0.,1.));
#6138=CARTESIAN_POINT('',(5.32,-6.72679491924311,3.23));
#6139=VECTOR('',#6140,1.);
#6140=DIRECTION('',(-0.250562807085729,-0.93511312653103,0.250562807085732));
#6141=CARTESIAN_POINT('',(4.78,-7.1,3.33));
#6142=VECTOR('',#6143,1.);
#6143=DIRECTION('',(1.,0.,0.));
#6144=CARTESIAN_POINT('',(7.28,-7.1,3.33));
#6145=CARTESIAN_POINT('',(7.18,-6.72679491924311,3.23));
#6146=VECTOR('',#6147,1.);
#6147=DIRECTION('',(0.25056280708573,-0.93511312653103,0.250562807085731));
#6148=CARTESIAN_POINT('',(7.28,-7.1,3.77));
#6149=CARTESIAN_POINT('',(7.28,-7.1,3.77));
#6150=VECTOR('',#6151,1.);
#6151=DIRECTION('',(0.,0.,-1.));
#6152=CARTESIAN_POINT('',(7.18,-6.72679491924311,3.87));
#6153=VECTOR('',#6154,1.);
#6154=DIRECTION('',(0.250562807085729,-0.935113126531031,-0.25056280708573));
#6155=CARTESIAN_POINT('',(7.72,-7.1,3.77));
#6156=CARTESIAN_POINT('',(7.72,-7.1,3.77));
#6157=VECTOR('',#6158,1.);
#6158=DIRECTION('',(-1.,0.,0.));
#6159=CARTESIAN_POINT('',(7.82,-6.72679491924311,3.87));
#6160=VECTOR('',#6161,1.);
#6161=DIRECTION('',(-0.250562807085729,-0.93511312653103,-0.250562807085731));
#6162=CARTESIAN_POINT('',(7.72,-7.1,3.33));
#6163=CARTESIAN_POINT('',(7.72,-7.1,3.33));
#6164=VECTOR('',#6165,1.);
#6165=DIRECTION('',(0.,0.,1.));
#6166=CARTESIAN_POINT('',(7.82,-6.72679491924311,3.23));
#6167=VECTOR('',#6168,1.);
#6168=DIRECTION('',(-0.250562807085731,-0.935113126531029,0.250562807085734));
#6169=CARTESIAN_POINT('',(7.28,-7.1,3.33));
#6170=VECTOR('',#6171,1.);
#6171=DIRECTION('',(1.,0.,0.));
#6172=CARTESIAN_POINT('',(9.78,-7.1,3.33));
#6173=CARTESIAN_POINT('',(9.68,-6.72679491924311,3.23));
#6174=VECTOR('',#6175,1.);
#6175=DIRECTION('',(0.25056280708573,-0.935113126531029,0.250562807085736));
#6176=CARTESIAN_POINT('',(9.78,-7.1,3.77));
#6177=CARTESIAN_POINT('',(9.78,-7.1,3.77));
#6178=VECTOR('',#6179,1.);
#6179=DIRECTION('',(0.,0.,-1.));
#6180=CARTESIAN_POINT('',(9.68,-6.72679491924311,3.87));
#6181=VECTOR('',#6182,1.);
#6182=DIRECTION('',(0.250562807085731,-0.93511312653103,-0.25056280708573));
#6183=CARTESIAN_POINT('',(10.22,-7.1,3.77));
#6184=CARTESIAN_POINT('',(10.22,-7.1,3.77));
#6185=VECTOR('',#6186,1.);
#6186=DIRECTION('',(-1.,0.,0.));
#6187=CARTESIAN_POINT('',(10.32,-6.72679491924311,3.87));
#6188=VECTOR('',#6189,1.);
#6189=DIRECTION('',(-0.250562807085727,-0.935113126531031,-0.250562807085731));
#6190=CARTESIAN_POINT('',(10.22,-7.1,3.33));
#6191=CARTESIAN_POINT('',(10.22,-7.1,3.33));
#6192=VECTOR('',#6193,1.);
#6193=DIRECTION('',(0.,0.,1.));
#6194=CARTESIAN_POINT('',(10.32,-6.72679491924311,3.23));
#6195=VECTOR('',#6196,1.);
#6196=DIRECTION('',(-0.250562807085731,-0.93511312653103,0.250562807085732));
#6197=CARTESIAN_POINT('',(9.78,-7.1,3.33));
#6198=VECTOR('',#6199,1.);
#6199=DIRECTION('',(1.,0.,0.));
#6200=CARTESIAN_POINT('',(-0.22,-7.1,3.33));
#6201=CARTESIAN_POINT('',(-0.32,-6.72679491924311,3.23));
#6202=VECTOR('',#6203,1.);
#6203=DIRECTION('',(0.250562807085732,-0.935113126531028,0.250562807085736));
#6204=CARTESIAN_POINT('',(-0.22,-7.1,3.77));
#6205=CARTESIAN_POINT('',(-0.22,-7.1,3.77));
#6206=VECTOR('',#6207,1.);
#6207=DIRECTION('',(0.,0.,-1.));
#6208=CARTESIAN_POINT('',(-0.32,-6.72679491924311,3.87));
#6209=VECTOR('',#6210,1.);
#6210=DIRECTION('',(0.250562807085731,-0.935113126531029,-0.250562807085732));
#6211=CARTESIAN_POINT('',(0.22,-7.1,3.77));
#6212=CARTESIAN_POINT('',(0.22,-7.1,3.77));
#6213=VECTOR('',#6214,1.);
#6214=DIRECTION('',(-1.,0.,0.));
#6215=CARTESIAN_POINT('',(0.32,-6.72679491924311,3.87));
#6216=VECTOR('',#6217,1.);
#6217=DIRECTION('',(-0.25056280708573,-0.93511312653103,-0.25056280708573));
#6218=CARTESIAN_POINT('',(0.22,-7.1,3.33));
#6219=CARTESIAN_POINT('',(0.22,-7.1,3.33));
#6220=VECTOR('',#6221,1.);
#6221=DIRECTION('',(1.26161707343768E-016,0.,1.));
#6222=CARTESIAN_POINT('',(0.32,-6.72679491924311,3.23));
#6223=VECTOR('',#6224,1.);
#6224=DIRECTION('',(-0.25056280708573,-0.935113126531029,0.250562807085734));
#6225=CARTESIAN_POINT('',(-0.22,-7.1,3.33));
#6226=VECTOR('',#6227,1.);
#6227=DIRECTION('',(1.,0.,0.));
#6228=CARTESIAN_POINT('',(9.78,0.22,-3.5));
#6229=CARTESIAN_POINT('',(9.68,0.32,-3.12679491924311));
#6230=VECTOR('',#6231,1.);
#6231=DIRECTION('',(0.250562807085731,-0.250562807085731,-0.93511312653103));
#6232=CARTESIAN_POINT('',(9.78,-0.22,-3.5));
#6233=CARTESIAN_POINT('',(9.78,0.22,-3.5));
#6234=VECTOR('',#6235,1.);
#6235=DIRECTION('',(0.,-1.,0.));
#6236=CARTESIAN_POINT('',(9.68,-0.32,-3.12679491924311));
#6237=VECTOR('',#6238,1.);
#6238=DIRECTION('',(0.250562807085731,0.250562807085731,-0.93511312653103));
#6239=CARTESIAN_POINT('',(9.68,-0.32,-3.12679491924311));
#6240=VECTOR('',#6241,1.);
#6241=DIRECTION('',(1.,0.,0.));
#6242=CARTESIAN_POINT('',(9.68,-0.32,2.95));
#6243=VECTOR('',#6244,1.);
#6244=DIRECTION('',(1.,0.,0.));
#6245=CARTESIAN_POINT('',(10.32,0.32,2.95));
#6246=VECTOR('',#6247,1.);
#6247=DIRECTION('',(-1.,0.,0.));
#6248=CARTESIAN_POINT('',(10.32,0.32,-3.12679491924311));
#6249=VECTOR('',#6250,1.);
#6250=DIRECTION('',(-1.,0.,0.));
#6251=CARTESIAN_POINT('',(10.22,-0.22,-3.5));
#6252=CARTESIAN_POINT('',(10.32,-0.32,-3.12679491924311));
#6253=VECTOR('',#6254,1.);
#6254=DIRECTION('',(-0.250562807085731,0.250562807085731,-0.93511312653103));
#6255=CARTESIAN_POINT('',(10.22,0.22,-3.5));
#6256=CARTESIAN_POINT('',(10.22,-0.22,-3.5));
#6257=VECTOR('',#6258,1.);
#6258=DIRECTION('',(0.,1.,0.));
#6259=CARTESIAN_POINT('',(10.32,0.32,-3.12679491924311));
#6260=VECTOR('',#6261,1.);
#6261=DIRECTION('',(-0.250562807085731,-0.250562807085731,-0.93511312653103));
#6262=CARTESIAN_POINT('',(7.28,0.22,-3.5));
#6263=CARTESIAN_POINT('',(7.18,0.32,-3.12679491924311));
#6264=VECTOR('',#6265,1.);
#6265=DIRECTION('',(0.250562807085731,-0.250562807085731,-0.93511312653103));
#6266=CARTESIAN_POINT('',(7.28,-0.22,-3.5));
#6267=CARTESIAN_POINT('',(7.28,0.22,-3.5));
#6268=VECTOR('',#6269,1.);
#6269=DIRECTION('',(0.,-1.,0.));
#6270=CARTESIAN_POINT('',(7.18,-0.32,-3.12679491924311));
#6271=VECTOR('',#6272,1.);
#6272=DIRECTION('',(0.250562807085731,0.250562807085731,-0.93511312653103));
#6273=CARTESIAN_POINT('',(7.18,-0.32,-3.12679491924311));
#6274=VECTOR('',#6275,1.);
#6275=DIRECTION('',(1.,0.,0.));
#6276=CARTESIAN_POINT('',(7.18,-0.32,2.95));
#6277=VECTOR('',#6278,1.);
#6278=DIRECTION('',(1.,0.,0.));
#6279=CARTESIAN_POINT('',(7.82,0.32,2.95));
#6280=VECTOR('',#6281,1.);
#6281=DIRECTION('',(-1.,0.,0.));
#6282=CARTESIAN_POINT('',(7.82,0.32,-3.12679491924311));
#6283=VECTOR('',#6284,1.);
#6284=DIRECTION('',(-1.,0.,0.));
#6285=CARTESIAN_POINT('',(7.72,-0.22,-3.5));
#6286=CARTESIAN_POINT('',(7.82,-0.32,-3.12679491924311));
#6287=VECTOR('',#6288,1.);
#6288=DIRECTION('',(-0.250562807085731,0.250562807085731,-0.93511312653103));
#6289=CARTESIAN_POINT('',(7.72,0.22,-3.5));
#6290=CARTESIAN_POINT('',(7.72,-0.22,-3.5));
#6291=VECTOR('',#6292,1.);
#6292=DIRECTION('',(0.,1.,0.));
#6293=CARTESIAN_POINT('',(7.82,0.32,-3.12679491924311));
#6294=VECTOR('',#6295,1.);
#6295=DIRECTION('',(-0.250562807085731,-0.250562807085731,-0.93511312653103));
#6296=CARTESIAN_POINT('',(4.78,0.22,-3.5));
#6297=CARTESIAN_POINT('',(4.68,0.32,-3.12679491924311));
#6298=VECTOR('',#6299,1.);
#6299=DIRECTION('',(0.250562807085731,-0.250562807085731,-0.93511312653103));
#6300=CARTESIAN_POINT('',(4.78,-0.22,-3.5));
#6301=CARTESIAN_POINT('',(4.78,0.22,-3.5));
#6302=VECTOR('',#6303,1.);
#6303=DIRECTION('',(0.,-1.,0.));
#6304=CARTESIAN_POINT('',(4.68,-0.32,-3.12679491924311));
#6305=VECTOR('',#6306,1.);
#6306=DIRECTION('',(0.250562807085731,0.250562807085731,-0.93511312653103));
#6307=CARTESIAN_POINT('',(4.68,-0.32,-3.12679491924311));
#6308=VECTOR('',#6309,1.);
#6309=DIRECTION('',(1.,0.,0.));
#6310=CARTESIAN_POINT('',(4.68,-0.32,2.95));
#6311=VECTOR('',#6312,1.);
#6312=DIRECTION('',(1.,0.,0.));
#6313=CARTESIAN_POINT('',(5.32,0.32,2.95));
#6314=VECTOR('',#6315,1.);
#6315=DIRECTION('',(-1.,0.,0.));
#6316=CARTESIAN_POINT('',(5.32,0.32,-3.12679491924311));
#6317=VECTOR('',#6318,1.);
#6318=DIRECTION('',(-1.,0.,0.));
#6319=CARTESIAN_POINT('',(5.22,-0.22,-3.5));
#6320=CARTESIAN_POINT('',(5.32,-0.32,-3.12679491924311));
#6321=VECTOR('',#6322,1.);
#6322=DIRECTION('',(-0.250562807085731,0.250562807085731,-0.93511312653103));
#6323=CARTESIAN_POINT('',(5.22,0.22,-3.5));
#6324=CARTESIAN_POINT('',(5.22,-0.22,-3.5));
#6325=VECTOR('',#6326,1.);
#6326=DIRECTION('',(0.,1.,0.));
#6327=CARTESIAN_POINT('',(5.32,0.32,-3.12679491924311));
#6328=VECTOR('',#6329,1.);
#6329=DIRECTION('',(-0.250562807085731,-0.250562807085731,-0.93511312653103));
#6330=CARTESIAN_POINT('',(2.28,0.22,-3.5));
#6331=CARTESIAN_POINT('',(2.18,0.32,-3.12679491924311));
#6332=VECTOR('',#6333,1.);
#6333=DIRECTION('',(0.250562807085731,-0.250562807085731,-0.93511312653103));
#6334=CARTESIAN_POINT('',(2.28,-0.22,-3.5));
#6335=CARTESIAN_POINT('',(2.28,0.22,-3.5));
#6336=VECTOR('',#6337,1.);
#6337=DIRECTION('',(0.,-1.,0.));
#6338=CARTESIAN_POINT('',(2.18,-0.32,-3.12679491924311));
#6339=VECTOR('',#6340,1.);
#6340=DIRECTION('',(0.250562807085732,0.250562807085731,-0.93511312653103));
#6341=CARTESIAN_POINT('',(2.18,-0.32,-3.12679491924311));
#6342=VECTOR('',#6343,1.);
#6343=DIRECTION('',(1.,0.,0.));
#6344=CARTESIAN_POINT('',(2.18,-0.32,2.95));
#6345=VECTOR('',#6346,1.);
#6346=DIRECTION('',(1.,0.,0.));
#6347=CARTESIAN_POINT('',(2.82,0.32,2.95));
#6348=VECTOR('',#6349,1.);
#6349=DIRECTION('',(-1.,0.,0.));
#6350=CARTESIAN_POINT('',(2.82,0.32,-3.12679491924311));
#6351=VECTOR('',#6352,1.);
#6352=DIRECTION('',(-1.,0.,0.));
#6353=CARTESIAN_POINT('',(2.72,-0.22,-3.5));
#6354=CARTESIAN_POINT('',(2.82,-0.32,-3.12679491924311));
#6355=VECTOR('',#6356,1.);
#6356=DIRECTION('',(-0.250562807085731,0.250562807085731,-0.93511312653103));
#6357=CARTESIAN_POINT('',(2.72,0.22,-3.5));
#6358=CARTESIAN_POINT('',(2.72,-0.22,-3.5));
#6359=VECTOR('',#6360,1.);
#6360=DIRECTION('',(0.,1.,0.));
#6361=CARTESIAN_POINT('',(2.82,0.32,-3.12679491924311));
#6362=VECTOR('',#6363,1.);
#6363=DIRECTION('',(-0.250562807085732,-0.250562807085731,-0.93511312653103));
#6364=CARTESIAN_POINT('',(-0.22,0.22,-3.5));
#6365=CARTESIAN_POINT('',(-0.32,0.32,-3.12679491924311));
#6366=VECTOR('',#6367,1.);
#6367=DIRECTION('',(0.250562807085731,-0.250562807085731,-0.93511312653103));
#6368=CARTESIAN_POINT('',(-0.22,-0.22,-3.5));
#6369=CARTESIAN_POINT('',(-0.22,0.22,-3.5));
#6370=VECTOR('',#6371,1.);
#6371=DIRECTION('',(6.30808536718839E-017,-1.,0.));
#6372=CARTESIAN_POINT('',(-0.32,-0.32,-3.12679491924311));
#6373=VECTOR('',#6374,1.);
#6374=DIRECTION('',(0.250562807085732,0.250562807085731,-0.93511312653103));
#6375=CARTESIAN_POINT('',(-0.32,-0.32,-3.12679491924311));
#6376=VECTOR('',#6377,1.);
#6377=DIRECTION('',(1.,0.,0.));
#6378=CARTESIAN_POINT('',(-0.32,-0.32,2.95));
#6379=VECTOR('',#6380,1.);
#6380=DIRECTION('',(1.,0.,0.));
#6381=CARTESIAN_POINT('',(0.32,0.32,2.95));
#6382=VECTOR('',#6383,1.);
#6383=DIRECTION('',(-1.,0.,0.));
#6384=CARTESIAN_POINT('',(0.32,0.32,-3.12679491924311));
#6385=VECTOR('',#6386,1.);
#6386=DIRECTION('',(-1.,0.,0.));
#6387=CARTESIAN_POINT('',(0.22,-0.22,-3.5));
#6388=CARTESIAN_POINT('',(0.32,-0.32,-3.12679491924311));
#6389=VECTOR('',#6390,1.);
#6390=DIRECTION('',(-0.250562807085731,0.250562807085731,-0.93511312653103));
#6391=CARTESIAN_POINT('',(0.22,0.22,-3.5));
#6392=CARTESIAN_POINT('',(0.22,-0.22,-3.5));
#6393=VECTOR('',#6394,1.);
#6394=DIRECTION('',(0.,1.,0.));
#6395=CARTESIAN_POINT('',(0.32,0.32,-3.12679491924311));
#6396=VECTOR('',#6397,1.);
#6397=DIRECTION('',(-0.250562807085732,-0.250562807085731,-0.93511312653103));
#6398=CARTESIAN_POINT('',(10.22,0.22,-3.5));
#6399=VECTOR('',#6400,1.);
#6400=DIRECTION('',(-1.,-6.30808536718837E-017,0.));
#6401=CARTESIAN_POINT('',(9.78,-0.22,-3.5));
#6402=VECTOR('',#6403,1.);
#6403=DIRECTION('',(1.,6.30808536718837E-017,0.));
#6404=CARTESIAN_POINT('',(7.72,0.22,-3.5));
#6405=VECTOR('',#6406,1.);
#6406=DIRECTION('',(-1.,-6.30808536718837E-017,0.));
#6407=CARTESIAN_POINT('',(7.28,-0.22,-3.5));
#6408=VECTOR('',#6409,1.);
#6409=DIRECTION('',(1.,6.30808536718837E-017,0.));
#6410=CARTESIAN_POINT('',(5.22,0.22,-3.5));
#6411=VECTOR('',#6412,1.);
#6412=DIRECTION('',(-1.,-6.30808536718837E-017,0.));
#6413=CARTESIAN_POINT('',(4.78,-0.22,-3.5));
#6414=VECTOR('',#6415,1.);
#6415=DIRECTION('',(1.,6.30808536718837E-017,0.));
#6416=CARTESIAN_POINT('',(2.72,0.22,-3.5));
#6417=VECTOR('',#6418,1.);
#6418=DIRECTION('',(-1.,-1.26161707343768E-016,0.));
#6419=CARTESIAN_POINT('',(2.28,-0.22,-3.5));
#6420=VECTOR('',#6421,1.);
#6421=DIRECTION('',(1.,6.30808536718839E-017,0.));
#6422=CARTESIAN_POINT('',(0.22,0.22,-3.5));
#6423=VECTOR('',#6424,1.);
#6424=DIRECTION('',(-1.,-1.26161707343768E-016,0.));
#6425=CARTESIAN_POINT('',(-0.22,-0.22,-3.5));
#6426=VECTOR('',#6427,1.);
#6427=DIRECTION('',(1.,6.30808536718839E-017,0.));
#6428=CARTESIAN_POINT('',(12.05,-7.6,0.4));
#6429=VECTOR('',#6430,1.);
#6430=DIRECTION('',(-0.577350269189632,0.577350269189622,0.577350269189623));
#6431=CARTESIAN_POINT('',(-2.05,-7.6,0.4));
#6432=VECTOR('',#6433,1.);
#6433=DIRECTION('',(0.577350269189622,0.577350269189628,0.577350269189628));
ENDSEC;
END-ISO-10303-21;
