ISO-10303-21;
HEADER;
FILE_DESCRIPTION(('STEP AP242'),
    '1');
FILE_NAME('Эскиз-вариант-1_1',
    '',
    ('UNSPECIFIED'),
    ('UNSPECIFIED'),
    'C3D Converter',
    'C3D Toolkit',
    '');
FILE_SCHEMA(('AP242_MANAGED_MODEL_BASED_3D_ENGINEERING_MIM_LF { 1 0 10303 442 1 1 4 }'));
ENDSEC;

DATA;
#1=PRODUCT_DEFINITION('','UNSPECIFIED',#15,#18);
#2=SHAPE_DEFINITION_REPRESENTATION(#13,#3);
#3=SHAPE_REPRESENTATION('NONE',(#4,#35,#99,#162,#225,#288,#351,#414,#477,#540,#603,
#666,#729,#792,#818,#1021,#1084,#1147),#8);
#4=AXIS2_PLACEMENT_3D('',#5,#6,#7);
#5=CARTESIAN_POINT('',(0.,0.,0.));
#6=DIRECTION('',(0.,0.,1.));
#7=DIRECTION('',(1.,0.,0.));
#8=(GEOMETRIC_REPRESENTATION_CONTEXT(3)GLOBAL_UNCERTAINTY_ASSIGNED_CONTEXT((#10))
GLOBAL_UNIT_ASSIGNED_CONTEXT((#9,#11,#12))REPRESENTATION_CONTEXT('NONE','NONE'));
#9=(LENGTH_UNIT()NAMED_UNIT(*)SI_UNIT(.MILLI.,.METRE.));
#10=UNCERTAINTY_MEASURE_WITH_UNIT(LENGTH_MEASURE(1.E-5),#9,'NONE','NONE');
#11=(NAMED_UNIT(*)PLANE_ANGLE_UNIT()SI_UNIT($,.RADIAN.));
#12=(NAMED_UNIT(*)SI_UNIT($,.STERADIAN.)SOLID_ANGLE_UNIT());
#13=PRODUCT_DEFINITION_SHAPE('NONE','NONE',#1);
#14=MECHANICAL_CONTEXT('NONE',#19,'mechanical');
#15=PRODUCT_DEFINITION_FORMATION_WITH_SPECIFIED_SOURCE('ANY','UNSPECIFIED',#16,.NOT_KNOWN.);
#16=PRODUCT('','\X2\04210431043E0440043A0430\X0\','NONE',(#14));
#17=PRODUCT_RELATED_PRODUCT_CATEGORY('assembly','',(#16));
#18=DESIGN_CONTEXT('detailed design',#19,'design');
#19=APPLICATION_CONTEXT('configuration controlled 3d designs of mechanical parts and assemblies');
#20=APPLICATION_PROTOCOL_DEFINITION('international standard','config_control_design',
1994,#19);
#21=CC_DESIGN_DATE_AND_TIME_ASSIGNMENT(#22,#26,(#1));
#22=DATE_AND_TIME(#23,#24);
#23=CALENDAR_DATE(0,1,1);
#24=LOCAL_TIME(0,0,0.,#25);
#25=COORDINATED_UNIVERSAL_TIME_OFFSET(0,0,.AHEAD.);
#26=DATE_TIME_ROLE('creation_date');
#27=CC_DESIGN_APPROVAL(#28,(#1));
#28=APPROVAL(#29,'UNSPECIFIED');
#29=APPROVAL_STATUS('not_yet_approved');
#30=APPROVAL_DATE_TIME(#31,#28);
#31=DATE_AND_TIME(#32,#33);
#32=CALENDAR_DATE(0,1,1);
#33=LOCAL_TIME(0,0,0.,#34);
#34=COORDINATED_UNIVERSAL_TIME_OFFSET(0,0,.AHEAD.);
#35=AXIS2_PLACEMENT_3D('',#36,#37,#38);
#36=CARTESIAN_POINT('',(87.,0.,-5.20598685764942E-15));
#37=DIRECTION('',(0.,0.,1.));
#38=DIRECTION('',(1.,0.,0.));
#39=PRODUCT_DEFINITION('','UNSPECIFIED',#57,#60);
#40=SHAPE_DEFINITION_REPRESENTATION(#55,#41);
#41=SHAPE_REPRESENTATION('NONE',(#4),#8);
#42=MANIFOLD_SOLID_BREP('',#43);
#43=CLOSED_SHELL('',(#1210,#1219,#1228,#1237,#1246,#1255));
#44=COLOUR_RGB('',0.564705882352941,0.564705882352941,0.564705882352941);
#45=FILL_AREA_STYLE_COLOUR('',#44);
#46=FILL_AREA_STYLE($,(#45));
#47=SURFACE_STYLE_FILL_AREA(#46);
#48=SURFACE_SIDE_STYLE('',(#47));
#49=SURFACE_STYLE_USAGE(.BOTH.,#48);
#50=PRESENTATION_STYLE_ASSIGNMENT((#49));
#51=MECHANICAL_DESIGN_GEOMETRIC_PRESENTATION_REPRESENTATION('NONE',(#52,#115,#178,
#241,#304,#367,#430,#493,#556,#619,#682,#745,#863,#926,#1037,#1100,#1163,#1218,#1227,
#1236,#1245,#1254,#1263,#1272,#1281,#1290,#1299,#1308,#1317,#1326,#1335,#1344,#1353,
#1362,#1371,#1380,#1389,#1398,#1407,#1416,#1425,#1434,#1443,#1452,#1461,#1470,#1479,
#1488,#1497,#1506,#1515,#1524,#1533,#1542,#1551,#1560,#1569,#1578,#1587,#1596,#1605,
#1614,#1623,#1632,#1641,#1650,#1659,#1668,#1677,#1686,#1695,#1704,#1713,#1722,#1731,
#1740,#1749,#1758,#1767,#1776,#1785,#1794,#1803,#1812,#1821,#1830,#1839,#1848,#1857,
#1866,#1875,#1884,#1893,#1902,#1911,#1920,#1929,#1938,#1947,#1956,#1965,#1974,#1983,
#1992,#2001,#2010,#2019,#2028,#2037,#2046,#2055,#2064,#2073,#2082,#2091,#2100,#2109,
#2118,#2127,#2136,#2145,#2154,#2163,#2172,#2181,#2190,#2199,#2208,#2217,#2226,#2235,
#2244,#2253,#2262,#2271,#2280,#2289,#2298,#2307,#2316,#2325,#2334,#2343,#2352,#2361,
#2370,#2379,#2388,#2397,#2406,#2415,#2424,#2433,#2442,#2451,#2460,#2469,#2478,#2487,
#2496,#2505,#2514,#2523,#2532,#2541,#2550,#2559,#2568,#2577,#2586,#2595,#2604,#2613,
#2622,#2631,#2640,#2649,#2658,#2667,#2676,#2685,#2694,#2703,#2712,#2721,#2730,#2739,
#2748,#2757,#2766,#2775,#2784,#2793,#2802,#2811,#2820,#2829,#2838,#2847,#2856,#2865,
#2874,#2883,#2892,#2901,#2910,#2919,#2928,#2937,#2946,#2955,#2964,#2973,#2982,#2991,
#3000,#3009,#3018,#3027,#3036,#3045,#3054,#3063,#3072,#3081,#3090,#3099,#3108,#3117,
#3126,#3135,#3144,#3153,#3162,#3171,#3180,#3189,#3198,#3207,#3216,#3225,#3234,#3243,
#3252,#3261,#3270,#3279,#3288,#3297,#3306,#3315,#3324,#3333,#3342,#3351,#3360,#3369,
#3378,#3387,#3396,#3405,#3414,#3423,#3432,#3441,#3450,#3459,#3468,#3477,#3486,#3495,
#3504,#3513,#3522,#3531,#3540,#3549,#3558,#3567,#3576,#3585,#3594,#3603,#3612,#3621,
#3630,#3639,#3648,#3657,#3666,#3675,#3684,#3693,#3702,#3711,#3720,#3729,#3738,#3747,
#3756,#3765,#3774,#3783,#3792,#3801,#3810,#3819,#3828,#3837,#3846,#3855,#3864,#3873,
#3882,#3891,#3900,#3909,#3918,#3927,#3936,#3945,#3954,#3963,#3972,#3981,#3990,#3999,
#4008,#4017,#4026,#4035,#4044,#4053,#4062,#4071,#4080,#4089,#4098,#4107,#4116,#4125,
#4134,#4143,#4152,#4161,#4170,#4179,#4188,#4197,#4206,#4215,#4224,#4233,#4242,#4251,
#4260,#4269,#4278,#4287),#8);
#52=STYLED_ITEM('',(#50),#42);
#53=ADVANCED_BREP_SHAPE_REPRESENTATION('NONE',(#42),#8);
#54=SHAPE_REPRESENTATION_RELATIONSHIP('','',#41,#53);
#55=PRODUCT_DEFINITION_SHAPE('NONE','NONE',#39);
#56=MECHANICAL_CONTEXT('NONE',#61,'mechanical');
#57=PRODUCT_DEFINITION_FORMATION_WITH_SPECIFIED_SOURCE('ANY','UNSPECIFIED',#58,.NOT_KNOWN.);
#58=PRODUCT('','\X2\041A043E0440043F04430441\X0\ \X2\04460438043B0438043D043404400430\X0\',
'NONE',(#56));
#59=PRODUCT_RELATED_PRODUCT_CATEGORY('detail','',(#58));
#60=DESIGN_CONTEXT('detailed design',#61,'design');
#61=APPLICATION_CONTEXT('configuration controlled 3d designs of mechanical parts and assemblies');
#62=APPLICATION_PROTOCOL_DEFINITION('international standard','config_control_design',
1994,#61);
#63=CC_DESIGN_DATE_AND_TIME_ASSIGNMENT(#64,#68,(#39));
#64=DATE_AND_TIME(#65,#66);
#65=CALENDAR_DATE(0,1,1);
#66=LOCAL_TIME(0,0,0.,#67);
#67=COORDINATED_UNIVERSAL_TIME_OFFSET(0,0,.AHEAD.);
#68=DATE_TIME_ROLE('creation_date');
#69=CC_DESIGN_APPROVAL(#70,(#39));
#70=APPROVAL(#71,'UNSPECIFIED');
#71=APPROVAL_STATUS('not_yet_approved');
#72=APPROVAL_DATE_TIME(#73,#70);
#73=DATE_AND_TIME(#74,#75);
#74=CALENDAR_DATE(0,1,1);
#75=LOCAL_TIME(0,0,0.,#76);
#76=COORDINATED_UNIVERSAL_TIME_OFFSET(0,0,.AHEAD.);
#77=ITEM_DEFINED_TRANSFORMATION('','',#4,#35);
#78=(REPRESENTATION_RELATIONSHIP('','',#41,#3)REPRESENTATION_RELATIONSHIP_WITH_TRANSFORMATION(
#77)SHAPE_REPRESENTATION_RELATIONSHIP());
#79=NEXT_ASSEMBLY_USAGE_OCCURRENCE('ANY','\X2\04210431043E0440043A0430\X0\','',#1,
#39,'');
#80=CC_DESIGN_SECURITY_CLASSIFICATION(#81,(#79));
#81=SECURITY_CLASSIFICATION('','',#82);
#82=SECURITY_CLASSIFICATION_LEVEL('unclassified');
#83=CC_DESIGN_DATE_AND_TIME_ASSIGNMENT(#84,#88,(#81));
#84=DATE_AND_TIME(#85,#86);
#85=CALENDAR_DATE(0,1,1);
#86=LOCAL_TIME(0,0,0.,#87);
#87=COORDINATED_UNIVERSAL_TIME_OFFSET(0,0,.AHEAD.);
#88=DATE_TIME_ROLE('classification_date');
#89=CC_DESIGN_APPROVAL(#90,(#81));
#90=APPROVAL(#91,'UNSPECIFIED');
#91=APPROVAL_STATUS('not_yet_approved');
#92=APPROVAL_DATE_TIME(#93,#90);
#93=DATE_AND_TIME(#94,#95);
#94=CALENDAR_DATE(0,1,1);
#95=LOCAL_TIME(0,0,0.,#96);
#96=COORDINATED_UNIVERSAL_TIME_OFFSET(0,0,.AHEAD.);
#97=PRODUCT_DEFINITION_SHAPE('NONE','NONE',#79);
#98=CONTEXT_DEPENDENT_SHAPE_REPRESENTATION(#78,#97);
#99=AXIS2_PLACEMENT_3D('',#100,#101,#102);
#100=CARTESIAN_POINT('',(-173.,7.53856066548625E-301,3.50227349448278E-14));
#101=DIRECTION('',(0.,0.,1.));
#102=DIRECTION('',(1.,0.,0.));
#103=PRODUCT_DEFINITION('','UNSPECIFIED',#120,#123);
#104=SHAPE_DEFINITION_REPRESENTATION(#118,#105);
#105=SHAPE_REPRESENTATION('NONE',(#4),#8);
#106=MANIFOLD_SOLID_BREP('',#107);
#107=CLOSED_SHELL('',(#1264,#1273,#1282,#1291,#1300,#1309,#1318,#1327,#1336,#1345,
#1354,#1363,#1372));
#108=COLOUR_RGB('',0.564705882352941,0.564705882352941,0.564705882352941);
#109=FILL_AREA_STYLE_COLOUR('',#108);
#110=FILL_AREA_STYLE($,(#109));
#111=SURFACE_STYLE_FILL_AREA(#110);
#112=SURFACE_SIDE_STYLE('',(#111));
#113=SURFACE_STYLE_USAGE(.BOTH.,#112);
#114=PRESENTATION_STYLE_ASSIGNMENT((#113));
#115=STYLED_ITEM('',(#114),#106);
#116=ADVANCED_BREP_SHAPE_REPRESENTATION('NONE',(#106),#8);
#117=SHAPE_REPRESENTATION_RELATIONSHIP('','',#105,#116);
#118=PRODUCT_DEFINITION_SHAPE('NONE','NONE',#103);
#119=MECHANICAL_CONTEXT('NONE',#124,'mechanical');
#120=PRODUCT_DEFINITION_FORMATION_WITH_SPECIFIED_SOURCE('ANY','UNSPECIFIED',#121,
.NOT_KNOWN.);
#121=PRODUCT('','\X2\041A0440044B0448043A0430\X0\','NONE',(#119));
#122=PRODUCT_RELATED_PRODUCT_CATEGORY('detail','',(#121));
#123=DESIGN_CONTEXT('detailed design',#124,'design');
#124=APPLICATION_CONTEXT('configuration controlled 3d designs of mechanical parts and assemblies');
#125=APPLICATION_PROTOCOL_DEFINITION('international standard','config_control_design',
1994,#124);
#126=CC_DESIGN_DATE_AND_TIME_ASSIGNMENT(#127,#131,(#103));
#127=DATE_AND_TIME(#128,#129);
#128=CALENDAR_DATE(0,1,1);
#129=LOCAL_TIME(0,0,0.,#130);
#130=COORDINATED_UNIVERSAL_TIME_OFFSET(0,0,.AHEAD.);
#131=DATE_TIME_ROLE('creation_date');
#132=CC_DESIGN_APPROVAL(#133,(#103));
#133=APPROVAL(#134,'UNSPECIFIED');
#134=APPROVAL_STATUS('not_yet_approved');
#135=APPROVAL_DATE_TIME(#136,#133);
#136=DATE_AND_TIME(#137,#138);
#137=CALENDAR_DATE(0,1,1);
#138=LOCAL_TIME(0,0,0.,#139);
#139=COORDINATED_UNIVERSAL_TIME_OFFSET(0,0,.AHEAD.);
#140=ITEM_DEFINED_TRANSFORMATION('','',#4,#99);
#141=(REPRESENTATION_RELATIONSHIP('','',#105,#3)REPRESENTATION_RELATIONSHIP_WITH_TRANSFORMATION(
#140)SHAPE_REPRESENTATION_RELATIONSHIP());
#142=NEXT_ASSEMBLY_USAGE_OCCURRENCE('ANY','\X2\04210431043E0440043A0430\X0\','',
#1,#103,'');
#143=CC_DESIGN_SECURITY_CLASSIFICATION(#144,(#142));
#144=SECURITY_CLASSIFICATION('','',#145);
#145=SECURITY_CLASSIFICATION_LEVEL('unclassified');
#146=CC_DESIGN_DATE_AND_TIME_ASSIGNMENT(#147,#151,(#144));
#147=DATE_AND_TIME(#148,#149);
#148=CALENDAR_DATE(0,1,1);
#149=LOCAL_TIME(0,0,0.,#150);
#150=COORDINATED_UNIVERSAL_TIME_OFFSET(0,0,.AHEAD.);
#151=DATE_TIME_ROLE('classification_date');
#152=CC_DESIGN_APPROVAL(#153,(#144));
#153=APPROVAL(#154,'UNSPECIFIED');
#154=APPROVAL_STATUS('not_yet_approved');
#155=APPROVAL_DATE_TIME(#156,#153);
#156=DATE_AND_TIME(#157,#158);
#157=CALENDAR_DATE(0,1,1);
#158=LOCAL_TIME(0,0,0.,#159);
#159=COORDINATED_UNIVERSAL_TIME_OFFSET(0,0,.AHEAD.);
#160=PRODUCT_DEFINITION_SHAPE('NONE','NONE',#142);
#161=CONTEXT_DEPENDENT_SHAPE_REPRESENTATION(#141,#160);
#162=AXIS2_PLACEMENT_3D('',#163,#164,#165);
#163=CARTESIAN_POINT('',(92.,0.,-6.2549716994341E-15));
#164=DIRECTION('',(0.,0.,1.));
#165=DIRECTION('',(1.,0.,0.));
#166=PRODUCT_DEFINITION('','UNSPECIFIED',#183,#186);
#167=SHAPE_DEFINITION_REPRESENTATION(#181,#168);
#168=SHAPE_REPRESENTATION('NONE',(#4),#8);
#169=MANIFOLD_SOLID_BREP('',#170);
#170=CLOSED_SHELL('',(#1381,#1390,#1399,#1408,#1417,#1426,#1435,#1444,#1453,#1462,
#1471,#1480,#1489,#1498,#1507,#1516,#1525,#1534,#1543,#1552,#1561,#1570,#1579,#1588,
#1597,#1606,#1615,#1624,#1633,#1642,#1651,#1660,#1669,#1678,#1687,#1696,#1705,#1714,
#1723,#1732));
#171=COLOUR_RGB('',0.564705882352941,0.564705882352941,0.564705882352941);
#172=FILL_AREA_STYLE_COLOUR('',#171);
#173=FILL_AREA_STYLE($,(#172));
#174=SURFACE_STYLE_FILL_AREA(#173);
#175=SURFACE_SIDE_STYLE('',(#174));
#176=SURFACE_STYLE_USAGE(.BOTH.,#175);
#177=PRESENTATION_STYLE_ASSIGNMENT((#176));
#178=STYLED_ITEM('',(#177),#169);
#179=ADVANCED_BREP_SHAPE_REPRESENTATION('NONE',(#169),#8);
#180=SHAPE_REPRESENTATION_RELATIONSHIP('','',#168,#179);
#181=PRODUCT_DEFINITION_SHAPE('NONE','NONE',#166);
#182=MECHANICAL_CONTEXT('NONE',#187,'mechanical');
#183=PRODUCT_DEFINITION_FORMATION_WITH_SPECIFIED_SOURCE('ANY','UNSPECIFIED',#184,
.NOT_KNOWN.);
#184=PRODUCT('','\X2\041E0441043D043E0432043D043E0439\X0\ \X2\04320430043B\X0\',
'NONE',(#182));
#185=PRODUCT_RELATED_PRODUCT_CATEGORY('detail','',(#184));
#186=DESIGN_CONTEXT('detailed design',#187,'design');
#187=APPLICATION_CONTEXT('configuration controlled 3d designs of mechanical parts and assemblies');
#188=APPLICATION_PROTOCOL_DEFINITION('international standard','config_control_design',
1994,#187);
#189=CC_DESIGN_DATE_AND_TIME_ASSIGNMENT(#190,#194,(#166));
#190=DATE_AND_TIME(#191,#192);
#191=CALENDAR_DATE(0,1,1);
#192=LOCAL_TIME(0,0,0.,#193);
#193=COORDINATED_UNIVERSAL_TIME_OFFSET(0,0,.AHEAD.);
#194=DATE_TIME_ROLE('creation_date');
#195=CC_DESIGN_APPROVAL(#196,(#166));
#196=APPROVAL(#197,'UNSPECIFIED');
#197=APPROVAL_STATUS('not_yet_approved');
#198=APPROVAL_DATE_TIME(#199,#196);
#199=DATE_AND_TIME(#200,#201);
#200=CALENDAR_DATE(0,1,1);
#201=LOCAL_TIME(0,0,0.,#202);
#202=COORDINATED_UNIVERSAL_TIME_OFFSET(0,0,.AHEAD.);
#203=ITEM_DEFINED_TRANSFORMATION('','',#4,#162);
#204=(REPRESENTATION_RELATIONSHIP('','',#168,#3)REPRESENTATION_RELATIONSHIP_WITH_TRANSFORMATION(
#203)SHAPE_REPRESENTATION_RELATIONSHIP());
#205=NEXT_ASSEMBLY_USAGE_OCCURRENCE('ANY','\X2\04210431043E0440043A0430\X0\','',
#1,#166,'');
#206=CC_DESIGN_SECURITY_CLASSIFICATION(#207,(#205));
#207=SECURITY_CLASSIFICATION('','',#208);
#208=SECURITY_CLASSIFICATION_LEVEL('unclassified');
#209=CC_DESIGN_DATE_AND_TIME_ASSIGNMENT(#210,#214,(#207));
#210=DATE_AND_TIME(#211,#212);
#211=CALENDAR_DATE(0,1,1);
#212=LOCAL_TIME(0,0,0.,#213);
#213=COORDINATED_UNIVERSAL_TIME_OFFSET(0,0,.AHEAD.);
#214=DATE_TIME_ROLE('classification_date');
#215=CC_DESIGN_APPROVAL(#216,(#207));
#216=APPROVAL(#217,'UNSPECIFIED');
#217=APPROVAL_STATUS('not_yet_approved');
#218=APPROVAL_DATE_TIME(#219,#216);
#219=DATE_AND_TIME(#220,#221);
#220=CALENDAR_DATE(0,1,1);
#221=LOCAL_TIME(0,0,0.,#222);
#222=COORDINATED_UNIVERSAL_TIME_OFFSET(0,0,.AHEAD.);
#223=PRODUCT_DEFINITION_SHAPE('NONE','NONE',#205);
#224=CONTEXT_DEPENDENT_SHAPE_REPRESENTATION(#204,#223);
#225=AXIS2_PLACEMENT_3D('',#226,#227,#228);
#226=CARTESIAN_POINT('',(129.5,0.,-1.2583656277666E-14));
#227=DIRECTION('',(1.62862013827732E-16,0.928395434531862,-0.37159375282746));
#228=DIRECTION('',(-1.,1.83770892095008E-16,2.08562262797754E-17));
#229=PRODUCT_DEFINITION('','UNSPECIFIED',#246,#249);
#230=SHAPE_DEFINITION_REPRESENTATION(#244,#231);
#231=SHAPE_REPRESENTATION('NONE',(#4),#8);
#232=MANIFOLD_SOLID_BREP('',#233);
#233=CLOSED_SHELL('',(#1741,#1750,#1759,#1768,#1777,#1786,#1795,#1804,#1813,#1822,
#1831,#1840,#1849,#1858,#1867,#1876,#1885,#1894,#1903,#1912,#1921,#1930,#1939,#1948,
#1957,#1966,#1975,#1984,#1993,#2002,#2011,#2020,#2029,#2038,#2047,#2056,#2065,#2074,
#2083));
#234=COLOUR_RGB('',0.564705882352941,0.564705882352941,0.564705882352941);
#235=FILL_AREA_STYLE_COLOUR('',#234);
#236=FILL_AREA_STYLE($,(#235));
#237=SURFACE_STYLE_FILL_AREA(#236);
#238=SURFACE_SIDE_STYLE('',(#237));
#239=SURFACE_STYLE_USAGE(.BOTH.,#238);
#240=PRESENTATION_STYLE_ASSIGNMENT((#239));
#241=STYLED_ITEM('',(#240),#232);
#242=ADVANCED_BREP_SHAPE_REPRESENTATION('NONE',(#232),#8);
#243=SHAPE_REPRESENTATION_RELATIONSHIP('','',#231,#242);
#244=PRODUCT_DEFINITION_SHAPE('NONE','NONE',#229);
#245=MECHANICAL_CONTEXT('NONE',#250,'mechanical');
#246=PRODUCT_DEFINITION_FORMATION_WITH_SPECIFIED_SOURCE('ANY','UNSPECIFIED',#247,
.NOT_KNOWN.);
#247=PRODUCT('','\X2\041E0441043D043E0432043D043E0439\X0\ \X2\04320438043D0442\X0\',
'NONE',(#245));
#248=PRODUCT_RELATED_PRODUCT_CATEGORY('detail','',(#247));
#249=DESIGN_CONTEXT('detailed design',#250,'design');
#250=APPLICATION_CONTEXT('configuration controlled 3d designs of mechanical parts and assemblies');
#251=APPLICATION_PROTOCOL_DEFINITION('international standard','config_control_design',
1994,#250);
#252=CC_DESIGN_DATE_AND_TIME_ASSIGNMENT(#253,#257,(#229));
#253=DATE_AND_TIME(#254,#255);
#254=CALENDAR_DATE(0,1,1);
#255=LOCAL_TIME(0,0,0.,#256);
#256=COORDINATED_UNIVERSAL_TIME_OFFSET(0,0,.AHEAD.);
#257=DATE_TIME_ROLE('creation_date');
#258=CC_DESIGN_APPROVAL(#259,(#229));
#259=APPROVAL(#260,'UNSPECIFIED');
#260=APPROVAL_STATUS('not_yet_approved');
#261=APPROVAL_DATE_TIME(#262,#259);
#262=DATE_AND_TIME(#263,#264);
#263=CALENDAR_DATE(0,1,1);
#264=LOCAL_TIME(0,0,0.,#265);
#265=COORDINATED_UNIVERSAL_TIME_OFFSET(0,0,.AHEAD.);
#266=ITEM_DEFINED_TRANSFORMATION('','',#4,#225);
#267=(REPRESENTATION_RELATIONSHIP('','',#231,#3)REPRESENTATION_RELATIONSHIP_WITH_TRANSFORMATION(
#266)SHAPE_REPRESENTATION_RELATIONSHIP());
#268=NEXT_ASSEMBLY_USAGE_OCCURRENCE('ANY','\X2\04210431043E0440043A0430\X0\','',
#1,#229,'');
#269=CC_DESIGN_SECURITY_CLASSIFICATION(#270,(#268));
#270=SECURITY_CLASSIFICATION('','',#271);
#271=SECURITY_CLASSIFICATION_LEVEL('unclassified');
#272=CC_DESIGN_DATE_AND_TIME_ASSIGNMENT(#273,#277,(#270));
#273=DATE_AND_TIME(#274,#275);
#274=CALENDAR_DATE(0,1,1);
#275=LOCAL_TIME(0,0,0.,#276);
#276=COORDINATED_UNIVERSAL_TIME_OFFSET(0,0,.AHEAD.);
#277=DATE_TIME_ROLE('classification_date');
#278=CC_DESIGN_APPROVAL(#279,(#270));
#279=APPROVAL(#280,'UNSPECIFIED');
#280=APPROVAL_STATUS('not_yet_approved');
#281=APPROVAL_DATE_TIME(#282,#279);
#282=DATE_AND_TIME(#283,#284);
#283=CALENDAR_DATE(0,1,1);
#284=LOCAL_TIME(0,0,0.,#285);
#285=COORDINATED_UNIVERSAL_TIME_OFFSET(0,0,.AHEAD.);
#286=PRODUCT_DEFINITION_SHAPE('NONE','NONE',#268);
#287=CONTEXT_DEPENDENT_SHAPE_REPRESENTATION(#267,#286);
#288=AXIS2_PLACEMENT_3D('',#289,#290,#291);
#289=CARTESIAN_POINT('',(102.,0.,-1.54276069284382E-14));
#290=DIRECTION('',(0.,0.,1.));
#291=DIRECTION('',(1.,0.,0.));
#292=PRODUCT_DEFINITION('','UNSPECIFIED',#309,#312);
#293=SHAPE_DEFINITION_REPRESENTATION(#307,#294);
#294=SHAPE_REPRESENTATION('NONE',(#4),#8);
#295=MANIFOLD_SOLID_BREP('',#296);
#296=CLOSED_SHELL('',(#2092,#2101,#2110,#2119,#2128,#2137,#2146,#2155,#2164,#2173,
#2182,#2191,#2200,#2209,#2218,#2227,#2236,#2245,#2254,#2263,#2272,#2281,#2290,#2299,
#2308,#2317,#2326,#2335,#2344,#2353,#2362,#2371,#2380,#2389));
#297=COLOUR_RGB('',0.564705882352941,0.564705882352941,0.564705882352941);
#298=FILL_AREA_STYLE_COLOUR('',#297);
#299=FILL_AREA_STYLE($,(#298));
#300=SURFACE_STYLE_FILL_AREA(#299);
#301=SURFACE_SIDE_STYLE('',(#300));
#302=SURFACE_STYLE_USAGE(.BOTH.,#301);
#303=PRESENTATION_STYLE_ASSIGNMENT((#302));
#304=STYLED_ITEM('',(#303),#295);
#305=ADVANCED_BREP_SHAPE_REPRESENTATION('NONE',(#295),#8);
#306=SHAPE_REPRESENTATION_RELATIONSHIP('','',#294,#305);
#307=PRODUCT_DEFINITION_SHAPE('NONE','NONE',#292);
#308=MECHANICAL_CONTEXT('NONE',#313,'mechanical');
#309=PRODUCT_DEFINITION_FORMATION_WITH_SPECIFIED_SOURCE('ANY','UNSPECIFIED',#310,
.NOT_KNOWN.);
#310=PRODUCT('','\X2\041E0441043D043E04320430043D04380435\X0\ \X2\0442044F0433043E0432043E0439\X0\ \X2\04410438044104420435043C044B\X0\',
'NONE',(#308));
#311=PRODUCT_RELATED_PRODUCT_CATEGORY('detail','',(#310));
#312=DESIGN_CONTEXT('detailed design',#313,'design');
#313=APPLICATION_CONTEXT('configuration controlled 3d designs of mechanical parts and assemblies');
#314=APPLICATION_PROTOCOL_DEFINITION('international standard','config_control_design',
1994,#313);
#315=CC_DESIGN_DATE_AND_TIME_ASSIGNMENT(#316,#320,(#292));
#316=DATE_AND_TIME(#317,#318);
#317=CALENDAR_DATE(0,1,1);
#318=LOCAL_TIME(0,0,0.,#319);
#319=COORDINATED_UNIVERSAL_TIME_OFFSET(0,0,.AHEAD.);
#320=DATE_TIME_ROLE('creation_date');
#321=CC_DESIGN_APPROVAL(#322,(#292));
#322=APPROVAL(#323,'UNSPECIFIED');
#323=APPROVAL_STATUS('not_yet_approved');
#324=APPROVAL_DATE_TIME(#325,#322);
#325=DATE_AND_TIME(#326,#327);
#326=CALENDAR_DATE(0,1,1);
#327=LOCAL_TIME(0,0,0.,#328);
#328=COORDINATED_UNIVERSAL_TIME_OFFSET(0,0,.AHEAD.);
#329=ITEM_DEFINED_TRANSFORMATION('','',#4,#288);
#330=(REPRESENTATION_RELATIONSHIP('','',#294,#3)REPRESENTATION_RELATIONSHIP_WITH_TRANSFORMATION(
#329)SHAPE_REPRESENTATION_RELATIONSHIP());
#331=NEXT_ASSEMBLY_USAGE_OCCURRENCE('ANY','\X2\04210431043E0440043A0430\X0\','',
#1,#292,'');
#332=CC_DESIGN_SECURITY_CLASSIFICATION(#333,(#331));
#333=SECURITY_CLASSIFICATION('','',#334);
#334=SECURITY_CLASSIFICATION_LEVEL('unclassified');
#335=CC_DESIGN_DATE_AND_TIME_ASSIGNMENT(#336,#340,(#333));
#336=DATE_AND_TIME(#337,#338);
#337=CALENDAR_DATE(0,1,1);
#338=LOCAL_TIME(0,0,0.,#339);
#339=COORDINATED_UNIVERSAL_TIME_OFFSET(0,0,.AHEAD.);
#340=DATE_TIME_ROLE('classification_date');
#341=CC_DESIGN_APPROVAL(#342,(#333));
#342=APPROVAL(#343,'UNSPECIFIED');
#343=APPROVAL_STATUS('not_yet_approved');
#344=APPROVAL_DATE_TIME(#345,#342);
#345=DATE_AND_TIME(#346,#347);
#346=CALENDAR_DATE(0,1,1);
#347=LOCAL_TIME(0,0,0.,#348);
#348=COORDINATED_UNIVERSAL_TIME_OFFSET(0,0,.AHEAD.);
#349=PRODUCT_DEFINITION_SHAPE('NONE','NONE',#331);
#350=CONTEXT_DEPENDENT_SHAPE_REPRESENTATION(#330,#349);
#351=AXIS2_PLACEMENT_3D('',#352,#353,#354);
#352=CARTESIAN_POINT('',(92.,52.,-4.72416320049991E-15));
#353=DIRECTION('',(0.,0.,1.));
#354=DIRECTION('',(1.,0.,0.));
#355=PRODUCT_DEFINITION('','UNSPECIFIED',#372,#375);
#356=SHAPE_DEFINITION_REPRESENTATION(#370,#357);
#357=SHAPE_REPRESENTATION('NONE',(#4),#8);
#358=MANIFOLD_SOLID_BREP('',#359);
#359=CLOSED_SHELL('',(#2398,#2407,#2416,#2425,#2434,#2443,#2452,#2461,#2470,#2479,
#2488,#2497,#2506,#2515,#2524,#2533,#2542,#2551,#2560,#2569,#2578,#2587,#2596,#2605));
#360=COLOUR_RGB('',0.564705882352941,0.564705882352941,0.564705882352941);
#361=FILL_AREA_STYLE_COLOUR('',#360);
#362=FILL_AREA_STYLE($,(#361));
#363=SURFACE_STYLE_FILL_AREA(#362);
#364=SURFACE_SIDE_STYLE('',(#363));
#365=SURFACE_STYLE_USAGE(.BOTH.,#364);
#366=PRESENTATION_STYLE_ASSIGNMENT((#365));
#367=STYLED_ITEM('',(#366),#358);
#368=ADVANCED_BREP_SHAPE_REPRESENTATION('NONE',(#358),#8);
#369=SHAPE_REPRESENTATION_RELATIONSHIP('','',#357,#368);
#370=PRODUCT_DEFINITION_SHAPE('NONE','NONE',#355);
#371=MECHANICAL_CONTEXT('NONE',#376,'mechanical');
#372=PRODUCT_DEFINITION_FORMATION_WITH_SPECIFIED_SOURCE('ANY','UNSPECIFIED',#373,
.NOT_KNOWN.);
#373=PRODUCT('','\X2\0411043E043A043E0432043E0439\X0\ \X2\04320430043B\X0\','NONE',
(#371));
#374=PRODUCT_RELATED_PRODUCT_CATEGORY('detail','',(#373));
#375=DESIGN_CONTEXT('detailed design',#376,'design');
#376=APPLICATION_CONTEXT('configuration controlled 3d designs of mechanical parts and assemblies');
#377=APPLICATION_PROTOCOL_DEFINITION('international standard','config_control_design',
1994,#376);
#378=CC_DESIGN_DATE_AND_TIME_ASSIGNMENT(#379,#383,(#355));
#379=DATE_AND_TIME(#380,#381);
#380=CALENDAR_DATE(0,1,1);
#381=LOCAL_TIME(0,0,0.,#382);
#382=COORDINATED_UNIVERSAL_TIME_OFFSET(0,0,.AHEAD.);
#383=DATE_TIME_ROLE('creation_date');
#384=CC_DESIGN_APPROVAL(#385,(#355));
#385=APPROVAL(#386,'UNSPECIFIED');
#386=APPROVAL_STATUS('not_yet_approved');
#387=APPROVAL_DATE_TIME(#388,#385);
#388=DATE_AND_TIME(#389,#390);
#389=CALENDAR_DATE(0,1,1);
#390=LOCAL_TIME(0,0,0.,#391);
#391=COORDINATED_UNIVERSAL_TIME_OFFSET(0,0,.AHEAD.);
#392=ITEM_DEFINED_TRANSFORMATION('','',#4,#351);
#393=(REPRESENTATION_RELATIONSHIP('','',#357,#3)REPRESENTATION_RELATIONSHIP_WITH_TRANSFORMATION(
#392)SHAPE_REPRESENTATION_RELATIONSHIP());
#394=NEXT_ASSEMBLY_USAGE_OCCURRENCE('ANY','\X2\04210431043E0440043A0430\X0\','',
#1,#355,'');
#395=CC_DESIGN_SECURITY_CLASSIFICATION(#396,(#394));
#396=SECURITY_CLASSIFICATION('','',#397);
#397=SECURITY_CLASSIFICATION_LEVEL('unclassified');
#398=CC_DESIGN_DATE_AND_TIME_ASSIGNMENT(#399,#403,(#396));
#399=DATE_AND_TIME(#400,#401);
#400=CALENDAR_DATE(0,1,1);
#401=LOCAL_TIME(0,0,0.,#402);
#402=COORDINATED_UNIVERSAL_TIME_OFFSET(0,0,.AHEAD.);
#403=DATE_TIME_ROLE('classification_date');
#404=CC_DESIGN_APPROVAL(#405,(#396));
#405=APPROVAL(#406,'UNSPECIFIED');
#406=APPROVAL_STATUS('not_yet_approved');
#407=APPROVAL_DATE_TIME(#408,#405);
#408=DATE_AND_TIME(#409,#410);
#409=CALENDAR_DATE(0,1,1);
#410=LOCAL_TIME(0,0,0.,#411);
#411=COORDINATED_UNIVERSAL_TIME_OFFSET(0,0,.AHEAD.);
#412=PRODUCT_DEFINITION_SHAPE('NONE','NONE',#394);
#413=CONTEXT_DEPENDENT_SHAPE_REPRESENTATION(#393,#412);
#414=AXIS2_PLACEMENT_3D('',#415,#416,#417);
#415=CARTESIAN_POINT('',(112.,52.,-1.4210854715202E-14));
#416=DIRECTION('',(1.,-9.28040771114869E-17,-3.47459624914305E-16));
#417=DIRECTION('',(-3.55709341169595E-16,-0.11278132258166,-0.993619833375286));
#418=PRODUCT_DEFINITION('','UNSPECIFIED',#435,#438);
#419=SHAPE_DEFINITION_REPRESENTATION(#433,#420);
#420=SHAPE_REPRESENTATION('NONE',(#4),#8);
#421=MANIFOLD_SOLID_BREP('',#422);
#422=CLOSED_SHELL('',(#2614,#2623,#2632));
#423=COLOUR_RGB('',0.564705882352941,0.564705882352941,0.564705882352941);
#424=FILL_AREA_STYLE_COLOUR('',#423);
#425=FILL_AREA_STYLE($,(#424));
#426=SURFACE_STYLE_FILL_AREA(#425);
#427=SURFACE_SIDE_STYLE('',(#426));
#428=SURFACE_STYLE_USAGE(.BOTH.,#427);
#429=PRESENTATION_STYLE_ASSIGNMENT((#428));
#430=STYLED_ITEM('',(#429),#421);
#431=ADVANCED_BREP_SHAPE_REPRESENTATION('NONE',(#421),#8);
#432=SHAPE_REPRESENTATION_RELATIONSHIP('','',#420,#431);
#433=PRODUCT_DEFINITION_SHAPE('NONE','NONE',#418);
#434=MECHANICAL_CONTEXT('NONE',#439,'mechanical');
#435=PRODUCT_DEFINITION_FORMATION_WITH_SPECIFIED_SOURCE('ANY','UNSPECIFIED',#436,
.NOT_KNOWN.);
#436=PRODUCT('','\X2\042804350441044204350440043D044F\X0\ \X2\0431043E043A043E0432043E0433043E\X0\ \X2\04320430043B0430\X0\',
'NONE',(#434));
#437=PRODUCT_RELATED_PRODUCT_CATEGORY('detail','',(#436));
#438=DESIGN_CONTEXT('detailed design',#439,'design');
#439=APPLICATION_CONTEXT('configuration controlled 3d designs of mechanical parts and assemblies');
#440=APPLICATION_PROTOCOL_DEFINITION('international standard','config_control_design',
1994,#439);
#441=CC_DESIGN_DATE_AND_TIME_ASSIGNMENT(#442,#446,(#418));
#442=DATE_AND_TIME(#443,#444);
#443=CALENDAR_DATE(0,1,1);
#444=LOCAL_TIME(0,0,0.,#445);
#445=COORDINATED_UNIVERSAL_TIME_OFFSET(0,0,.AHEAD.);
#446=DATE_TIME_ROLE('creation_date');
#447=CC_DESIGN_APPROVAL(#448,(#418));
#448=APPROVAL(#449,'UNSPECIFIED');
#449=APPROVAL_STATUS('not_yet_approved');
#450=APPROVAL_DATE_TIME(#451,#448);
#451=DATE_AND_TIME(#452,#453);
#452=CALENDAR_DATE(0,1,1);
#453=LOCAL_TIME(0,0,0.,#454);
#454=COORDINATED_UNIVERSAL_TIME_OFFSET(0,0,.AHEAD.);
#455=ITEM_DEFINED_TRANSFORMATION('','',#4,#414);
#456=(REPRESENTATION_RELATIONSHIP('','',#420,#3)REPRESENTATION_RELATIONSHIP_WITH_TRANSFORMATION(
#455)SHAPE_REPRESENTATION_RELATIONSHIP());
#457=NEXT_ASSEMBLY_USAGE_OCCURRENCE('ANY','\X2\04210431043E0440043A0430\X0\','',
#1,#418,'');
#458=CC_DESIGN_SECURITY_CLASSIFICATION(#459,(#457));
#459=SECURITY_CLASSIFICATION('','',#460);
#460=SECURITY_CLASSIFICATION_LEVEL('unclassified');
#461=CC_DESIGN_DATE_AND_TIME_ASSIGNMENT(#462,#466,(#459));
#462=DATE_AND_TIME(#463,#464);
#463=CALENDAR_DATE(0,1,1);
#464=LOCAL_TIME(0,0,0.,#465);
#465=COORDINATED_UNIVERSAL_TIME_OFFSET(0,0,.AHEAD.);
#466=DATE_TIME_ROLE('classification_date');
#467=CC_DESIGN_APPROVAL(#468,(#459));
#468=APPROVAL(#469,'UNSPECIFIED');
#469=APPROVAL_STATUS('not_yet_approved');
#470=APPROVAL_DATE_TIME(#471,#468);
#471=DATE_AND_TIME(#472,#473);
#472=CALENDAR_DATE(0,1,1);
#473=LOCAL_TIME(0,0,0.,#474);
#474=COORDINATED_UNIVERSAL_TIME_OFFSET(0,0,.AHEAD.);
#475=PRODUCT_DEFINITION_SHAPE('NONE','NONE',#457);
#476=CONTEXT_DEPENDENT_SHAPE_REPRESENTATION(#456,#475);
#477=AXIS2_PLACEMENT_3D('',#478,#479,#480);
#478=CARTESIAN_POINT('',(117.,57.,-1.11073264475393E-14));
#479=DIRECTION('',(-6.85798131814929E-18,-1.,1.50029748845169E-15));
#480=DIRECTION('',(0.615733416213976,1.17794353201523E-15,0.787954541935933));
#481=PRODUCT_DEFINITION('','UNSPECIFIED',#498,#501);
#482=SHAPE_DEFINITION_REPRESENTATION(#496,#483);
#483=SHAPE_REPRESENTATION('NONE',(#4),#8);
#484=MANIFOLD_SOLID_BREP('',#485);
#485=CLOSED_SHELL('',(#2641,#2650,#2659,#2668,#2677,#2686,#2695));
#486=COLOUR_RGB('',0.564705882352941,0.564705882352941,0.564705882352941);
#487=FILL_AREA_STYLE_COLOUR('',#486);
#488=FILL_AREA_STYLE($,(#487));
#489=SURFACE_STYLE_FILL_AREA(#488);
#490=SURFACE_SIDE_STYLE('',(#489));
#491=SURFACE_STYLE_USAGE(.BOTH.,#490);
#492=PRESENTATION_STYLE_ASSIGNMENT((#491));
#493=STYLED_ITEM('',(#492),#484);
#494=ADVANCED_BREP_SHAPE_REPRESENTATION('NONE',(#484),#8);
#495=SHAPE_REPRESENTATION_RELATIONSHIP('','',#483,#494);
#496=PRODUCT_DEFINITION_SHAPE('NONE','NONE',#481);
#497=MECHANICAL_CONTEXT('NONE',#502,'mechanical');
#498=PRODUCT_DEFINITION_FORMATION_WITH_SPECIFIED_SOURCE('ANY','UNSPECIFIED',#499,
.NOT_KNOWN.);
#499=PRODUCT('','\X2\041F0435044004350434043004440430\X0\ \X2\0431043E043A043E0432043E0433043E\X0\ \X2\04320430043B0430\X0\',
'NONE',(#497));
#500=PRODUCT_RELATED_PRODUCT_CATEGORY('detail','',(#499));
#501=DESIGN_CONTEXT('detailed design',#502,'design');
#502=APPLICATION_CONTEXT('configuration controlled 3d designs of mechanical parts and assemblies');
#503=APPLICATION_PROTOCOL_DEFINITION('international standard','config_control_design',
1994,#502);
#504=CC_DESIGN_DATE_AND_TIME_ASSIGNMENT(#505,#509,(#481));
#505=DATE_AND_TIME(#506,#507);
#506=CALENDAR_DATE(0,1,1);
#507=LOCAL_TIME(0,0,0.,#508);
#508=COORDINATED_UNIVERSAL_TIME_OFFSET(0,0,.AHEAD.);
#509=DATE_TIME_ROLE('creation_date');
#510=CC_DESIGN_APPROVAL(#511,(#481));
#511=APPROVAL(#512,'UNSPECIFIED');
#512=APPROVAL_STATUS('not_yet_approved');
#513=APPROVAL_DATE_TIME(#514,#511);
#514=DATE_AND_TIME(#515,#516);
#515=CALENDAR_DATE(0,1,1);
#516=LOCAL_TIME(0,0,0.,#517);
#517=COORDINATED_UNIVERSAL_TIME_OFFSET(0,0,.AHEAD.);
#518=ITEM_DEFINED_TRANSFORMATION('','',#4,#477);
#519=(REPRESENTATION_RELATIONSHIP('','',#483,#3)REPRESENTATION_RELATIONSHIP_WITH_TRANSFORMATION(
#518)SHAPE_REPRESENTATION_RELATIONSHIP());
#520=NEXT_ASSEMBLY_USAGE_OCCURRENCE('ANY','\X2\04210431043E0440043A0430\X0\','',
#1,#481,'');
#521=CC_DESIGN_SECURITY_CLASSIFICATION(#522,(#520));
#522=SECURITY_CLASSIFICATION('','',#523);
#523=SECURITY_CLASSIFICATION_LEVEL('unclassified');
#524=CC_DESIGN_DATE_AND_TIME_ASSIGNMENT(#525,#529,(#522));
#525=DATE_AND_TIME(#526,#527);
#526=CALENDAR_DATE(0,1,1);
#527=LOCAL_TIME(0,0,0.,#528);
#528=COORDINATED_UNIVERSAL_TIME_OFFSET(0,0,.AHEAD.);
#529=DATE_TIME_ROLE('classification_date');
#530=CC_DESIGN_APPROVAL(#531,(#522));
#531=APPROVAL(#532,'UNSPECIFIED');
#532=APPROVAL_STATUS('not_yet_approved');
#533=APPROVAL_DATE_TIME(#534,#531);
#534=DATE_AND_TIME(#535,#536);
#535=CALENDAR_DATE(0,1,1);
#536=LOCAL_TIME(0,0,0.,#537);
#537=COORDINATED_UNIVERSAL_TIME_OFFSET(0,0,.AHEAD.);
#538=PRODUCT_DEFINITION_SHAPE('NONE','NONE',#520);
#539=CONTEXT_DEPENDENT_SHAPE_REPRESENTATION(#519,#538);
#540=AXIS2_PLACEMENT_3D('',#541,#542,#543);
#541=CARTESIAN_POINT('',(117.,76.5,-4.08043406734306E-14));
#542=DIRECTION('',(0.320426854885773,-1.14541895013277E-15,-0.947273260821824));
#543=DIRECTION('',(3.22810008378076E-16,-1.,1.31836925784175E-15));
#544=PRODUCT_DEFINITION('','UNSPECIFIED',#561,#564);
#545=SHAPE_DEFINITION_REPRESENTATION(#559,#546);
#546=SHAPE_REPRESENTATION('NONE',(#4),#8);
#547=MANIFOLD_SOLID_BREP('',#548);
#548=CLOSED_SHELL('',(#2704,#2713,#2722,#2731,#2740,#2749,#2758,#2767,#2776,#2785,
#2794,#2803,#2812,#2821,#2830,#2839,#2848,#2857,#2866,#2875,#2884,#2893,#2902,#2911,
#2920,#2929,#2938,#2947,#2956,#2965,#2974,#2983,#2992,#3001,#3010,#3019,#3028));
#549=COLOUR_RGB('',0.564705882352941,0.564705882352941,0.564705882352941);
#550=FILL_AREA_STYLE_COLOUR('',#549);
#551=FILL_AREA_STYLE($,(#550));
#552=SURFACE_STYLE_FILL_AREA(#551);
#553=SURFACE_SIDE_STYLE('',(#552));
#554=SURFACE_STYLE_USAGE(.BOTH.,#553);
#555=PRESENTATION_STYLE_ASSIGNMENT((#554));
#556=STYLED_ITEM('',(#555),#547);
#557=ADVANCED_BREP_SHAPE_REPRESENTATION('NONE',(#547),#8);
#558=SHAPE_REPRESENTATION_RELATIONSHIP('','',#546,#557);
#559=PRODUCT_DEFINITION_SHAPE('NONE','NONE',#544);
#560=MECHANICAL_CONTEXT('NONE',#565,'mechanical');
#561=PRODUCT_DEFINITION_FORMATION_WITH_SPECIFIED_SOURCE('ANY','UNSPECIFIED',#562,
.NOT_KNOWN.);
#562=PRODUCT('','\X2\0411043E043A043E0432043E0439\X0\ \X2\04320438043D0442\X0\',
'NONE',(#560));
#563=PRODUCT_RELATED_PRODUCT_CATEGORY('detail','',(#562));
#564=DESIGN_CONTEXT('detailed design',#565,'design');
#565=APPLICATION_CONTEXT('configuration controlled 3d designs of mechanical parts and assemblies');
#566=APPLICATION_PROTOCOL_DEFINITION('international standard','config_control_design',
1994,#565);
#567=CC_DESIGN_DATE_AND_TIME_ASSIGNMENT(#568,#572,(#544));
#568=DATE_AND_TIME(#569,#570);
#569=CALENDAR_DATE(0,1,1);
#570=LOCAL_TIME(0,0,0.,#571);
#571=COORDINATED_UNIVERSAL_TIME_OFFSET(0,0,.AHEAD.);
#572=DATE_TIME_ROLE('creation_date');
#573=CC_DESIGN_APPROVAL(#574,(#544));
#574=APPROVAL(#575,'UNSPECIFIED');
#575=APPROVAL_STATUS('not_yet_approved');
#576=APPROVAL_DATE_TIME(#577,#574);
#577=DATE_AND_TIME(#578,#579);
#578=CALENDAR_DATE(0,1,1);
#579=LOCAL_TIME(0,0,0.,#580);
#580=COORDINATED_UNIVERSAL_TIME_OFFSET(0,0,.AHEAD.);
#581=ITEM_DEFINED_TRANSFORMATION('','',#4,#540);
#582=(REPRESENTATION_RELATIONSHIP('','',#546,#3)REPRESENTATION_RELATIONSHIP_WITH_TRANSFORMATION(
#581)SHAPE_REPRESENTATION_RELATIONSHIP());
#583=NEXT_ASSEMBLY_USAGE_OCCURRENCE('ANY','\X2\04210431043E0440043A0430\X0\','',
#1,#544,'');
#584=CC_DESIGN_SECURITY_CLASSIFICATION(#585,(#583));
#585=SECURITY_CLASSIFICATION('','',#586);
#586=SECURITY_CLASSIFICATION_LEVEL('unclassified');
#587=CC_DESIGN_DATE_AND_TIME_ASSIGNMENT(#588,#592,(#585));
#588=DATE_AND_TIME(#589,#590);
#589=CALENDAR_DATE(0,1,1);
#590=LOCAL_TIME(0,0,0.,#591);
#591=COORDINATED_UNIVERSAL_TIME_OFFSET(0,0,.AHEAD.);
#592=DATE_TIME_ROLE('classification_date');
#593=CC_DESIGN_APPROVAL(#594,(#585));
#594=APPROVAL(#595,'UNSPECIFIED');
#595=APPROVAL_STATUS('not_yet_approved');
#596=APPROVAL_DATE_TIME(#597,#594);
#597=DATE_AND_TIME(#598,#599);
#598=CALENDAR_DATE(0,1,1);
#599=LOCAL_TIME(0,0,0.,#600);
#600=COORDINATED_UNIVERSAL_TIME_OFFSET(0,0,.AHEAD.);
#601=PRODUCT_DEFINITION_SHAPE('NONE','NONE',#583);
#602=CONTEXT_DEPENDENT_SHAPE_REPRESENTATION(#582,#601);
#603=AXIS2_PLACEMENT_3D('',#604,#605,#606);
#604=CARTESIAN_POINT('',(87.,51.9999999999999,-1.22640453072712E-14));
#605=DIRECTION('',(4.63254506760449E-16,-1.,5.49560397189452E-15));
#606=DIRECTION('',(-1.,-4.63254506760449E-16,6.05037251705909E-17));
#607=PRODUCT_DEFINITION('','UNSPECIFIED',#624,#627);
#608=SHAPE_DEFINITION_REPRESENTATION(#622,#609);
#609=SHAPE_REPRESENTATION('NONE',(#4),#8);
#610=MANIFOLD_SOLID_BREP('',#611);
#611=CLOSED_SHELL('',(#3037,#3046,#3055,#3064,#3073,#3082,#3091,#3100,#3109,#3118,
#3127,#3136,#3145,#3154,#3163,#3172,#3181,#3190,#3199,#3208,#3217,#3226,#3235,#3244,
#3253,#3262));
#612=COLOUR_RGB('',0.564705882352941,0.564705882352941,0.564705882352941);
#613=FILL_AREA_STYLE_COLOUR('',#612);
#614=FILL_AREA_STYLE($,(#613));
#615=SURFACE_STYLE_FILL_AREA(#614);
#616=SURFACE_SIDE_STYLE('',(#615));
#617=SURFACE_STYLE_USAGE(.BOTH.,#616);
#618=PRESENTATION_STYLE_ASSIGNMENT((#617));
#619=STYLED_ITEM('',(#618),#610);
#620=ADVANCED_BREP_SHAPE_REPRESENTATION('NONE',(#610),#8);
#621=SHAPE_REPRESENTATION_RELATIONSHIP('','',#609,#620);
#622=PRODUCT_DEFINITION_SHAPE('NONE','NONE',#607);
#623=MECHANICAL_CONTEXT('NONE',#628,'mechanical');
#624=PRODUCT_DEFINITION_FORMATION_WITH_SPECIFIED_SOURCE('ANY','UNSPECIFIED',#625,
.NOT_KNOWN.);
#625=PRODUCT('','\X2\0412043D0443044204400435043D043D04380439\X0\ \X2\0431043E043A043E0432043E0439\X0\ \X2\04320430043B\X0\',
'NONE',(#623));
#626=PRODUCT_RELATED_PRODUCT_CATEGORY('detail','',(#625));
#627=DESIGN_CONTEXT('detailed design',#628,'design');
#628=APPLICATION_CONTEXT('configuration controlled 3d designs of mechanical parts and assemblies');
#629=APPLICATION_PROTOCOL_DEFINITION('international standard','config_control_design',
1994,#628);
#630=CC_DESIGN_DATE_AND_TIME_ASSIGNMENT(#631,#635,(#607));
#631=DATE_AND_TIME(#632,#633);
#632=CALENDAR_DATE(0,1,1);
#633=LOCAL_TIME(0,0,0.,#634);
#634=COORDINATED_UNIVERSAL_TIME_OFFSET(0,0,.AHEAD.);
#635=DATE_TIME_ROLE('creation_date');
#636=CC_DESIGN_APPROVAL(#637,(#607));
#637=APPROVAL(#638,'UNSPECIFIED');
#638=APPROVAL_STATUS('not_yet_approved');
#639=APPROVAL_DATE_TIME(#640,#637);
#640=DATE_AND_TIME(#641,#642);
#641=CALENDAR_DATE(0,1,1);
#642=LOCAL_TIME(0,0,0.,#643);
#643=COORDINATED_UNIVERSAL_TIME_OFFSET(0,0,.AHEAD.);
#644=ITEM_DEFINED_TRANSFORMATION('','',#4,#603);
#645=(REPRESENTATION_RELATIONSHIP('','',#609,#3)REPRESENTATION_RELATIONSHIP_WITH_TRANSFORMATION(
#644)SHAPE_REPRESENTATION_RELATIONSHIP());
#646=NEXT_ASSEMBLY_USAGE_OCCURRENCE('ANY','\X2\04210431043E0440043A0430\X0\','',
#1,#607,'');
#647=CC_DESIGN_SECURITY_CLASSIFICATION(#648,(#646));
#648=SECURITY_CLASSIFICATION('','',#649);
#649=SECURITY_CLASSIFICATION_LEVEL('unclassified');
#650=CC_DESIGN_DATE_AND_TIME_ASSIGNMENT(#651,#655,(#648));
#651=DATE_AND_TIME(#652,#653);
#652=CALENDAR_DATE(0,1,1);
#653=LOCAL_TIME(0,0,0.,#654);
#654=COORDINATED_UNIVERSAL_TIME_OFFSET(0,0,.AHEAD.);
#655=DATE_TIME_ROLE('classification_date');
#656=CC_DESIGN_APPROVAL(#657,(#648));
#657=APPROVAL(#658,'UNSPECIFIED');
#658=APPROVAL_STATUS('not_yet_approved');
#659=APPROVAL_DATE_TIME(#660,#657);
#660=DATE_AND_TIME(#661,#662);
#661=CALENDAR_DATE(0,1,1);
#662=LOCAL_TIME(0,0,0.,#663);
#663=COORDINATED_UNIVERSAL_TIME_OFFSET(0,0,.AHEAD.);
#664=PRODUCT_DEFINITION_SHAPE('NONE','NONE',#646);
#665=CONTEXT_DEPENDENT_SHAPE_REPRESENTATION(#645,#664);
#666=AXIS2_PLACEMENT_3D('',#667,#668,#669);
#667=CARTESIAN_POINT('',(87.,2.1316282072803E-14,1.01538432896969E-14));
#668=DIRECTION('',(2.19171412832288E-16,-0.707106781186547,0.707106781186548));
#669=DIRECTION('',(-1.,-6.76856379888144E-17,2.42269546523079E-16));
#670=PRODUCT_DEFINITION('','UNSPECIFIED',#687,#690);
#671=SHAPE_DEFINITION_REPRESENTATION(#685,#672);
#672=SHAPE_REPRESENTATION('NONE',(#4),#8);
#673=MANIFOLD_SOLID_BREP('',#674);
#674=CLOSED_SHELL('',(#3271,#3280,#3289,#3298,#3307,#3316,#3325,#3334,#3343,#3352,
#3361,#3370,#3379,#3388,#3397,#3406,#3415,#3424,#3433,#3442,#3451,#3460,#3469,#3478,
#3487,#3496,#3505,#3514,#3523,#3532,#3541,#3550,#3559,#3568,#3577,#3586,#3595,#3604,
#3613,#3622,#3631,#3640,#3649));
#675=COLOUR_RGB('',0.564705882352941,0.564705882352941,0.564705882352941);
#676=FILL_AREA_STYLE_COLOUR('',#675);
#677=FILL_AREA_STYLE($,(#676));
#678=SURFACE_STYLE_FILL_AREA(#677);
#679=SURFACE_SIDE_STYLE('',(#678));
#680=SURFACE_STYLE_USAGE(.BOTH.,#679);
#681=PRESENTATION_STYLE_ASSIGNMENT((#680));
#682=STYLED_ITEM('',(#681),#673);
#683=ADVANCED_BREP_SHAPE_REPRESENTATION('NONE',(#673),#8);
#684=SHAPE_REPRESENTATION_RELATIONSHIP('','',#672,#683);
#685=PRODUCT_DEFINITION_SHAPE('NONE','NONE',#670);
#686=MECHANICAL_CONTEXT('NONE',#691,'mechanical');
#687=PRODUCT_DEFINITION_FORMATION_WITH_SPECIFIED_SOURCE('ANY','UNSPECIFIED',#688,
.NOT_KNOWN.);
#688=PRODUCT('','\X2\0412043D0443044204400435043D043D04380439\X0\ \X2\043E0441043D043E0432043D043E0439\X0\ \X2\04320430043B\X0\',
'NONE',(#686));
#689=PRODUCT_RELATED_PRODUCT_CATEGORY('detail','',(#688));
#690=DESIGN_CONTEXT('detailed design',#691,'design');
#691=APPLICATION_CONTEXT('configuration controlled 3d designs of mechanical parts and assemblies');
#692=APPLICATION_PROTOCOL_DEFINITION('international standard','config_control_design',
1994,#691);
#693=CC_DESIGN_DATE_AND_TIME_ASSIGNMENT(#694,#698,(#670));
#694=DATE_AND_TIME(#695,#696);
#695=CALENDAR_DATE(0,1,1);
#696=LOCAL_TIME(0,0,0.,#697);
#697=COORDINATED_UNIVERSAL_TIME_OFFSET(0,0,.AHEAD.);
#698=DATE_TIME_ROLE('creation_date');
#699=CC_DESIGN_APPROVAL(#700,(#670));
#700=APPROVAL(#701,'UNSPECIFIED');
#701=APPROVAL_STATUS('not_yet_approved');
#702=APPROVAL_DATE_TIME(#703,#700);
#703=DATE_AND_TIME(#704,#705);
#704=CALENDAR_DATE(0,1,1);
#705=LOCAL_TIME(0,0,0.,#706);
#706=COORDINATED_UNIVERSAL_TIME_OFFSET(0,0,.AHEAD.);
#707=ITEM_DEFINED_TRANSFORMATION('','',#4,#666);
#708=(REPRESENTATION_RELATIONSHIP('','',#672,#3)REPRESENTATION_RELATIONSHIP_WITH_TRANSFORMATION(
#707)SHAPE_REPRESENTATION_RELATIONSHIP());
#709=NEXT_ASSEMBLY_USAGE_OCCURRENCE('ANY','\X2\04210431043E0440043A0430\X0\','',
#1,#670,'');
#710=CC_DESIGN_SECURITY_CLASSIFICATION(#711,(#709));
#711=SECURITY_CLASSIFICATION('','',#712);
#712=SECURITY_CLASSIFICATION_LEVEL('unclassified');
#713=CC_DESIGN_DATE_AND_TIME_ASSIGNMENT(#714,#718,(#711));
#714=DATE_AND_TIME(#715,#716);
#715=CALENDAR_DATE(0,1,1);
#716=LOCAL_TIME(0,0,0.,#717);
#717=COORDINATED_UNIVERSAL_TIME_OFFSET(0,0,.AHEAD.);
#718=DATE_TIME_ROLE('classification_date');
#719=CC_DESIGN_APPROVAL(#720,(#711));
#720=APPROVAL(#721,'UNSPECIFIED');
#721=APPROVAL_STATUS('not_yet_approved');
#722=APPROVAL_DATE_TIME(#723,#720);
#723=DATE_AND_TIME(#724,#725);
#724=CALENDAR_DATE(0,1,1);
#725=LOCAL_TIME(0,0,0.,#726);
#726=COORDINATED_UNIVERSAL_TIME_OFFSET(0,0,.AHEAD.);
#727=PRODUCT_DEFINITION_SHAPE('NONE','NONE',#709);
#728=CONTEXT_DEPENDENT_SHAPE_REPRESENTATION(#708,#727);
#729=AXIS2_PLACEMENT_3D('',#730,#731,#732);
#730=CARTESIAN_POINT('',(42.0000000000001,51.9999999999999,-5.84557883354929E-15));
#731=DIRECTION('',(0.,0.,1.));
#732=DIRECTION('',(1.,0.,0.));
#733=PRODUCT_DEFINITION('','UNSPECIFIED',#750,#753);
#734=SHAPE_DEFINITION_REPRESENTATION(#748,#735);
#735=SHAPE_REPRESENTATION('NONE',(#4),#8);
#736=MANIFOLD_SOLID_BREP('',#737);
#737=CLOSED_SHELL('',(#3658,#3667,#3676,#3685,#3694,#3703,#3712,#3721));
#738=COLOUR_RGB('',0.564705882352941,0.564705882352941,0.564705882352941);
#739=FILL_AREA_STYLE_COLOUR('',#738);
#740=FILL_AREA_STYLE($,(#739));
#741=SURFACE_STYLE_FILL_AREA(#740);
#742=SURFACE_SIDE_STYLE('',(#741));
#743=SURFACE_STYLE_USAGE(.BOTH.,#742);
#744=PRESENTATION_STYLE_ASSIGNMENT((#743));
#745=STYLED_ITEM('',(#744),#736);
#746=ADVANCED_BREP_SHAPE_REPRESENTATION('NONE',(#736),#8);
#747=SHAPE_REPRESENTATION_RELATIONSHIP('','',#735,#746);
#748=PRODUCT_DEFINITION_SHAPE('NONE','NONE',#733);
#749=MECHANICAL_CONTEXT('NONE',#754,'mechanical');
#750=PRODUCT_DEFINITION_FORMATION_WITH_SPECIFIED_SOURCE('ANY','UNSPECIFIED',#751,
.NOT_KNOWN.);
#751=PRODUCT('','\X2\041C043E0442043E0440\X0\','NONE',(#749));
#752=PRODUCT_RELATED_PRODUCT_CATEGORY('detail','',(#751));
#753=DESIGN_CONTEXT('detailed design',#754,'design');
#754=APPLICATION_CONTEXT('configuration controlled 3d designs of mechanical parts and assemblies');
#755=APPLICATION_PROTOCOL_DEFINITION('international standard','config_control_design',
1994,#754);
#756=CC_DESIGN_DATE_AND_TIME_ASSIGNMENT(#757,#761,(#733));
#757=DATE_AND_TIME(#758,#759);
#758=CALENDAR_DATE(0,1,1);
#759=LOCAL_TIME(0,0,0.,#760);
#760=COORDINATED_UNIVERSAL_TIME_OFFSET(0,0,.AHEAD.);
#761=DATE_TIME_ROLE('creation_date');
#762=CC_DESIGN_APPROVAL(#763,(#733));
#763=APPROVAL(#764,'UNSPECIFIED');
#764=APPROVAL_STATUS('not_yet_approved');
#765=APPROVAL_DATE_TIME(#766,#763);
#766=DATE_AND_TIME(#767,#768);
#767=CALENDAR_DATE(0,1,1);
#768=LOCAL_TIME(0,0,0.,#769);
#769=COORDINATED_UNIVERSAL_TIME_OFFSET(0,0,.AHEAD.);
#770=ITEM_DEFINED_TRANSFORMATION('','',#4,#729);
#771=(REPRESENTATION_RELATIONSHIP('','',#735,#3)REPRESENTATION_RELATIONSHIP_WITH_TRANSFORMATION(
#770)SHAPE_REPRESENTATION_RELATIONSHIP());
#772=NEXT_ASSEMBLY_USAGE_OCCURRENCE('ANY','\X2\04210431043E0440043A0430\X0\','',
#1,#733,'');
#773=CC_DESIGN_SECURITY_CLASSIFICATION(#774,(#772));
#774=SECURITY_CLASSIFICATION('','',#775);
#775=SECURITY_CLASSIFICATION_LEVEL('unclassified');
#776=CC_DESIGN_DATE_AND_TIME_ASSIGNMENT(#777,#781,(#774));
#777=DATE_AND_TIME(#778,#779);
#778=CALENDAR_DATE(0,1,1);
#779=LOCAL_TIME(0,0,0.,#780);
#780=COORDINATED_UNIVERSAL_TIME_OFFSET(0,0,.AHEAD.);
#781=DATE_TIME_ROLE('classification_date');
#782=CC_DESIGN_APPROVAL(#783,(#774));
#783=APPROVAL(#784,'UNSPECIFIED');
#784=APPROVAL_STATUS('not_yet_approved');
#785=APPROVAL_DATE_TIME(#786,#783);
#786=DATE_AND_TIME(#787,#788);
#787=CALENDAR_DATE(0,1,1);
#788=LOCAL_TIME(0,0,0.,#789);
#789=COORDINATED_UNIVERSAL_TIME_OFFSET(0,0,.AHEAD.);
#790=PRODUCT_DEFINITION_SHAPE('NONE','NONE',#772);
#791=CONTEXT_DEPENDENT_SHAPE_REPRESENTATION(#771,#790);
#792=AXIS2_PLACEMENT_3D('',#793,#794,#795);
#793=CARTESIAN_POINT('',(42.,-2.22044604925031E-16,0.));
#794=DIRECTION('',(0.,0.,1.));
#795=DIRECTION('',(1.,0.,0.));
#796=ITEM_DEFINED_TRANSFORMATION('','',#4,#792);
#797=(REPRESENTATION_RELATIONSHIP('','',#735,#3)REPRESENTATION_RELATIONSHIP_WITH_TRANSFORMATION(
#796)SHAPE_REPRESENTATION_RELATIONSHIP());
#798=NEXT_ASSEMBLY_USAGE_OCCURRENCE('ANY','\X2\04210431043E0440043A0430\X0\','',
#1,#733,'');
#799=CC_DESIGN_SECURITY_CLASSIFICATION(#800,(#798));
#800=SECURITY_CLASSIFICATION('','',#801);
#801=SECURITY_CLASSIFICATION_LEVEL('unclassified');
#802=CC_DESIGN_DATE_AND_TIME_ASSIGNMENT(#803,#807,(#800));
#803=DATE_AND_TIME(#804,#805);
#804=CALENDAR_DATE(0,1,1);
#805=LOCAL_TIME(0,0,0.,#806);
#806=COORDINATED_UNIVERSAL_TIME_OFFSET(0,0,.AHEAD.);
#807=DATE_TIME_ROLE('classification_date');
#808=CC_DESIGN_APPROVAL(#809,(#800));
#809=APPROVAL(#810,'UNSPECIFIED');
#810=APPROVAL_STATUS('not_yet_approved');
#811=APPROVAL_DATE_TIME(#812,#809);
#812=DATE_AND_TIME(#813,#814);
#813=CALENDAR_DATE(0,1,1);
#814=LOCAL_TIME(0,0,0.,#815);
#815=COORDINATED_UNIVERSAL_TIME_OFFSET(0,0,.AHEAD.);
#816=PRODUCT_DEFINITION_SHAPE('NONE','NONE',#798);
#817=CONTEXT_DEPENDENT_SHAPE_REPRESENTATION(#797,#816);
#818=AXIS2_PLACEMENT_3D('',#819,#820,#821);
#819=CARTESIAN_POINT('',(-64.,-39.2475680473612,4.99999999999999));
#820=DIRECTION('',(-1.77932586225787E-17,-1.76941794549634E-16,1.));
#821=DIRECTION('',(-1.,-1.46304060042341E-19,-1.77932586225787E-17));
#822=PRODUCT_DEFINITION('','UNSPECIFIED',#827,#830);
#823=SHAPE_DEFINITION_REPRESENTATION(#825,#824);
#824=SHAPE_REPRESENTATION('NONE',(#4,#847,#910,#973),#8);
#825=PRODUCT_DEFINITION_SHAPE('NONE','NONE',#822);
#826=MECHANICAL_CONTEXT('NONE',#831,'mechanical');
#827=PRODUCT_DEFINITION_FORMATION_WITH_SPECIFIED_SOURCE('ANY','UNSPECIFIED',#828,
.NOT_KNOWN.);
#828=PRODUCT('','\X2\041A043E043C043F0440043504410441043E0440\X0\','NONE',(#826));
#829=PRODUCT_RELATED_PRODUCT_CATEGORY('assembly','',(#828));
#830=DESIGN_CONTEXT('detailed design',#831,'design');
#831=APPLICATION_CONTEXT('configuration controlled 3d designs of mechanical parts and assemblies');
#832=APPLICATION_PROTOCOL_DEFINITION('international standard','config_control_design',
1994,#831);
#833=CC_DESIGN_DATE_AND_TIME_ASSIGNMENT(#834,#838,(#822));
#834=DATE_AND_TIME(#835,#836);
#835=CALENDAR_DATE(0,1,1);
#836=LOCAL_TIME(0,0,0.,#837);
#837=COORDINATED_UNIVERSAL_TIME_OFFSET(0,0,.AHEAD.);
#838=DATE_TIME_ROLE('creation_date');
#839=CC_DESIGN_APPROVAL(#840,(#822));
#840=APPROVAL(#841,'UNSPECIFIED');
#841=APPROVAL_STATUS('not_yet_approved');
#842=APPROVAL_DATE_TIME(#843,#840);
#843=DATE_AND_TIME(#844,#845);
#844=CALENDAR_DATE(0,1,1);
#845=LOCAL_TIME(0,0,0.,#846);
#846=COORDINATED_UNIVERSAL_TIME_OFFSET(0,0,.AHEAD.);
#847=AXIS2_PLACEMENT_3D('',#848,#849,#850);
#848=CARTESIAN_POINT('',(-9.,0.,1.80666351906064E-15));
#849=DIRECTION('',(0.,0.,1.));
#850=DIRECTION('',(1.,0.,0.));
#851=PRODUCT_DEFINITION('','UNSPECIFIED',#868,#871);
#852=SHAPE_DEFINITION_REPRESENTATION(#866,#853);
#853=SHAPE_REPRESENTATION('NONE',(#4),#8);
#854=MANIFOLD_SOLID_BREP('',#855);
#855=CLOSED_SHELL('',(#3730,#3739,#3748,#3757,#3766,#3775,#3784,#3793,#3802,#3811,
#3820,#3829,#3838,#3847,#3856,#3865,#3874,#3883));
#856=COLOUR_RGB('',0.564705882352941,0.564705882352941,0.564705882352941);
#857=FILL_AREA_STYLE_COLOUR('',#856);
#858=FILL_AREA_STYLE($,(#857));
#859=SURFACE_STYLE_FILL_AREA(#858);
#860=SURFACE_SIDE_STYLE('',(#859));
#861=SURFACE_STYLE_USAGE(.BOTH.,#860);
#862=PRESENTATION_STYLE_ASSIGNMENT((#861));
#863=STYLED_ITEM('',(#862),#854);
#864=ADVANCED_BREP_SHAPE_REPRESENTATION('NONE',(#854),#8);
#865=SHAPE_REPRESENTATION_RELATIONSHIP('','',#853,#864);
#866=PRODUCT_DEFINITION_SHAPE('NONE','NONE',#851);
#867=MECHANICAL_CONTEXT('NONE',#872,'mechanical');
#868=PRODUCT_DEFINITION_FORMATION_WITH_SPECIFIED_SOURCE('ANY','UNSPECIFIED',#869,
.NOT_KNOWN.);
#869=PRODUCT('','\X2\041F043E044004480435043D044C\X0\','NONE',(#867));
#870=PRODUCT_RELATED_PRODUCT_CATEGORY('detail','',(#869));
#871=DESIGN_CONTEXT('detailed design',#872,'design');
#872=APPLICATION_CONTEXT('configuration controlled 3d designs of mechanical parts and assemblies');
#873=APPLICATION_PROTOCOL_DEFINITION('international standard','config_control_design',
1994,#872);
#874=CC_DESIGN_DATE_AND_TIME_ASSIGNMENT(#875,#879,(#851));
#875=DATE_AND_TIME(#876,#877);
#876=CALENDAR_DATE(0,1,1);
#877=LOCAL_TIME(0,0,0.,#878);
#878=COORDINATED_UNIVERSAL_TIME_OFFSET(0,0,.AHEAD.);
#879=DATE_TIME_ROLE('creation_date');
#880=CC_DESIGN_APPROVAL(#881,(#851));
#881=APPROVAL(#882,'UNSPECIFIED');
#882=APPROVAL_STATUS('not_yet_approved');
#883=APPROVAL_DATE_TIME(#884,#881);
#884=DATE_AND_TIME(#885,#886);
#885=CALENDAR_DATE(0,1,1);
#886=LOCAL_TIME(0,0,0.,#887);
#887=COORDINATED_UNIVERSAL_TIME_OFFSET(0,0,.AHEAD.);
#888=ITEM_DEFINED_TRANSFORMATION('','',#4,#847);
#889=(REPRESENTATION_RELATIONSHIP('','',#853,#824)REPRESENTATION_RELATIONSHIP_WITH_TRANSFORMATION(
#888)SHAPE_REPRESENTATION_RELATIONSHIP());
#890=NEXT_ASSEMBLY_USAGE_OCCURRENCE('ANY','\X2\041A043E043C043F0440043504410441043E0440\X0\',
'',#822,#851,'');
#891=CC_DESIGN_SECURITY_CLASSIFICATION(#892,(#890));
#892=SECURITY_CLASSIFICATION('','',#893);
#893=SECURITY_CLASSIFICATION_LEVEL('unclassified');
#894=CC_DESIGN_DATE_AND_TIME_ASSIGNMENT(#895,#899,(#892));
#895=DATE_AND_TIME(#896,#897);
#896=CALENDAR_DATE(0,1,1);
#897=LOCAL_TIME(0,0,0.,#898);
#898=COORDINATED_UNIVERSAL_TIME_OFFSET(0,0,.AHEAD.);
#899=DATE_TIME_ROLE('classification_date');
#900=CC_DESIGN_APPROVAL(#901,(#892));
#901=APPROVAL(#902,'UNSPECIFIED');
#902=APPROVAL_STATUS('not_yet_approved');
#903=APPROVAL_DATE_TIME(#904,#901);
#904=DATE_AND_TIME(#905,#906);
#905=CALENDAR_DATE(0,1,1);
#906=LOCAL_TIME(0,0,0.,#907);
#907=COORDINATED_UNIVERSAL_TIME_OFFSET(0,0,.AHEAD.);
#908=PRODUCT_DEFINITION_SHAPE('NONE','NONE',#890);
#909=CONTEXT_DEPENDENT_SHAPE_REPRESENTATION(#889,#908);
#910=AXIS2_PLACEMENT_3D('',#911,#912,#913);
#911=CARTESIAN_POINT('',(-90.,-1.E-300,1.65327317884893E-14));
#912=DIRECTION('',(0.,0.,1.));
#913=DIRECTION('',(1.,0.,0.));
#914=PRODUCT_DEFINITION('','UNSPECIFIED',#931,#934);
#915=SHAPE_DEFINITION_REPRESENTATION(#929,#916);
#916=SHAPE_REPRESENTATION('NONE',(#4),#8);
#917=MANIFOLD_SOLID_BREP('',#918);
#918=CLOSED_SHELL('',(#3892,#3901,#3910,#3919,#3928,#3937,#3946,#3955,#3964,#3973,
#3982,#3991,#4000,#4009,#4018,#4027,#4036,#4045,#4054,#4063,#4072,#4081));
#919=COLOUR_RGB('',0.564705882352941,0.564705882352941,0.564705882352941);
#920=FILL_AREA_STYLE_COLOUR('',#919);
#921=FILL_AREA_STYLE($,(#920));
#922=SURFACE_STYLE_FILL_AREA(#921);
#923=SURFACE_SIDE_STYLE('',(#922));
#924=SURFACE_STYLE_USAGE(.BOTH.,#923);
#925=PRESENTATION_STYLE_ASSIGNMENT((#924));
#926=STYLED_ITEM('',(#925),#917);
#927=ADVANCED_BREP_SHAPE_REPRESENTATION('NONE',(#917),#8);
#928=SHAPE_REPRESENTATION_RELATIONSHIP('','',#916,#927);
#929=PRODUCT_DEFINITION_SHAPE('NONE','NONE',#914);
#930=MECHANICAL_CONTEXT('NONE',#935,'mechanical');
#931=PRODUCT_DEFINITION_FORMATION_WITH_SPECIFIED_SOURCE('ANY','UNSPECIFIED',#932,
.NOT_KNOWN.);
#932=PRODUCT('','\X2\041A043E0440043F04430441\X0\','NONE',(#930));
#933=PRODUCT_RELATED_PRODUCT_CATEGORY('detail','',(#932));
#934=DESIGN_CONTEXT('detailed design',#935,'design');
#935=APPLICATION_CONTEXT('configuration controlled 3d designs of mechanical parts and assemblies');
#936=APPLICATION_PROTOCOL_DEFINITION('international standard','config_control_design',
1994,#935);
#937=CC_DESIGN_DATE_AND_TIME_ASSIGNMENT(#938,#942,(#914));
#938=DATE_AND_TIME(#939,#940);
#939=CALENDAR_DATE(0,1,1);
#940=LOCAL_TIME(0,0,0.,#941);
#941=COORDINATED_UNIVERSAL_TIME_OFFSET(0,0,.AHEAD.);
#942=DATE_TIME_ROLE('creation_date');
#943=CC_DESIGN_APPROVAL(#944,(#914));
#944=APPROVAL(#945,'UNSPECIFIED');
#945=APPROVAL_STATUS('not_yet_approved');
#946=APPROVAL_DATE_TIME(#947,#944);
#947=DATE_AND_TIME(#948,#949);
#948=CALENDAR_DATE(0,1,1);
#949=LOCAL_TIME(0,0,0.,#950);
#950=COORDINATED_UNIVERSAL_TIME_OFFSET(0,0,.AHEAD.);
#951=ITEM_DEFINED_TRANSFORMATION('','',#4,#910);
#952=(REPRESENTATION_RELATIONSHIP('','',#916,#824)REPRESENTATION_RELATIONSHIP_WITH_TRANSFORMATION(
#951)SHAPE_REPRESENTATION_RELATIONSHIP());
#953=NEXT_ASSEMBLY_USAGE_OCCURRENCE('ANY','\X2\041A043E043C043F0440043504410441043E0440\X0\',
'',#822,#914,'');
#954=CC_DESIGN_SECURITY_CLASSIFICATION(#955,(#953));
#955=SECURITY_CLASSIFICATION('','',#956);
#956=SECURITY_CLASSIFICATION_LEVEL('unclassified');
#957=CC_DESIGN_DATE_AND_TIME_ASSIGNMENT(#958,#962,(#955));
#958=DATE_AND_TIME(#959,#960);
#959=CALENDAR_DATE(0,1,1);
#960=LOCAL_TIME(0,0,0.,#961);
#961=COORDINATED_UNIVERSAL_TIME_OFFSET(0,0,.AHEAD.);
#962=DATE_TIME_ROLE('classification_date');
#963=CC_DESIGN_APPROVAL(#964,(#955));
#964=APPROVAL(#965,'UNSPECIFIED');
#965=APPROVAL_STATUS('not_yet_approved');
#966=APPROVAL_DATE_TIME(#967,#964);
#967=DATE_AND_TIME(#968,#969);
#968=CALENDAR_DATE(0,1,1);
#969=LOCAL_TIME(0,0,0.,#970);
#970=COORDINATED_UNIVERSAL_TIME_OFFSET(0,0,.AHEAD.);
#971=PRODUCT_DEFINITION_SHAPE('NONE','NONE',#953);
#972=CONTEXT_DEPENDENT_SHAPE_REPRESENTATION(#952,#971);
#973=AXIS2_PLACEMENT_3D('',#974,#975,#976);
#974=CARTESIAN_POINT('',(11.,-40.5,-5.));
#975=DIRECTION('',(-8.32667268468869E-17,-2.16314421572127E-16,1.));
#976=DIRECTION('',(9.97048860409559E-18,1.,2.16314421572127E-16));
#977=ITEM_DEFINED_TRANSFORMATION('','',#4,#973);
#978=(REPRESENTATION_RELATIONSHIP('','',#735,#824)REPRESENTATION_RELATIONSHIP_WITH_TRANSFORMATION(
#977)SHAPE_REPRESENTATION_RELATIONSHIP());
#979=NEXT_ASSEMBLY_USAGE_OCCURRENCE('ANY','\X2\041A043E043C043F0440043504410441043E0440\X0\',
'',#822,#733,'');
#980=CC_DESIGN_SECURITY_CLASSIFICATION(#981,(#979));
#981=SECURITY_CLASSIFICATION('','',#982);
#982=SECURITY_CLASSIFICATION_LEVEL('unclassified');
#983=CC_DESIGN_DATE_AND_TIME_ASSIGNMENT(#984,#988,(#981));
#984=DATE_AND_TIME(#985,#986);
#985=CALENDAR_DATE(0,1,1);
#986=LOCAL_TIME(0,0,0.,#987);
#987=COORDINATED_UNIVERSAL_TIME_OFFSET(0,0,.AHEAD.);
#988=DATE_TIME_ROLE('classification_date');
#989=CC_DESIGN_APPROVAL(#990,(#981));
#990=APPROVAL(#991,'UNSPECIFIED');
#991=APPROVAL_STATUS('not_yet_approved');
#992=APPROVAL_DATE_TIME(#993,#990);
#993=DATE_AND_TIME(#994,#995);
#994=CALENDAR_DATE(0,1,1);
#995=LOCAL_TIME(0,0,0.,#996);
#996=COORDINATED_UNIVERSAL_TIME_OFFSET(0,0,.AHEAD.);
#997=PRODUCT_DEFINITION_SHAPE('NONE','NONE',#979);
#998=CONTEXT_DEPENDENT_SHAPE_REPRESENTATION(#978,#997);
#999=ITEM_DEFINED_TRANSFORMATION('','',#4,#818);
#1000=(REPRESENTATION_RELATIONSHIP('','',#824,#3)REPRESENTATION_RELATIONSHIP_WITH_TRANSFORMATION(
#999)SHAPE_REPRESENTATION_RELATIONSHIP());
#1001=NEXT_ASSEMBLY_USAGE_OCCURRENCE('ANY','\X2\04210431043E0440043A0430\X0\','',
#1,#822,'');
#1002=CC_DESIGN_SECURITY_CLASSIFICATION(#1003,(#1001));
#1003=SECURITY_CLASSIFICATION('','',#1004);
#1004=SECURITY_CLASSIFICATION_LEVEL('unclassified');
#1005=CC_DESIGN_DATE_AND_TIME_ASSIGNMENT(#1006,#1010,(#1003));
#1006=DATE_AND_TIME(#1007,#1008);
#1007=CALENDAR_DATE(0,1,1);
#1008=LOCAL_TIME(0,0,0.,#1009);
#1009=COORDINATED_UNIVERSAL_TIME_OFFSET(0,0,.AHEAD.);
#1010=DATE_TIME_ROLE('classification_date');
#1011=CC_DESIGN_APPROVAL(#1012,(#1003));
#1012=APPROVAL(#1013,'UNSPECIFIED');
#1013=APPROVAL_STATUS('not_yet_approved');
#1014=APPROVAL_DATE_TIME(#1015,#1012);
#1015=DATE_AND_TIME(#1016,#1017);
#1016=CALENDAR_DATE(0,1,1);
#1017=LOCAL_TIME(0,0,0.,#1018);
#1018=COORDINATED_UNIVERSAL_TIME_OFFSET(0,0,.AHEAD.);
#1019=PRODUCT_DEFINITION_SHAPE('NONE','NONE',#1001);
#1020=CONTEXT_DEPENDENT_SHAPE_REPRESENTATION(#1000,#1019);
#1021=AXIS2_PLACEMENT_3D('',#1022,#1023,#1024);
#1022=CARTESIAN_POINT('',(77.,7.105427357601E-15,-6.77236045021345E-15));
#1023=DIRECTION('',(-6.24047590334912E-18,-1.76941794549634E-16,1.));
#1024=DIRECTION('',(-1.,1.90948059024859E-17,-6.24047590334912E-18));
#1025=PRODUCT_DEFINITION('','UNSPECIFIED',#1042,#1045);
#1026=SHAPE_DEFINITION_REPRESENTATION(#1040,#1027);
#1027=SHAPE_REPRESENTATION('NONE',(#4),#8);
#1028=MANIFOLD_SOLID_BREP('',#1029);
#1029=CLOSED_SHELL('',(#4090,#4099,#4108,#4117,#4126,#4135,#4144,#4153,#4162,#4171));
#1030=COLOUR_RGB('',0.564705882352941,0.564705882352941,0.564705882352941);
#1031=FILL_AREA_STYLE_COLOUR('',#1030);
#1032=FILL_AREA_STYLE($,(#1031));
#1033=SURFACE_STYLE_FILL_AREA(#1032);
#1034=SURFACE_SIDE_STYLE('',(#1033));
#1035=SURFACE_STYLE_USAGE(.BOTH.,#1034);
#1036=PRESENTATION_STYLE_ASSIGNMENT((#1035));
#1037=STYLED_ITEM('',(#1036),#1028);
#1038=ADVANCED_BREP_SHAPE_REPRESENTATION('NONE',(#1028),#8);
#1039=SHAPE_REPRESENTATION_RELATIONSHIP('','',#1027,#1038);
#1040=PRODUCT_DEFINITION_SHAPE('NONE','NONE',#1025);
#1041=MECHANICAL_CONTEXT('NONE',#1046,'mechanical');
#1042=PRODUCT_DEFINITION_FORMATION_WITH_SPECIFIED_SOURCE('ANY','UNSPECIFIED',#1043,
.NOT_KNOWN.);
#1043=PRODUCT('','\X2\041E0441043D043E04320430043D04380435\X0\','NONE',(#1041));
#1044=PRODUCT_RELATED_PRODUCT_CATEGORY('detail','',(#1043));
#1045=DESIGN_CONTEXT('detailed design',#1046,'design');
#1046=APPLICATION_CONTEXT('configuration controlled 3d designs of mechanical parts and assemblies');
#1047=APPLICATION_PROTOCOL_DEFINITION('international standard','config_control_design',
1994,#1046);
#1048=CC_DESIGN_DATE_AND_TIME_ASSIGNMENT(#1049,#1053,(#1025));
#1049=DATE_AND_TIME(#1050,#1051);
#1050=CALENDAR_DATE(0,1,1);
#1051=LOCAL_TIME(0,0,0.,#1052);
#1052=COORDINATED_UNIVERSAL_TIME_OFFSET(0,0,.AHEAD.);
#1053=DATE_TIME_ROLE('creation_date');
#1054=CC_DESIGN_APPROVAL(#1055,(#1025));
#1055=APPROVAL(#1056,'UNSPECIFIED');
#1056=APPROVAL_STATUS('not_yet_approved');
#1057=APPROVAL_DATE_TIME(#1058,#1055);
#1058=DATE_AND_TIME(#1059,#1060);
#1059=CALENDAR_DATE(0,1,1);
#1060=LOCAL_TIME(0,0,0.,#1061);
#1061=COORDINATED_UNIVERSAL_TIME_OFFSET(0,0,.AHEAD.);
#1062=ITEM_DEFINED_TRANSFORMATION('','',#4,#1021);
#1063=(REPRESENTATION_RELATIONSHIP('','',#1027,#3)REPRESENTATION_RELATIONSHIP_WITH_TRANSFORMATION(
#1062)SHAPE_REPRESENTATION_RELATIONSHIP());
#1064=NEXT_ASSEMBLY_USAGE_OCCURRENCE('ANY','\X2\04210431043E0440043A0430\X0\','',
#1,#1025,'');
#1065=CC_DESIGN_SECURITY_CLASSIFICATION(#1066,(#1064));
#1066=SECURITY_CLASSIFICATION('','',#1067);
#1067=SECURITY_CLASSIFICATION_LEVEL('unclassified');
#1068=CC_DESIGN_DATE_AND_TIME_ASSIGNMENT(#1069,#1073,(#1066));
#1069=DATE_AND_TIME(#1070,#1071);
#1070=CALENDAR_DATE(0,1,1);
#1071=LOCAL_TIME(0,0,0.,#1072);
#1072=COORDINATED_UNIVERSAL_TIME_OFFSET(0,0,.AHEAD.);
#1073=DATE_TIME_ROLE('classification_date');
#1074=CC_DESIGN_APPROVAL(#1075,(#1066));
#1075=APPROVAL(#1076,'UNSPECIFIED');
#1076=APPROVAL_STATUS('not_yet_approved');
#1077=APPROVAL_DATE_TIME(#1078,#1075);
#1078=DATE_AND_TIME(#1079,#1080);
#1079=CALENDAR_DATE(0,1,1);
#1080=LOCAL_TIME(0,0,0.,#1081);
#1081=COORDINATED_UNIVERSAL_TIME_OFFSET(0,0,.AHEAD.);
#1082=PRODUCT_DEFINITION_SHAPE('NONE','NONE',#1064);
#1083=CONTEXT_DEPENDENT_SHAPE_REPRESENTATION(#1063,#1082);
#1084=AXIS2_PLACEMENT_3D('',#1085,#1086,#1087);
#1085=CARTESIAN_POINT('',(-59.4106342342147,25.1400545505794,7.44030775782779));
#1086=DIRECTION('',(0.,0.,1.));
#1087=DIRECTION('',(1.,0.,0.));
#1088=PRODUCT_DEFINITION('','UNSPECIFIED',#1105,#1108);
#1089=SHAPE_DEFINITION_REPRESENTATION(#1103,#1090);
#1090=SHAPE_REPRESENTATION('NONE',(#4),#8);
#1091=MANIFOLD_SOLID_BREP('',#1092);
#1092=CLOSED_SHELL('',(#4180,#4189,#4198,#4207,#4216,#4225));
#1093=COLOUR_RGB('',0.564705882352941,0.564705882352941,0.564705882352941);
#1094=FILL_AREA_STYLE_COLOUR('',#1093);
#1095=FILL_AREA_STYLE($,(#1094));
#1096=SURFACE_STYLE_FILL_AREA(#1095);
#1097=SURFACE_SIDE_STYLE('',(#1096));
#1098=SURFACE_STYLE_USAGE(.BOTH.,#1097);
#1099=PRESENTATION_STYLE_ASSIGNMENT((#1098));
#1100=STYLED_ITEM('',(#1099),#1091);
#1101=ADVANCED_BREP_SHAPE_REPRESENTATION('NONE',(#1091),#8);
#1102=SHAPE_REPRESENTATION_RELATIONSHIP('','',#1090,#1101);
#1103=PRODUCT_DEFINITION_SHAPE('NONE','NONE',#1088);
#1104=MECHANICAL_CONTEXT('NONE',#1109,'mechanical');
#1105=PRODUCT_DEFINITION_FORMATION_WITH_SPECIFIED_SOURCE('ANY','UNSPECIFIED',#1106,
.NOT_KNOWN.);
#1106=PRODUCT('','\X2\042D043B0435043A04420440043E043D043D0430044F\X0\ \X2\044F044704350439043A0430\X0\ (\X2\0434043E044104420443043F043D043E0435\X0\ \X2\043F0440043E0441044204400430043D044104420432043E\X0\)',
'NONE',(#1104));
#1107=PRODUCT_RELATED_PRODUCT_CATEGORY('detail','',(#1106));
#1108=DESIGN_CONTEXT('detailed design',#1109,'design');
#1109=APPLICATION_CONTEXT('configuration controlled 3d designs of mechanical parts and assemblies');
#1110=APPLICATION_PROTOCOL_DEFINITION('international standard','config_control_design',
1994,#1109);
#1111=CC_DESIGN_DATE_AND_TIME_ASSIGNMENT(#1112,#1116,(#1088));
#1112=DATE_AND_TIME(#1113,#1114);
#1113=CALENDAR_DATE(0,1,1);
#1114=LOCAL_TIME(0,0,0.,#1115);
#1115=COORDINATED_UNIVERSAL_TIME_OFFSET(0,0,.AHEAD.);
#1116=DATE_TIME_ROLE('creation_date');
#1117=CC_DESIGN_APPROVAL(#1118,(#1088));
#1118=APPROVAL(#1119,'UNSPECIFIED');
#1119=APPROVAL_STATUS('not_yet_approved');
#1120=APPROVAL_DATE_TIME(#1121,#1118);
#1121=DATE_AND_TIME(#1122,#1123);
#1122=CALENDAR_DATE(0,1,1);
#1123=LOCAL_TIME(0,0,0.,#1124);
#1124=COORDINATED_UNIVERSAL_TIME_OFFSET(0,0,.AHEAD.);
#1125=ITEM_DEFINED_TRANSFORMATION('','',#4,#1084);
#1126=(REPRESENTATION_RELATIONSHIP('','',#1090,#3)REPRESENTATION_RELATIONSHIP_WITH_TRANSFORMATION(
#1125)SHAPE_REPRESENTATION_RELATIONSHIP());
#1127=NEXT_ASSEMBLY_USAGE_OCCURRENCE('ANY','\X2\04210431043E0440043A0430\X0\','',
#1,#1088,'');
#1128=CC_DESIGN_SECURITY_CLASSIFICATION(#1129,(#1127));
#1129=SECURITY_CLASSIFICATION('','',#1130);
#1130=SECURITY_CLASSIFICATION_LEVEL('unclassified');
#1131=CC_DESIGN_DATE_AND_TIME_ASSIGNMENT(#1132,#1136,(#1129));
#1132=DATE_AND_TIME(#1133,#1134);
#1133=CALENDAR_DATE(0,1,1);
#1134=LOCAL_TIME(0,0,0.,#1135);
#1135=COORDINATED_UNIVERSAL_TIME_OFFSET(0,0,.AHEAD.);
#1136=DATE_TIME_ROLE('classification_date');
#1137=CC_DESIGN_APPROVAL(#1138,(#1129));
#1138=APPROVAL(#1139,'UNSPECIFIED');
#1139=APPROVAL_STATUS('not_yet_approved');
#1140=APPROVAL_DATE_TIME(#1141,#1138);
#1141=DATE_AND_TIME(#1142,#1143);
#1142=CALENDAR_DATE(0,1,1);
#1143=LOCAL_TIME(0,0,0.,#1144);
#1144=COORDINATED_UNIVERSAL_TIME_OFFSET(0,0,.AHEAD.);
#1145=PRODUCT_DEFINITION_SHAPE('NONE','NONE',#1127);
#1146=CONTEXT_DEPENDENT_SHAPE_REPRESENTATION(#1126,#1145);
#1147=AXIS2_PLACEMENT_3D('',#1148,#1149,#1150);
#1148=CARTESIAN_POINT('',(-123.,-2.73856821565028,-35.6446545881627));
#1149=DIRECTION('',(1.31696735176329E-17,6.07153216591882E-17,-1.));
#1150=DIRECTION('',(1.,-6.62802271603575E-19,1.31696735176329E-17));
#1151=PRODUCT_DEFINITION('','UNSPECIFIED',#1168,#1171);
#1152=SHAPE_DEFINITION_REPRESENTATION(#1166,#1153);
#1153=SHAPE_REPRESENTATION('NONE',(#4),#8);
#1154=MANIFOLD_SOLID_BREP('',#1155);
#1155=CLOSED_SHELL('',(#4234,#4243,#4252,#4261,#4270,#4279));
#1156=COLOUR_RGB('',0.564705882352941,0.564705882352941,0.564705882352941);
#1157=FILL_AREA_STYLE_COLOUR('',#1156);
#1158=FILL_AREA_STYLE($,(#1157));
#1159=SURFACE_STYLE_FILL_AREA(#1158);
#1160=SURFACE_SIDE_STYLE('',(#1159));
#1161=SURFACE_STYLE_USAGE(.BOTH.,#1160);
#1162=PRESENTATION_STYLE_ASSIGNMENT((#1161));
#1163=STYLED_ITEM('',(#1162),#1154);
#1164=ADVANCED_BREP_SHAPE_REPRESENTATION('NONE',(#1154),#8);
#1165=SHAPE_REPRESENTATION_RELATIONSHIP('','',#1153,#1164);
#1166=PRODUCT_DEFINITION_SHAPE('NONE','NONE',#1151);
#1167=MECHANICAL_CONTEXT('NONE',#1172,'mechanical');
#1168=PRODUCT_DEFINITION_FORMATION_WITH_SPECIFIED_SOURCE('ANY','UNSPECIFIED',#1169,
.NOT_KNOWN.);
#1169=PRODUCT('','\X2\0411043004420442043004400435044F\X0\ (\X2\0434043E044104420443043F043D043E0435\X0\ \X2\043F0440043E0441044204400430043D044104420432043E\X0\)',
'NONE',(#1167));
#1170=PRODUCT_RELATED_PRODUCT_CATEGORY('detail','',(#1169));
#1171=DESIGN_CONTEXT('detailed design',#1172,'design');
#1172=APPLICATION_CONTEXT('configuration controlled 3d designs of mechanical parts and assemblies');
#1173=APPLICATION_PROTOCOL_DEFINITION('international standard','config_control_design',
1994,#1172);
#1174=CC_DESIGN_DATE_AND_TIME_ASSIGNMENT(#1175,#1179,(#1151));
#1175=DATE_AND_TIME(#1176,#1177);
#1176=CALENDAR_DATE(0,1,1);
#1177=LOCAL_TIME(0,0,0.,#1178);
#1178=COORDINATED_UNIVERSAL_TIME_OFFSET(0,0,.AHEAD.);
#1179=DATE_TIME_ROLE('creation_date');
#1180=CC_DESIGN_APPROVAL(#1181,(#1151));
#1181=APPROVAL(#1182,'UNSPECIFIED');
#1182=APPROVAL_STATUS('not_yet_approved');
#1183=APPROVAL_DATE_TIME(#1184,#1181);
#1184=DATE_AND_TIME(#1185,#1186);
#1185=CALENDAR_DATE(0,1,1);
#1186=LOCAL_TIME(0,0,0.,#1187);
#1187=COORDINATED_UNIVERSAL_TIME_OFFSET(0,0,.AHEAD.);
#1188=ITEM_DEFINED_TRANSFORMATION('','',#4,#1147);
#1189=(REPRESENTATION_RELATIONSHIP('','',#1153,#3)REPRESENTATION_RELATIONSHIP_WITH_TRANSFORMATION(
#1188)SHAPE_REPRESENTATION_RELATIONSHIP());
#1190=NEXT_ASSEMBLY_USAGE_OCCURRENCE('ANY','\X2\04210431043E0440043A0430\X0\','',
#1,#1151,'');
#1191=CC_DESIGN_SECURITY_CLASSIFICATION(#1192,(#1190));
#1192=SECURITY_CLASSIFICATION('','',#1193);
#1193=SECURITY_CLASSIFICATION_LEVEL('unclassified');
#1194=CC_DESIGN_DATE_AND_TIME_ASSIGNMENT(#1195,#1199,(#1192));
#1195=DATE_AND_TIME(#1196,#1197);
#1196=CALENDAR_DATE(0,1,1);
#1197=LOCAL_TIME(0,0,0.,#1198);
#1198=COORDINATED_UNIVERSAL_TIME_OFFSET(0,0,.AHEAD.);
#1199=DATE_TIME_ROLE('classification_date');
#1200=CC_DESIGN_APPROVAL(#1201,(#1192));
#1201=APPROVAL(#1202,'UNSPECIFIED');
#1202=APPROVAL_STATUS('not_yet_approved');
#1203=APPROVAL_DATE_TIME(#1204,#1201);
#1204=DATE_AND_TIME(#1205,#1206);
#1205=CALENDAR_DATE(0,1,1);
#1206=LOCAL_TIME(0,0,0.,#1207);
#1207=COORDINATED_UNIVERSAL_TIME_OFFSET(0,0,.AHEAD.);
#1208=PRODUCT_DEFINITION_SHAPE('NONE','NONE',#1190);
#1209=CONTEXT_DEPENDENT_SHAPE_REPRESENTATION(#1189,#1208);
#1210=ADVANCED_FACE('',(#4288,#4290),#4292,.T.);
#1211=COLOUR_RGB('',0.56078431372549,0.56078431372549,0.56078431372549);
#1212=FILL_AREA_STYLE_COLOUR('',#1211);
#1213=FILL_AREA_STYLE($,(#1212));
#1214=SURFACE_STYLE_FILL_AREA(#1213);
#1215=SURFACE_SIDE_STYLE('',(#1214));
#1216=SURFACE_STYLE_USAGE(.BOTH.,#1215);
#1217=PRESENTATION_STYLE_ASSIGNMENT((#1216));
#1218=STYLED_ITEM('',(#1217),#1210);
#1219=ADVANCED_FACE('',(#4297,#4299),#4301,.F.);
#1220=COLOUR_RGB('',0.56078431372549,0.56078431372549,0.56078431372549);
#1221=FILL_AREA_STYLE_COLOUR('',#1220);
#1222=FILL_AREA_STYLE($,(#1221));
#1223=SURFACE_STYLE_FILL_AREA(#1222);
#1224=SURFACE_SIDE_STYLE('',(#1223));
#1225=SURFACE_STYLE_USAGE(.BOTH.,#1224);
#1226=PRESENTATION_STYLE_ASSIGNMENT((#1225));
#1227=STYLED_ITEM('',(#1226),#1219);
#1228=ADVANCED_FACE('',(#4306,#4308),#4310,.F.);
#1229=COLOUR_RGB('',0.56078431372549,0.56078431372549,0.56078431372549);
#1230=FILL_AREA_STYLE_COLOUR('',#1229);
#1231=FILL_AREA_STYLE($,(#1230));
#1232=SURFACE_STYLE_FILL_AREA(#1231);
#1233=SURFACE_SIDE_STYLE('',(#1232));
#1234=SURFACE_STYLE_USAGE(.BOTH.,#1233);
#1235=PRESENTATION_STYLE_ASSIGNMENT((#1234));
#1236=STYLED_ITEM('',(#1235),#1228);
#1237=ADVANCED_FACE('',(#4315,#4317),#4319,.T.);
#1238=COLOUR_RGB('',0.56078431372549,0.56078431372549,0.56078431372549);
#1239=FILL_AREA_STYLE_COLOUR('',#1238);
#1240=FILL_AREA_STYLE($,(#1239));
#1241=SURFACE_STYLE_FILL_AREA(#1240);
#1242=SURFACE_SIDE_STYLE('',(#1241));
#1243=SURFACE_STYLE_USAGE(.BOTH.,#1242);
#1244=PRESENTATION_STYLE_ASSIGNMENT((#1243));
#1245=STYLED_ITEM('',(#1244),#1237);
#1246=ADVANCED_FACE('',(#4324,#4326),#4328,.F.);
#1247=COLOUR_RGB('',0.56078431372549,0.56078431372549,0.56078431372549);
#1248=FILL_AREA_STYLE_COLOUR('',#1247);
#1249=FILL_AREA_STYLE($,(#1248));
#1250=SURFACE_STYLE_FILL_AREA(#1249);
#1251=SURFACE_SIDE_STYLE('',(#1250));
#1252=SURFACE_STYLE_USAGE(.BOTH.,#1251);
#1253=PRESENTATION_STYLE_ASSIGNMENT((#1252));
#1254=STYLED_ITEM('',(#1253),#1246);
#1255=ADVANCED_FACE('',(#4333,#4335),#4337,.T.);
#1256=COLOUR_RGB('',0.56078431372549,0.56078431372549,0.56078431372549);
#1257=FILL_AREA_STYLE_COLOUR('',#1256);
#1258=FILL_AREA_STYLE($,(#1257));
#1259=SURFACE_STYLE_FILL_AREA(#1258);
#1260=SURFACE_SIDE_STYLE('',(#1259));
#1261=SURFACE_STYLE_USAGE(.BOTH.,#1260);
#1262=PRESENTATION_STYLE_ASSIGNMENT((#1261));
#1263=STYLED_ITEM('',(#1262),#1255);
#1264=ADVANCED_FACE('',(#4342,#4344),#4346,.T.);
#1265=COLOUR_RGB('',0.56078431372549,0.56078431372549,0.56078431372549);
#1266=FILL_AREA_STYLE_COLOUR('',#1265);
#1267=FILL_AREA_STYLE($,(#1266));
#1268=SURFACE_STYLE_FILL_AREA(#1267);
#1269=SURFACE_SIDE_STYLE('',(#1268));
#1270=SURFACE_STYLE_USAGE(.BOTH.,#1269);
#1271=PRESENTATION_STYLE_ASSIGNMENT((#1270));
#1272=STYLED_ITEM('',(#1271),#1264);
#1273=ADVANCED_FACE('',(#4351,#4353),#4355,.T.);
#1274=COLOUR_RGB('',0.56078431372549,0.56078431372549,0.56078431372549);
#1275=FILL_AREA_STYLE_COLOUR('',#1274);
#1276=FILL_AREA_STYLE($,(#1275));
#1277=SURFACE_STYLE_FILL_AREA(#1276);
#1278=SURFACE_SIDE_STYLE('',(#1277));
#1279=SURFACE_STYLE_USAGE(.BOTH.,#1278);
#1280=PRESENTATION_STYLE_ASSIGNMENT((#1279));
#1281=STYLED_ITEM('',(#1280),#1273);
#1282=ADVANCED_FACE('',(#4360,#4362),#4364,.T.);
#1283=COLOUR_RGB('',0.56078431372549,0.56078431372549,0.56078431372549);
#1284=FILL_AREA_STYLE_COLOUR('',#1283);
#1285=FILL_AREA_STYLE($,(#1284));
#1286=SURFACE_STYLE_FILL_AREA(#1285);
#1287=SURFACE_SIDE_STYLE('',(#1286));
#1288=SURFACE_STYLE_USAGE(.BOTH.,#1287);
#1289=PRESENTATION_STYLE_ASSIGNMENT((#1288));
#1290=STYLED_ITEM('',(#1289),#1282);
#1291=ADVANCED_FACE('',(#4369,#4371),#4373,.F.);
#1292=COLOUR_RGB('',0.56078431372549,0.56078431372549,0.56078431372549);
#1293=FILL_AREA_STYLE_COLOUR('',#1292);
#1294=FILL_AREA_STYLE($,(#1293));
#1295=SURFACE_STYLE_FILL_AREA(#1294);
#1296=SURFACE_SIDE_STYLE('',(#1295));
#1297=SURFACE_STYLE_USAGE(.BOTH.,#1296);
#1298=PRESENTATION_STYLE_ASSIGNMENT((#1297));
#1299=STYLED_ITEM('',(#1298),#1291);
#1300=ADVANCED_FACE('',(#4378,#4380),#4382,.F.);
#1301=COLOUR_RGB('',0.56078431372549,0.56078431372549,0.56078431372549);
#1302=FILL_AREA_STYLE_COLOUR('',#1301);
#1303=FILL_AREA_STYLE($,(#1302));
#1304=SURFACE_STYLE_FILL_AREA(#1303);
#1305=SURFACE_SIDE_STYLE('',(#1304));
#1306=SURFACE_STYLE_USAGE(.BOTH.,#1305);
#1307=PRESENTATION_STYLE_ASSIGNMENT((#1306));
#1308=STYLED_ITEM('',(#1307),#1300);
#1309=ADVANCED_FACE('',(#4387,#4389),#4391,.T.);
#1310=COLOUR_RGB('',0.56078431372549,0.56078431372549,0.56078431372549);
#1311=FILL_AREA_STYLE_COLOUR('',#1310);
#1312=FILL_AREA_STYLE($,(#1311));
#1313=SURFACE_STYLE_FILL_AREA(#1312);
#1314=SURFACE_SIDE_STYLE('',(#1313));
#1315=SURFACE_STYLE_USAGE(.BOTH.,#1314);
#1316=PRESENTATION_STYLE_ASSIGNMENT((#1315));
#1317=STYLED_ITEM('',(#1316),#1309);
#1318=ADVANCED_FACE('',(#4396,#4398),#4400,.T.);
#1319=COLOUR_RGB('',0.56078431372549,0.56078431372549,0.56078431372549);
#1320=FILL_AREA_STYLE_COLOUR('',#1319);
#1321=FILL_AREA_STYLE($,(#1320));
#1322=SURFACE_STYLE_FILL_AREA(#1321);
#1323=SURFACE_SIDE_STYLE('',(#1322));
#1324=SURFACE_STYLE_USAGE(.BOTH.,#1323);
#1325=PRESENTATION_STYLE_ASSIGNMENT((#1324));
#1326=STYLED_ITEM('',(#1325),#1318);
#1327=ADVANCED_FACE('',(#4405,#4407),#4409,.F.);
#1328=COLOUR_RGB('',0.56078431372549,0.56078431372549,0.56078431372549);
#1329=FILL_AREA_STYLE_COLOUR('',#1328);
#1330=FILL_AREA_STYLE($,(#1329));
#1331=SURFACE_STYLE_FILL_AREA(#1330);
#1332=SURFACE_SIDE_STYLE('',(#1331));
#1333=SURFACE_STYLE_USAGE(.BOTH.,#1332);
#1334=PRESENTATION_STYLE_ASSIGNMENT((#1333));
#1335=STYLED_ITEM('',(#1334),#1327);
#1336=ADVANCED_FACE('',(#4414,#4416),#4418,.T.);
#1337=COLOUR_RGB('',0.56078431372549,0.56078431372549,0.56078431372549);
#1338=FILL_AREA_STYLE_COLOUR('',#1337);
#1339=FILL_AREA_STYLE($,(#1338));
#1340=SURFACE_STYLE_FILL_AREA(#1339);
#1341=SURFACE_SIDE_STYLE('',(#1340));
#1342=SURFACE_STYLE_USAGE(.BOTH.,#1341);
#1343=PRESENTATION_STYLE_ASSIGNMENT((#1342));
#1344=STYLED_ITEM('',(#1343),#1336);
#1345=ADVANCED_FACE('',(#4423),#4425,.T.);
#1346=COLOUR_RGB('',0.56078431372549,0.56078431372549,0.56078431372549);
#1347=FILL_AREA_STYLE_COLOUR('',#1346);
#1348=FILL_AREA_STYLE($,(#1347));
#1349=SURFACE_STYLE_FILL_AREA(#1348);
#1350=SURFACE_SIDE_STYLE('',(#1349));
#1351=SURFACE_STYLE_USAGE(.BOTH.,#1350);
#1352=PRESENTATION_STYLE_ASSIGNMENT((#1351));
#1353=STYLED_ITEM('',(#1352),#1345);
#1354=ADVANCED_FACE('',(#4430),#4432,.F.);
#1355=COLOUR_RGB('',0.56078431372549,0.56078431372549,0.56078431372549);
#1356=FILL_AREA_STYLE_COLOUR('',#1355);
#1357=FILL_AREA_STYLE($,(#1356));
#1358=SURFACE_STYLE_FILL_AREA(#1357);
#1359=SURFACE_SIDE_STYLE('',(#1358));
#1360=SURFACE_STYLE_USAGE(.BOTH.,#1359);
#1361=PRESENTATION_STYLE_ASSIGNMENT((#1360));
#1362=STYLED_ITEM('',(#1361),#1354);
#1363=ADVANCED_FACE('',(#4437,#4439),#4441,.F.);
#1364=COLOUR_RGB('',0.56078431372549,0.56078431372549,0.56078431372549);
#1365=FILL_AREA_STYLE_COLOUR('',#1364);
#1366=FILL_AREA_STYLE($,(#1365));
#1367=SURFACE_STYLE_FILL_AREA(#1366);
#1368=SURFACE_SIDE_STYLE('',(#1367));
#1369=SURFACE_STYLE_USAGE(.BOTH.,#1368);
#1370=PRESENTATION_STYLE_ASSIGNMENT((#1369));
#1371=STYLED_ITEM('',(#1370),#1363);
#1372=ADVANCED_FACE('',(#4446,#4448),#4450,.T.);
#1373=COLOUR_RGB('',0.56078431372549,0.56078431372549,0.56078431372549);
#1374=FILL_AREA_STYLE_COLOUR('',#1373);
#1375=FILL_AREA_STYLE($,(#1374));
#1376=SURFACE_STYLE_FILL_AREA(#1375);
#1377=SURFACE_SIDE_STYLE('',(#1376));
#1378=SURFACE_STYLE_USAGE(.BOTH.,#1377);
#1379=PRESENTATION_STYLE_ASSIGNMENT((#1378));
#1380=STYLED_ITEM('',(#1379),#1372);
#1381=ADVANCED_FACE('',(#4455,#4457,#4459,#4461,#4463,#4465,#4467,#4469,#4471),#4473,
.F.);
#1382=COLOUR_RGB('',0.56078431372549,0.56078431372549,0.56078431372549);
#1383=FILL_AREA_STYLE_COLOUR('',#1382);
#1384=FILL_AREA_STYLE($,(#1383));
#1385=SURFACE_STYLE_FILL_AREA(#1384);
#1386=SURFACE_SIDE_STYLE('',(#1385));
#1387=SURFACE_STYLE_USAGE(.BOTH.,#1386);
#1388=PRESENTATION_STYLE_ASSIGNMENT((#1387));
#1389=STYLED_ITEM('',(#1388),#1381);
#1390=ADVANCED_FACE('',(#4478,#4480),#4482,.T.);
#1391=COLOUR_RGB('',0.56078431372549,0.56078431372549,0.56078431372549);
#1392=FILL_AREA_STYLE_COLOUR('',#1391);
#1393=FILL_AREA_STYLE($,(#1392));
#1394=SURFACE_STYLE_FILL_AREA(#1393);
#1395=SURFACE_SIDE_STYLE('',(#1394));
#1396=SURFACE_STYLE_USAGE(.BOTH.,#1395);
#1397=PRESENTATION_STYLE_ASSIGNMENT((#1396));
#1398=STYLED_ITEM('',(#1397),#1390);
#1399=ADVANCED_FACE('',(#4487,#4489),#4491,.T.);
#1400=COLOUR_RGB('',0.56078431372549,0.56078431372549,0.56078431372549);
#1401=FILL_AREA_STYLE_COLOUR('',#1400);
#1402=FILL_AREA_STYLE($,(#1401));
#1403=SURFACE_STYLE_FILL_AREA(#1402);
#1404=SURFACE_SIDE_STYLE('',(#1403));
#1405=SURFACE_STYLE_USAGE(.BOTH.,#1404);
#1406=PRESENTATION_STYLE_ASSIGNMENT((#1405));
#1407=STYLED_ITEM('',(#1406),#1399);
#1408=ADVANCED_FACE('',(#4496,#4498),#4500,.T.);
#1409=COLOUR_RGB('',0.56078431372549,0.56078431372549,0.56078431372549);
#1410=FILL_AREA_STYLE_COLOUR('',#1409);
#1411=FILL_AREA_STYLE($,(#1410));
#1412=SURFACE_STYLE_FILL_AREA(#1411);
#1413=SURFACE_SIDE_STYLE('',(#1412));
#1414=SURFACE_STYLE_USAGE(.BOTH.,#1413);
#1415=PRESENTATION_STYLE_ASSIGNMENT((#1414));
#1416=STYLED_ITEM('',(#1415),#1408);
#1417=ADVANCED_FACE('',(#4505,#4507),#4509,.T.);
#1418=COLOUR_RGB('',0.56078431372549,0.56078431372549,0.56078431372549);
#1419=FILL_AREA_STYLE_COLOUR('',#1418);
#1420=FILL_AREA_STYLE($,(#1419));
#1421=SURFACE_STYLE_FILL_AREA(#1420);
#1422=SURFACE_SIDE_STYLE('',(#1421));
#1423=SURFACE_STYLE_USAGE(.BOTH.,#1422);
#1424=PRESENTATION_STYLE_ASSIGNMENT((#1423));
#1425=STYLED_ITEM('',(#1424),#1417);
#1426=ADVANCED_FACE('',(#4514,#4516),#4518,.T.);
#1427=COLOUR_RGB('',0.56078431372549,0.56078431372549,0.56078431372549);
#1428=FILL_AREA_STYLE_COLOUR('',#1427);
#1429=FILL_AREA_STYLE($,(#1428));
#1430=SURFACE_STYLE_FILL_AREA(#1429);
#1431=SURFACE_SIDE_STYLE('',(#1430));
#1432=SURFACE_STYLE_USAGE(.BOTH.,#1431);
#1433=PRESENTATION_STYLE_ASSIGNMENT((#1432));
#1434=STYLED_ITEM('',(#1433),#1426);
#1435=ADVANCED_FACE('',(#4523,#4525),#4527,.T.);
#1436=COLOUR_RGB('',0.56078431372549,0.56078431372549,0.56078431372549);
#1437=FILL_AREA_STYLE_COLOUR('',#1436);
#1438=FILL_AREA_STYLE($,(#1437));
#1439=SURFACE_STYLE_FILL_AREA(#1438);
#1440=SURFACE_SIDE_STYLE('',(#1439));
#1441=SURFACE_STYLE_USAGE(.BOTH.,#1440);
#1442=PRESENTATION_STYLE_ASSIGNMENT((#1441));
#1443=STYLED_ITEM('',(#1442),#1435);
#1444=ADVANCED_FACE('',(#4532,#4534),#4536,.T.);
#1445=COLOUR_RGB('',0.56078431372549,0.56078431372549,0.56078431372549);
#1446=FILL_AREA_STYLE_COLOUR('',#1445);
#1447=FILL_AREA_STYLE($,(#1446));
#1448=SURFACE_STYLE_FILL_AREA(#1447);
#1449=SURFACE_SIDE_STYLE('',(#1448));
#1450=SURFACE_STYLE_USAGE(.BOTH.,#1449);
#1451=PRESENTATION_STYLE_ASSIGNMENT((#1450));
#1452=STYLED_ITEM('',(#1451),#1444);
#1453=ADVANCED_FACE('',(#4541,#4543),#4545,.F.);
#1454=COLOUR_RGB('',0.56078431372549,0.56078431372549,0.56078431372549);
#1455=FILL_AREA_STYLE_COLOUR('',#1454);
#1456=FILL_AREA_STYLE($,(#1455));
#1457=SURFACE_STYLE_FILL_AREA(#1456);
#1458=SURFACE_SIDE_STYLE('',(#1457));
#1459=SURFACE_STYLE_USAGE(.BOTH.,#1458);
#1460=PRESENTATION_STYLE_ASSIGNMENT((#1459));
#1461=STYLED_ITEM('',(#1460),#1453);
#1462=ADVANCED_FACE('',(#4550,#4552),#4554,.F.);
#1463=COLOUR_RGB('',0.56078431372549,0.56078431372549,0.56078431372549);
#1464=FILL_AREA_STYLE_COLOUR('',#1463);
#1465=FILL_AREA_STYLE($,(#1464));
#1466=SURFACE_STYLE_FILL_AREA(#1465);
#1467=SURFACE_SIDE_STYLE('',(#1466));
#1468=SURFACE_STYLE_USAGE(.BOTH.,#1467);
#1469=PRESENTATION_STYLE_ASSIGNMENT((#1468));
#1470=STYLED_ITEM('',(#1469),#1462);
#1471=ADVANCED_FACE('',(#4559,#4561),#4563,.F.);
#1472=COLOUR_RGB('',0.56078431372549,0.56078431372549,0.56078431372549);
#1473=FILL_AREA_STYLE_COLOUR('',#1472);
#1474=FILL_AREA_STYLE($,(#1473));
#1475=SURFACE_STYLE_FILL_AREA(#1474);
#1476=SURFACE_SIDE_STYLE('',(#1475));
#1477=SURFACE_STYLE_USAGE(.BOTH.,#1476);
#1478=PRESENTATION_STYLE_ASSIGNMENT((#1477));
#1479=STYLED_ITEM('',(#1478),#1471);
#1480=ADVANCED_FACE('',(#4568,#4570),#4572,.F.);
#1481=COLOUR_RGB('',0.56078431372549,0.56078431372549,0.56078431372549);
#1482=FILL_AREA_STYLE_COLOUR('',#1481);
#1483=FILL_AREA_STYLE($,(#1482));
#1484=SURFACE_STYLE_FILL_AREA(#1483);
#1485=SURFACE_SIDE_STYLE('',(#1484));
#1486=SURFACE_STYLE_USAGE(.BOTH.,#1485);
#1487=PRESENTATION_STYLE_ASSIGNMENT((#1486));
#1488=STYLED_ITEM('',(#1487),#1480);
#1489=ADVANCED_FACE('',(#4577,#4579),#4581,.F.);
#1490=COLOUR_RGB('',0.56078431372549,0.56078431372549,0.56078431372549);
#1491=FILL_AREA_STYLE_COLOUR('',#1490);
#1492=FILL_AREA_STYLE($,(#1491));
#1493=SURFACE_STYLE_FILL_AREA(#1492);
#1494=SURFACE_SIDE_STYLE('',(#1493));
#1495=SURFACE_STYLE_USAGE(.BOTH.,#1494);
#1496=PRESENTATION_STYLE_ASSIGNMENT((#1495));
#1497=STYLED_ITEM('',(#1496),#1489);
#1498=ADVANCED_FACE('',(#4586,#4588),#4590,.F.);
#1499=COLOUR_RGB('',0.56078431372549,0.56078431372549,0.56078431372549);
#1500=FILL_AREA_STYLE_COLOUR('',#1499);
#1501=FILL_AREA_STYLE($,(#1500));
#1502=SURFACE_STYLE_FILL_AREA(#1501);
#1503=SURFACE_SIDE_STYLE('',(#1502));
#1504=SURFACE_STYLE_USAGE(.BOTH.,#1503);
#1505=PRESENTATION_STYLE_ASSIGNMENT((#1504));
#1506=STYLED_ITEM('',(#1505),#1498);
#1507=ADVANCED_FACE('',(#4595,#4597),#4599,.F.);
#1508=COLOUR_RGB('',0.56078431372549,0.56078431372549,0.56078431372549);
#1509=FILL_AREA_STYLE_COLOUR('',#1508);
#1510=FILL_AREA_STYLE($,(#1509));
#1511=SURFACE_STYLE_FILL_AREA(#1510);
#1512=SURFACE_SIDE_STYLE('',(#1511));
#1513=SURFACE_STYLE_USAGE(.BOTH.,#1512);
#1514=PRESENTATION_STYLE_ASSIGNMENT((#1513));
#1515=STYLED_ITEM('',(#1514),#1507);
#1516=ADVANCED_FACE('',(#4604,#4606),#4608,.T.);
#1517=COLOUR_RGB('',0.56078431372549,0.56078431372549,0.56078431372549);
#1518=FILL_AREA_STYLE_COLOUR('',#1517);
#1519=FILL_AREA_STYLE($,(#1518));
#1520=SURFACE_STYLE_FILL_AREA(#1519);
#1521=SURFACE_SIDE_STYLE('',(#1520));
#1522=SURFACE_STYLE_USAGE(.BOTH.,#1521);
#1523=PRESENTATION_STYLE_ASSIGNMENT((#1522));
#1524=STYLED_ITEM('',(#1523),#1516);
#1525=ADVANCED_FACE('',(#4613,#4615),#4617,.F.);
#1526=COLOUR_RGB('',0.56078431372549,0.56078431372549,0.56078431372549);
#1527=FILL_AREA_STYLE_COLOUR('',#1526);
#1528=FILL_AREA_STYLE($,(#1527));
#1529=SURFACE_STYLE_FILL_AREA(#1528);
#1530=SURFACE_SIDE_STYLE('',(#1529));
#1531=SURFACE_STYLE_USAGE(.BOTH.,#1530);
#1532=PRESENTATION_STYLE_ASSIGNMENT((#1531));
#1533=STYLED_ITEM('',(#1532),#1525);
#1534=ADVANCED_FACE('',(#4622,#4624),#4626,.F.);
#1535=COLOUR_RGB('',0.56078431372549,0.56078431372549,0.56078431372549);
#1536=FILL_AREA_STYLE_COLOUR('',#1535);
#1537=FILL_AREA_STYLE($,(#1536));
#1538=SURFACE_STYLE_FILL_AREA(#1537);
#1539=SURFACE_SIDE_STYLE('',(#1538));
#1540=SURFACE_STYLE_USAGE(.BOTH.,#1539);
#1541=PRESENTATION_STYLE_ASSIGNMENT((#1540));
#1542=STYLED_ITEM('',(#1541),#1534);
#1543=ADVANCED_FACE('',(#4631,#4633),#4635,.F.);
#1544=COLOUR_RGB('',0.56078431372549,0.56078431372549,0.56078431372549);
#1545=FILL_AREA_STYLE_COLOUR('',#1544);
#1546=FILL_AREA_STYLE($,(#1545));
#1547=SURFACE_STYLE_FILL_AREA(#1546);
#1548=SURFACE_SIDE_STYLE('',(#1547));
#1549=SURFACE_STYLE_USAGE(.BOTH.,#1548);
#1550=PRESENTATION_STYLE_ASSIGNMENT((#1549));
#1551=STYLED_ITEM('',(#1550),#1543);
#1552=ADVANCED_FACE('',(#4640,#4642),#4644,.F.);
#1553=COLOUR_RGB('',0.56078431372549,0.56078431372549,0.56078431372549);
#1554=FILL_AREA_STYLE_COLOUR('',#1553);
#1555=FILL_AREA_STYLE($,(#1554));
#1556=SURFACE_STYLE_FILL_AREA(#1555);
#1557=SURFACE_SIDE_STYLE('',(#1556));
#1558=SURFACE_STYLE_USAGE(.BOTH.,#1557);
#1559=PRESENTATION_STYLE_ASSIGNMENT((#1558));
#1560=STYLED_ITEM('',(#1559),#1552);
#1561=ADVANCED_FACE('',(#4649,#4651),#4653,.F.);
#1562=COLOUR_RGB('',0.56078431372549,0.56078431372549,0.56078431372549);
#1563=FILL_AREA_STYLE_COLOUR('',#1562);
#1564=FILL_AREA_STYLE($,(#1563));
#1565=SURFACE_STYLE_FILL_AREA(#1564);
#1566=SURFACE_SIDE_STYLE('',(#1565));
#1567=SURFACE_STYLE_USAGE(.BOTH.,#1566);
#1568=PRESENTATION_STYLE_ASSIGNMENT((#1567));
#1569=STYLED_ITEM('',(#1568),#1561);
#1570=ADVANCED_FACE('',(#4658,#4660),#4662,.F.);
#1571=COLOUR_RGB('',0.56078431372549,0.56078431372549,0.56078431372549);
#1572=FILL_AREA_STYLE_COLOUR('',#1571);
#1573=FILL_AREA_STYLE($,(#1572));
#1574=SURFACE_STYLE_FILL_AREA(#1573);
#1575=SURFACE_SIDE_STYLE('',(#1574));
#1576=SURFACE_STYLE_USAGE(.BOTH.,#1575);
#1577=PRESENTATION_STYLE_ASSIGNMENT((#1576));
#1578=STYLED_ITEM('',(#1577),#1570);
#1579=ADVANCED_FACE('',(#4667,#4669),#4671,.F.);
#1580=COLOUR_RGB('',0.56078431372549,0.56078431372549,0.56078431372549);
#1581=FILL_AREA_STYLE_COLOUR('',#1580);
#1582=FILL_AREA_STYLE($,(#1581));
#1583=SURFACE_STYLE_FILL_AREA(#1582);
#1584=SURFACE_SIDE_STYLE('',(#1583));
#1585=SURFACE_STYLE_USAGE(.BOTH.,#1584);
#1586=PRESENTATION_STYLE_ASSIGNMENT((#1585));
#1587=STYLED_ITEM('',(#1586),#1579);
#1588=ADVANCED_FACE('',(#4676,#4678),#4680,.F.);
#1589=COLOUR_RGB('',0.56078431372549,0.56078431372549,0.56078431372549);
#1590=FILL_AREA_STYLE_COLOUR('',#1589);
#1591=FILL_AREA_STYLE($,(#1590));
#1592=SURFACE_STYLE_FILL_AREA(#1591);
#1593=SURFACE_SIDE_STYLE('',(#1592));
#1594=SURFACE_STYLE_USAGE(.BOTH.,#1593);
#1595=PRESENTATION_STYLE_ASSIGNMENT((#1594));
#1596=STYLED_ITEM('',(#1595),#1588);
#1597=ADVANCED_FACE('',(#4685,#4687),#4689,.T.);
#1598=COLOUR_RGB('',0.56078431372549,0.56078431372549,0.56078431372549);
#1599=FILL_AREA_STYLE_COLOUR('',#1598);
#1600=FILL_AREA_STYLE($,(#1599));
#1601=SURFACE_STYLE_FILL_AREA(#1600);
#1602=SURFACE_SIDE_STYLE('',(#1601));
#1603=SURFACE_STYLE_USAGE(.BOTH.,#1602);
#1604=PRESENTATION_STYLE_ASSIGNMENT((#1603));
#1605=STYLED_ITEM('',(#1604),#1597);
#1606=ADVANCED_FACE('',(#4694,#4696),#4698,.T.);
#1607=COLOUR_RGB('',0.56078431372549,0.56078431372549,0.56078431372549);
#1608=FILL_AREA_STYLE_COLOUR('',#1607);
#1609=FILL_AREA_STYLE($,(#1608));
#1610=SURFACE_STYLE_FILL_AREA(#1609);
#1611=SURFACE_SIDE_STYLE('',(#1610));
#1612=SURFACE_STYLE_USAGE(.BOTH.,#1611);
#1613=PRESENTATION_STYLE_ASSIGNMENT((#1612));
#1614=STYLED_ITEM('',(#1613),#1606);
#1615=ADVANCED_FACE('',(#4703,#4705,#4707,#4709,#4711,#4713,#4715,#4717,#4719,#4721),
#4723,.T.);
#1616=COLOUR_RGB('',0.56078431372549,0.56078431372549,0.56078431372549);
#1617=FILL_AREA_STYLE_COLOUR('',#1616);
#1618=FILL_AREA_STYLE($,(#1617));
#1619=SURFACE_STYLE_FILL_AREA(#1618);
#1620=SURFACE_SIDE_STYLE('',(#1619));
#1621=SURFACE_STYLE_USAGE(.BOTH.,#1620);
#1622=PRESENTATION_STYLE_ASSIGNMENT((#1621));
#1623=STYLED_ITEM('',(#1622),#1615);
#1624=ADVANCED_FACE('',(#4728,#4730),#4732,.T.);
#1625=COLOUR_RGB('',0.56078431372549,0.56078431372549,0.56078431372549);
#1626=FILL_AREA_STYLE_COLOUR('',#1625);
#1627=FILL_AREA_STYLE($,(#1626));
#1628=SURFACE_STYLE_FILL_AREA(#1627);
#1629=SURFACE_SIDE_STYLE('',(#1628));
#1630=SURFACE_STYLE_USAGE(.BOTH.,#1629);
#1631=PRESENTATION_STYLE_ASSIGNMENT((#1630));
#1632=STYLED_ITEM('',(#1631),#1624);
#1633=ADVANCED_FACE('',(#4737,#4739),#4741,.F.);
#1634=COLOUR_RGB('',0.56078431372549,0.56078431372549,0.56078431372549);
#1635=FILL_AREA_STYLE_COLOUR('',#1634);
#1636=FILL_AREA_STYLE($,(#1635));
#1637=SURFACE_STYLE_FILL_AREA(#1636);
#1638=SURFACE_SIDE_STYLE('',(#1637));
#1639=SURFACE_STYLE_USAGE(.BOTH.,#1638);
#1640=PRESENTATION_STYLE_ASSIGNMENT((#1639));
#1641=STYLED_ITEM('',(#1640),#1633);
#1642=ADVANCED_FACE('',(#4746,#4748),#4750,.T.);
#1643=COLOUR_RGB('',0.56078431372549,0.56078431372549,0.56078431372549);
#1644=FILL_AREA_STYLE_COLOUR('',#1643);
#1645=FILL_AREA_STYLE($,(#1644));
#1646=SURFACE_STYLE_FILL_AREA(#1645);
#1647=SURFACE_SIDE_STYLE('',(#1646));
#1648=SURFACE_STYLE_USAGE(.BOTH.,#1647);
#1649=PRESENTATION_STYLE_ASSIGNMENT((#1648));
#1650=STYLED_ITEM('',(#1649),#1642);
#1651=ADVANCED_FACE('',(#4755,#4757),#4759,.F.);
#1652=COLOUR_RGB('',0.56078431372549,0.56078431372549,0.56078431372549);
#1653=FILL_AREA_STYLE_COLOUR('',#1652);
#1654=FILL_AREA_STYLE($,(#1653));
#1655=SURFACE_STYLE_FILL_AREA(#1654);
#1656=SURFACE_SIDE_STYLE('',(#1655));
#1657=SURFACE_STYLE_USAGE(.BOTH.,#1656);
#1658=PRESENTATION_STYLE_ASSIGNMENT((#1657));
#1659=STYLED_ITEM('',(#1658),#1651);
#1660=ADVANCED_FACE('',(#4764),#4766,.T.);
#1661=COLOUR_RGB('',0.56078431372549,0.56078431372549,0.56078431372549);
#1662=FILL_AREA_STYLE_COLOUR('',#1661);
#1663=FILL_AREA_STYLE($,(#1662));
#1664=SURFACE_STYLE_FILL_AREA(#1663);
#1665=SURFACE_SIDE_STYLE('',(#1664));
#1666=SURFACE_STYLE_USAGE(.BOTH.,#1665);
#1667=PRESENTATION_STYLE_ASSIGNMENT((#1666));
#1668=STYLED_ITEM('',(#1667),#1660);
#1669=ADVANCED_FACE('',(#4771,#4773),#4775,.F.);
#1670=COLOUR_RGB('',0.56078431372549,0.56078431372549,0.56078431372549);
#1671=FILL_AREA_STYLE_COLOUR('',#1670);
#1672=FILL_AREA_STYLE($,(#1671));
#1673=SURFACE_STYLE_FILL_AREA(#1672);
#1674=SURFACE_SIDE_STYLE('',(#1673));
#1675=SURFACE_STYLE_USAGE(.BOTH.,#1674);
#1676=PRESENTATION_STYLE_ASSIGNMENT((#1675));
#1677=STYLED_ITEM('',(#1676),#1669);
#1678=ADVANCED_FACE('',(#4780,#4782),#4784,.F.);
#1679=COLOUR_RGB('',0.56078431372549,0.56078431372549,0.56078431372549);
#1680=FILL_AREA_STYLE_COLOUR('',#1679);
#1681=FILL_AREA_STYLE($,(#1680));
#1682=SURFACE_STYLE_FILL_AREA(#1681);
#1683=SURFACE_SIDE_STYLE('',(#1682));
#1684=SURFACE_STYLE_USAGE(.BOTH.,#1683);
#1685=PRESENTATION_STYLE_ASSIGNMENT((#1684));
#1686=STYLED_ITEM('',(#1685),#1678);
#1687=ADVANCED_FACE('',(#4789,#4791),#4793,.F.);
#1688=COLOUR_RGB('',0.56078431372549,0.56078431372549,0.56078431372549);
#1689=FILL_AREA_STYLE_COLOUR('',#1688);
#1690=FILL_AREA_STYLE($,(#1689));
#1691=SURFACE_STYLE_FILL_AREA(#1690);
#1692=SURFACE_SIDE_STYLE('',(#1691));
#1693=SURFACE_STYLE_USAGE(.BOTH.,#1692);
#1694=PRESENTATION_STYLE_ASSIGNMENT((#1693));
#1695=STYLED_ITEM('',(#1694),#1687);
#1696=ADVANCED_FACE('',(#4798,#4800),#4802,.F.);
#1697=COLOUR_RGB('',0.56078431372549,0.56078431372549,0.56078431372549);
#1698=FILL_AREA_STYLE_COLOUR('',#1697);
#1699=FILL_AREA_STYLE($,(#1698));
#1700=SURFACE_STYLE_FILL_AREA(#1699);
#1701=SURFACE_SIDE_STYLE('',(#1700));
#1702=SURFACE_STYLE_USAGE(.BOTH.,#1701);
#1703=PRESENTATION_STYLE_ASSIGNMENT((#1702));
#1704=STYLED_ITEM('',(#1703),#1696);
#1705=ADVANCED_FACE('',(#4807,#4809),#4811,.F.);
#1706=COLOUR_RGB('',0.56078431372549,0.56078431372549,0.56078431372549);
#1707=FILL_AREA_STYLE_COLOUR('',#1706);
#1708=FILL_AREA_STYLE($,(#1707));
#1709=SURFACE_STYLE_FILL_AREA(#1708);
#1710=SURFACE_SIDE_STYLE('',(#1709));
#1711=SURFACE_STYLE_USAGE(.BOTH.,#1710);
#1712=PRESENTATION_STYLE_ASSIGNMENT((#1711));
#1713=STYLED_ITEM('',(#1712),#1705);
#1714=ADVANCED_FACE('',(#4816,#4818),#4820,.F.);
#1715=COLOUR_RGB('',0.56078431372549,0.56078431372549,0.56078431372549);
#1716=FILL_AREA_STYLE_COLOUR('',#1715);
#1717=FILL_AREA_STYLE($,(#1716));
#1718=SURFACE_STYLE_FILL_AREA(#1717);
#1719=SURFACE_SIDE_STYLE('',(#1718));
#1720=SURFACE_STYLE_USAGE(.BOTH.,#1719);
#1721=PRESENTATION_STYLE_ASSIGNMENT((#1720));
#1722=STYLED_ITEM('',(#1721),#1714);
#1723=ADVANCED_FACE('',(#4825,#4827),#4829,.F.);
#1724=COLOUR_RGB('',0.56078431372549,0.56078431372549,0.56078431372549);
#1725=FILL_AREA_STYLE_COLOUR('',#1724);
#1726=FILL_AREA_STYLE($,(#1725));
#1727=SURFACE_STYLE_FILL_AREA(#1726);
#1728=SURFACE_SIDE_STYLE('',(#1727));
#1729=SURFACE_STYLE_USAGE(.BOTH.,#1728);
#1730=PRESENTATION_STYLE_ASSIGNMENT((#1729));
#1731=STYLED_ITEM('',(#1730),#1723);
#1732=ADVANCED_FACE('',(#4834,#4836),#4838,.T.);
#1733=COLOUR_RGB('',0.56078431372549,0.56078431372549,0.56078431372549);
#1734=FILL_AREA_STYLE_COLOUR('',#1733);
#1735=FILL_AREA_STYLE($,(#1734));
#1736=SURFACE_STYLE_FILL_AREA(#1735);
#1737=SURFACE_SIDE_STYLE('',(#1736));
#1738=SURFACE_STYLE_USAGE(.BOTH.,#1737);
#1739=PRESENTATION_STYLE_ASSIGNMENT((#1738));
#1740=STYLED_ITEM('',(#1739),#1732);
#1741=ADVANCED_FACE('',(#4843,#4845),#4847,.F.);
#1742=COLOUR_RGB('',0.56078431372549,0.56078431372549,0.56078431372549);
#1743=FILL_AREA_STYLE_COLOUR('',#1742);
#1744=FILL_AREA_STYLE($,(#1743));
#1745=SURFACE_STYLE_FILL_AREA(#1744);
#1746=SURFACE_SIDE_STYLE('',(#1745));
#1747=SURFACE_STYLE_USAGE(.BOTH.,#1746);
#1748=PRESENTATION_STYLE_ASSIGNMENT((#1747));
#1749=STYLED_ITEM('',(#1748),#1741);
#1750=ADVANCED_FACE('',(#4852,#4854),#4856,.F.);
#1751=COLOUR_RGB('',0.56078431372549,0.56078431372549,0.56078431372549);
#1752=FILL_AREA_STYLE_COLOUR('',#1751);
#1753=FILL_AREA_STYLE($,(#1752));
#1754=SURFACE_STYLE_FILL_AREA(#1753);
#1755=SURFACE_SIDE_STYLE('',(#1754));
#1756=SURFACE_STYLE_USAGE(.BOTH.,#1755);
#1757=PRESENTATION_STYLE_ASSIGNMENT((#1756));
#1758=STYLED_ITEM('',(#1757),#1750);
#1759=ADVANCED_FACE('',(#4861),#4863,.T.);
#1760=COLOUR_RGB('',0.56078431372549,0.56078431372549,0.56078431372549);
#1761=FILL_AREA_STYLE_COLOUR('',#1760);
#1762=FILL_AREA_STYLE($,(#1761));
#1763=SURFACE_STYLE_FILL_AREA(#1762);
#1764=SURFACE_SIDE_STYLE('',(#1763));
#1765=SURFACE_STYLE_USAGE(.BOTH.,#1764);
#1766=PRESENTATION_STYLE_ASSIGNMENT((#1765));
#1767=STYLED_ITEM('',(#1766),#1759);
#1768=ADVANCED_FACE('',(#4868),#4870,.T.);
#1769=COLOUR_RGB('',0.56078431372549,0.56078431372549,0.56078431372549);
#1770=FILL_AREA_STYLE_COLOUR('',#1769);
#1771=FILL_AREA_STYLE($,(#1770));
#1772=SURFACE_STYLE_FILL_AREA(#1771);
#1773=SURFACE_SIDE_STYLE('',(#1772));
#1774=SURFACE_STYLE_USAGE(.BOTH.,#1773);
#1775=PRESENTATION_STYLE_ASSIGNMENT((#1774));
#1776=STYLED_ITEM('',(#1775),#1768);
#1777=ADVANCED_FACE('',(#4875),#4877,.T.);
#1778=COLOUR_RGB('',0.56078431372549,0.56078431372549,0.56078431372549);
#1779=FILL_AREA_STYLE_COLOUR('',#1778);
#1780=FILL_AREA_STYLE($,(#1779));
#1781=SURFACE_STYLE_FILL_AREA(#1780);
#1782=SURFACE_SIDE_STYLE('',(#1781));
#1783=SURFACE_STYLE_USAGE(.BOTH.,#1782);
#1784=PRESENTATION_STYLE_ASSIGNMENT((#1783));
#1785=STYLED_ITEM('',(#1784),#1777);
#1786=ADVANCED_FACE('',(#4882),#4884,.T.);
#1787=COLOUR_RGB('',0.56078431372549,0.56078431372549,0.56078431372549);
#1788=FILL_AREA_STYLE_COLOUR('',#1787);
#1789=FILL_AREA_STYLE($,(#1788));
#1790=SURFACE_STYLE_FILL_AREA(#1789);
#1791=SURFACE_SIDE_STYLE('',(#1790));
#1792=SURFACE_STYLE_USAGE(.BOTH.,#1791);
#1793=PRESENTATION_STYLE_ASSIGNMENT((#1792));
#1794=STYLED_ITEM('',(#1793),#1786);
#1795=ADVANCED_FACE('',(#4889),#4891,.T.);
#1796=COLOUR_RGB('',0.56078431372549,0.56078431372549,0.56078431372549);
#1797=FILL_AREA_STYLE_COLOUR('',#1796);
#1798=FILL_AREA_STYLE($,(#1797));
#1799=SURFACE_STYLE_FILL_AREA(#1798);
#1800=SURFACE_SIDE_STYLE('',(#1799));
#1801=SURFACE_STYLE_USAGE(.BOTH.,#1800);
#1802=PRESENTATION_STYLE_ASSIGNMENT((#1801));
#1803=STYLED_ITEM('',(#1802),#1795);
#1804=ADVANCED_FACE('',(#4896),#4898,.T.);
#1805=COLOUR_RGB('',0.56078431372549,0.56078431372549,0.56078431372549);
#1806=FILL_AREA_STYLE_COLOUR('',#1805);
#1807=FILL_AREA_STYLE($,(#1806));
#1808=SURFACE_STYLE_FILL_AREA(#1807);
#1809=SURFACE_SIDE_STYLE('',(#1808));
#1810=SURFACE_STYLE_USAGE(.BOTH.,#1809);
#1811=PRESENTATION_STYLE_ASSIGNMENT((#1810));
#1812=STYLED_ITEM('',(#1811),#1804);
#1813=ADVANCED_FACE('',(#4903),#4905,.F.);
#1814=COLOUR_RGB('',0.56078431372549,0.56078431372549,0.56078431372549);
#1815=FILL_AREA_STYLE_COLOUR('',#1814);
#1816=FILL_AREA_STYLE($,(#1815));
#1817=SURFACE_STYLE_FILL_AREA(#1816);
#1818=SURFACE_SIDE_STYLE('',(#1817));
#1819=SURFACE_STYLE_USAGE(.BOTH.,#1818);
#1820=PRESENTATION_STYLE_ASSIGNMENT((#1819));
#1821=STYLED_ITEM('',(#1820),#1813);
#1822=ADVANCED_FACE('',(#4910),#4912,.F.);
#1823=COLOUR_RGB('',0.56078431372549,0.56078431372549,0.56078431372549);
#1824=FILL_AREA_STYLE_COLOUR('',#1823);
#1825=FILL_AREA_STYLE($,(#1824));
#1826=SURFACE_STYLE_FILL_AREA(#1825);
#1827=SURFACE_SIDE_STYLE('',(#1826));
#1828=SURFACE_STYLE_USAGE(.BOTH.,#1827);
#1829=PRESENTATION_STYLE_ASSIGNMENT((#1828));
#1830=STYLED_ITEM('',(#1829),#1822);
#1831=ADVANCED_FACE('',(#4917),#4919,.F.);
#1832=COLOUR_RGB('',0.56078431372549,0.56078431372549,0.56078431372549);
#1833=FILL_AREA_STYLE_COLOUR('',#1832);
#1834=FILL_AREA_STYLE($,(#1833));
#1835=SURFACE_STYLE_FILL_AREA(#1834);
#1836=SURFACE_SIDE_STYLE('',(#1835));
#1837=SURFACE_STYLE_USAGE(.BOTH.,#1836);
#1838=PRESENTATION_STYLE_ASSIGNMENT((#1837));
#1839=STYLED_ITEM('',(#1838),#1831);
#1840=ADVANCED_FACE('',(#4924),#4926,.F.);
#1841=COLOUR_RGB('',0.56078431372549,0.56078431372549,0.56078431372549);
#1842=FILL_AREA_STYLE_COLOUR('',#1841);
#1843=FILL_AREA_STYLE($,(#1842));
#1844=SURFACE_STYLE_FILL_AREA(#1843);
#1845=SURFACE_SIDE_STYLE('',(#1844));
#1846=SURFACE_STYLE_USAGE(.BOTH.,#1845);
#1847=PRESENTATION_STYLE_ASSIGNMENT((#1846));
#1848=STYLED_ITEM('',(#1847),#1840);
#1849=ADVANCED_FACE('',(#4931),#4933,.F.);
#1850=COLOUR_RGB('',0.56078431372549,0.56078431372549,0.56078431372549);
#1851=FILL_AREA_STYLE_COLOUR('',#1850);
#1852=FILL_AREA_STYLE($,(#1851));
#1853=SURFACE_STYLE_FILL_AREA(#1852);
#1854=SURFACE_SIDE_STYLE('',(#1853));
#1855=SURFACE_STYLE_USAGE(.BOTH.,#1854);
#1856=PRESENTATION_STYLE_ASSIGNMENT((#1855));
#1857=STYLED_ITEM('',(#1856),#1849);
#1858=ADVANCED_FACE('',(#4938),#4940,.F.);
#1859=COLOUR_RGB('',0.56078431372549,0.56078431372549,0.56078431372549);
#1860=FILL_AREA_STYLE_COLOUR('',#1859);
#1861=FILL_AREA_STYLE($,(#1860));
#1862=SURFACE_STYLE_FILL_AREA(#1861);
#1863=SURFACE_SIDE_STYLE('',(#1862));
#1864=SURFACE_STYLE_USAGE(.BOTH.,#1863);
#1865=PRESENTATION_STYLE_ASSIGNMENT((#1864));
#1866=STYLED_ITEM('',(#1865),#1858);
#1867=ADVANCED_FACE('',(#4945),#4947,.F.);
#1868=COLOUR_RGB('',0.56078431372549,0.56078431372549,0.56078431372549);
#1869=FILL_AREA_STYLE_COLOUR('',#1868);
#1870=FILL_AREA_STYLE($,(#1869));
#1871=SURFACE_STYLE_FILL_AREA(#1870);
#1872=SURFACE_SIDE_STYLE('',(#1871));
#1873=SURFACE_STYLE_USAGE(.BOTH.,#1872);
#1874=PRESENTATION_STYLE_ASSIGNMENT((#1873));
#1875=STYLED_ITEM('',(#1874),#1867);
#1876=ADVANCED_FACE('',(#4952),#4954,.F.);
#1877=COLOUR_RGB('',0.56078431372549,0.56078431372549,0.56078431372549);
#1878=FILL_AREA_STYLE_COLOUR('',#1877);
#1879=FILL_AREA_STYLE($,(#1878));
#1880=SURFACE_STYLE_FILL_AREA(#1879);
#1881=SURFACE_SIDE_STYLE('',(#1880));
#1882=SURFACE_STYLE_USAGE(.BOTH.,#1881);
#1883=PRESENTATION_STYLE_ASSIGNMENT((#1882));
#1884=STYLED_ITEM('',(#1883),#1876);
#1885=ADVANCED_FACE('',(#4959),#4961,.F.);
#1886=COLOUR_RGB('',0.56078431372549,0.56078431372549,0.56078431372549);
#1887=FILL_AREA_STYLE_COLOUR('',#1886);
#1888=FILL_AREA_STYLE($,(#1887));
#1889=SURFACE_STYLE_FILL_AREA(#1888);
#1890=SURFACE_SIDE_STYLE('',(#1889));
#1891=SURFACE_STYLE_USAGE(.BOTH.,#1890);
#1892=PRESENTATION_STYLE_ASSIGNMENT((#1891));
#1893=STYLED_ITEM('',(#1892),#1885);
#1894=ADVANCED_FACE('',(#4966),#4968,.F.);
#1895=COLOUR_RGB('',0.56078431372549,0.56078431372549,0.56078431372549);
#1896=FILL_AREA_STYLE_COLOUR('',#1895);
#1897=FILL_AREA_STYLE($,(#1896));
#1898=SURFACE_STYLE_FILL_AREA(#1897);
#1899=SURFACE_SIDE_STYLE('',(#1898));
#1900=SURFACE_STYLE_USAGE(.BOTH.,#1899);
#1901=PRESENTATION_STYLE_ASSIGNMENT((#1900));
#1902=STYLED_ITEM('',(#1901),#1894);
#1903=ADVANCED_FACE('',(#4973),#4975,.F.);
#1904=COLOUR_RGB('',0.56078431372549,0.56078431372549,0.56078431372549);
#1905=FILL_AREA_STYLE_COLOUR('',#1904);
#1906=FILL_AREA_STYLE($,(#1905));
#1907=SURFACE_STYLE_FILL_AREA(#1906);
#1908=SURFACE_SIDE_STYLE('',(#1907));
#1909=SURFACE_STYLE_USAGE(.BOTH.,#1908);
#1910=PRESENTATION_STYLE_ASSIGNMENT((#1909));
#1911=STYLED_ITEM('',(#1910),#1903);
#1912=ADVANCED_FACE('',(#4980),#4982,.F.);
#1913=COLOUR_RGB('',0.56078431372549,0.56078431372549,0.56078431372549);
#1914=FILL_AREA_STYLE_COLOUR('',#1913);
#1915=FILL_AREA_STYLE($,(#1914));
#1916=SURFACE_STYLE_FILL_AREA(#1915);
#1917=SURFACE_SIDE_STYLE('',(#1916));
#1918=SURFACE_STYLE_USAGE(.BOTH.,#1917);
#1919=PRESENTATION_STYLE_ASSIGNMENT((#1918));
#1920=STYLED_ITEM('',(#1919),#1912);
#1921=ADVANCED_FACE('',(#4987,#4989),#4991,.T.);
#1922=COLOUR_RGB('',0.56078431372549,0.56078431372549,0.56078431372549);
#1923=FILL_AREA_STYLE_COLOUR('',#1922);
#1924=FILL_AREA_STYLE($,(#1923));
#1925=SURFACE_STYLE_FILL_AREA(#1924);
#1926=SURFACE_SIDE_STYLE('',(#1925));
#1927=SURFACE_STYLE_USAGE(.BOTH.,#1926);
#1928=PRESENTATION_STYLE_ASSIGNMENT((#1927));
#1929=STYLED_ITEM('',(#1928),#1921);
#1930=ADVANCED_FACE('',(#4996,#4998,#5000,#5002,#5004),#5006,.T.);
#1931=COLOUR_RGB('',0.56078431372549,0.56078431372549,0.56078431372549);
#1932=FILL_AREA_STYLE_COLOUR('',#1931);
#1933=FILL_AREA_STYLE($,(#1932));
#1934=SURFACE_STYLE_FILL_AREA(#1933);
#1935=SURFACE_SIDE_STYLE('',(#1934));
#1936=SURFACE_STYLE_USAGE(.BOTH.,#1935);
#1937=PRESENTATION_STYLE_ASSIGNMENT((#1936));
#1938=STYLED_ITEM('',(#1937),#1930);
#1939=ADVANCED_FACE('',(#5011),#5013,.T.);
#1940=COLOUR_RGB('',0.56078431372549,0.56078431372549,0.56078431372549);
#1941=FILL_AREA_STYLE_COLOUR('',#1940);
#1942=FILL_AREA_STYLE($,(#1941));
#1943=SURFACE_STYLE_FILL_AREA(#1942);
#1944=SURFACE_SIDE_STYLE('',(#1943));
#1945=SURFACE_STYLE_USAGE(.BOTH.,#1944);
#1946=PRESENTATION_STYLE_ASSIGNMENT((#1945));
#1947=STYLED_ITEM('',(#1946),#1939);
#1948=ADVANCED_FACE('',(#5170),#5172,.F.);
#1949=COLOUR_RGB('',0.56078431372549,0.56078431372549,0.56078431372549);
#1950=FILL_AREA_STYLE_COLOUR('',#1949);
#1951=FILL_AREA_STYLE($,(#1950));
#1952=SURFACE_STYLE_FILL_AREA(#1951);
#1953=SURFACE_SIDE_STYLE('',(#1952));
#1954=SURFACE_STYLE_USAGE(.BOTH.,#1953);
#1955=PRESENTATION_STYLE_ASSIGNMENT((#1954));
#1956=STYLED_ITEM('',(#1955),#1948);
#1957=ADVANCED_FACE('',(#5177),#5179,.T.);
#1958=COLOUR_RGB('',0.56078431372549,0.56078431372549,0.56078431372549);
#1959=FILL_AREA_STYLE_COLOUR('',#1958);
#1960=FILL_AREA_STYLE($,(#1959));
#1961=SURFACE_STYLE_FILL_AREA(#1960);
#1962=SURFACE_SIDE_STYLE('',(#1961));
#1963=SURFACE_STYLE_USAGE(.BOTH.,#1962);
#1964=PRESENTATION_STYLE_ASSIGNMENT((#1963));
#1965=STYLED_ITEM('',(#1964),#1957);
#1966=ADVANCED_FACE('',(#5234),#5236,.T.);
#1967=COLOUR_RGB('',0.56078431372549,0.56078431372549,0.56078431372549);
#1968=FILL_AREA_STYLE_COLOUR('',#1967);
#1969=FILL_AREA_STYLE($,(#1968));
#1970=SURFACE_STYLE_FILL_AREA(#1969);
#1971=SURFACE_SIDE_STYLE('',(#1970));
#1972=SURFACE_STYLE_USAGE(.BOTH.,#1971);
#1973=PRESENTATION_STYLE_ASSIGNMENT((#1972));
#1974=STYLED_ITEM('',(#1973),#1966);
#1975=ADVANCED_FACE('',(#5273),#5275,.T.);
#1976=COLOUR_RGB('',0.56078431372549,0.56078431372549,0.56078431372549);
#1977=FILL_AREA_STYLE_COLOUR('',#1976);
#1978=FILL_AREA_STYLE($,(#1977));
#1979=SURFACE_STYLE_FILL_AREA(#1978);
#1980=SURFACE_SIDE_STYLE('',(#1979));
#1981=SURFACE_STYLE_USAGE(.BOTH.,#1980);
#1982=PRESENTATION_STYLE_ASSIGNMENT((#1981));
#1983=STYLED_ITEM('',(#1982),#1975);
#1984=ADVANCED_FACE('',(#5432),#5434,.F.);
#1985=COLOUR_RGB('',0.56078431372549,0.56078431372549,0.56078431372549);
#1986=FILL_AREA_STYLE_COLOUR('',#1985);
#1987=FILL_AREA_STYLE($,(#1986));
#1988=SURFACE_STYLE_FILL_AREA(#1987);
#1989=SURFACE_SIDE_STYLE('',(#1988));
#1990=SURFACE_STYLE_USAGE(.BOTH.,#1989);
#1991=PRESENTATION_STYLE_ASSIGNMENT((#1990));
#1992=STYLED_ITEM('',(#1991),#1984);
#1993=ADVANCED_FACE('',(#5439),#5441,.T.);
#1994=COLOUR_RGB('',0.56078431372549,0.56078431372549,0.56078431372549);
#1995=FILL_AREA_STYLE_COLOUR('',#1994);
#1996=FILL_AREA_STYLE($,(#1995));
#1997=SURFACE_STYLE_FILL_AREA(#1996);
#1998=SURFACE_SIDE_STYLE('',(#1997));
#1999=SURFACE_STYLE_USAGE(.BOTH.,#1998);
#2000=PRESENTATION_STYLE_ASSIGNMENT((#1999));
#2001=STYLED_ITEM('',(#2000),#1993);
#2002=ADVANCED_FACE('',(#5496),#5498,.T.);
#2003=COLOUR_RGB('',0.56078431372549,0.56078431372549,0.56078431372549);
#2004=FILL_AREA_STYLE_COLOUR('',#2003);
#2005=FILL_AREA_STYLE($,(#2004));
#2006=SURFACE_STYLE_FILL_AREA(#2005);
#2007=SURFACE_SIDE_STYLE('',(#2006));
#2008=SURFACE_STYLE_USAGE(.BOTH.,#2007);
#2009=PRESENTATION_STYLE_ASSIGNMENT((#2008));
#2010=STYLED_ITEM('',(#2009),#2002);
#2011=ADVANCED_FACE('',(#5535),#5537,.T.);
#2012=COLOUR_RGB('',0.56078431372549,0.56078431372549,0.56078431372549);
#2013=FILL_AREA_STYLE_COLOUR('',#2012);
#2014=FILL_AREA_STYLE($,(#2013));
#2015=SURFACE_STYLE_FILL_AREA(#2014);
#2016=SURFACE_SIDE_STYLE('',(#2015));
#2017=SURFACE_STYLE_USAGE(.BOTH.,#2016);
#2018=PRESENTATION_STYLE_ASSIGNMENT((#2017));
#2019=STYLED_ITEM('',(#2018),#2011);
#2020=ADVANCED_FACE('',(#5694),#5696,.F.);
#2021=COLOUR_RGB('',0.56078431372549,0.56078431372549,0.56078431372549);
#2022=FILL_AREA_STYLE_COLOUR('',#2021);
#2023=FILL_AREA_STYLE($,(#2022));
#2024=SURFACE_STYLE_FILL_AREA(#2023);
#2025=SURFACE_SIDE_STYLE('',(#2024));
#2026=SURFACE_STYLE_USAGE(.BOTH.,#2025);
#2027=PRESENTATION_STYLE_ASSIGNMENT((#2026));
#2028=STYLED_ITEM('',(#2027),#2020);
#2029=ADVANCED_FACE('',(#5701),#5703,.T.);
#2030=COLOUR_RGB('',0.56078431372549,0.56078431372549,0.56078431372549);
#2031=FILL_AREA_STYLE_COLOUR('',#2030);
#2032=FILL_AREA_STYLE($,(#2031));
#2033=SURFACE_STYLE_FILL_AREA(#2032);
#2034=SURFACE_SIDE_STYLE('',(#2033));
#2035=SURFACE_STYLE_USAGE(.BOTH.,#2034);
#2036=PRESENTATION_STYLE_ASSIGNMENT((#2035));
#2037=STYLED_ITEM('',(#2036),#2029);
#2038=ADVANCED_FACE('',(#5758),#5760,.T.);
#2039=COLOUR_RGB('',0.56078431372549,0.56078431372549,0.56078431372549);
#2040=FILL_AREA_STYLE_COLOUR('',#2039);
#2041=FILL_AREA_STYLE($,(#2040));
#2042=SURFACE_STYLE_FILL_AREA(#2041);
#2043=SURFACE_SIDE_STYLE('',(#2042));
#2044=SURFACE_STYLE_USAGE(.BOTH.,#2043);
#2045=PRESENTATION_STYLE_ASSIGNMENT((#2044));
#2046=STYLED_ITEM('',(#2045),#2038);
#2047=ADVANCED_FACE('',(#5797),#5799,.F.);
#2048=COLOUR_RGB('',0.56078431372549,0.56078431372549,0.56078431372549);
#2049=FILL_AREA_STYLE_COLOUR('',#2048);
#2050=FILL_AREA_STYLE($,(#2049));
#2051=SURFACE_STYLE_FILL_AREA(#2050);
#2052=SURFACE_SIDE_STYLE('',(#2051));
#2053=SURFACE_STYLE_USAGE(.BOTH.,#2052);
#2054=PRESENTATION_STYLE_ASSIGNMENT((#2053));
#2055=STYLED_ITEM('',(#2054),#2047);
#2056=ADVANCED_FACE('',(#5804),#5806,.T.);
#2057=COLOUR_RGB('',0.56078431372549,0.56078431372549,0.56078431372549);
#2058=FILL_AREA_STYLE_COLOUR('',#2057);
#2059=FILL_AREA_STYLE($,(#2058));
#2060=SURFACE_STYLE_FILL_AREA(#2059);
#2061=SURFACE_SIDE_STYLE('',(#2060));
#2062=SURFACE_STYLE_USAGE(.BOTH.,#2061);
#2063=PRESENTATION_STYLE_ASSIGNMENT((#2062));
#2064=STYLED_ITEM('',(#2063),#2056);
#2065=ADVANCED_FACE('',(#5811),#5813,.T.);
#2066=COLOUR_RGB('',0.56078431372549,0.56078431372549,0.56078431372549);
#2067=FILL_AREA_STYLE_COLOUR('',#2066);
#2068=FILL_AREA_STYLE($,(#2067));
#2069=SURFACE_STYLE_FILL_AREA(#2068);
#2070=SURFACE_SIDE_STYLE('',(#2069));
#2071=SURFACE_STYLE_USAGE(.BOTH.,#2070);
#2072=PRESENTATION_STYLE_ASSIGNMENT((#2071));
#2073=STYLED_ITEM('',(#2072),#2065);
#2074=ADVANCED_FACE('',(#5818),#5820,.T.);
#2075=COLOUR_RGB('',0.56078431372549,0.56078431372549,0.56078431372549);
#2076=FILL_AREA_STYLE_COLOUR('',#2075);
#2077=FILL_AREA_STYLE($,(#2076));
#2078=SURFACE_STYLE_FILL_AREA(#2077);
#2079=SURFACE_SIDE_STYLE('',(#2078));
#2080=SURFACE_STYLE_USAGE(.BOTH.,#2079);
#2081=PRESENTATION_STYLE_ASSIGNMENT((#2080));
#2082=STYLED_ITEM('',(#2081),#2074);
#2083=ADVANCED_FACE('',(#5825),#5827,.T.);
#2084=COLOUR_RGB('',0.56078431372549,0.56078431372549,0.56078431372549);
#2085=FILL_AREA_STYLE_COLOUR('',#2084);
#2086=FILL_AREA_STYLE($,(#2085));
#2087=SURFACE_STYLE_FILL_AREA(#2086);
#2088=SURFACE_SIDE_STYLE('',(#2087));
#2089=SURFACE_STYLE_USAGE(.BOTH.,#2088);
#2090=PRESENTATION_STYLE_ASSIGNMENT((#2089));
#2091=STYLED_ITEM('',(#2090),#2083);
#2092=ADVANCED_FACE('',(#5832,#5834),#5836,.T.);
#2093=COLOUR_RGB('',0.56078431372549,0.56078431372549,0.56078431372549);
#2094=FILL_AREA_STYLE_COLOUR('',#2093);
#2095=FILL_AREA_STYLE($,(#2094));
#2096=SURFACE_STYLE_FILL_AREA(#2095);
#2097=SURFACE_SIDE_STYLE('',(#2096));
#2098=SURFACE_STYLE_USAGE(.BOTH.,#2097);
#2099=PRESENTATION_STYLE_ASSIGNMENT((#2098));
#2100=STYLED_ITEM('',(#2099),#2092);
#2101=ADVANCED_FACE('',(#5841,#5843),#5845,.T.);
#2102=COLOUR_RGB('',0.56078431372549,0.56078431372549,0.56078431372549);
#2103=FILL_AREA_STYLE_COLOUR('',#2102);
#2104=FILL_AREA_STYLE($,(#2103));
#2105=SURFACE_STYLE_FILL_AREA(#2104);
#2106=SURFACE_SIDE_STYLE('',(#2105));
#2107=SURFACE_STYLE_USAGE(.BOTH.,#2106);
#2108=PRESENTATION_STYLE_ASSIGNMENT((#2107));
#2109=STYLED_ITEM('',(#2108),#2101);
#2110=ADVANCED_FACE('',(#5850,#5852),#5854,.T.);
#2111=COLOUR_RGB('',0.56078431372549,0.56078431372549,0.56078431372549);
#2112=FILL_AREA_STYLE_COLOUR('',#2111);
#2113=FILL_AREA_STYLE($,(#2112));
#2114=SURFACE_STYLE_FILL_AREA(#2113);
#2115=SURFACE_SIDE_STYLE('',(#2114));
#2116=SURFACE_STYLE_USAGE(.BOTH.,#2115);
#2117=PRESENTATION_STYLE_ASSIGNMENT((#2116));
#2118=STYLED_ITEM('',(#2117),#2110);
#2119=ADVANCED_FACE('',(#5859,#5861),#5863,.T.);
#2120=COLOUR_RGB('',0.56078431372549,0.56078431372549,0.56078431372549);
#2121=FILL_AREA_STYLE_COLOUR('',#2120);
#2122=FILL_AREA_STYLE($,(#2121));
#2123=SURFACE_STYLE_FILL_AREA(#2122);
#2124=SURFACE_SIDE_STYLE('',(#2123));
#2125=SURFACE_STYLE_USAGE(.BOTH.,#2124);
#2126=PRESENTATION_STYLE_ASSIGNMENT((#2125));
#2127=STYLED_ITEM('',(#2126),#2119);
#2128=ADVANCED_FACE('',(#5868,#5870),#5872,.F.);
#2129=COLOUR_RGB('',0.56078431372549,0.56078431372549,0.56078431372549);
#2130=FILL_AREA_STYLE_COLOUR('',#2129);
#2131=FILL_AREA_STYLE($,(#2130));
#2132=SURFACE_STYLE_FILL_AREA(#2131);
#2133=SURFACE_SIDE_STYLE('',(#2132));
#2134=SURFACE_STYLE_USAGE(.BOTH.,#2133);
#2135=PRESENTATION_STYLE_ASSIGNMENT((#2134));
#2136=STYLED_ITEM('',(#2135),#2128);
#2137=ADVANCED_FACE('',(#5877,#5879),#5881,.F.);
#2138=COLOUR_RGB('',0.56078431372549,0.56078431372549,0.56078431372549);
#2139=FILL_AREA_STYLE_COLOUR('',#2138);
#2140=FILL_AREA_STYLE($,(#2139));
#2141=SURFACE_STYLE_FILL_AREA(#2140);
#2142=SURFACE_SIDE_STYLE('',(#2141));
#2143=SURFACE_STYLE_USAGE(.BOTH.,#2142);
#2144=PRESENTATION_STYLE_ASSIGNMENT((#2143));
#2145=STYLED_ITEM('',(#2144),#2137);
#2146=ADVANCED_FACE('',(#5886,#5888),#5890,.T.);
#2147=COLOUR_RGB('',0.56078431372549,0.56078431372549,0.56078431372549);
#2148=FILL_AREA_STYLE_COLOUR('',#2147);
#2149=FILL_AREA_STYLE($,(#2148));
#2150=SURFACE_STYLE_FILL_AREA(#2149);
#2151=SURFACE_SIDE_STYLE('',(#2150));
#2152=SURFACE_STYLE_USAGE(.BOTH.,#2151);
#2153=PRESENTATION_STYLE_ASSIGNMENT((#2152));
#2154=STYLED_ITEM('',(#2153),#2146);
#2155=ADVANCED_FACE('',(#5895),#5897,.T.);
#2156=COLOUR_RGB('',0.56078431372549,0.56078431372549,0.56078431372549);
#2157=FILL_AREA_STYLE_COLOUR('',#2156);
#2158=FILL_AREA_STYLE($,(#2157));
#2159=SURFACE_STYLE_FILL_AREA(#2158);
#2160=SURFACE_SIDE_STYLE('',(#2159));
#2161=SURFACE_STYLE_USAGE(.BOTH.,#2160);
#2162=PRESENTATION_STYLE_ASSIGNMENT((#2161));
#2163=STYLED_ITEM('',(#2162),#2155);
#2164=ADVANCED_FACE('',(#5902),#5904,.T.);
#2165=COLOUR_RGB('',0.56078431372549,0.56078431372549,0.56078431372549);
#2166=FILL_AREA_STYLE_COLOUR('',#2165);
#2167=FILL_AREA_STYLE($,(#2166));
#2168=SURFACE_STYLE_FILL_AREA(#2167);
#2169=SURFACE_SIDE_STYLE('',(#2168));
#2170=SURFACE_STYLE_USAGE(.BOTH.,#2169);
#2171=PRESENTATION_STYLE_ASSIGNMENT((#2170));
#2172=STYLED_ITEM('',(#2171),#2164);
#2173=ADVANCED_FACE('',(#5909),#5911,.T.);
#2174=COLOUR_RGB('',0.56078431372549,0.56078431372549,0.56078431372549);
#2175=FILL_AREA_STYLE_COLOUR('',#2174);
#2176=FILL_AREA_STYLE($,(#2175));
#2177=SURFACE_STYLE_FILL_AREA(#2176);
#2178=SURFACE_SIDE_STYLE('',(#2177));
#2179=SURFACE_STYLE_USAGE(.BOTH.,#2178);
#2180=PRESENTATION_STYLE_ASSIGNMENT((#2179));
#2181=STYLED_ITEM('',(#2180),#2173);
#2182=ADVANCED_FACE('',(#5916,#5918),#5920,.T.);
#2183=COLOUR_RGB('',0.56078431372549,0.56078431372549,0.56078431372549);
#2184=FILL_AREA_STYLE_COLOUR('',#2183);
#2185=FILL_AREA_STYLE($,(#2184));
#2186=SURFACE_STYLE_FILL_AREA(#2185);
#2187=SURFACE_SIDE_STYLE('',(#2186));
#2188=SURFACE_STYLE_USAGE(.BOTH.,#2187);
#2189=PRESENTATION_STYLE_ASSIGNMENT((#2188));
#2190=STYLED_ITEM('',(#2189),#2182);
#2191=ADVANCED_FACE('',(#5925),#5927,.T.);
#2192=COLOUR_RGB('',0.56078431372549,0.56078431372549,0.56078431372549);
#2193=FILL_AREA_STYLE_COLOUR('',#2192);
#2194=FILL_AREA_STYLE($,(#2193));
#2195=SURFACE_STYLE_FILL_AREA(#2194);
#2196=SURFACE_SIDE_STYLE('',(#2195));
#2197=SURFACE_STYLE_USAGE(.BOTH.,#2196);
#2198=PRESENTATION_STYLE_ASSIGNMENT((#2197));
#2199=STYLED_ITEM('',(#2198),#2191);
#2200=ADVANCED_FACE('',(#5932,#5934),#5936,.F.);
#2201=COLOUR_RGB('',0.56078431372549,0.56078431372549,0.56078431372549);
#2202=FILL_AREA_STYLE_COLOUR('',#2201);
#2203=FILL_AREA_STYLE($,(#2202));
#2204=SURFACE_STYLE_FILL_AREA(#2203);
#2205=SURFACE_SIDE_STYLE('',(#2204));
#2206=SURFACE_STYLE_USAGE(.BOTH.,#2205);
#2207=PRESENTATION_STYLE_ASSIGNMENT((#2206));
#2208=STYLED_ITEM('',(#2207),#2200);
#2209=ADVANCED_FACE('',(#5941,#5943),#5945,.F.);
#2210=COLOUR_RGB('',0.56078431372549,0.56078431372549,0.56078431372549);
#2211=FILL_AREA_STYLE_COLOUR('',#2210);
#2212=FILL_AREA_STYLE($,(#2211));
#2213=SURFACE_STYLE_FILL_AREA(#2212);
#2214=SURFACE_SIDE_STYLE('',(#2213));
#2215=SURFACE_STYLE_USAGE(.BOTH.,#2214);
#2216=PRESENTATION_STYLE_ASSIGNMENT((#2215));
#2217=STYLED_ITEM('',(#2216),#2209);
#2218=ADVANCED_FACE('',(#5950),#5952,.F.);
#2219=COLOUR_RGB('',0.56078431372549,0.56078431372549,0.56078431372549);
#2220=FILL_AREA_STYLE_COLOUR('',#2219);
#2221=FILL_AREA_STYLE($,(#2220));
#2222=SURFACE_STYLE_FILL_AREA(#2221);
#2223=SURFACE_SIDE_STYLE('',(#2222));
#2224=SURFACE_STYLE_USAGE(.BOTH.,#2223);
#2225=PRESENTATION_STYLE_ASSIGNMENT((#2224));
#2226=STYLED_ITEM('',(#2225),#2218);
#2227=ADVANCED_FACE('',(#5957,#5959),#5961,.F.);
#2228=COLOUR_RGB('',0.56078431372549,0.56078431372549,0.56078431372549);
#2229=FILL_AREA_STYLE_COLOUR('',#2228);
#2230=FILL_AREA_STYLE($,(#2229));
#2231=SURFACE_STYLE_FILL_AREA(#2230);
#2232=SURFACE_SIDE_STYLE('',(#2231));
#2233=SURFACE_STYLE_USAGE(.BOTH.,#2232);
#2234=PRESENTATION_STYLE_ASSIGNMENT((#2233));
#2235=STYLED_ITEM('',(#2234),#2227);
#2236=ADVANCED_FACE('',(#5966),#5968,.F.);
#2237=COLOUR_RGB('',0.56078431372549,0.56078431372549,0.56078431372549);
#2238=FILL_AREA_STYLE_COLOUR('',#2237);
#2239=FILL_AREA_STYLE($,(#2238));
#2240=SURFACE_STYLE_FILL_AREA(#2239);
#2241=SURFACE_SIDE_STYLE('',(#2240));
#2242=SURFACE_STYLE_USAGE(.BOTH.,#2241);
#2243=PRESENTATION_STYLE_ASSIGNMENT((#2242));
#2244=STYLED_ITEM('',(#2243),#2236);
#2245=ADVANCED_FACE('',(#5973),#5975,.T.);
#2246=COLOUR_RGB('',0.56078431372549,0.56078431372549,0.56078431372549);
#2247=FILL_AREA_STYLE_COLOUR('',#2246);
#2248=FILL_AREA_STYLE($,(#2247));
#2249=SURFACE_STYLE_FILL_AREA(#2248);
#2250=SURFACE_SIDE_STYLE('',(#2249));
#2251=SURFACE_STYLE_USAGE(.BOTH.,#2250);
#2252=PRESENTATION_STYLE_ASSIGNMENT((#2251));
#2253=STYLED_ITEM('',(#2252),#2245);
#2254=ADVANCED_FACE('',(#5980),#5982,.T.);
#2255=COLOUR_RGB('',0.56078431372549,0.56078431372549,0.56078431372549);
#2256=FILL_AREA_STYLE_COLOUR('',#2255);
#2257=FILL_AREA_STYLE($,(#2256));
#2258=SURFACE_STYLE_FILL_AREA(#2257);
#2259=SURFACE_SIDE_STYLE('',(#2258));
#2260=SURFACE_STYLE_USAGE(.BOTH.,#2259);
#2261=PRESENTATION_STYLE_ASSIGNMENT((#2260));
#2262=STYLED_ITEM('',(#2261),#2254);
#2263=ADVANCED_FACE('',(#5987),#5989,.T.);
#2264=COLOUR_RGB('',0.56078431372549,0.56078431372549,0.56078431372549);
#2265=FILL_AREA_STYLE_COLOUR('',#2264);
#2266=FILL_AREA_STYLE($,(#2265));
#2267=SURFACE_STYLE_FILL_AREA(#2266);
#2268=SURFACE_SIDE_STYLE('',(#2267));
#2269=SURFACE_STYLE_USAGE(.BOTH.,#2268);
#2270=PRESENTATION_STYLE_ASSIGNMENT((#2269));
#2271=STYLED_ITEM('',(#2270),#2263);
#2272=ADVANCED_FACE('',(#5994),#5996,.F.);
#2273=COLOUR_RGB('',0.56078431372549,0.56078431372549,0.56078431372549);
#2274=FILL_AREA_STYLE_COLOUR('',#2273);
#2275=FILL_AREA_STYLE($,(#2274));
#2276=SURFACE_STYLE_FILL_AREA(#2275);
#2277=SURFACE_SIDE_STYLE('',(#2276));
#2278=SURFACE_STYLE_USAGE(.BOTH.,#2277);
#2279=PRESENTATION_STYLE_ASSIGNMENT((#2278));
#2280=STYLED_ITEM('',(#2279),#2272);
#2281=ADVANCED_FACE('',(#6001),#6003,.T.);
#2282=COLOUR_RGB('',0.56078431372549,0.56078431372549,0.56078431372549);
#2283=FILL_AREA_STYLE_COLOUR('',#2282);
#2284=FILL_AREA_STYLE($,(#2283));
#2285=SURFACE_STYLE_FILL_AREA(#2284);
#2286=SURFACE_SIDE_STYLE('',(#2285));
#2287=SURFACE_STYLE_USAGE(.BOTH.,#2286);
#2288=PRESENTATION_STYLE_ASSIGNMENT((#2287));
#2289=STYLED_ITEM('',(#2288),#2281);
#2290=ADVANCED_FACE('',(#6008),#6010,.T.);
#2291=COLOUR_RGB('',0.56078431372549,0.56078431372549,0.56078431372549);
#2292=FILL_AREA_STYLE_COLOUR('',#2291);
#2293=FILL_AREA_STYLE($,(#2292));
#2294=SURFACE_STYLE_FILL_AREA(#2293);
#2295=SURFACE_SIDE_STYLE('',(#2294));
#2296=SURFACE_STYLE_USAGE(.BOTH.,#2295);
#2297=PRESENTATION_STYLE_ASSIGNMENT((#2296));
#2298=STYLED_ITEM('',(#2297),#2290);
#2299=ADVANCED_FACE('',(#6015),#6017,.T.);
#2300=COLOUR_RGB('',0.56078431372549,0.56078431372549,0.56078431372549);
#2301=FILL_AREA_STYLE_COLOUR('',#2300);
#2302=FILL_AREA_STYLE($,(#2301));
#2303=SURFACE_STYLE_FILL_AREA(#2302);
#2304=SURFACE_SIDE_STYLE('',(#2303));
#2305=SURFACE_STYLE_USAGE(.BOTH.,#2304);
#2306=PRESENTATION_STYLE_ASSIGNMENT((#2305));
#2307=STYLED_ITEM('',(#2306),#2299);
#2308=ADVANCED_FACE('',(#6022,#6024),#6026,.F.);
#2309=COLOUR_RGB('',0.56078431372549,0.56078431372549,0.56078431372549);
#2310=FILL_AREA_STYLE_COLOUR('',#2309);
#2311=FILL_AREA_STYLE($,(#2310));
#2312=SURFACE_STYLE_FILL_AREA(#2311);
#2313=SURFACE_SIDE_STYLE('',(#2312));
#2314=SURFACE_STYLE_USAGE(.BOTH.,#2313);
#2315=PRESENTATION_STYLE_ASSIGNMENT((#2314));
#2316=STYLED_ITEM('',(#2315),#2308);
#2317=ADVANCED_FACE('',(#6031),#6033,.T.);
#2318=COLOUR_RGB('',0.56078431372549,0.56078431372549,0.56078431372549);
#2319=FILL_AREA_STYLE_COLOUR('',#2318);
#2320=FILL_AREA_STYLE($,(#2319));
#2321=SURFACE_STYLE_FILL_AREA(#2320);
#2322=SURFACE_SIDE_STYLE('',(#2321));
#2323=SURFACE_STYLE_USAGE(.BOTH.,#2322);
#2324=PRESENTATION_STYLE_ASSIGNMENT((#2323));
#2325=STYLED_ITEM('',(#2324),#2317);
#2326=ADVANCED_FACE('',(#6038),#6040,.T.);
#2327=COLOUR_RGB('',0.56078431372549,0.56078431372549,0.56078431372549);
#2328=FILL_AREA_STYLE_COLOUR('',#2327);
#2329=FILL_AREA_STYLE($,(#2328));
#2330=SURFACE_STYLE_FILL_AREA(#2329);
#2331=SURFACE_SIDE_STYLE('',(#2330));
#2332=SURFACE_STYLE_USAGE(.BOTH.,#2331);
#2333=PRESENTATION_STYLE_ASSIGNMENT((#2332));
#2334=STYLED_ITEM('',(#2333),#2326);
#2335=ADVANCED_FACE('',(#6045),#6047,.T.);
#2336=COLOUR_RGB('',0.56078431372549,0.56078431372549,0.56078431372549);
#2337=FILL_AREA_STYLE_COLOUR('',#2336);
#2338=FILL_AREA_STYLE($,(#2337));
#2339=SURFACE_STYLE_FILL_AREA(#2338);
#2340=SURFACE_SIDE_STYLE('',(#2339));
#2341=SURFACE_STYLE_USAGE(.BOTH.,#2340);
#2342=PRESENTATION_STYLE_ASSIGNMENT((#2341));
#2343=STYLED_ITEM('',(#2342),#2335);
#2344=ADVANCED_FACE('',(#6052),#6054,.T.);
#2345=COLOUR_RGB('',0.56078431372549,0.56078431372549,0.56078431372549);
#2346=FILL_AREA_STYLE_COLOUR('',#2345);
#2347=FILL_AREA_STYLE($,(#2346));
#2348=SURFACE_STYLE_FILL_AREA(#2347);
#2349=SURFACE_SIDE_STYLE('',(#2348));
#2350=SURFACE_STYLE_USAGE(.BOTH.,#2349);
#2351=PRESENTATION_STYLE_ASSIGNMENT((#2350));
#2352=STYLED_ITEM('',(#2351),#2344);
#2353=ADVANCED_FACE('',(#6059),#6061,.T.);
#2354=COLOUR_RGB('',0.56078431372549,0.56078431372549,0.56078431372549);
#2355=FILL_AREA_STYLE_COLOUR('',#2354);
#2356=FILL_AREA_STYLE($,(#2355));
#2357=SURFACE_STYLE_FILL_AREA(#2356);
#2358=SURFACE_SIDE_STYLE('',(#2357));
#2359=SURFACE_STYLE_USAGE(.BOTH.,#2358);
#2360=PRESENTATION_STYLE_ASSIGNMENT((#2359));
#2361=STYLED_ITEM('',(#2360),#2353);
#2362=ADVANCED_FACE('',(#6066),#6068,.T.);
#2363=COLOUR_RGB('',0.56078431372549,0.56078431372549,0.56078431372549);
#2364=FILL_AREA_STYLE_COLOUR('',#2363);
#2365=FILL_AREA_STYLE($,(#2364));
#2366=SURFACE_STYLE_FILL_AREA(#2365);
#2367=SURFACE_SIDE_STYLE('',(#2366));
#2368=SURFACE_STYLE_USAGE(.BOTH.,#2367);
#2369=PRESENTATION_STYLE_ASSIGNMENT((#2368));
#2370=STYLED_ITEM('',(#2369),#2362);
#2371=ADVANCED_FACE('',(#6073),#6075,.T.);
#2372=COLOUR_RGB('',0.56078431372549,0.56078431372549,0.56078431372549);
#2373=FILL_AREA_STYLE_COLOUR('',#2372);
#2374=FILL_AREA_STYLE($,(#2373));
#2375=SURFACE_STYLE_FILL_AREA(#2374);
#2376=SURFACE_SIDE_STYLE('',(#2375));
#2377=SURFACE_STYLE_USAGE(.BOTH.,#2376);
#2378=PRESENTATION_STYLE_ASSIGNMENT((#2377));
#2379=STYLED_ITEM('',(#2378),#2371);
#2380=ADVANCED_FACE('',(#6080),#6082,.F.);
#2381=COLOUR_RGB('',0.56078431372549,0.56078431372549,0.56078431372549);
#2382=FILL_AREA_STYLE_COLOUR('',#2381);
#2383=FILL_AREA_STYLE($,(#2382));
#2384=SURFACE_STYLE_FILL_AREA(#2383);
#2385=SURFACE_SIDE_STYLE('',(#2384));
#2386=SURFACE_STYLE_USAGE(.BOTH.,#2385);
#2387=PRESENTATION_STYLE_ASSIGNMENT((#2386));
#2388=STYLED_ITEM('',(#2387),#2380);
#2389=ADVANCED_FACE('',(#6087),#6089,.T.);
#2390=COLOUR_RGB('',0.56078431372549,0.56078431372549,0.56078431372549);
#2391=FILL_AREA_STYLE_COLOUR('',#2390);
#2392=FILL_AREA_STYLE($,(#2391));
#2393=SURFACE_STYLE_FILL_AREA(#2392);
#2394=SURFACE_SIDE_STYLE('',(#2393));
#2395=SURFACE_STYLE_USAGE(.BOTH.,#2394);
#2396=PRESENTATION_STYLE_ASSIGNMENT((#2395));
#2397=STYLED_ITEM('',(#2396),#2389);
#2398=ADVANCED_FACE('',(#6094,#6096,#6098,#6100,#6102),#6104,.F.);
#2399=COLOUR_RGB('',0.56078431372549,0.56078431372549,0.56078431372549);
#2400=FILL_AREA_STYLE_COLOUR('',#2399);
#2401=FILL_AREA_STYLE($,(#2400));
#2402=SURFACE_STYLE_FILL_AREA(#2401);
#2403=SURFACE_SIDE_STYLE('',(#2402));
#2404=SURFACE_STYLE_USAGE(.BOTH.,#2403);
#2405=PRESENTATION_STYLE_ASSIGNMENT((#2404));
#2406=STYLED_ITEM('',(#2405),#2398);
#2407=ADVANCED_FACE('',(#6109,#6111),#6113,.T.);
#2408=COLOUR_RGB('',0.56078431372549,0.56078431372549,0.56078431372549);
#2409=FILL_AREA_STYLE_COLOUR('',#2408);
#2410=FILL_AREA_STYLE($,(#2409));
#2411=SURFACE_STYLE_FILL_AREA(#2410);
#2412=SURFACE_SIDE_STYLE('',(#2411));
#2413=SURFACE_STYLE_USAGE(.BOTH.,#2412);
#2414=PRESENTATION_STYLE_ASSIGNMENT((#2413));
#2415=STYLED_ITEM('',(#2414),#2407);
#2416=ADVANCED_FACE('',(#6118,#6120),#6122,.T.);
#2417=COLOUR_RGB('',0.56078431372549,0.56078431372549,0.56078431372549);
#2418=FILL_AREA_STYLE_COLOUR('',#2417);
#2419=FILL_AREA_STYLE($,(#2418));
#2420=SURFACE_STYLE_FILL_AREA(#2419);
#2421=SURFACE_SIDE_STYLE('',(#2420));
#2422=SURFACE_STYLE_USAGE(.BOTH.,#2421);
#2423=PRESENTATION_STYLE_ASSIGNMENT((#2422));
#2424=STYLED_ITEM('',(#2423),#2416);
#2425=ADVANCED_FACE('',(#6127,#6129),#6131,.T.);
#2426=COLOUR_RGB('',0.56078431372549,0.56078431372549,0.56078431372549);
#2427=FILL_AREA_STYLE_COLOUR('',#2426);
#2428=FILL_AREA_STYLE($,(#2427));
#2429=SURFACE_STYLE_FILL_AREA(#2428);
#2430=SURFACE_SIDE_STYLE('',(#2429));
#2431=SURFACE_STYLE_USAGE(.BOTH.,#2430);
#2432=PRESENTATION_STYLE_ASSIGNMENT((#2431));
#2433=STYLED_ITEM('',(#2432),#2425);
#2434=ADVANCED_FACE('',(#6136,#6138),#6140,.F.);
#2435=COLOUR_RGB('',0.56078431372549,0.56078431372549,0.56078431372549);
#2436=FILL_AREA_STYLE_COLOUR('',#2435);
#2437=FILL_AREA_STYLE($,(#2436));
#2438=SURFACE_STYLE_FILL_AREA(#2437);
#2439=SURFACE_SIDE_STYLE('',(#2438));
#2440=SURFACE_STYLE_USAGE(.BOTH.,#2439);
#2441=PRESENTATION_STYLE_ASSIGNMENT((#2440));
#2442=STYLED_ITEM('',(#2441),#2434);
#2443=ADVANCED_FACE('',(#6145,#6147),#6149,.F.);
#2444=COLOUR_RGB('',0.56078431372549,0.56078431372549,0.56078431372549);
#2445=FILL_AREA_STYLE_COLOUR('',#2444);
#2446=FILL_AREA_STYLE($,(#2445));
#2447=SURFACE_STYLE_FILL_AREA(#2446);
#2448=SURFACE_SIDE_STYLE('',(#2447));
#2449=SURFACE_STYLE_USAGE(.BOTH.,#2448);
#2450=PRESENTATION_STYLE_ASSIGNMENT((#2449));
#2451=STYLED_ITEM('',(#2450),#2443);
#2452=ADVANCED_FACE('',(#6154,#6156),#6158,.F.);
#2453=COLOUR_RGB('',0.56078431372549,0.56078431372549,0.56078431372549);
#2454=FILL_AREA_STYLE_COLOUR('',#2453);
#2455=FILL_AREA_STYLE($,(#2454));
#2456=SURFACE_STYLE_FILL_AREA(#2455);
#2457=SURFACE_SIDE_STYLE('',(#2456));
#2458=SURFACE_STYLE_USAGE(.BOTH.,#2457);
#2459=PRESENTATION_STYLE_ASSIGNMENT((#2458));
#2460=STYLED_ITEM('',(#2459),#2452);
#2461=ADVANCED_FACE('',(#6163,#6165),#6167,.T.);
#2462=COLOUR_RGB('',0.56078431372549,0.56078431372549,0.56078431372549);
#2463=FILL_AREA_STYLE_COLOUR('',#2462);
#2464=FILL_AREA_STYLE($,(#2463));
#2465=SURFACE_STYLE_FILL_AREA(#2464);
#2466=SURFACE_SIDE_STYLE('',(#2465));
#2467=SURFACE_STYLE_USAGE(.BOTH.,#2466);
#2468=PRESENTATION_STYLE_ASSIGNMENT((#2467));
#2469=STYLED_ITEM('',(#2468),#2461);
#2470=ADVANCED_FACE('',(#6172,#6174),#6176,.F.);
#2471=COLOUR_RGB('',0.56078431372549,0.56078431372549,0.56078431372549);
#2472=FILL_AREA_STYLE_COLOUR('',#2471);
#2473=FILL_AREA_STYLE($,(#2472));
#2474=SURFACE_STYLE_FILL_AREA(#2473);
#2475=SURFACE_SIDE_STYLE('',(#2474));
#2476=SURFACE_STYLE_USAGE(.BOTH.,#2475);
#2477=PRESENTATION_STYLE_ASSIGNMENT((#2476));
#2478=STYLED_ITEM('',(#2477),#2470);
#2479=ADVANCED_FACE('',(#6181,#6183),#6185,.F.);
#2480=COLOUR_RGB('',0.56078431372549,0.56078431372549,0.56078431372549);
#2481=FILL_AREA_STYLE_COLOUR('',#2480);
#2482=FILL_AREA_STYLE($,(#2481));
#2483=SURFACE_STYLE_FILL_AREA(#2482);
#2484=SURFACE_SIDE_STYLE('',(#2483));
#2485=SURFACE_STYLE_USAGE(.BOTH.,#2484);
#2486=PRESENTATION_STYLE_ASSIGNMENT((#2485));
#2487=STYLED_ITEM('',(#2486),#2479);
#2488=ADVANCED_FACE('',(#6190,#6192),#6194,.F.);
#2489=COLOUR_RGB('',0.56078431372549,0.56078431372549,0.56078431372549);
#2490=FILL_AREA_STYLE_COLOUR('',#2489);
#2491=FILL_AREA_STYLE($,(#2490));
#2492=SURFACE_STYLE_FILL_AREA(#2491);
#2493=SURFACE_SIDE_STYLE('',(#2492));
#2494=SURFACE_STYLE_USAGE(.BOTH.,#2493);
#2495=PRESENTATION_STYLE_ASSIGNMENT((#2494));
#2496=STYLED_ITEM('',(#2495),#2488);
#2497=ADVANCED_FACE('',(#6199,#6201),#6203,.F.);
#2498=COLOUR_RGB('',0.56078431372549,0.56078431372549,0.56078431372549);
#2499=FILL_AREA_STYLE_COLOUR('',#2498);
#2500=FILL_AREA_STYLE($,(#2499));
#2501=SURFACE_STYLE_FILL_AREA(#2500);
#2502=SURFACE_SIDE_STYLE('',(#2501));
#2503=SURFACE_STYLE_USAGE(.BOTH.,#2502);
#2504=PRESENTATION_STYLE_ASSIGNMENT((#2503));
#2505=STYLED_ITEM('',(#2504),#2497);
#2506=ADVANCED_FACE('',(#6208,#6210),#6212,.T.);
#2507=COLOUR_RGB('',0.56078431372549,0.56078431372549,0.56078431372549);
#2508=FILL_AREA_STYLE_COLOUR('',#2507);
#2509=FILL_AREA_STYLE($,(#2508));
#2510=SURFACE_STYLE_FILL_AREA(#2509);
#2511=SURFACE_SIDE_STYLE('',(#2510));
#2512=SURFACE_STYLE_USAGE(.BOTH.,#2511);
#2513=PRESENTATION_STYLE_ASSIGNMENT((#2512));
#2514=STYLED_ITEM('',(#2513),#2506);
#2515=ADVANCED_FACE('',(#6217,#6219),#6221,.T.);
#2516=COLOUR_RGB('',0.56078431372549,0.56078431372549,0.56078431372549);
#2517=FILL_AREA_STYLE_COLOUR('',#2516);
#2518=FILL_AREA_STYLE($,(#2517));
#2519=SURFACE_STYLE_FILL_AREA(#2518);
#2520=SURFACE_SIDE_STYLE('',(#2519));
#2521=SURFACE_STYLE_USAGE(.BOTH.,#2520);
#2522=PRESENTATION_STYLE_ASSIGNMENT((#2521));
#2523=STYLED_ITEM('',(#2522),#2515);
#2524=ADVANCED_FACE('',(#6226,#6228,#6230,#6232,#6234,#6236),#6238,.T.);
#2525=COLOUR_RGB('',0.56078431372549,0.56078431372549,0.56078431372549);
#2526=FILL_AREA_STYLE_COLOUR('',#2525);
#2527=FILL_AREA_STYLE($,(#2526));
#2528=SURFACE_STYLE_FILL_AREA(#2527);
#2529=SURFACE_SIDE_STYLE('',(#2528));
#2530=SURFACE_STYLE_USAGE(.BOTH.,#2529);
#2531=PRESENTATION_STYLE_ASSIGNMENT((#2530));
#2532=STYLED_ITEM('',(#2531),#2524);
#2533=ADVANCED_FACE('',(#6243,#6245),#6247,.T.);
#2534=COLOUR_RGB('',0.56078431372549,0.56078431372549,0.56078431372549);
#2535=FILL_AREA_STYLE_COLOUR('',#2534);
#2536=FILL_AREA_STYLE($,(#2535));
#2537=SURFACE_STYLE_FILL_AREA(#2536);
#2538=SURFACE_SIDE_STYLE('',(#2537));
#2539=SURFACE_STYLE_USAGE(.BOTH.,#2538);
#2540=PRESENTATION_STYLE_ASSIGNMENT((#2539));
#2541=STYLED_ITEM('',(#2540),#2533);
#2542=ADVANCED_FACE('',(#6252,#6254),#6256,.F.);
#2543=COLOUR_RGB('',0.56078431372549,0.56078431372549,0.56078431372549);
#2544=FILL_AREA_STYLE_COLOUR('',#2543);
#2545=FILL_AREA_STYLE($,(#2544));
#2546=SURFACE_STYLE_FILL_AREA(#2545);
#2547=SURFACE_SIDE_STYLE('',(#2546));
#2548=SURFACE_STYLE_USAGE(.BOTH.,#2547);
#2549=PRESENTATION_STYLE_ASSIGNMENT((#2548));
#2550=STYLED_ITEM('',(#2549),#2542);
#2551=ADVANCED_FACE('',(#6261,#6263),#6265,.T.);
#2552=COLOUR_RGB('',0.56078431372549,0.56078431372549,0.56078431372549);
#2553=FILL_AREA_STYLE_COLOUR('',#2552);
#2554=FILL_AREA_STYLE($,(#2553));
#2555=SURFACE_STYLE_FILL_AREA(#2554);
#2556=SURFACE_SIDE_STYLE('',(#2555));
#2557=SURFACE_STYLE_USAGE(.BOTH.,#2556);
#2558=PRESENTATION_STYLE_ASSIGNMENT((#2557));
#2559=STYLED_ITEM('',(#2558),#2551);
#2560=ADVANCED_FACE('',(#6270,#6272),#6274,.F.);
#2561=COLOUR_RGB('',0.56078431372549,0.56078431372549,0.56078431372549);
#2562=FILL_AREA_STYLE_COLOUR('',#2561);
#2563=FILL_AREA_STYLE($,(#2562));
#2564=SURFACE_STYLE_FILL_AREA(#2563);
#2565=SURFACE_SIDE_STYLE('',(#2564));
#2566=SURFACE_STYLE_USAGE(.BOTH.,#2565);
#2567=PRESENTATION_STYLE_ASSIGNMENT((#2566));
#2568=STYLED_ITEM('',(#2567),#2560);
#2569=ADVANCED_FACE('',(#6279),#6281,.T.);
#2570=COLOUR_RGB('',0.56078431372549,0.56078431372549,0.56078431372549);
#2571=FILL_AREA_STYLE_COLOUR('',#2570);
#2572=FILL_AREA_STYLE($,(#2571));
#2573=SURFACE_STYLE_FILL_AREA(#2572);
#2574=SURFACE_SIDE_STYLE('',(#2573));
#2575=SURFACE_STYLE_USAGE(.BOTH.,#2574);
#2576=PRESENTATION_STYLE_ASSIGNMENT((#2575));
#2577=STYLED_ITEM('',(#2576),#2569);
#2578=ADVANCED_FACE('',(#6286,#6288),#6290,.F.);
#2579=COLOUR_RGB('',0.56078431372549,0.56078431372549,0.56078431372549);
#2580=FILL_AREA_STYLE_COLOUR('',#2579);
#2581=FILL_AREA_STYLE($,(#2580));
#2582=SURFACE_STYLE_FILL_AREA(#2581);
#2583=SURFACE_SIDE_STYLE('',(#2582));
#2584=SURFACE_STYLE_USAGE(.BOTH.,#2583);
#2585=PRESENTATION_STYLE_ASSIGNMENT((#2584));
#2586=STYLED_ITEM('',(#2585),#2578);
#2587=ADVANCED_FACE('',(#6295,#6297),#6299,.F.);
#2588=COLOUR_RGB('',0.56078431372549,0.56078431372549,0.56078431372549);
#2589=FILL_AREA_STYLE_COLOUR('',#2588);
#2590=FILL_AREA_STYLE($,(#2589));
#2591=SURFACE_STYLE_FILL_AREA(#2590);
#2592=SURFACE_SIDE_STYLE('',(#2591));
#2593=SURFACE_STYLE_USAGE(.BOTH.,#2592);
#2594=PRESENTATION_STYLE_ASSIGNMENT((#2593));
#2595=STYLED_ITEM('',(#2594),#2587);
#2596=ADVANCED_FACE('',(#6304,#6306),#6308,.F.);
#2597=COLOUR_RGB('',0.56078431372549,0.56078431372549,0.56078431372549);
#2598=FILL_AREA_STYLE_COLOUR('',#2597);
#2599=FILL_AREA_STYLE($,(#2598));
#2600=SURFACE_STYLE_FILL_AREA(#2599);
#2601=SURFACE_SIDE_STYLE('',(#2600));
#2602=SURFACE_STYLE_USAGE(.BOTH.,#2601);
#2603=PRESENTATION_STYLE_ASSIGNMENT((#2602));
#2604=STYLED_ITEM('',(#2603),#2596);
#2605=ADVANCED_FACE('',(#6313,#6315),#6317,.T.);
#2606=COLOUR_RGB('',0.56078431372549,0.56078431372549,0.56078431372549);
#2607=FILL_AREA_STYLE_COLOUR('',#2606);
#2608=FILL_AREA_STYLE($,(#2607));
#2609=SURFACE_STYLE_FILL_AREA(#2608);
#2610=SURFACE_SIDE_STYLE('',(#2609));
#2611=SURFACE_STYLE_USAGE(.BOTH.,#2610);
#2612=PRESENTATION_STYLE_ASSIGNMENT((#2611));
#2613=STYLED_ITEM('',(#2612),#2605);
#2614=ADVANCED_FACE('',(#6322),#6324,.T.);
#2615=COLOUR_RGB('',0.56078431372549,0.56078431372549,0.56078431372549);
#2616=FILL_AREA_STYLE_COLOUR('',#2615);
#2617=FILL_AREA_STYLE($,(#2616));
#2618=SURFACE_STYLE_FILL_AREA(#2617);
#2619=SURFACE_SIDE_STYLE('',(#2618));
#2620=SURFACE_STYLE_USAGE(.BOTH.,#2619);
#2621=PRESENTATION_STYLE_ASSIGNMENT((#2620));
#2622=STYLED_ITEM('',(#2621),#2614);
#2623=ADVANCED_FACE('',(#6329),#6331,.F.);
#2624=COLOUR_RGB('',0.56078431372549,0.56078431372549,0.56078431372549);
#2625=FILL_AREA_STYLE_COLOUR('',#2624);
#2626=FILL_AREA_STYLE($,(#2625));
#2627=SURFACE_STYLE_FILL_AREA(#2626);
#2628=SURFACE_SIDE_STYLE('',(#2627));
#2629=SURFACE_STYLE_USAGE(.BOTH.,#2628);
#2630=PRESENTATION_STYLE_ASSIGNMENT((#2629));
#2631=STYLED_ITEM('',(#2630),#2623);
#2632=ADVANCED_FACE('',(#6336,#6338),#6340,.T.);
#2633=COLOUR_RGB('',0.56078431372549,0.56078431372549,0.56078431372549);
#2634=FILL_AREA_STYLE_COLOUR('',#2633);
#2635=FILL_AREA_STYLE($,(#2634));
#2636=SURFACE_STYLE_FILL_AREA(#2635);
#2637=SURFACE_SIDE_STYLE('',(#2636));
#2638=SURFACE_STYLE_USAGE(.BOTH.,#2637);
#2639=PRESENTATION_STYLE_ASSIGNMENT((#2638));
#2640=STYLED_ITEM('',(#2639),#2632);
#2641=ADVANCED_FACE('',(#6345,#6347),#6349,.F.);
#2642=COLOUR_RGB('',0.56078431372549,0.56078431372549,0.56078431372549);
#2643=FILL_AREA_STYLE_COLOUR('',#2642);
#2644=FILL_AREA_STYLE($,(#2643));
#2645=SURFACE_STYLE_FILL_AREA(#2644);
#2646=SURFACE_SIDE_STYLE('',(#2645));
#2647=SURFACE_STYLE_USAGE(.BOTH.,#2646);
#2648=PRESENTATION_STYLE_ASSIGNMENT((#2647));
#2649=STYLED_ITEM('',(#2648),#2641);
#2650=ADVANCED_FACE('',(#6354,#6356),#6358,.T.);
#2651=COLOUR_RGB('',0.56078431372549,0.56078431372549,0.56078431372549);
#2652=FILL_AREA_STYLE_COLOUR('',#2651);
#2653=FILL_AREA_STYLE($,(#2652));
#2654=SURFACE_STYLE_FILL_AREA(#2653);
#2655=SURFACE_SIDE_STYLE('',(#2654));
#2656=SURFACE_STYLE_USAGE(.BOTH.,#2655);
#2657=PRESENTATION_STYLE_ASSIGNMENT((#2656));
#2658=STYLED_ITEM('',(#2657),#2650);
#2659=ADVANCED_FACE('',(#6363,#6365),#6367,.T.);
#2660=COLOUR_RGB('',0.56078431372549,0.56078431372549,0.56078431372549);
#2661=FILL_AREA_STYLE_COLOUR('',#2660);
#2662=FILL_AREA_STYLE($,(#2661));
#2663=SURFACE_STYLE_FILL_AREA(#2662);
#2664=SURFACE_SIDE_STYLE('',(#2663));
#2665=SURFACE_STYLE_USAGE(.BOTH.,#2664);
#2666=PRESENTATION_STYLE_ASSIGNMENT((#2665));
#2667=STYLED_ITEM('',(#2666),#2659);
#2668=ADVANCED_FACE('',(#6372),#6374,.T.);
#2669=COLOUR_RGB('',0.56078431372549,0.56078431372549,0.56078431372549);
#2670=FILL_AREA_STYLE_COLOUR('',#2669);
#2671=FILL_AREA_STYLE($,(#2670));
#2672=SURFACE_STYLE_FILL_AREA(#2671);
#2673=SURFACE_SIDE_STYLE('',(#2672));
#2674=SURFACE_STYLE_USAGE(.BOTH.,#2673);
#2675=PRESENTATION_STYLE_ASSIGNMENT((#2674));
#2676=STYLED_ITEM('',(#2675),#2668);
#2677=ADVANCED_FACE('',(#6379,#6381),#6383,.T.);
#2678=COLOUR_RGB('',0.56078431372549,0.56078431372549,0.56078431372549);
#2679=FILL_AREA_STYLE_COLOUR('',#2678);
#2680=FILL_AREA_STYLE($,(#2679));
#2681=SURFACE_STYLE_FILL_AREA(#2680);
#2682=SURFACE_SIDE_STYLE('',(#2681));
#2683=SURFACE_STYLE_USAGE(.BOTH.,#2682);
#2684=PRESENTATION_STYLE_ASSIGNMENT((#2683));
#2685=STYLED_ITEM('',(#2684),#2677);
#2686=ADVANCED_FACE('',(#6388,#6390),#6392,.T.);
#2687=COLOUR_RGB('',0.56078431372549,0.56078431372549,0.56078431372549);
#2688=FILL_AREA_STYLE_COLOUR('',#2687);
#2689=FILL_AREA_STYLE($,(#2688));
#2690=SURFACE_STYLE_FILL_AREA(#2689);
#2691=SURFACE_SIDE_STYLE('',(#2690));
#2692=SURFACE_STYLE_USAGE(.BOTH.,#2691);
#2693=PRESENTATION_STYLE_ASSIGNMENT((#2692));
#2694=STYLED_ITEM('',(#2693),#2686);
#2695=ADVANCED_FACE('',(#6397),#6399,.T.);
#2696=COLOUR_RGB('',0.56078431372549,0.56078431372549,0.56078431372549);
#2697=FILL_AREA_STYLE_COLOUR('',#2696);
#2698=FILL_AREA_STYLE($,(#2697));
#2699=SURFACE_STYLE_FILL_AREA(#2698);
#2700=SURFACE_SIDE_STYLE('',(#2699));
#2701=SURFACE_STYLE_USAGE(.BOTH.,#2700);
#2702=PRESENTATION_STYLE_ASSIGNMENT((#2701));
#2703=STYLED_ITEM('',(#2702),#2695);
#2704=ADVANCED_FACE('',(#6404,#6406),#6408,.F.);
#2705=COLOUR_RGB('',0.56078431372549,0.56078431372549,0.56078431372549);
#2706=FILL_AREA_STYLE_COLOUR('',#2705);
#2707=FILL_AREA_STYLE($,(#2706));
#2708=SURFACE_STYLE_FILL_AREA(#2707);
#2709=SURFACE_SIDE_STYLE('',(#2708));
#2710=SURFACE_STYLE_USAGE(.BOTH.,#2709);
#2711=PRESENTATION_STYLE_ASSIGNMENT((#2710));
#2712=STYLED_ITEM('',(#2711),#2704);
#2713=ADVANCED_FACE('',(#6413,#6415),#6417,.F.);
#2714=COLOUR_RGB('',0.56078431372549,0.56078431372549,0.56078431372549);
#2715=FILL_AREA_STYLE_COLOUR('',#2714);
#2716=FILL_AREA_STYLE($,(#2715));
#2717=SURFACE_STYLE_FILL_AREA(#2716);
#2718=SURFACE_SIDE_STYLE('',(#2717));
#2719=SURFACE_STYLE_USAGE(.BOTH.,#2718);
#2720=PRESENTATION_STYLE_ASSIGNMENT((#2719));
#2721=STYLED_ITEM('',(#2720),#2713);
#2722=ADVANCED_FACE('',(#6422),#6424,.T.);
#2723=COLOUR_RGB('',0.56078431372549,0.56078431372549,0.56078431372549);
#2724=FILL_AREA_STYLE_COLOUR('',#2723);
#2725=FILL_AREA_STYLE($,(#2724));
#2726=SURFACE_STYLE_FILL_AREA(#2725);
#2727=SURFACE_SIDE_STYLE('',(#2726));
#2728=SURFACE_STYLE_USAGE(.BOTH.,#2727);
#2729=PRESENTATION_STYLE_ASSIGNMENT((#2728));
#2730=STYLED_ITEM('',(#2729),#2722);
#2731=ADVANCED_FACE('',(#6429),#6431,.T.);
#2732=COLOUR_RGB('',0.56078431372549,0.56078431372549,0.56078431372549);
#2733=FILL_AREA_STYLE_COLOUR('',#2732);
#2734=FILL_AREA_STYLE($,(#2733));
#2735=SURFACE_STYLE_FILL_AREA(#2734);
#2736=SURFACE_SIDE_STYLE('',(#2735));
#2737=SURFACE_STYLE_USAGE(.BOTH.,#2736);
#2738=PRESENTATION_STYLE_ASSIGNMENT((#2737));
#2739=STYLED_ITEM('',(#2738),#2731);
#2740=ADVANCED_FACE('',(#6436),#6438,.T.);
#2741=COLOUR_RGB('',0.56078431372549,0.56078431372549,0.56078431372549);
#2742=FILL_AREA_STYLE_COLOUR('',#2741);
#2743=FILL_AREA_STYLE($,(#2742));
#2744=SURFACE_STYLE_FILL_AREA(#2743);
#2745=SURFACE_SIDE_STYLE('',(#2744));
#2746=SURFACE_STYLE_USAGE(.BOTH.,#2745);
#2747=PRESENTATION_STYLE_ASSIGNMENT((#2746));
#2748=STYLED_ITEM('',(#2747),#2740);
#2749=ADVANCED_FACE('',(#6443),#6445,.T.);
#2750=COLOUR_RGB('',0.56078431372549,0.56078431372549,0.56078431372549);
#2751=FILL_AREA_STYLE_COLOUR('',#2750);
#2752=FILL_AREA_STYLE($,(#2751));
#2753=SURFACE_STYLE_FILL_AREA(#2752);
#2754=SURFACE_SIDE_STYLE('',(#2753));
#2755=SURFACE_STYLE_USAGE(.BOTH.,#2754);
#2756=PRESENTATION_STYLE_ASSIGNMENT((#2755));
#2757=STYLED_ITEM('',(#2756),#2749);
#2758=ADVANCED_FACE('',(#6450),#6452,.T.);
#2759=COLOUR_RGB('',0.56078431372549,0.56078431372549,0.56078431372549);
#2760=FILL_AREA_STYLE_COLOUR('',#2759);
#2761=FILL_AREA_STYLE($,(#2760));
#2762=SURFACE_STYLE_FILL_AREA(#2761);
#2763=SURFACE_SIDE_STYLE('',(#2762));
#2764=SURFACE_STYLE_USAGE(.BOTH.,#2763);
#2765=PRESENTATION_STYLE_ASSIGNMENT((#2764));
#2766=STYLED_ITEM('',(#2765),#2758);
#2767=ADVANCED_FACE('',(#6457),#6459,.T.);
#2768=COLOUR_RGB('',0.56078431372549,0.56078431372549,0.56078431372549);
#2769=FILL_AREA_STYLE_COLOUR('',#2768);
#2770=FILL_AREA_STYLE($,(#2769));
#2771=SURFACE_STYLE_FILL_AREA(#2770);
#2772=SURFACE_SIDE_STYLE('',(#2771));
#2773=SURFACE_STYLE_USAGE(.BOTH.,#2772);
#2774=PRESENTATION_STYLE_ASSIGNMENT((#2773));
#2775=STYLED_ITEM('',(#2774),#2767);
#2776=ADVANCED_FACE('',(#6464),#6466,.F.);
#2777=COLOUR_RGB('',0.56078431372549,0.56078431372549,0.56078431372549);
#2778=FILL_AREA_STYLE_COLOUR('',#2777);
#2779=FILL_AREA_STYLE($,(#2778));
#2780=SURFACE_STYLE_FILL_AREA(#2779);
#2781=SURFACE_SIDE_STYLE('',(#2780));
#2782=SURFACE_STYLE_USAGE(.BOTH.,#2781);
#2783=PRESENTATION_STYLE_ASSIGNMENT((#2782));
#2784=STYLED_ITEM('',(#2783),#2776);
#2785=ADVANCED_FACE('',(#6471),#6473,.F.);
#2786=COLOUR_RGB('',0.56078431372549,0.56078431372549,0.56078431372549);
#2787=FILL_AREA_STYLE_COLOUR('',#2786);
#2788=FILL_AREA_STYLE($,(#2787));
#2789=SURFACE_STYLE_FILL_AREA(#2788);
#2790=SURFACE_SIDE_STYLE('',(#2789));
#2791=SURFACE_STYLE_USAGE(.BOTH.,#2790);
#2792=PRESENTATION_STYLE_ASSIGNMENT((#2791));
#2793=STYLED_ITEM('',(#2792),#2785);
#2794=ADVANCED_FACE('',(#6478),#6480,.F.);
#2795=COLOUR_RGB('',0.56078431372549,0.56078431372549,0.56078431372549);
#2796=FILL_AREA_STYLE_COLOUR('',#2795);
#2797=FILL_AREA_STYLE($,(#2796));
#2798=SURFACE_STYLE_FILL_AREA(#2797);
#2799=SURFACE_SIDE_STYLE('',(#2798));
#2800=SURFACE_STYLE_USAGE(.BOTH.,#2799);
#2801=PRESENTATION_STYLE_ASSIGNMENT((#2800));
#2802=STYLED_ITEM('',(#2801),#2794);
#2803=ADVANCED_FACE('',(#6485),#6487,.F.);
#2804=COLOUR_RGB('',0.56078431372549,0.56078431372549,0.56078431372549);
#2805=FILL_AREA_STYLE_COLOUR('',#2804);
#2806=FILL_AREA_STYLE($,(#2805));
#2807=SURFACE_STYLE_FILL_AREA(#2806);
#2808=SURFACE_SIDE_STYLE('',(#2807));
#2809=SURFACE_STYLE_USAGE(.BOTH.,#2808);
#2810=PRESENTATION_STYLE_ASSIGNMENT((#2809));
#2811=STYLED_ITEM('',(#2810),#2803);
#2812=ADVANCED_FACE('',(#6492),#6494,.F.);
#2813=COLOUR_RGB('',0.56078431372549,0.56078431372549,0.56078431372549);
#2814=FILL_AREA_STYLE_COLOUR('',#2813);
#2815=FILL_AREA_STYLE($,(#2814));
#2816=SURFACE_STYLE_FILL_AREA(#2815);
#2817=SURFACE_SIDE_STYLE('',(#2816));
#2818=SURFACE_STYLE_USAGE(.BOTH.,#2817);
#2819=PRESENTATION_STYLE_ASSIGNMENT((#2818));
#2820=STYLED_ITEM('',(#2819),#2812);
#2821=ADVANCED_FACE('',(#6499),#6501,.F.);
#2822=COLOUR_RGB('',0.56078431372549,0.56078431372549,0.56078431372549);
#2823=FILL_AREA_STYLE_COLOUR('',#2822);
#2824=FILL_AREA_STYLE($,(#2823));
#2825=SURFACE_STYLE_FILL_AREA(#2824);
#2826=SURFACE_SIDE_STYLE('',(#2825));
#2827=SURFACE_STYLE_USAGE(.BOTH.,#2826);
#2828=PRESENTATION_STYLE_ASSIGNMENT((#2827));
#2829=STYLED_ITEM('',(#2828),#2821);
#2830=ADVANCED_FACE('',(#6506),#6508,.F.);
#2831=COLOUR_RGB('',0.56078431372549,0.56078431372549,0.56078431372549);
#2832=FILL_AREA_STYLE_COLOUR('',#2831);
#2833=FILL_AREA_STYLE($,(#2832));
#2834=SURFACE_STYLE_FILL_AREA(#2833);
#2835=SURFACE_SIDE_STYLE('',(#2834));
#2836=SURFACE_STYLE_USAGE(.BOTH.,#2835);
#2837=PRESENTATION_STYLE_ASSIGNMENT((#2836));
#2838=STYLED_ITEM('',(#2837),#2830);
#2839=ADVANCED_FACE('',(#6513),#6515,.F.);
#2840=COLOUR_RGB('',0.56078431372549,0.56078431372549,0.56078431372549);
#2841=FILL_AREA_STYLE_COLOUR('',#2840);
#2842=FILL_AREA_STYLE($,(#2841));
#2843=SURFACE_STYLE_FILL_AREA(#2842);
#2844=SURFACE_SIDE_STYLE('',(#2843));
#2845=SURFACE_STYLE_USAGE(.BOTH.,#2844);
#2846=PRESENTATION_STYLE_ASSIGNMENT((#2845));
#2847=STYLED_ITEM('',(#2846),#2839);
#2848=ADVANCED_FACE('',(#6520),#6522,.F.);
#2849=COLOUR_RGB('',0.56078431372549,0.56078431372549,0.56078431372549);
#2850=FILL_AREA_STYLE_COLOUR('',#2849);
#2851=FILL_AREA_STYLE($,(#2850));
#2852=SURFACE_STYLE_FILL_AREA(#2851);
#2853=SURFACE_SIDE_STYLE('',(#2852));
#2854=SURFACE_STYLE_USAGE(.BOTH.,#2853);
#2855=PRESENTATION_STYLE_ASSIGNMENT((#2854));
#2856=STYLED_ITEM('',(#2855),#2848);
#2857=ADVANCED_FACE('',(#6527),#6529,.F.);
#2858=COLOUR_RGB('',0.56078431372549,0.56078431372549,0.56078431372549);
#2859=FILL_AREA_STYLE_COLOUR('',#2858);
#2860=FILL_AREA_STYLE($,(#2859));
#2861=SURFACE_STYLE_FILL_AREA(#2860);
#2862=SURFACE_SIDE_STYLE('',(#2861));
#2863=SURFACE_STYLE_USAGE(.BOTH.,#2862);
#2864=PRESENTATION_STYLE_ASSIGNMENT((#2863));
#2865=STYLED_ITEM('',(#2864),#2857);
#2866=ADVANCED_FACE('',(#6534),#6536,.F.);
#2867=COLOUR_RGB('',0.56078431372549,0.56078431372549,0.56078431372549);
#2868=FILL_AREA_STYLE_COLOUR('',#2867);
#2869=FILL_AREA_STYLE($,(#2868));
#2870=SURFACE_STYLE_FILL_AREA(#2869);
#2871=SURFACE_SIDE_STYLE('',(#2870));
#2872=SURFACE_STYLE_USAGE(.BOTH.,#2871);
#2873=PRESENTATION_STYLE_ASSIGNMENT((#2872));
#2874=STYLED_ITEM('',(#2873),#2866);
#2875=ADVANCED_FACE('',(#6541),#6543,.F.);
#2876=COLOUR_RGB('',0.56078431372549,0.56078431372549,0.56078431372549);
#2877=FILL_AREA_STYLE_COLOUR('',#2876);
#2878=FILL_AREA_STYLE($,(#2877));
#2879=SURFACE_STYLE_FILL_AREA(#2878);
#2880=SURFACE_SIDE_STYLE('',(#2879));
#2881=SURFACE_STYLE_USAGE(.BOTH.,#2880);
#2882=PRESENTATION_STYLE_ASSIGNMENT((#2881));
#2883=STYLED_ITEM('',(#2882),#2875);
#2884=ADVANCED_FACE('',(#6548,#6550),#6552,.T.);
#2885=COLOUR_RGB('',0.56078431372549,0.56078431372549,0.56078431372549);
#2886=FILL_AREA_STYLE_COLOUR('',#2885);
#2887=FILL_AREA_STYLE($,(#2886));
#2888=SURFACE_STYLE_FILL_AREA(#2887);
#2889=SURFACE_SIDE_STYLE('',(#2888));
#2890=SURFACE_STYLE_USAGE(.BOTH.,#2889);
#2891=PRESENTATION_STYLE_ASSIGNMENT((#2890));
#2892=STYLED_ITEM('',(#2891),#2884);
#2893=ADVANCED_FACE('',(#6557,#6559,#6561,#6563,#6565),#6567,.T.);
#2894=COLOUR_RGB('',0.56078431372549,0.56078431372549,0.56078431372549);
#2895=FILL_AREA_STYLE_COLOUR('',#2894);
#2896=FILL_AREA_STYLE($,(#2895));
#2897=SURFACE_STYLE_FILL_AREA(#2896);
#2898=SURFACE_SIDE_STYLE('',(#2897));
#2899=SURFACE_STYLE_USAGE(.BOTH.,#2898);
#2900=PRESENTATION_STYLE_ASSIGNMENT((#2899));
#2901=STYLED_ITEM('',(#2900),#2893);
#2902=ADVANCED_FACE('',(#6572),#6574,.T.);
#2903=COLOUR_RGB('',0.56078431372549,0.56078431372549,0.56078431372549);
#2904=FILL_AREA_STYLE_COLOUR('',#2903);
#2905=FILL_AREA_STYLE($,(#2904));
#2906=SURFACE_STYLE_FILL_AREA(#2905);
#2907=SURFACE_SIDE_STYLE('',(#2906));
#2908=SURFACE_STYLE_USAGE(.BOTH.,#2907);
#2909=PRESENTATION_STYLE_ASSIGNMENT((#2908));
#2910=STYLED_ITEM('',(#2909),#2902);
#2911=ADVANCED_FACE('',(#6731),#6733,.F.);
#2912=COLOUR_RGB('',0.56078431372549,0.56078431372549,0.56078431372549);
#2913=FILL_AREA_STYLE_COLOUR('',#2912);
#2914=FILL_AREA_STYLE($,(#2913));
#2915=SURFACE_STYLE_FILL_AREA(#2914);
#2916=SURFACE_SIDE_STYLE('',(#2915));
#2917=SURFACE_STYLE_USAGE(.BOTH.,#2916);
#2918=PRESENTATION_STYLE_ASSIGNMENT((#2917));
#2919=STYLED_ITEM('',(#2918),#2911);
#2920=ADVANCED_FACE('',(#6738),#6740,.T.);
#2921=COLOUR_RGB('',0.56078431372549,0.56078431372549,0.56078431372549);
#2922=FILL_AREA_STYLE_COLOUR('',#2921);
#2923=FILL_AREA_STYLE($,(#2922));
#2924=SURFACE_STYLE_FILL_AREA(#2923);
#2925=SURFACE_SIDE_STYLE('',(#2924));
#2926=SURFACE_STYLE_USAGE(.BOTH.,#2925);
#2927=PRESENTATION_STYLE_ASSIGNMENT((#2926));
#2928=STYLED_ITEM('',(#2927),#2920);
#2929=ADVANCED_FACE('',(#6795),#6797,.T.);
#2930=COLOUR_RGB('',0.56078431372549,0.56078431372549,0.56078431372549);
#2931=FILL_AREA_STYLE_COLOUR('',#2930);
#2932=FILL_AREA_STYLE($,(#2931));
#2933=SURFACE_STYLE_FILL_AREA(#2932);
#2934=SURFACE_SIDE_STYLE('',(#2933));
#2935=SURFACE_STYLE_USAGE(.BOTH.,#2934);
#2936=PRESENTATION_STYLE_ASSIGNMENT((#2935));
#2937=STYLED_ITEM('',(#2936),#2929);
#2938=ADVANCED_FACE('',(#6834),#6836,.T.);
#2939=COLOUR_RGB('',0.56078431372549,0.56078431372549,0.56078431372549);
#2940=FILL_AREA_STYLE_COLOUR('',#2939);
#2941=FILL_AREA_STYLE($,(#2940));
#2942=SURFACE_STYLE_FILL_AREA(#2941);
#2943=SURFACE_SIDE_STYLE('',(#2942));
#2944=SURFACE_STYLE_USAGE(.BOTH.,#2943);
#2945=PRESENTATION_STYLE_ASSIGNMENT((#2944));
#2946=STYLED_ITEM('',(#2945),#2938);
#2947=ADVANCED_FACE('',(#6993),#6995,.F.);
#2948=COLOUR_RGB('',0.56078431372549,0.56078431372549,0.56078431372549);
#2949=FILL_AREA_STYLE_COLOUR('',#2948);
#2950=FILL_AREA_STYLE($,(#2949));
#2951=SURFACE_STYLE_FILL_AREA(#2950);
#2952=SURFACE_SIDE_STYLE('',(#2951));
#2953=SURFACE_STYLE_USAGE(.BOTH.,#2952);
#2954=PRESENTATION_STYLE_ASSIGNMENT((#2953));
#2955=STYLED_ITEM('',(#2954),#2947);
#2956=ADVANCED_FACE('',(#7000),#7002,.T.);
#2957=COLOUR_RGB('',0.56078431372549,0.56078431372549,0.56078431372549);
#2958=FILL_AREA_STYLE_COLOUR('',#2957);
#2959=FILL_AREA_STYLE($,(#2958));
#2960=SURFACE_STYLE_FILL_AREA(#2959);
#2961=SURFACE_SIDE_STYLE('',(#2960));
#2962=SURFACE_STYLE_USAGE(.BOTH.,#2961);
#2963=PRESENTATION_STYLE_ASSIGNMENT((#2962));
#2964=STYLED_ITEM('',(#2963),#2956);
#2965=ADVANCED_FACE('',(#7057),#7059,.T.);
#2966=COLOUR_RGB('',0.56078431372549,0.56078431372549,0.56078431372549);
#2967=FILL_AREA_STYLE_COLOUR('',#2966);
#2968=FILL_AREA_STYLE($,(#2967));
#2969=SURFACE_STYLE_FILL_AREA(#2968);
#2970=SURFACE_SIDE_STYLE('',(#2969));
#2971=SURFACE_STYLE_USAGE(.BOTH.,#2970);
#2972=PRESENTATION_STYLE_ASSIGNMENT((#2971));
#2973=STYLED_ITEM('',(#2972),#2965);
#2974=ADVANCED_FACE('',(#7096),#7098,.T.);
#2975=COLOUR_RGB('',0.56078431372549,0.56078431372549,0.56078431372549);
#2976=FILL_AREA_STYLE_COLOUR('',#2975);
#2977=FILL_AREA_STYLE($,(#2976));
#2978=SURFACE_STYLE_FILL_AREA(#2977);
#2979=SURFACE_SIDE_STYLE('',(#2978));
#2980=SURFACE_STYLE_USAGE(.BOTH.,#2979);
#2981=PRESENTATION_STYLE_ASSIGNMENT((#2980));
#2982=STYLED_ITEM('',(#2981),#2974);
#2983=ADVANCED_FACE('',(#7255),#7257,.F.);
#2984=COLOUR_RGB('',0.56078431372549,0.56078431372549,0.56078431372549);
#2985=FILL_AREA_STYLE_COLOUR('',#2984);
#2986=FILL_AREA_STYLE($,(#2985));
#2987=SURFACE_STYLE_FILL_AREA(#2986);
#2988=SURFACE_SIDE_STYLE('',(#2987));
#2989=SURFACE_STYLE_USAGE(.BOTH.,#2988);
#2990=PRESENTATION_STYLE_ASSIGNMENT((#2989));
#2991=STYLED_ITEM('',(#2990),#2983);
#2992=ADVANCED_FACE('',(#7262),#7264,.T.);
#2993=COLOUR_RGB('',0.56078431372549,0.56078431372549,0.56078431372549);
#2994=FILL_AREA_STYLE_COLOUR('',#2993);
#2995=FILL_AREA_STYLE($,(#2994));
#2996=SURFACE_STYLE_FILL_AREA(#2995);
#2997=SURFACE_SIDE_STYLE('',(#2996));
#2998=SURFACE_STYLE_USAGE(.BOTH.,#2997);
#2999=PRESENTATION_STYLE_ASSIGNMENT((#2998));
#3000=STYLED_ITEM('',(#2999),#2992);
#3001=ADVANCED_FACE('',(#7319),#7321,.T.);
#3002=COLOUR_RGB('',0.56078431372549,0.56078431372549,0.56078431372549);
#3003=FILL_AREA_STYLE_COLOUR('',#3002);
#3004=FILL_AREA_STYLE($,(#3003));
#3005=SURFACE_STYLE_FILL_AREA(#3004);
#3006=SURFACE_SIDE_STYLE('',(#3005));
#3007=SURFACE_STYLE_USAGE(.BOTH.,#3006);
#3008=PRESENTATION_STYLE_ASSIGNMENT((#3007));
#3009=STYLED_ITEM('',(#3008),#3001);
#3010=ADVANCED_FACE('',(#7358),#7360,.T.);
#3011=COLOUR_RGB('',0.56078431372549,0.56078431372549,0.56078431372549);
#3012=FILL_AREA_STYLE_COLOUR('',#3011);
#3013=FILL_AREA_STYLE($,(#3012));
#3014=SURFACE_STYLE_FILL_AREA(#3013);
#3015=SURFACE_SIDE_STYLE('',(#3014));
#3016=SURFACE_STYLE_USAGE(.BOTH.,#3015);
#3017=PRESENTATION_STYLE_ASSIGNMENT((#3016));
#3018=STYLED_ITEM('',(#3017),#3010);
#3019=ADVANCED_FACE('',(#7365),#7367,.T.);
#3020=COLOUR_RGB('',0.56078431372549,0.56078431372549,0.56078431372549);
#3021=FILL_AREA_STYLE_COLOUR('',#3020);
#3022=FILL_AREA_STYLE($,(#3021));
#3023=SURFACE_STYLE_FILL_AREA(#3022);
#3024=SURFACE_SIDE_STYLE('',(#3023));
#3025=SURFACE_STYLE_USAGE(.BOTH.,#3024);
#3026=PRESENTATION_STYLE_ASSIGNMENT((#3025));
#3027=STYLED_ITEM('',(#3026),#3019);
#3028=ADVANCED_FACE('',(#7372),#7374,.T.);
#3029=COLOUR_RGB('',0.56078431372549,0.56078431372549,0.56078431372549);
#3030=FILL_AREA_STYLE_COLOUR('',#3029);
#3031=FILL_AREA_STYLE($,(#3030));
#3032=SURFACE_STYLE_FILL_AREA(#3031);
#3033=SURFACE_SIDE_STYLE('',(#3032));
#3034=SURFACE_STYLE_USAGE(.BOTH.,#3033);
#3035=PRESENTATION_STYLE_ASSIGNMENT((#3034));
#3036=STYLED_ITEM('',(#3035),#3028);
#3037=ADVANCED_FACE('',(#7379),#7381,.T.);
#3038=COLOUR_RGB('',0.56078431372549,0.56078431372549,0.56078431372549);
#3039=FILL_AREA_STYLE_COLOUR('',#3038);
#3040=FILL_AREA_STYLE($,(#3039));
#3041=SURFACE_STYLE_FILL_AREA(#3040);
#3042=SURFACE_SIDE_STYLE('',(#3041));
#3043=SURFACE_STYLE_USAGE(.BOTH.,#3042);
#3044=PRESENTATION_STYLE_ASSIGNMENT((#3043));
#3045=STYLED_ITEM('',(#3044),#3037);
#3046=ADVANCED_FACE('',(#7386,#7388,#7390,#7392,#7394,#7396),#7398,.T.);
#3047=COLOUR_RGB('',0.56078431372549,0.56078431372549,0.56078431372549);
#3048=FILL_AREA_STYLE_COLOUR('',#3047);
#3049=FILL_AREA_STYLE($,(#3048));
#3050=SURFACE_STYLE_FILL_AREA(#3049);
#3051=SURFACE_SIDE_STYLE('',(#3050));
#3052=SURFACE_STYLE_USAGE(.BOTH.,#3051);
#3053=PRESENTATION_STYLE_ASSIGNMENT((#3052));
#3054=STYLED_ITEM('',(#3053),#3046);
#3055=ADVANCED_FACE('',(#7403,#7405),#7407,.T.);
#3056=COLOUR_RGB('',0.56078431372549,0.56078431372549,0.56078431372549);
#3057=FILL_AREA_STYLE_COLOUR('',#3056);
#3058=FILL_AREA_STYLE($,(#3057));
#3059=SURFACE_STYLE_FILL_AREA(#3058);
#3060=SURFACE_SIDE_STYLE('',(#3059));
#3061=SURFACE_STYLE_USAGE(.BOTH.,#3060);
#3062=PRESENTATION_STYLE_ASSIGNMENT((#3061));
#3063=STYLED_ITEM('',(#3062),#3055);
#3064=ADVANCED_FACE('',(#7412,#7414),#7416,.F.);
#3065=COLOUR_RGB('',0.56078431372549,0.56078431372549,0.56078431372549);
#3066=FILL_AREA_STYLE_COLOUR('',#3065);
#3067=FILL_AREA_STYLE($,(#3066));
#3068=SURFACE_STYLE_FILL_AREA(#3067);
#3069=SURFACE_SIDE_STYLE('',(#3068));
#3070=SURFACE_STYLE_USAGE(.BOTH.,#3069);
#3071=PRESENTATION_STYLE_ASSIGNMENT((#3070));
#3072=STYLED_ITEM('',(#3071),#3064);
#3073=ADVANCED_FACE('',(#7421,#7423),#7425,.T.);
#3074=COLOUR_RGB('',0.56078431372549,0.56078431372549,0.56078431372549);
#3075=FILL_AREA_STYLE_COLOUR('',#3074);
#3076=FILL_AREA_STYLE($,(#3075));
#3077=SURFACE_STYLE_FILL_AREA(#3076);
#3078=SURFACE_SIDE_STYLE('',(#3077));
#3079=SURFACE_STYLE_USAGE(.BOTH.,#3078);
#3080=PRESENTATION_STYLE_ASSIGNMENT((#3079));
#3081=STYLED_ITEM('',(#3080),#3073);
#3082=ADVANCED_FACE('',(#7430,#7432),#7434,.F.);
#3083=COLOUR_RGB('',0.56078431372549,0.56078431372549,0.56078431372549);
#3084=FILL_AREA_STYLE_COLOUR('',#3083);
#3085=FILL_AREA_STYLE($,(#3084));
#3086=SURFACE_STYLE_FILL_AREA(#3085);
#3087=SURFACE_SIDE_STYLE('',(#3086));
#3088=SURFACE_STYLE_USAGE(.BOTH.,#3087);
#3089=PRESENTATION_STYLE_ASSIGNMENT((#3088));
#3090=STYLED_ITEM('',(#3089),#3082);
#3091=ADVANCED_FACE('',(#7439,#7441),#7443,.F.);
#3092=COLOUR_RGB('',0.56078431372549,0.56078431372549,0.56078431372549);
#3093=FILL_AREA_STYLE_COLOUR('',#3092);
#3094=FILL_AREA_STYLE($,(#3093));
#3095=SURFACE_STYLE_FILL_AREA(#3094);
#3096=SURFACE_SIDE_STYLE('',(#3095));
#3097=SURFACE_STYLE_USAGE(.BOTH.,#3096);
#3098=PRESENTATION_STYLE_ASSIGNMENT((#3097));
#3099=STYLED_ITEM('',(#3098),#3091);
#3100=ADVANCED_FACE('',(#7448,#7450),#7452,.F.);
#3101=COLOUR_RGB('',0.56078431372549,0.56078431372549,0.56078431372549);
#3102=FILL_AREA_STYLE_COLOUR('',#3101);
#3103=FILL_AREA_STYLE($,(#3102));
#3104=SURFACE_STYLE_FILL_AREA(#3103);
#3105=SURFACE_SIDE_STYLE('',(#3104));
#3106=SURFACE_STYLE_USAGE(.BOTH.,#3105);
#3107=PRESENTATION_STYLE_ASSIGNMENT((#3106));
#3108=STYLED_ITEM('',(#3107),#3100);
#3109=ADVANCED_FACE('',(#7457,#7459),#7461,.F.);
#3110=COLOUR_RGB('',0.56078431372549,0.56078431372549,0.56078431372549);
#3111=FILL_AREA_STYLE_COLOUR('',#3110);
#3112=FILL_AREA_STYLE($,(#3111));
#3113=SURFACE_STYLE_FILL_AREA(#3112);
#3114=SURFACE_SIDE_STYLE('',(#3113));
#3115=SURFACE_STYLE_USAGE(.BOTH.,#3114);
#3116=PRESENTATION_STYLE_ASSIGNMENT((#3115));
#3117=STYLED_ITEM('',(#3116),#3109);
#3118=ADVANCED_FACE('',(#7466,#7468),#7470,.T.);
#3119=COLOUR_RGB('',0.56078431372549,0.56078431372549,0.56078431372549);
#3120=FILL_AREA_STYLE_COLOUR('',#3119);
#3121=FILL_AREA_STYLE($,(#3120));
#3122=SURFACE_STYLE_FILL_AREA(#3121);
#3123=SURFACE_SIDE_STYLE('',(#3122));
#3124=SURFACE_STYLE_USAGE(.BOTH.,#3123);
#3125=PRESENTATION_STYLE_ASSIGNMENT((#3124));
#3126=STYLED_ITEM('',(#3125),#3118);
#3127=ADVANCED_FACE('',(#7475,#7477),#7479,.T.);
#3128=COLOUR_RGB('',0.56078431372549,0.56078431372549,0.56078431372549);
#3129=FILL_AREA_STYLE_COLOUR('',#3128);
#3130=FILL_AREA_STYLE($,(#3129));
#3131=SURFACE_STYLE_FILL_AREA(#3130);
#3132=SURFACE_SIDE_STYLE('',(#3131));
#3133=SURFACE_STYLE_USAGE(.BOTH.,#3132);
#3134=PRESENTATION_STYLE_ASSIGNMENT((#3133));
#3135=STYLED_ITEM('',(#3134),#3127);
#3136=ADVANCED_FACE('',(#7484,#7486),#7488,.F.);
#3137=COLOUR_RGB('',0.56078431372549,0.56078431372549,0.56078431372549);
#3138=FILL_AREA_STYLE_COLOUR('',#3137);
#3139=FILL_AREA_STYLE($,(#3138));
#3140=SURFACE_STYLE_FILL_AREA(#3139);
#3141=SURFACE_SIDE_STYLE('',(#3140));
#3142=SURFACE_STYLE_USAGE(.BOTH.,#3141);
#3143=PRESENTATION_STYLE_ASSIGNMENT((#3142));
#3144=STYLED_ITEM('',(#3143),#3136);
#3145=ADVANCED_FACE('',(#7493,#7495),#7497,.F.);
#3146=COLOUR_RGB('',0.56078431372549,0.56078431372549,0.56078431372549);
#3147=FILL_AREA_STYLE_COLOUR('',#3146);
#3148=FILL_AREA_STYLE($,(#3147));
#3149=SURFACE_STYLE_FILL_AREA(#3148);
#3150=SURFACE_SIDE_STYLE('',(#3149));
#3151=SURFACE_STYLE_USAGE(.BOTH.,#3150);
#3152=PRESENTATION_STYLE_ASSIGNMENT((#3151));
#3153=STYLED_ITEM('',(#3152),#3145);
#3154=ADVANCED_FACE('',(#7502,#7504),#7506,.F.);
#3155=COLOUR_RGB('',0.56078431372549,0.56078431372549,0.56078431372549);
#3156=FILL_AREA_STYLE_COLOUR('',#3155);
#3157=FILL_AREA_STYLE($,(#3156));
#3158=SURFACE_STYLE_FILL_AREA(#3157);
#3159=SURFACE_SIDE_STYLE('',(#3158));
#3160=SURFACE_STYLE_USAGE(.BOTH.,#3159);
#3161=PRESENTATION_STYLE_ASSIGNMENT((#3160));
#3162=STYLED_ITEM('',(#3161),#3154);
#3163=ADVANCED_FACE('',(#7511,#7513),#7515,.F.);
#3164=COLOUR_RGB('',0.56078431372549,0.56078431372549,0.56078431372549);
#3165=FILL_AREA_STYLE_COLOUR('',#3164);
#3166=FILL_AREA_STYLE($,(#3165));
#3167=SURFACE_STYLE_FILL_AREA(#3166);
#3168=SURFACE_SIDE_STYLE('',(#3167));
#3169=SURFACE_STYLE_USAGE(.BOTH.,#3168);
#3170=PRESENTATION_STYLE_ASSIGNMENT((#3169));
#3171=STYLED_ITEM('',(#3170),#3163);
#3172=ADVANCED_FACE('',(#7520,#7522),#7524,.T.);
#3173=COLOUR_RGB('',0.56078431372549,0.56078431372549,0.56078431372549);
#3174=FILL_AREA_STYLE_COLOUR('',#3173);
#3175=FILL_AREA_STYLE($,(#3174));
#3176=SURFACE_STYLE_FILL_AREA(#3175);
#3177=SURFACE_SIDE_STYLE('',(#3176));
#3178=SURFACE_STYLE_USAGE(.BOTH.,#3177);
#3179=PRESENTATION_STYLE_ASSIGNMENT((#3178));
#3180=STYLED_ITEM('',(#3179),#3172);
#3181=ADVANCED_FACE('',(#7529,#7531),#7533,.T.);
#3182=COLOUR_RGB('',0.56078431372549,0.56078431372549,0.56078431372549);
#3183=FILL_AREA_STYLE_COLOUR('',#3182);
#3184=FILL_AREA_STYLE($,(#3183));
#3185=SURFACE_STYLE_FILL_AREA(#3184);
#3186=SURFACE_SIDE_STYLE('',(#3185));
#3187=SURFACE_STYLE_USAGE(.BOTH.,#3186);
#3188=PRESENTATION_STYLE_ASSIGNMENT((#3187));
#3189=STYLED_ITEM('',(#3188),#3181);
#3190=ADVANCED_FACE('',(#7538,#7540),#7542,.T.);
#3191=COLOUR_RGB('',0.56078431372549,0.56078431372549,0.56078431372549);
#3192=FILL_AREA_STYLE_COLOUR('',#3191);
#3193=FILL_AREA_STYLE($,(#3192));
#3194=SURFACE_STYLE_FILL_AREA(#3193);
#3195=SURFACE_SIDE_STYLE('',(#3194));
#3196=SURFACE_STYLE_USAGE(.BOTH.,#3195);
#3197=PRESENTATION_STYLE_ASSIGNMENT((#3196));
#3198=STYLED_ITEM('',(#3197),#3190);
#3199=ADVANCED_FACE('',(#7547,#7549),#7551,.T.);
#3200=COLOUR_RGB('',0.56078431372549,0.56078431372549,0.56078431372549);
#3201=FILL_AREA_STYLE_COLOUR('',#3200);
#3202=FILL_AREA_STYLE($,(#3201));
#3203=SURFACE_STYLE_FILL_AREA(#3202);
#3204=SURFACE_SIDE_STYLE('',(#3203));
#3205=SURFACE_STYLE_USAGE(.BOTH.,#3204);
#3206=PRESENTATION_STYLE_ASSIGNMENT((#3205));
#3207=STYLED_ITEM('',(#3206),#3199);
#3208=ADVANCED_FACE('',(#7556,#7558),#7560,.T.);
#3209=COLOUR_RGB('',0.56078431372549,0.56078431372549,0.56078431372549);
#3210=FILL_AREA_STYLE_COLOUR('',#3209);
#3211=FILL_AREA_STYLE($,(#3210));
#3212=SURFACE_STYLE_FILL_AREA(#3211);
#3213=SURFACE_SIDE_STYLE('',(#3212));
#3214=SURFACE_STYLE_USAGE(.BOTH.,#3213);
#3215=PRESENTATION_STYLE_ASSIGNMENT((#3214));
#3216=STYLED_ITEM('',(#3215),#3208);
#3217=ADVANCED_FACE('',(#7565,#7567,#7569,#7571,#7573),#7575,.F.);
#3218=COLOUR_RGB('',0.56078431372549,0.56078431372549,0.56078431372549);
#3219=FILL_AREA_STYLE_COLOUR('',#3218);
#3220=FILL_AREA_STYLE($,(#3219));
#3221=SURFACE_STYLE_FILL_AREA(#3220);
#3222=SURFACE_SIDE_STYLE('',(#3221));
#3223=SURFACE_STYLE_USAGE(.BOTH.,#3222);
#3224=PRESENTATION_STYLE_ASSIGNMENT((#3223));
#3225=STYLED_ITEM('',(#3224),#3217);
#3226=ADVANCED_FACE('',(#7580,#7582),#7584,.F.);
#3227=COLOUR_RGB('',0.56078431372549,0.56078431372549,0.56078431372549);
#3228=FILL_AREA_STYLE_COLOUR('',#3227);
#3229=FILL_AREA_STYLE($,(#3228));
#3230=SURFACE_STYLE_FILL_AREA(#3229);
#3231=SURFACE_SIDE_STYLE('',(#3230));
#3232=SURFACE_STYLE_USAGE(.BOTH.,#3231);
#3233=PRESENTATION_STYLE_ASSIGNMENT((#3232));
#3234=STYLED_ITEM('',(#3233),#3226);
#3235=ADVANCED_FACE('',(#7589,#7591),#7593,.F.);
#3236=COLOUR_RGB('',0.56078431372549,0.56078431372549,0.56078431372549);
#3237=FILL_AREA_STYLE_COLOUR('',#3236);
#3238=FILL_AREA_STYLE($,(#3237));
#3239=SURFACE_STYLE_FILL_AREA(#3238);
#3240=SURFACE_SIDE_STYLE('',(#3239));
#3241=SURFACE_STYLE_USAGE(.BOTH.,#3240);
#3242=PRESENTATION_STYLE_ASSIGNMENT((#3241));
#3243=STYLED_ITEM('',(#3242),#3235);
#3244=ADVANCED_FACE('',(#7598,#7600),#7602,.F.);
#3245=COLOUR_RGB('',0.56078431372549,0.56078431372549,0.56078431372549);
#3246=FILL_AREA_STYLE_COLOUR('',#3245);
#3247=FILL_AREA_STYLE($,(#3246));
#3248=SURFACE_STYLE_FILL_AREA(#3247);
#3249=SURFACE_SIDE_STYLE('',(#3248));
#3250=SURFACE_STYLE_USAGE(.BOTH.,#3249);
#3251=PRESENTATION_STYLE_ASSIGNMENT((#3250));
#3252=STYLED_ITEM('',(#3251),#3244);
#3253=ADVANCED_FACE('',(#7607,#7609),#7611,.F.);
#3254=COLOUR_RGB('',0.56078431372549,0.56078431372549,0.56078431372549);
#3255=FILL_AREA_STYLE_COLOUR('',#3254);
#3256=FILL_AREA_STYLE($,(#3255));
#3257=SURFACE_STYLE_FILL_AREA(#3256);
#3258=SURFACE_SIDE_STYLE('',(#3257));
#3259=SURFACE_STYLE_USAGE(.BOTH.,#3258);
#3260=PRESENTATION_STYLE_ASSIGNMENT((#3259));
#3261=STYLED_ITEM('',(#3260),#3253);
#3262=ADVANCED_FACE('',(#7616,#7618),#7620,.T.);
#3263=COLOUR_RGB('',0.56078431372549,0.56078431372549,0.56078431372549);
#3264=FILL_AREA_STYLE_COLOUR('',#3263);
#3265=FILL_AREA_STYLE($,(#3264));
#3266=SURFACE_STYLE_FILL_AREA(#3265);
#3267=SURFACE_SIDE_STYLE('',(#3266));
#3268=SURFACE_STYLE_USAGE(.BOTH.,#3267);
#3269=PRESENTATION_STYLE_ASSIGNMENT((#3268));
#3270=STYLED_ITEM('',(#3269),#3262);
#3271=ADVANCED_FACE('',(#7625),#7627,.T.);
#3272=COLOUR_RGB('',0.56078431372549,0.56078431372549,0.56078431372549);
#3273=FILL_AREA_STYLE_COLOUR('',#3272);
#3274=FILL_AREA_STYLE($,(#3273));
#3275=SURFACE_STYLE_FILL_AREA(#3274);
#3276=SURFACE_SIDE_STYLE('',(#3275));
#3277=SURFACE_STYLE_USAGE(.BOTH.,#3276);
#3278=PRESENTATION_STYLE_ASSIGNMENT((#3277));
#3279=STYLED_ITEM('',(#3278),#3271);
#3280=ADVANCED_FACE('',(#7632,#7634,#7636,#7638,#7640,#7642,#7644,#7646,#7648,#7650),
#7652,.T.);
#3281=COLOUR_RGB('',0.56078431372549,0.56078431372549,0.56078431372549);
#3282=FILL_AREA_STYLE_COLOUR('',#3281);
#3283=FILL_AREA_STYLE($,(#3282));
#3284=SURFACE_STYLE_FILL_AREA(#3283);
#3285=SURFACE_SIDE_STYLE('',(#3284));
#3286=SURFACE_STYLE_USAGE(.BOTH.,#3285);
#3287=PRESENTATION_STYLE_ASSIGNMENT((#3286));
#3288=STYLED_ITEM('',(#3287),#3280);
#3289=ADVANCED_FACE('',(#7657,#7659),#7661,.T.);
#3290=COLOUR_RGB('',0.56078431372549,0.56078431372549,0.56078431372549);
#3291=FILL_AREA_STYLE_COLOUR('',#3290);
#3292=FILL_AREA_STYLE($,(#3291));
#3293=SURFACE_STYLE_FILL_AREA(#3292);
#3294=SURFACE_SIDE_STYLE('',(#3293));
#3295=SURFACE_STYLE_USAGE(.BOTH.,#3294);
#3296=PRESENTATION_STYLE_ASSIGNMENT((#3295));
#3297=STYLED_ITEM('',(#3296),#3289);
#3298=ADVANCED_FACE('',(#7666,#7668),#7670,.F.);
#3299=COLOUR_RGB('',0.56078431372549,0.56078431372549,0.56078431372549);
#3300=FILL_AREA_STYLE_COLOUR('',#3299);
#3301=FILL_AREA_STYLE($,(#3300));
#3302=SURFACE_STYLE_FILL_AREA(#3301);
#3303=SURFACE_SIDE_STYLE('',(#3302));
#3304=SURFACE_STYLE_USAGE(.BOTH.,#3303);
#3305=PRESENTATION_STYLE_ASSIGNMENT((#3304));
#3306=STYLED_ITEM('',(#3305),#3298);
#3307=ADVANCED_FACE('',(#7675,#7677),#7679,.T.);
#3308=COLOUR_RGB('',0.56078431372549,0.56078431372549,0.56078431372549);
#3309=FILL_AREA_STYLE_COLOUR('',#3308);
#3310=FILL_AREA_STYLE($,(#3309));
#3311=SURFACE_STYLE_FILL_AREA(#3310);
#3312=SURFACE_SIDE_STYLE('',(#3311));
#3313=SURFACE_STYLE_USAGE(.BOTH.,#3312);
#3314=PRESENTATION_STYLE_ASSIGNMENT((#3313));
#3315=STYLED_ITEM('',(#3314),#3307);
#3316=ADVANCED_FACE('',(#7684,#7686),#7688,.F.);
#3317=COLOUR_RGB('',0.56078431372549,0.56078431372549,0.56078431372549);
#3318=FILL_AREA_STYLE_COLOUR('',#3317);
#3319=FILL_AREA_STYLE($,(#3318));
#3320=SURFACE_STYLE_FILL_AREA(#3319);
#3321=SURFACE_SIDE_STYLE('',(#3320));
#3322=SURFACE_STYLE_USAGE(.BOTH.,#3321);
#3323=PRESENTATION_STYLE_ASSIGNMENT((#3322));
#3324=STYLED_ITEM('',(#3323),#3316);
#3325=ADVANCED_FACE('',(#7693,#7695),#7697,.F.);
#3326=COLOUR_RGB('',0.56078431372549,0.56078431372549,0.56078431372549);
#3327=FILL_AREA_STYLE_COLOUR('',#3326);
#3328=FILL_AREA_STYLE($,(#3327));
#3329=SURFACE_STYLE_FILL_AREA(#3328);
#3330=SURFACE_SIDE_STYLE('',(#3329));
#3331=SURFACE_STYLE_USAGE(.BOTH.,#3330);
#3332=PRESENTATION_STYLE_ASSIGNMENT((#3331));
#3333=STYLED_ITEM('',(#3332),#3325);
#3334=ADVANCED_FACE('',(#7702,#7704),#7706,.F.);
#3335=COLOUR_RGB('',0.56078431372549,0.56078431372549,0.56078431372549);
#3336=FILL_AREA_STYLE_COLOUR('',#3335);
#3337=FILL_AREA_STYLE($,(#3336));
#3338=SURFACE_STYLE_FILL_AREA(#3337);
#3339=SURFACE_SIDE_STYLE('',(#3338));
#3340=SURFACE_STYLE_USAGE(.BOTH.,#3339);
#3341=PRESENTATION_STYLE_ASSIGNMENT((#3340));
#3342=STYLED_ITEM('',(#3341),#3334);
#3343=ADVANCED_FACE('',(#7711,#7713),#7715,.F.);
#3344=COLOUR_RGB('',0.56078431372549,0.56078431372549,0.56078431372549);
#3345=FILL_AREA_STYLE_COLOUR('',#3344);
#3346=FILL_AREA_STYLE($,(#3345));
#3347=SURFACE_STYLE_FILL_AREA(#3346);
#3348=SURFACE_SIDE_STYLE('',(#3347));
#3349=SURFACE_STYLE_USAGE(.BOTH.,#3348);
#3350=PRESENTATION_STYLE_ASSIGNMENT((#3349));
#3351=STYLED_ITEM('',(#3350),#3343);
#3352=ADVANCED_FACE('',(#7720,#7722),#7724,.F.);
#3353=COLOUR_RGB('',0.56078431372549,0.56078431372549,0.56078431372549);
#3354=FILL_AREA_STYLE_COLOUR('',#3353);
#3355=FILL_AREA_STYLE($,(#3354));
#3356=SURFACE_STYLE_FILL_AREA(#3355);
#3357=SURFACE_SIDE_STYLE('',(#3356));
#3358=SURFACE_STYLE_USAGE(.BOTH.,#3357);
#3359=PRESENTATION_STYLE_ASSIGNMENT((#3358));
#3360=STYLED_ITEM('',(#3359),#3352);
#3361=ADVANCED_FACE('',(#7729,#7731),#7733,.F.);
#3362=COLOUR_RGB('',0.56078431372549,0.56078431372549,0.56078431372549);
#3363=FILL_AREA_STYLE_COLOUR('',#3362);
#3364=FILL_AREA_STYLE($,(#3363));
#3365=SURFACE_STYLE_FILL_AREA(#3364);
#3366=SURFACE_SIDE_STYLE('',(#3365));
#3367=SURFACE_STYLE_USAGE(.BOTH.,#3366);
#3368=PRESENTATION_STYLE_ASSIGNMENT((#3367));
#3369=STYLED_ITEM('',(#3368),#3361);
#3370=ADVANCED_FACE('',(#7738,#7740),#7742,.F.);
#3371=COLOUR_RGB('',0.56078431372549,0.56078431372549,0.56078431372549);
#3372=FILL_AREA_STYLE_COLOUR('',#3371);
#3373=FILL_AREA_STYLE($,(#3372));
#3374=SURFACE_STYLE_FILL_AREA(#3373);
#3375=SURFACE_SIDE_STYLE('',(#3374));
#3376=SURFACE_STYLE_USAGE(.BOTH.,#3375);
#3377=PRESENTATION_STYLE_ASSIGNMENT((#3376));
#3378=STYLED_ITEM('',(#3377),#3370);
#3379=ADVANCED_FACE('',(#7747,#7749),#7751,.F.);
#3380=COLOUR_RGB('',0.56078431372549,0.56078431372549,0.56078431372549);
#3381=FILL_AREA_STYLE_COLOUR('',#3380);
#3382=FILL_AREA_STYLE($,(#3381));
#3383=SURFACE_STYLE_FILL_AREA(#3382);
#3384=SURFACE_SIDE_STYLE('',(#3383));
#3385=SURFACE_STYLE_USAGE(.BOTH.,#3384);
#3386=PRESENTATION_STYLE_ASSIGNMENT((#3385));
#3387=STYLED_ITEM('',(#3386),#3379);
#3388=ADVANCED_FACE('',(#7756,#7758),#7760,.T.);
#3389=COLOUR_RGB('',0.56078431372549,0.56078431372549,0.56078431372549);
#3390=FILL_AREA_STYLE_COLOUR('',#3389);
#3391=FILL_AREA_STYLE($,(#3390));
#3392=SURFACE_STYLE_FILL_AREA(#3391);
#3393=SURFACE_SIDE_STYLE('',(#3392));
#3394=SURFACE_STYLE_USAGE(.BOTH.,#3393);
#3395=PRESENTATION_STYLE_ASSIGNMENT((#3394));
#3396=STYLED_ITEM('',(#3395),#3388);
#3397=ADVANCED_FACE('',(#7765,#7767),#7769,.T.);
#3398=COLOUR_RGB('',0.56078431372549,0.56078431372549,0.56078431372549);
#3399=FILL_AREA_STYLE_COLOUR('',#3398);
#3400=FILL_AREA_STYLE($,(#3399));
#3401=SURFACE_STYLE_FILL_AREA(#3400);
#3402=SURFACE_SIDE_STYLE('',(#3401));
#3403=SURFACE_STYLE_USAGE(.BOTH.,#3402);
#3404=PRESENTATION_STYLE_ASSIGNMENT((#3403));
#3405=STYLED_ITEM('',(#3404),#3397);
#3406=ADVANCED_FACE('',(#7774,#7776),#7778,.F.);
#3407=COLOUR_RGB('',0.56078431372549,0.56078431372549,0.56078431372549);
#3408=FILL_AREA_STYLE_COLOUR('',#3407);
#3409=FILL_AREA_STYLE($,(#3408));
#3410=SURFACE_STYLE_FILL_AREA(#3409);
#3411=SURFACE_SIDE_STYLE('',(#3410));
#3412=SURFACE_STYLE_USAGE(.BOTH.,#3411);
#3413=PRESENTATION_STYLE_ASSIGNMENT((#3412));
#3414=STYLED_ITEM('',(#3413),#3406);
#3415=ADVANCED_FACE('',(#7783,#7785),#7787,.F.);
#3416=COLOUR_RGB('',0.56078431372549,0.56078431372549,0.56078431372549);
#3417=FILL_AREA_STYLE_COLOUR('',#3416);
#3418=FILL_AREA_STYLE($,(#3417));
#3419=SURFACE_STYLE_FILL_AREA(#3418);
#3420=SURFACE_SIDE_STYLE('',(#3419));
#3421=SURFACE_STYLE_USAGE(.BOTH.,#3420);
#3422=PRESENTATION_STYLE_ASSIGNMENT((#3421));
#3423=STYLED_ITEM('',(#3422),#3415);
#3424=ADVANCED_FACE('',(#7792,#7794),#7796,.F.);
#3425=COLOUR_RGB('',0.56078431372549,0.56078431372549,0.56078431372549);
#3426=FILL_AREA_STYLE_COLOUR('',#3425);
#3427=FILL_AREA_STYLE($,(#3426));
#3428=SURFACE_STYLE_FILL_AREA(#3427);
#3429=SURFACE_SIDE_STYLE('',(#3428));
#3430=SURFACE_STYLE_USAGE(.BOTH.,#3429);
#3431=PRESENTATION_STYLE_ASSIGNMENT((#3430));
#3432=STYLED_ITEM('',(#3431),#3424);
#3433=ADVANCED_FACE('',(#7801,#7803),#7805,.F.);
#3434=COLOUR_RGB('',0.56078431372549,0.56078431372549,0.56078431372549);
#3435=FILL_AREA_STYLE_COLOUR('',#3434);
#3436=FILL_AREA_STYLE($,(#3435));
#3437=SURFACE_STYLE_FILL_AREA(#3436);
#3438=SURFACE_SIDE_STYLE('',(#3437));
#3439=SURFACE_STYLE_USAGE(.BOTH.,#3438);
#3440=PRESENTATION_STYLE_ASSIGNMENT((#3439));
#3441=STYLED_ITEM('',(#3440),#3433);
#3442=ADVANCED_FACE('',(#7810,#7812),#7814,.F.);
#3443=COLOUR_RGB('',0.56078431372549,0.56078431372549,0.56078431372549);
#3444=FILL_AREA_STYLE_COLOUR('',#3443);
#3445=FILL_AREA_STYLE($,(#3444));
#3446=SURFACE_STYLE_FILL_AREA(#3445);
#3447=SURFACE_SIDE_STYLE('',(#3446));
#3448=SURFACE_STYLE_USAGE(.BOTH.,#3447);
#3449=PRESENTATION_STYLE_ASSIGNMENT((#3448));
#3450=STYLED_ITEM('',(#3449),#3442);
#3451=ADVANCED_FACE('',(#7819,#7821),#7823,.F.);
#3452=COLOUR_RGB('',0.56078431372549,0.56078431372549,0.56078431372549);
#3453=FILL_AREA_STYLE_COLOUR('',#3452);
#3454=FILL_AREA_STYLE($,(#3453));
#3455=SURFACE_STYLE_FILL_AREA(#3454);
#3456=SURFACE_SIDE_STYLE('',(#3455));
#3457=SURFACE_STYLE_USAGE(.BOTH.,#3456);
#3458=PRESENTATION_STYLE_ASSIGNMENT((#3457));
#3459=STYLED_ITEM('',(#3458),#3451);
#3460=ADVANCED_FACE('',(#7828,#7830),#7832,.F.);
#3461=COLOUR_RGB('',0.56078431372549,0.56078431372549,0.56078431372549);
#3462=FILL_AREA_STYLE_COLOUR('',#3461);
#3463=FILL_AREA_STYLE($,(#3462));
#3464=SURFACE_STYLE_FILL_AREA(#3463);
#3465=SURFACE_SIDE_STYLE('',(#3464));
#3466=SURFACE_STYLE_USAGE(.BOTH.,#3465);
#3467=PRESENTATION_STYLE_ASSIGNMENT((#3466));
#3468=STYLED_ITEM('',(#3467),#3460);
#3469=ADVANCED_FACE('',(#7837,#7839),#7841,.F.);
#3470=COLOUR_RGB('',0.56078431372549,0.56078431372549,0.56078431372549);
#3471=FILL_AREA_STYLE_COLOUR('',#3470);
#3472=FILL_AREA_STYLE($,(#3471));
#3473=SURFACE_STYLE_FILL_AREA(#3472);
#3474=SURFACE_SIDE_STYLE('',(#3473));
#3475=SURFACE_STYLE_USAGE(.BOTH.,#3474);
#3476=PRESENTATION_STYLE_ASSIGNMENT((#3475));
#3477=STYLED_ITEM('',(#3476),#3469);
#3478=ADVANCED_FACE('',(#7846,#7848),#7850,.T.);
#3479=COLOUR_RGB('',0.56078431372549,0.56078431372549,0.56078431372549);
#3480=FILL_AREA_STYLE_COLOUR('',#3479);
#3481=FILL_AREA_STYLE($,(#3480));
#3482=SURFACE_STYLE_FILL_AREA(#3481);
#3483=SURFACE_SIDE_STYLE('',(#3482));
#3484=SURFACE_STYLE_USAGE(.BOTH.,#3483);
#3485=PRESENTATION_STYLE_ASSIGNMENT((#3484));
#3486=STYLED_ITEM('',(#3485),#3478);
#3487=ADVANCED_FACE('',(#7855,#7857),#7859,.T.);
#3488=COLOUR_RGB('',0.56078431372549,0.56078431372549,0.56078431372549);
#3489=FILL_AREA_STYLE_COLOUR('',#3488);
#3490=FILL_AREA_STYLE($,(#3489));
#3491=SURFACE_STYLE_FILL_AREA(#3490);
#3492=SURFACE_SIDE_STYLE('',(#3491));
#3493=SURFACE_STYLE_USAGE(.BOTH.,#3492);
#3494=PRESENTATION_STYLE_ASSIGNMENT((#3493));
#3495=STYLED_ITEM('',(#3494),#3487);
#3496=ADVANCED_FACE('',(#7864,#7866),#7868,.T.);
#3497=COLOUR_RGB('',0.56078431372549,0.56078431372549,0.56078431372549);
#3498=FILL_AREA_STYLE_COLOUR('',#3497);
#3499=FILL_AREA_STYLE($,(#3498));
#3500=SURFACE_STYLE_FILL_AREA(#3499);
#3501=SURFACE_SIDE_STYLE('',(#3500));
#3502=SURFACE_STYLE_USAGE(.BOTH.,#3501);
#3503=PRESENTATION_STYLE_ASSIGNMENT((#3502));
#3504=STYLED_ITEM('',(#3503),#3496);
#3505=ADVANCED_FACE('',(#7873,#7875),#7877,.T.);
#3506=COLOUR_RGB('',0.56078431372549,0.56078431372549,0.56078431372549);
#3507=FILL_AREA_STYLE_COLOUR('',#3506);
#3508=FILL_AREA_STYLE($,(#3507));
#3509=SURFACE_STYLE_FILL_AREA(#3508);
#3510=SURFACE_SIDE_STYLE('',(#3509));
#3511=SURFACE_STYLE_USAGE(.BOTH.,#3510);
#3512=PRESENTATION_STYLE_ASSIGNMENT((#3511));
#3513=STYLED_ITEM('',(#3512),#3505);
#3514=ADVANCED_FACE('',(#7882,#7884),#7886,.T.);
#3515=COLOUR_RGB('',0.56078431372549,0.56078431372549,0.56078431372549);
#3516=FILL_AREA_STYLE_COLOUR('',#3515);
#3517=FILL_AREA_STYLE($,(#3516));
#3518=SURFACE_STYLE_FILL_AREA(#3517);
#3519=SURFACE_SIDE_STYLE('',(#3518));
#3520=SURFACE_STYLE_USAGE(.BOTH.,#3519);
#3521=PRESENTATION_STYLE_ASSIGNMENT((#3520));
#3522=STYLED_ITEM('',(#3521),#3514);
#3523=ADVANCED_FACE('',(#7891,#7893),#7895,.T.);
#3524=COLOUR_RGB('',0.56078431372549,0.56078431372549,0.56078431372549);
#3525=FILL_AREA_STYLE_COLOUR('',#3524);
#3526=FILL_AREA_STYLE($,(#3525));
#3527=SURFACE_STYLE_FILL_AREA(#3526);
#3528=SURFACE_SIDE_STYLE('',(#3527));
#3529=SURFACE_STYLE_USAGE(.BOTH.,#3528);
#3530=PRESENTATION_STYLE_ASSIGNMENT((#3529));
#3531=STYLED_ITEM('',(#3530),#3523);
#3532=ADVANCED_FACE('',(#7900,#7902),#7904,.T.);
#3533=COLOUR_RGB('',0.56078431372549,0.56078431372549,0.56078431372549);
#3534=FILL_AREA_STYLE_COLOUR('',#3533);
#3535=FILL_AREA_STYLE($,(#3534));
#3536=SURFACE_STYLE_FILL_AREA(#3535);
#3537=SURFACE_SIDE_STYLE('',(#3536));
#3538=SURFACE_STYLE_USAGE(.BOTH.,#3537);
#3539=PRESENTATION_STYLE_ASSIGNMENT((#3538));
#3540=STYLED_ITEM('',(#3539),#3532);
#3541=ADVANCED_FACE('',(#7909,#7911),#7913,.T.);
#3542=COLOUR_RGB('',0.56078431372549,0.56078431372549,0.56078431372549);
#3543=FILL_AREA_STYLE_COLOUR('',#3542);
#3544=FILL_AREA_STYLE($,(#3543));
#3545=SURFACE_STYLE_FILL_AREA(#3544);
#3546=SURFACE_SIDE_STYLE('',(#3545));
#3547=SURFACE_STYLE_USAGE(.BOTH.,#3546);
#3548=PRESENTATION_STYLE_ASSIGNMENT((#3547));
#3549=STYLED_ITEM('',(#3548),#3541);
#3550=ADVANCED_FACE('',(#7918,#7920),#7922,.T.);
#3551=COLOUR_RGB('',0.56078431372549,0.56078431372549,0.56078431372549);
#3552=FILL_AREA_STYLE_COLOUR('',#3551);
#3553=FILL_AREA_STYLE($,(#3552));
#3554=SURFACE_STYLE_FILL_AREA(#3553);
#3555=SURFACE_SIDE_STYLE('',(#3554));
#3556=SURFACE_STYLE_USAGE(.BOTH.,#3555);
#3557=PRESENTATION_STYLE_ASSIGNMENT((#3556));
#3558=STYLED_ITEM('',(#3557),#3550);
#3559=ADVANCED_FACE('',(#7927,#7929,#7931,#7933,#7935,#7937,#7939,#7941,#7943),#7945,
.F.);
#3560=COLOUR_RGB('',0.56078431372549,0.56078431372549,0.56078431372549);
#3561=FILL_AREA_STYLE_COLOUR('',#3560);
#3562=FILL_AREA_STYLE($,(#3561));
#3563=SURFACE_STYLE_FILL_AREA(#3562);
#3564=SURFACE_SIDE_STYLE('',(#3563));
#3565=SURFACE_STYLE_USAGE(.BOTH.,#3564);
#3566=PRESENTATION_STYLE_ASSIGNMENT((#3565));
#3567=STYLED_ITEM('',(#3566),#3559);
#3568=ADVANCED_FACE('',(#7950,#7952),#7954,.F.);
#3569=COLOUR_RGB('',0.56078431372549,0.56078431372549,0.56078431372549);
#3570=FILL_AREA_STYLE_COLOUR('',#3569);
#3571=FILL_AREA_STYLE($,(#3570));
#3572=SURFACE_STYLE_FILL_AREA(#3571);
#3573=SURFACE_SIDE_STYLE('',(#3572));
#3574=SURFACE_STYLE_USAGE(.BOTH.,#3573);
#3575=PRESENTATION_STYLE_ASSIGNMENT((#3574));
#3576=STYLED_ITEM('',(#3575),#3568);
#3577=ADVANCED_FACE('',(#7959,#7961),#7963,.F.);
#3578=COLOUR_RGB('',0.56078431372549,0.56078431372549,0.56078431372549);
#3579=FILL_AREA_STYLE_COLOUR('',#3578);
#3580=FILL_AREA_STYLE($,(#3579));
#3581=SURFACE_STYLE_FILL_AREA(#3580);
#3582=SURFACE_SIDE_STYLE('',(#3581));
#3583=SURFACE_STYLE_USAGE(.BOTH.,#3582);
#3584=PRESENTATION_STYLE_ASSIGNMENT((#3583));
#3585=STYLED_ITEM('',(#3584),#3577);
#3586=ADVANCED_FACE('',(#7968,#7970),#7972,.F.);
#3587=COLOUR_RGB('',0.56078431372549,0.56078431372549,0.56078431372549);
#3588=FILL_AREA_STYLE_COLOUR('',#3587);
#3589=FILL_AREA_STYLE($,(#3588));
#3590=SURFACE_STYLE_FILL_AREA(#3589);
#3591=SURFACE_SIDE_STYLE('',(#3590));
#3592=SURFACE_STYLE_USAGE(.BOTH.,#3591);
#3593=PRESENTATION_STYLE_ASSIGNMENT((#3592));
#3594=STYLED_ITEM('',(#3593),#3586);
#3595=ADVANCED_FACE('',(#7977,#7979),#7981,.F.);
#3596=COLOUR_RGB('',0.56078431372549,0.56078431372549,0.56078431372549);
#3597=FILL_AREA_STYLE_COLOUR('',#3596);
#3598=FILL_AREA_STYLE($,(#3597));
#3599=SURFACE_STYLE_FILL_AREA(#3598);
#3600=SURFACE_SIDE_STYLE('',(#3599));
#3601=SURFACE_STYLE_USAGE(.BOTH.,#3600);
#3602=PRESENTATION_STYLE_ASSIGNMENT((#3601));
#3603=STYLED_ITEM('',(#3602),#3595);
#3604=ADVANCED_FACE('',(#7986,#7988),#7990,.F.);
#3605=COLOUR_RGB('',0.56078431372549,0.56078431372549,0.56078431372549);
#3606=FILL_AREA_STYLE_COLOUR('',#3605);
#3607=FILL_AREA_STYLE($,(#3606));
#3608=SURFACE_STYLE_FILL_AREA(#3607);
#3609=SURFACE_SIDE_STYLE('',(#3608));
#3610=SURFACE_STYLE_USAGE(.BOTH.,#3609);
#3611=PRESENTATION_STYLE_ASSIGNMENT((#3610));
#3612=STYLED_ITEM('',(#3611),#3604);
#3613=ADVANCED_FACE('',(#7995,#7997),#7999,.F.);
#3614=COLOUR_RGB('',0.56078431372549,0.56078431372549,0.56078431372549);
#3615=FILL_AREA_STYLE_COLOUR('',#3614);
#3616=FILL_AREA_STYLE($,(#3615));
#3617=SURFACE_STYLE_FILL_AREA(#3616);
#3618=SURFACE_SIDE_STYLE('',(#3617));
#3619=SURFACE_STYLE_USAGE(.BOTH.,#3618);
#3620=PRESENTATION_STYLE_ASSIGNMENT((#3619));
#3621=STYLED_ITEM('',(#3620),#3613);
#3622=ADVANCED_FACE('',(#8004,#8006),#8008,.F.);
#3623=COLOUR_RGB('',0.56078431372549,0.56078431372549,0.56078431372549);
#3624=FILL_AREA_STYLE_COLOUR('',#3623);
#3625=FILL_AREA_STYLE($,(#3624));
#3626=SURFACE_STYLE_FILL_AREA(#3625);
#3627=SURFACE_SIDE_STYLE('',(#3626));
#3628=SURFACE_STYLE_USAGE(.BOTH.,#3627);
#3629=PRESENTATION_STYLE_ASSIGNMENT((#3628));
#3630=STYLED_ITEM('',(#3629),#3622);
#3631=ADVANCED_FACE('',(#8013,#8015),#8017,.F.);
#3632=COLOUR_RGB('',0.56078431372549,0.56078431372549,0.56078431372549);
#3633=FILL_AREA_STYLE_COLOUR('',#3632);
#3634=FILL_AREA_STYLE($,(#3633));
#3635=SURFACE_STYLE_FILL_AREA(#3634);
#3636=SURFACE_SIDE_STYLE('',(#3635));
#3637=SURFACE_STYLE_USAGE(.BOTH.,#3636);
#3638=PRESENTATION_STYLE_ASSIGNMENT((#3637));
#3639=STYLED_ITEM('',(#3638),#3631);
#3640=ADVANCED_FACE('',(#8022,#8024),#8026,.T.);
#3641=COLOUR_RGB('',0.56078431372549,0.56078431372549,0.56078431372549);
#3642=FILL_AREA_STYLE_COLOUR('',#3641);
#3643=FILL_AREA_STYLE($,(#3642));
#3644=SURFACE_STYLE_FILL_AREA(#3643);
#3645=SURFACE_SIDE_STYLE('',(#3644));
#3646=SURFACE_STYLE_USAGE(.BOTH.,#3645);
#3647=PRESENTATION_STYLE_ASSIGNMENT((#3646));
#3648=STYLED_ITEM('',(#3647),#3640);
#3649=ADVANCED_FACE('',(#8031,#8033),#8035,.T.);
#3650=COLOUR_RGB('',0.56078431372549,0.56078431372549,0.56078431372549);
#3651=FILL_AREA_STYLE_COLOUR('',#3650);
#3652=FILL_AREA_STYLE($,(#3651));
#3653=SURFACE_STYLE_FILL_AREA(#3652);
#3654=SURFACE_SIDE_STYLE('',(#3653));
#3655=SURFACE_STYLE_USAGE(.BOTH.,#3654);
#3656=PRESENTATION_STYLE_ASSIGNMENT((#3655));
#3657=STYLED_ITEM('',(#3656),#3649);
#3658=ADVANCED_FACE('',(#8040,#8042),#8044,.T.);
#3659=COLOUR_RGB('',0.56078431372549,0.56078431372549,0.56078431372549);
#3660=FILL_AREA_STYLE_COLOUR('',#3659);
#3661=FILL_AREA_STYLE($,(#3660));
#3662=SURFACE_STYLE_FILL_AREA(#3661);
#3663=SURFACE_SIDE_STYLE('',(#3662));
#3664=SURFACE_STYLE_USAGE(.BOTH.,#3663);
#3665=PRESENTATION_STYLE_ASSIGNMENT((#3664));
#3666=STYLED_ITEM('',(#3665),#3658);
#3667=ADVANCED_FACE('',(#8049,#8051),#8053,.T.);
#3668=COLOUR_RGB('',0.56078431372549,0.56078431372549,0.56078431372549);
#3669=FILL_AREA_STYLE_COLOUR('',#3668);
#3670=FILL_AREA_STYLE($,(#3669));
#3671=SURFACE_STYLE_FILL_AREA(#3670);
#3672=SURFACE_SIDE_STYLE('',(#3671));
#3673=SURFACE_STYLE_USAGE(.BOTH.,#3672);
#3674=PRESENTATION_STYLE_ASSIGNMENT((#3673));
#3675=STYLED_ITEM('',(#3674),#3667);
#3676=ADVANCED_FACE('',(#8058),#8060,.T.);
#3677=COLOUR_RGB('',0.56078431372549,0.56078431372549,0.56078431372549);
#3678=FILL_AREA_STYLE_COLOUR('',#3677);
#3679=FILL_AREA_STYLE($,(#3678));
#3680=SURFACE_STYLE_FILL_AREA(#3679);
#3681=SURFACE_SIDE_STYLE('',(#3680));
#3682=SURFACE_STYLE_USAGE(.BOTH.,#3681);
#3683=PRESENTATION_STYLE_ASSIGNMENT((#3682));
#3684=STYLED_ITEM('',(#3683),#3676);
#3685=ADVANCED_FACE('',(#8065),#8067,.T.);
#3686=COLOUR_RGB('',0.56078431372549,0.56078431372549,0.56078431372549);
#3687=FILL_AREA_STYLE_COLOUR('',#3686);
#3688=FILL_AREA_STYLE($,(#3687));
#3689=SURFACE_STYLE_FILL_AREA(#3688);
#3690=SURFACE_SIDE_STYLE('',(#3689));
#3691=SURFACE_STYLE_USAGE(.BOTH.,#3690);
#3692=PRESENTATION_STYLE_ASSIGNMENT((#3691));
#3693=STYLED_ITEM('',(#3692),#3685);
#3694=ADVANCED_FACE('',(#8072),#8074,.T.);
#3695=COLOUR_RGB('',0.56078431372549,0.56078431372549,0.56078431372549);
#3696=FILL_AREA_STYLE_COLOUR('',#3695);
#3697=FILL_AREA_STYLE($,(#3696));
#3698=SURFACE_STYLE_FILL_AREA(#3697);
#3699=SURFACE_SIDE_STYLE('',(#3698));
#3700=SURFACE_STYLE_USAGE(.BOTH.,#3699);
#3701=PRESENTATION_STYLE_ASSIGNMENT((#3700));
#3702=STYLED_ITEM('',(#3701),#3694);
#3703=ADVANCED_FACE('',(#8079),#8081,.T.);
#3704=COLOUR_RGB('',0.56078431372549,0.56078431372549,0.56078431372549);
#3705=FILL_AREA_STYLE_COLOUR('',#3704);
#3706=FILL_AREA_STYLE($,(#3705));
#3707=SURFACE_STYLE_FILL_AREA(#3706);
#3708=SURFACE_SIDE_STYLE('',(#3707));
#3709=SURFACE_STYLE_USAGE(.BOTH.,#3708);
#3710=PRESENTATION_STYLE_ASSIGNMENT((#3709));
#3711=STYLED_ITEM('',(#3710),#3703);
#3712=ADVANCED_FACE('',(#8086),#8088,.T.);
#3713=COLOUR_RGB('',0.56078431372549,0.56078431372549,0.56078431372549);
#3714=FILL_AREA_STYLE_COLOUR('',#3713);
#3715=FILL_AREA_STYLE($,(#3714));
#3716=SURFACE_STYLE_FILL_AREA(#3715);
#3717=SURFACE_SIDE_STYLE('',(#3716));
#3718=SURFACE_STYLE_USAGE(.BOTH.,#3717);
#3719=PRESENTATION_STYLE_ASSIGNMENT((#3718));
#3720=STYLED_ITEM('',(#3719),#3712);
#3721=ADVANCED_FACE('',(#8093),#8095,.F.);
#3722=COLOUR_RGB('',0.56078431372549,0.56078431372549,0.56078431372549);
#3723=FILL_AREA_STYLE_COLOUR('',#3722);
#3724=FILL_AREA_STYLE($,(#3723));
#3725=SURFACE_STYLE_FILL_AREA(#3724);
#3726=SURFACE_SIDE_STYLE('',(#3725));
#3727=SURFACE_STYLE_USAGE(.BOTH.,#3726);
#3728=PRESENTATION_STYLE_ASSIGNMENT((#3727));
#3729=STYLED_ITEM('',(#3728),#3721);
#3730=ADVANCED_FACE('',(#8100),#8102,.T.);
#3731=COLOUR_RGB('',0.56078431372549,0.56078431372549,0.56078431372549);
#3732=FILL_AREA_STYLE_COLOUR('',#3731);
#3733=FILL_AREA_STYLE($,(#3732));
#3734=SURFACE_STYLE_FILL_AREA(#3733);
#3735=SURFACE_SIDE_STYLE('',(#3734));
#3736=SURFACE_STYLE_USAGE(.BOTH.,#3735);
#3737=PRESENTATION_STYLE_ASSIGNMENT((#3736));
#3738=STYLED_ITEM('',(#3737),#3730);
#3739=ADVANCED_FACE('',(#8107),#8109,.T.);
#3740=COLOUR_RGB('',0.56078431372549,0.56078431372549,0.56078431372549);
#3741=FILL_AREA_STYLE_COLOUR('',#3740);
#3742=FILL_AREA_STYLE($,(#3741));
#3743=SURFACE_STYLE_FILL_AREA(#3742);
#3744=SURFACE_SIDE_STYLE('',(#3743));
#3745=SURFACE_STYLE_USAGE(.BOTH.,#3744);
#3746=PRESENTATION_STYLE_ASSIGNMENT((#3745));
#3747=STYLED_ITEM('',(#3746),#3739);
#3748=ADVANCED_FACE('',(#8114),#8116,.T.);
#3749=COLOUR_RGB('',0.56078431372549,0.56078431372549,0.56078431372549);
#3750=FILL_AREA_STYLE_COLOUR('',#3749);
#3751=FILL_AREA_STYLE($,(#3750));
#3752=SURFACE_STYLE_FILL_AREA(#3751);
#3753=SURFACE_SIDE_STYLE('',(#3752));
#3754=SURFACE_STYLE_USAGE(.BOTH.,#3753);
#3755=PRESENTATION_STYLE_ASSIGNMENT((#3754));
#3756=STYLED_ITEM('',(#3755),#3748);
#3757=ADVANCED_FACE('',(#8121),#8123,.T.);
#3758=COLOUR_RGB('',0.56078431372549,0.56078431372549,0.56078431372549);
#3759=FILL_AREA_STYLE_COLOUR('',#3758);
#3760=FILL_AREA_STYLE($,(#3759));
#3761=SURFACE_STYLE_FILL_AREA(#3760);
#3762=SURFACE_SIDE_STYLE('',(#3761));
#3763=SURFACE_STYLE_USAGE(.BOTH.,#3762);
#3764=PRESENTATION_STYLE_ASSIGNMENT((#3763));
#3765=STYLED_ITEM('',(#3764),#3757);
#3766=ADVANCED_FACE('',(#8128),#8130,.T.);
#3767=COLOUR_RGB('',0.56078431372549,0.56078431372549,0.56078431372549);
#3768=FILL_AREA_STYLE_COLOUR('',#3767);
#3769=FILL_AREA_STYLE($,(#3768));
#3770=SURFACE_STYLE_FILL_AREA(#3769);
#3771=SURFACE_SIDE_STYLE('',(#3770));
#3772=SURFACE_STYLE_USAGE(.BOTH.,#3771);
#3773=PRESENTATION_STYLE_ASSIGNMENT((#3772));
#3774=STYLED_ITEM('',(#3773),#3766);
#3775=ADVANCED_FACE('',(#8135),#8137,.T.);
#3776=COLOUR_RGB('',0.56078431372549,0.56078431372549,0.56078431372549);
#3777=FILL_AREA_STYLE_COLOUR('',#3776);
#3778=FILL_AREA_STYLE($,(#3777));
#3779=SURFACE_STYLE_FILL_AREA(#3778);
#3780=SURFACE_SIDE_STYLE('',(#3779));
#3781=SURFACE_STYLE_USAGE(.BOTH.,#3780);
#3782=PRESENTATION_STYLE_ASSIGNMENT((#3781));
#3783=STYLED_ITEM('',(#3782),#3775);
#3784=ADVANCED_FACE('',(#8142),#8144,.T.);
#3785=COLOUR_RGB('',0.56078431372549,0.56078431372549,0.56078431372549);
#3786=FILL_AREA_STYLE_COLOUR('',#3785);
#3787=FILL_AREA_STYLE($,(#3786));
#3788=SURFACE_STYLE_FILL_AREA(#3787);
#3789=SURFACE_SIDE_STYLE('',(#3788));
#3790=SURFACE_STYLE_USAGE(.BOTH.,#3789);
#3791=PRESENTATION_STYLE_ASSIGNMENT((#3790));
#3792=STYLED_ITEM('',(#3791),#3784);
#3793=ADVANCED_FACE('',(#8149),#8151,.T.);
#3794=COLOUR_RGB('',0.56078431372549,0.56078431372549,0.56078431372549);
#3795=FILL_AREA_STYLE_COLOUR('',#3794);
#3796=FILL_AREA_STYLE($,(#3795));
#3797=SURFACE_STYLE_FILL_AREA(#3796);
#3798=SURFACE_SIDE_STYLE('',(#3797));
#3799=SURFACE_STYLE_USAGE(.BOTH.,#3798);
#3800=PRESENTATION_STYLE_ASSIGNMENT((#3799));
#3801=STYLED_ITEM('',(#3800),#3793);
#3802=ADVANCED_FACE('',(#8156),#8158,.T.);
#3803=COLOUR_RGB('',0.56078431372549,0.56078431372549,0.56078431372549);
#3804=FILL_AREA_STYLE_COLOUR('',#3803);
#3805=FILL_AREA_STYLE($,(#3804));
#3806=SURFACE_STYLE_FILL_AREA(#3805);
#3807=SURFACE_SIDE_STYLE('',(#3806));
#3808=SURFACE_STYLE_USAGE(.BOTH.,#3807);
#3809=PRESENTATION_STYLE_ASSIGNMENT((#3808));
#3810=STYLED_ITEM('',(#3809),#3802);
#3811=ADVANCED_FACE('',(#8163),#8165,.T.);
#3812=COLOUR_RGB('',0.56078431372549,0.56078431372549,0.56078431372549);
#3813=FILL_AREA_STYLE_COLOUR('',#3812);
#3814=FILL_AREA_STYLE($,(#3813));
#3815=SURFACE_STYLE_FILL_AREA(#3814);
#3816=SURFACE_SIDE_STYLE('',(#3815));
#3817=SURFACE_STYLE_USAGE(.BOTH.,#3816);
#3818=PRESENTATION_STYLE_ASSIGNMENT((#3817));
#3819=STYLED_ITEM('',(#3818),#3811);
#3820=ADVANCED_FACE('',(#8170),#8172,.T.);
#3821=COLOUR_RGB('',0.56078431372549,0.56078431372549,0.56078431372549);
#3822=FILL_AREA_STYLE_COLOUR('',#3821);
#3823=FILL_AREA_STYLE($,(#3822));
#3824=SURFACE_STYLE_FILL_AREA(#3823);
#3825=SURFACE_SIDE_STYLE('',(#3824));
#3826=SURFACE_STYLE_USAGE(.BOTH.,#3825);
#3827=PRESENTATION_STYLE_ASSIGNMENT((#3826));
#3828=STYLED_ITEM('',(#3827),#3820);
#3829=ADVANCED_FACE('',(#8177),#8179,.T.);
#3830=COLOUR_RGB('',0.56078431372549,0.56078431372549,0.56078431372549);
#3831=FILL_AREA_STYLE_COLOUR('',#3830);
#3832=FILL_AREA_STYLE($,(#3831));
#3833=SURFACE_STYLE_FILL_AREA(#3832);
#3834=SURFACE_SIDE_STYLE('',(#3833));
#3835=SURFACE_STYLE_USAGE(.BOTH.,#3834);
#3836=PRESENTATION_STYLE_ASSIGNMENT((#3835));
#3837=STYLED_ITEM('',(#3836),#3829);
#3838=ADVANCED_FACE('',(#8184,#8186),#8188,.F.);
#3839=COLOUR_RGB('',0.56078431372549,0.56078431372549,0.56078431372549);
#3840=FILL_AREA_STYLE_COLOUR('',#3839);
#3841=FILL_AREA_STYLE($,(#3840));
#3842=SURFACE_STYLE_FILL_AREA(#3841);
#3843=SURFACE_SIDE_STYLE('',(#3842));
#3844=SURFACE_STYLE_USAGE(.BOTH.,#3843);
#3845=PRESENTATION_STYLE_ASSIGNMENT((#3844));
#3846=STYLED_ITEM('',(#3845),#3838);
#3847=ADVANCED_FACE('',(#8193,#8195),#8197,.T.);
#3848=COLOUR_RGB('',0.56078431372549,0.56078431372549,0.56078431372549);
#3849=FILL_AREA_STYLE_COLOUR('',#3848);
#3850=FILL_AREA_STYLE($,(#3849));
#3851=SURFACE_STYLE_FILL_AREA(#3850);
#3852=SURFACE_SIDE_STYLE('',(#3851));
#3853=SURFACE_STYLE_USAGE(.BOTH.,#3852);
#3854=PRESENTATION_STYLE_ASSIGNMENT((#3853));
#3855=STYLED_ITEM('',(#3854),#3847);
#3856=ADVANCED_FACE('',(#8202,#8204),#8206,.T.);
#3857=COLOUR_RGB('',0.56078431372549,0.56078431372549,0.56078431372549);
#3858=FILL_AREA_STYLE_COLOUR('',#3857);
#3859=FILL_AREA_STYLE($,(#3858));
#3860=SURFACE_STYLE_FILL_AREA(#3859);
#3861=SURFACE_SIDE_STYLE('',(#3860));
#3862=SURFACE_STYLE_USAGE(.BOTH.,#3861);
#3863=PRESENTATION_STYLE_ASSIGNMENT((#3862));
#3864=STYLED_ITEM('',(#3863),#3856);
#3865=ADVANCED_FACE('',(#8211,#8213),#8215,.T.);
#3866=COLOUR_RGB('',0.56078431372549,0.56078431372549,0.56078431372549);
#3867=FILL_AREA_STYLE_COLOUR('',#3866);
#3868=FILL_AREA_STYLE($,(#3867));
#3869=SURFACE_STYLE_FILL_AREA(#3868);
#3870=SURFACE_SIDE_STYLE('',(#3869));
#3871=SURFACE_STYLE_USAGE(.BOTH.,#3870);
#3872=PRESENTATION_STYLE_ASSIGNMENT((#3871));
#3873=STYLED_ITEM('',(#3872),#3865);
#3874=ADVANCED_FACE('',(#8220),#8222,.T.);
#3875=COLOUR_RGB('',0.56078431372549,0.56078431372549,0.56078431372549);
#3876=FILL_AREA_STYLE_COLOUR('',#3875);
#3877=FILL_AREA_STYLE($,(#3876));
#3878=SURFACE_STYLE_FILL_AREA(#3877);
#3879=SURFACE_SIDE_STYLE('',(#3878));
#3880=SURFACE_STYLE_USAGE(.BOTH.,#3879);
#3881=PRESENTATION_STYLE_ASSIGNMENT((#3880));
#3882=STYLED_ITEM('',(#3881),#3874);
#3883=ADVANCED_FACE('',(#8227),#8229,.F.);
#3884=COLOUR_RGB('',0.56078431372549,0.56078431372549,0.56078431372549);
#3885=FILL_AREA_STYLE_COLOUR('',#3884);
#3886=FILL_AREA_STYLE($,(#3885));
#3887=SURFACE_STYLE_FILL_AREA(#3886);
#3888=SURFACE_SIDE_STYLE('',(#3887));
#3889=SURFACE_STYLE_USAGE(.BOTH.,#3888);
#3890=PRESENTATION_STYLE_ASSIGNMENT((#3889));
#3891=STYLED_ITEM('',(#3890),#3883);
#3892=ADVANCED_FACE('',(#8234,#8236),#8238,.F.);
#3893=COLOUR_RGB('',0.56078431372549,0.56078431372549,0.56078431372549);
#3894=FILL_AREA_STYLE_COLOUR('',#3893);
#3895=FILL_AREA_STYLE($,(#3894));
#3896=SURFACE_STYLE_FILL_AREA(#3895);
#3897=SURFACE_SIDE_STYLE('',(#3896));
#3898=SURFACE_STYLE_USAGE(.BOTH.,#3897);
#3899=PRESENTATION_STYLE_ASSIGNMENT((#3898));
#3900=STYLED_ITEM('',(#3899),#3892);
#3901=ADVANCED_FACE('',(#8243,#8245),#8247,.T.);
#3902=COLOUR_RGB('',0.56078431372549,0.56078431372549,0.56078431372549);
#3903=FILL_AREA_STYLE_COLOUR('',#3902);
#3904=FILL_AREA_STYLE($,(#3903));
#3905=SURFACE_STYLE_FILL_AREA(#3904);
#3906=SURFACE_SIDE_STYLE('',(#3905));
#3907=SURFACE_STYLE_USAGE(.BOTH.,#3906);
#3908=PRESENTATION_STYLE_ASSIGNMENT((#3907));
#3909=STYLED_ITEM('',(#3908),#3901);
#3910=ADVANCED_FACE('',(#8252),#8254,.F.);
#3911=COLOUR_RGB('',0.56078431372549,0.56078431372549,0.56078431372549);
#3912=FILL_AREA_STYLE_COLOUR('',#3911);
#3913=FILL_AREA_STYLE($,(#3912));
#3914=SURFACE_STYLE_FILL_AREA(#3913);
#3915=SURFACE_SIDE_STYLE('',(#3914));
#3916=SURFACE_STYLE_USAGE(.BOTH.,#3915);
#3917=PRESENTATION_STYLE_ASSIGNMENT((#3916));
#3918=STYLED_ITEM('',(#3917),#3910);
#3919=ADVANCED_FACE('',(#8259),#8261,.F.);
#3920=COLOUR_RGB('',0.56078431372549,0.56078431372549,0.56078431372549);
#3921=FILL_AREA_STYLE_COLOUR('',#3920);
#3922=FILL_AREA_STYLE($,(#3921));
#3923=SURFACE_STYLE_FILL_AREA(#3922);
#3924=SURFACE_SIDE_STYLE('',(#3923));
#3925=SURFACE_STYLE_USAGE(.BOTH.,#3924);
#3926=PRESENTATION_STYLE_ASSIGNMENT((#3925));
#3927=STYLED_ITEM('',(#3926),#3919);
#3928=ADVANCED_FACE('',(#8266,#8268),#8270,.F.);
#3929=COLOUR_RGB('',0.56078431372549,0.56078431372549,0.56078431372549);
#3930=FILL_AREA_STYLE_COLOUR('',#3929);
#3931=FILL_AREA_STYLE($,(#3930));
#3932=SURFACE_STYLE_FILL_AREA(#3931);
#3933=SURFACE_SIDE_STYLE('',(#3932));
#3934=SURFACE_STYLE_USAGE(.BOTH.,#3933);
#3935=PRESENTATION_STYLE_ASSIGNMENT((#3934));
#3936=STYLED_ITEM('',(#3935),#3928);
#3937=ADVANCED_FACE('',(#8275,#8277),#8279,.T.);
#3938=COLOUR_RGB('',0.56078431372549,0.56078431372549,0.56078431372549);
#3939=FILL_AREA_STYLE_COLOUR('',#3938);
#3940=FILL_AREA_STYLE($,(#3939));
#3941=SURFACE_STYLE_FILL_AREA(#3940);
#3942=SURFACE_SIDE_STYLE('',(#3941));
#3943=SURFACE_STYLE_USAGE(.BOTH.,#3942);
#3944=PRESENTATION_STYLE_ASSIGNMENT((#3943));
#3945=STYLED_ITEM('',(#3944),#3937);
#3946=ADVANCED_FACE('',(#8284,#8286),#8288,.T.);
#3947=COLOUR_RGB('',0.56078431372549,0.56078431372549,0.56078431372549);
#3948=FILL_AREA_STYLE_COLOUR('',#3947);
#3949=FILL_AREA_STYLE($,(#3948));
#3950=SURFACE_STYLE_FILL_AREA(#3949);
#3951=SURFACE_SIDE_STYLE('',(#3950));
#3952=SURFACE_STYLE_USAGE(.BOTH.,#3951);
#3953=PRESENTATION_STYLE_ASSIGNMENT((#3952));
#3954=STYLED_ITEM('',(#3953),#3946);
#3955=ADVANCED_FACE('',(#8293),#8295,.T.);
#3956=COLOUR_RGB('',0.56078431372549,0.56078431372549,0.56078431372549);
#3957=FILL_AREA_STYLE_COLOUR('',#3956);
#3958=FILL_AREA_STYLE($,(#3957));
#3959=SURFACE_STYLE_FILL_AREA(#3958);
#3960=SURFACE_SIDE_STYLE('',(#3959));
#3961=SURFACE_STYLE_USAGE(.BOTH.,#3960);
#3962=PRESENTATION_STYLE_ASSIGNMENT((#3961));
#3963=STYLED_ITEM('',(#3962),#3955);
#3964=ADVANCED_FACE('',(#8300),#8302,.T.);
#3965=COLOUR_RGB('',0.56078431372549,0.56078431372549,0.56078431372549);
#3966=FILL_AREA_STYLE_COLOUR('',#3965);
#3967=FILL_AREA_STYLE($,(#3966));
#3968=SURFACE_STYLE_FILL_AREA(#3967);
#3969=SURFACE_SIDE_STYLE('',(#3968));
#3970=SURFACE_STYLE_USAGE(.BOTH.,#3969);
#3971=PRESENTATION_STYLE_ASSIGNMENT((#3970));
#3972=STYLED_ITEM('',(#3971),#3964);
#3973=ADVANCED_FACE('',(#8307),#8309,.T.);
#3974=COLOUR_RGB('',0.56078431372549,0.56078431372549,0.56078431372549);
#3975=FILL_AREA_STYLE_COLOUR('',#3974);
#3976=FILL_AREA_STYLE($,(#3975));
#3977=SURFACE_STYLE_FILL_AREA(#3976);
#3978=SURFACE_SIDE_STYLE('',(#3977));
#3979=SURFACE_STYLE_USAGE(.BOTH.,#3978);
#3980=PRESENTATION_STYLE_ASSIGNMENT((#3979));
#3981=STYLED_ITEM('',(#3980),#3973);
#3982=ADVANCED_FACE('',(#8314),#8316,.T.);
#3983=COLOUR_RGB('',0.56078431372549,0.56078431372549,0.56078431372549);
#3984=FILL_AREA_STYLE_COLOUR('',#3983);
#3985=FILL_AREA_STYLE($,(#3984));
#3986=SURFACE_STYLE_FILL_AREA(#3985);
#3987=SURFACE_SIDE_STYLE('',(#3986));
#3988=SURFACE_STYLE_USAGE(.BOTH.,#3987);
#3989=PRESENTATION_STYLE_ASSIGNMENT((#3988));
#3990=STYLED_ITEM('',(#3989),#3982);
#3991=ADVANCED_FACE('',(#8321,#8323),#8325,.F.);
#3992=COLOUR_RGB('',0.56078431372549,0.56078431372549,0.56078431372549);
#3993=FILL_AREA_STYLE_COLOUR('',#3992);
#3994=FILL_AREA_STYLE($,(#3993));
#3995=SURFACE_STYLE_FILL_AREA(#3994);
#3996=SURFACE_SIDE_STYLE('',(#3995));
#3997=SURFACE_STYLE_USAGE(.BOTH.,#3996);
#3998=PRESENTATION_STYLE_ASSIGNMENT((#3997));
#3999=STYLED_ITEM('',(#3998),#3991);
#4000=ADVANCED_FACE('',(#8330,#8332),#8334,.T.);
#4001=COLOUR_RGB('',0.56078431372549,0.56078431372549,0.56078431372549);
#4002=FILL_AREA_STYLE_COLOUR('',#4001);
#4003=FILL_AREA_STYLE($,(#4002));
#4004=SURFACE_STYLE_FILL_AREA(#4003);
#4005=SURFACE_SIDE_STYLE('',(#4004));
#4006=SURFACE_STYLE_USAGE(.BOTH.,#4005);
#4007=PRESENTATION_STYLE_ASSIGNMENT((#4006));
#4008=STYLED_ITEM('',(#4007),#4000);
#4009=ADVANCED_FACE('',(#8339,#8341),#8343,.T.);
#4010=COLOUR_RGB('',0.56078431372549,0.56078431372549,0.56078431372549);
#4011=FILL_AREA_STYLE_COLOUR('',#4010);
#4012=FILL_AREA_STYLE($,(#4011));
#4013=SURFACE_STYLE_FILL_AREA(#4012);
#4014=SURFACE_SIDE_STYLE('',(#4013));
#4015=SURFACE_STYLE_USAGE(.BOTH.,#4014);
#4016=PRESENTATION_STYLE_ASSIGNMENT((#4015));
#4017=STYLED_ITEM('',(#4016),#4009);
#4018=ADVANCED_FACE('',(#8348,#8350),#8352,.F.);
#4019=COLOUR_RGB('',0.56078431372549,0.56078431372549,0.56078431372549);
#4020=FILL_AREA_STYLE_COLOUR('',#4019);
#4021=FILL_AREA_STYLE($,(#4020));
#4022=SURFACE_STYLE_FILL_AREA(#4021);
#4023=SURFACE_SIDE_STYLE('',(#4022));
#4024=SURFACE_STYLE_USAGE(.BOTH.,#4023);
#4025=PRESENTATION_STYLE_ASSIGNMENT((#4024));
#4026=STYLED_ITEM('',(#4025),#4018);
#4027=ADVANCED_FACE('',(#8357,#8359),#8361,.T.);
#4028=COLOUR_RGB('',0.56078431372549,0.56078431372549,0.56078431372549);
#4029=FILL_AREA_STYLE_COLOUR('',#4028);
#4030=FILL_AREA_STYLE($,(#4029));
#4031=SURFACE_STYLE_FILL_AREA(#4030);
#4032=SURFACE_SIDE_STYLE('',(#4031));
#4033=SURFACE_STYLE_USAGE(.BOTH.,#4032);
#4034=PRESENTATION_STYLE_ASSIGNMENT((#4033));
#4035=STYLED_ITEM('',(#4034),#4027);
#4036=ADVANCED_FACE('',(#8366),#8368,.T.);
#4037=COLOUR_RGB('',0.56078431372549,0.56078431372549,0.56078431372549);
#4038=FILL_AREA_STYLE_COLOUR('',#4037);
#4039=FILL_AREA_STYLE($,(#4038));
#4040=SURFACE_STYLE_FILL_AREA(#4039);
#4041=SURFACE_SIDE_STYLE('',(#4040));
#4042=SURFACE_STYLE_USAGE(.BOTH.,#4041);
#4043=PRESENTATION_STYLE_ASSIGNMENT((#4042));
#4044=STYLED_ITEM('',(#4043),#4036);
#4045=ADVANCED_FACE('',(#8373),#8375,.T.);
#4046=COLOUR_RGB('',0.56078431372549,0.56078431372549,0.56078431372549);
#4047=FILL_AREA_STYLE_COLOUR('',#4046);
#4048=FILL_AREA_STYLE($,(#4047));
#4049=SURFACE_STYLE_FILL_AREA(#4048);
#4050=SURFACE_SIDE_STYLE('',(#4049));
#4051=SURFACE_STYLE_USAGE(.BOTH.,#4050);
#4052=PRESENTATION_STYLE_ASSIGNMENT((#4051));
#4053=STYLED_ITEM('',(#4052),#4045);
#4054=ADVANCED_FACE('',(#8380),#8382,.T.);
#4055=COLOUR_RGB('',0.56078431372549,0.56078431372549,0.56078431372549);
#4056=FILL_AREA_STYLE_COLOUR('',#4055);
#4057=FILL_AREA_STYLE($,(#4056));
#4058=SURFACE_STYLE_FILL_AREA(#4057);
#4059=SURFACE_SIDE_STYLE('',(#4058));
#4060=SURFACE_STYLE_USAGE(.BOTH.,#4059);
#4061=PRESENTATION_STYLE_ASSIGNMENT((#4060));
#4062=STYLED_ITEM('',(#4061),#4054);
#4063=ADVANCED_FACE('',(#8387),#8389,.T.);
#4064=COLOUR_RGB('',0.56078431372549,0.56078431372549,0.56078431372549);
#4065=FILL_AREA_STYLE_COLOUR('',#4064);
#4066=FILL_AREA_STYLE($,(#4065));
#4067=SURFACE_STYLE_FILL_AREA(#4066);
#4068=SURFACE_SIDE_STYLE('',(#4067));
#4069=SURFACE_STYLE_USAGE(.BOTH.,#4068);
#4070=PRESENTATION_STYLE_ASSIGNMENT((#4069));
#4071=STYLED_ITEM('',(#4070),#4063);
#4072=ADVANCED_FACE('',(#8394,#8396),#8398,.F.);
#4073=COLOUR_RGB('',0.56078431372549,0.56078431372549,0.56078431372549);
#4074=FILL_AREA_STYLE_COLOUR('',#4073);
#4075=FILL_AREA_STYLE($,(#4074));
#4076=SURFACE_STYLE_FILL_AREA(#4075);
#4077=SURFACE_SIDE_STYLE('',(#4076));
#4078=SURFACE_STYLE_USAGE(.BOTH.,#4077);
#4079=PRESENTATION_STYLE_ASSIGNMENT((#4078));
#4080=STYLED_ITEM('',(#4079),#4072);
#4081=ADVANCED_FACE('',(#8403,#8405),#8407,.T.);
#4082=COLOUR_RGB('',0.56078431372549,0.56078431372549,0.56078431372549);
#4083=FILL_AREA_STYLE_COLOUR('',#4082);
#4084=FILL_AREA_STYLE($,(#4083));
#4085=SURFACE_STYLE_FILL_AREA(#4084);
#4086=SURFACE_SIDE_STYLE('',(#4085));
#4087=SURFACE_STYLE_USAGE(.BOTH.,#4086);
#4088=PRESENTATION_STYLE_ASSIGNMENT((#4087));
#4089=STYLED_ITEM('',(#4088),#4081);
#4090=ADVANCED_FACE('',(#8412),#8414,.T.);
#4091=COLOUR_RGB('',0.56078431372549,0.56078431372549,0.56078431372549);
#4092=FILL_AREA_STYLE_COLOUR('',#4091);
#4093=FILL_AREA_STYLE($,(#4092));
#4094=SURFACE_STYLE_FILL_AREA(#4093);
#4095=SURFACE_SIDE_STYLE('',(#4094));
#4096=SURFACE_STYLE_USAGE(.BOTH.,#4095);
#4097=PRESENTATION_STYLE_ASSIGNMENT((#4096));
#4098=STYLED_ITEM('',(#4097),#4090);
#4099=ADVANCED_FACE('',(#8419),#8421,.T.);
#4100=COLOUR_RGB('',0.56078431372549,0.56078431372549,0.56078431372549);
#4101=FILL_AREA_STYLE_COLOUR('',#4100);
#4102=FILL_AREA_STYLE($,(#4101));
#4103=SURFACE_STYLE_FILL_AREA(#4102);
#4104=SURFACE_SIDE_STYLE('',(#4103));
#4105=SURFACE_STYLE_USAGE(.BOTH.,#4104);
#4106=PRESENTATION_STYLE_ASSIGNMENT((#4105));
#4107=STYLED_ITEM('',(#4106),#4099);
#4108=ADVANCED_FACE('',(#8426),#8428,.T.);
#4109=COLOUR_RGB('',0.56078431372549,0.56078431372549,0.56078431372549);
#4110=FILL_AREA_STYLE_COLOUR('',#4109);
#4111=FILL_AREA_STYLE($,(#4110));
#4112=SURFACE_STYLE_FILL_AREA(#4111);
#4113=SURFACE_SIDE_STYLE('',(#4112));
#4114=SURFACE_STYLE_USAGE(.BOTH.,#4113);
#4115=PRESENTATION_STYLE_ASSIGNMENT((#4114));
#4116=STYLED_ITEM('',(#4115),#4108);
#4117=ADVANCED_FACE('',(#8433),#8435,.F.);
#4118=COLOUR_RGB('',0.56078431372549,0.56078431372549,0.56078431372549);
#4119=FILL_AREA_STYLE_COLOUR('',#4118);
#4120=FILL_AREA_STYLE($,(#4119));
#4121=SURFACE_STYLE_FILL_AREA(#4120);
#4122=SURFACE_SIDE_STYLE('',(#4121));
#4123=SURFACE_STYLE_USAGE(.BOTH.,#4122);
#4124=PRESENTATION_STYLE_ASSIGNMENT((#4123));
#4125=STYLED_ITEM('',(#4124),#4117);
#4126=ADVANCED_FACE('',(#8440),#8442,.T.);
#4127=COLOUR_RGB('',0.56078431372549,0.56078431372549,0.56078431372549);
#4128=FILL_AREA_STYLE_COLOUR('',#4127);
#4129=FILL_AREA_STYLE($,(#4128));
#4130=SURFACE_STYLE_FILL_AREA(#4129);
#4131=SURFACE_SIDE_STYLE('',(#4130));
#4132=SURFACE_STYLE_USAGE(.BOTH.,#4131);
#4133=PRESENTATION_STYLE_ASSIGNMENT((#4132));
#4134=STYLED_ITEM('',(#4133),#4126);
#4135=ADVANCED_FACE('',(#8447),#8449,.T.);
#4136=COLOUR_RGB('',0.56078431372549,0.56078431372549,0.56078431372549);
#4137=FILL_AREA_STYLE_COLOUR('',#4136);
#4138=FILL_AREA_STYLE($,(#4137));
#4139=SURFACE_STYLE_FILL_AREA(#4138);
#4140=SURFACE_SIDE_STYLE('',(#4139));
#4141=SURFACE_STYLE_USAGE(.BOTH.,#4140);
#4142=PRESENTATION_STYLE_ASSIGNMENT((#4141));
#4143=STYLED_ITEM('',(#4142),#4135);
#4144=ADVANCED_FACE('',(#8454),#8456,.T.);
#4145=COLOUR_RGB('',0.56078431372549,0.56078431372549,0.56078431372549);
#4146=FILL_AREA_STYLE_COLOUR('',#4145);
#4147=FILL_AREA_STYLE($,(#4146));
#4148=SURFACE_STYLE_FILL_AREA(#4147);
#4149=SURFACE_SIDE_STYLE('',(#4148));
#4150=SURFACE_STYLE_USAGE(.BOTH.,#4149);
#4151=PRESENTATION_STYLE_ASSIGNMENT((#4150));
#4152=STYLED_ITEM('',(#4151),#4144);
#4153=ADVANCED_FACE('',(#8461),#8463,.T.);
#4154=COLOUR_RGB('',0.56078431372549,0.56078431372549,0.56078431372549);
#4155=FILL_AREA_STYLE_COLOUR('',#4154);
#4156=FILL_AREA_STYLE($,(#4155));
#4157=SURFACE_STYLE_FILL_AREA(#4156);
#4158=SURFACE_SIDE_STYLE('',(#4157));
#4159=SURFACE_STYLE_USAGE(.BOTH.,#4158);
#4160=PRESENTATION_STYLE_ASSIGNMENT((#4159));
#4161=STYLED_ITEM('',(#4160),#4153);
#4162=ADVANCED_FACE('',(#8468),#8470,.T.);
#4163=COLOUR_RGB('',0.56078431372549,0.56078431372549,0.56078431372549);
#4164=FILL_AREA_STYLE_COLOUR('',#4163);
#4165=FILL_AREA_STYLE($,(#4164));
#4166=SURFACE_STYLE_FILL_AREA(#4165);
#4167=SURFACE_SIDE_STYLE('',(#4166));
#4168=SURFACE_STYLE_USAGE(.BOTH.,#4167);
#4169=PRESENTATION_STYLE_ASSIGNMENT((#4168));
#4170=STYLED_ITEM('',(#4169),#4162);
#4171=ADVANCED_FACE('',(#8475),#8477,.T.);
#4172=COLOUR_RGB('',0.56078431372549,0.56078431372549,0.56078431372549);
#4173=FILL_AREA_STYLE_COLOUR('',#4172);
#4174=FILL_AREA_STYLE($,(#4173));
#4175=SURFACE_STYLE_FILL_AREA(#4174);
#4176=SURFACE_SIDE_STYLE('',(#4175));
#4177=SURFACE_STYLE_USAGE(.BOTH.,#4176);
#4178=PRESENTATION_STYLE_ASSIGNMENT((#4177));
#4179=STYLED_ITEM('',(#4178),#4171);
#4180=ADVANCED_FACE('',(#8482),#8484,.T.);
#4181=COLOUR_RGB('',0.56078431372549,0.56078431372549,0.56078431372549);
#4182=FILL_AREA_STYLE_COLOUR('',#4181);
#4183=FILL_AREA_STYLE($,(#4182));
#4184=SURFACE_STYLE_FILL_AREA(#4183);
#4185=SURFACE_SIDE_STYLE('',(#4184));
#4186=SURFACE_STYLE_USAGE(.BOTH.,#4185);
#4187=PRESENTATION_STYLE_ASSIGNMENT((#4186));
#4188=STYLED_ITEM('',(#4187),#4180);
#4189=ADVANCED_FACE('',(#8489),#8491,.T.);
#4190=COLOUR_RGB('',0.56078431372549,0.56078431372549,0.56078431372549);
#4191=FILL_AREA_STYLE_COLOUR('',#4190);
#4192=FILL_AREA_STYLE($,(#4191));
#4193=SURFACE_STYLE_FILL_AREA(#4192);
#4194=SURFACE_SIDE_STYLE('',(#4193));
#4195=SURFACE_STYLE_USAGE(.BOTH.,#4194);
#4196=PRESENTATION_STYLE_ASSIGNMENT((#4195));
#4197=STYLED_ITEM('',(#4196),#4189);
#4198=ADVANCED_FACE('',(#8496),#8498,.T.);
#4199=COLOUR_RGB('',0.56078431372549,0.56078431372549,0.56078431372549);
#4200=FILL_AREA_STYLE_COLOUR('',#4199);
#4201=FILL_AREA_STYLE($,(#4200));
#4202=SURFACE_STYLE_FILL_AREA(#4201);
#4203=SURFACE_SIDE_STYLE('',(#4202));
#4204=SURFACE_STYLE_USAGE(.BOTH.,#4203);
#4205=PRESENTATION_STYLE_ASSIGNMENT((#4204));
#4206=STYLED_ITEM('',(#4205),#4198);
#4207=ADVANCED_FACE('',(#8503),#8505,.T.);
#4208=COLOUR_RGB('',0.56078431372549,0.56078431372549,0.56078431372549);
#4209=FILL_AREA_STYLE_COLOUR('',#4208);
#4210=FILL_AREA_STYLE($,(#4209));
#4211=SURFACE_STYLE_FILL_AREA(#4210);
#4212=SURFACE_SIDE_STYLE('',(#4211));
#4213=SURFACE_STYLE_USAGE(.BOTH.,#4212);
#4214=PRESENTATION_STYLE_ASSIGNMENT((#4213));
#4215=STYLED_ITEM('',(#4214),#4207);
#4216=ADVANCED_FACE('',(#8510),#8512,.T.);
#4217=COLOUR_RGB('',0.56078431372549,0.56078431372549,0.56078431372549);
#4218=FILL_AREA_STYLE_COLOUR('',#4217);
#4219=FILL_AREA_STYLE($,(#4218));
#4220=SURFACE_STYLE_FILL_AREA(#4219);
#4221=SURFACE_SIDE_STYLE('',(#4220));
#4222=SURFACE_STYLE_USAGE(.BOTH.,#4221);
#4223=PRESENTATION_STYLE_ASSIGNMENT((#4222));
#4224=STYLED_ITEM('',(#4223),#4216);
#4225=ADVANCED_FACE('',(#8517),#8519,.F.);
#4226=COLOUR_RGB('',0.56078431372549,0.56078431372549,0.56078431372549);
#4227=FILL_AREA_STYLE_COLOUR('',#4226);
#4228=FILL_AREA_STYLE($,(#4227));
#4229=SURFACE_STYLE_FILL_AREA(#4228);
#4230=SURFACE_SIDE_STYLE('',(#4229));
#4231=SURFACE_STYLE_USAGE(.BOTH.,#4230);
#4232=PRESENTATION_STYLE_ASSIGNMENT((#4231));
#4233=STYLED_ITEM('',(#4232),#4225);
#4234=ADVANCED_FACE('',(#8524),#8526,.T.);
#4235=COLOUR_RGB('',0.56078431372549,0.56078431372549,0.56078431372549);
#4236=FILL_AREA_STYLE_COLOUR('',#4235);
#4237=FILL_AREA_STYLE($,(#4236));
#4238=SURFACE_STYLE_FILL_AREA(#4237);
#4239=SURFACE_SIDE_STYLE('',(#4238));
#4240=SURFACE_STYLE_USAGE(.BOTH.,#4239);
#4241=PRESENTATION_STYLE_ASSIGNMENT((#4240));
#4242=STYLED_ITEM('',(#4241),#4234);
#4243=ADVANCED_FACE('',(#8531),#8533,.T.);
#4244=COLOUR_RGB('',0.56078431372549,0.56078431372549,0.56078431372549);
#4245=FILL_AREA_STYLE_COLOUR('',#4244);
#4246=FILL_AREA_STYLE($,(#4245));
#4247=SURFACE_STYLE_FILL_AREA(#4246);
#4248=SURFACE_SIDE_STYLE('',(#4247));
#4249=SURFACE_STYLE_USAGE(.BOTH.,#4248);
#4250=PRESENTATION_STYLE_ASSIGNMENT((#4249));
#4251=STYLED_ITEM('',(#4250),#4243);
#4252=ADVANCED_FACE('',(#8538),#8540,.T.);
#4253=COLOUR_RGB('',0.56078431372549,0.56078431372549,0.56078431372549);
#4254=FILL_AREA_STYLE_COLOUR('',#4253);
#4255=FILL_AREA_STYLE($,(#4254));
#4256=SURFACE_STYLE_FILL_AREA(#4255);
#4257=SURFACE_SIDE_STYLE('',(#4256));
#4258=SURFACE_STYLE_USAGE(.BOTH.,#4257);
#4259=PRESENTATION_STYLE_ASSIGNMENT((#4258));
#4260=STYLED_ITEM('',(#4259),#4252);
#4261=ADVANCED_FACE('',(#8545),#8547,.T.);
#4262=COLOUR_RGB('',0.56078431372549,0.56078431372549,0.56078431372549);
#4263=FILL_AREA_STYLE_COLOUR('',#4262);
#4264=FILL_AREA_STYLE($,(#4263));
#4265=SURFACE_STYLE_FILL_AREA(#4264);
#4266=SURFACE_SIDE_STYLE('',(#4265));
#4267=SURFACE_STYLE_USAGE(.BOTH.,#4266);
#4268=PRESENTATION_STYLE_ASSIGNMENT((#4267));
#4269=STYLED_ITEM('',(#4268),#4261);
#4270=ADVANCED_FACE('',(#8552),#8554,.T.);
#4271=COLOUR_RGB('',0.56078431372549,0.56078431372549,0.56078431372549);
#4272=FILL_AREA_STYLE_COLOUR('',#4271);
#4273=FILL_AREA_STYLE($,(#4272));
#4274=SURFACE_STYLE_FILL_AREA(#4273);
#4275=SURFACE_SIDE_STYLE('',(#4274));
#4276=SURFACE_STYLE_USAGE(.BOTH.,#4275);
#4277=PRESENTATION_STYLE_ASSIGNMENT((#4276));
#4278=STYLED_ITEM('',(#4277),#4270);
#4279=ADVANCED_FACE('',(#8559),#8561,.F.);
#4280=COLOUR_RGB('',0.56078431372549,0.56078431372549,0.56078431372549);
#4281=FILL_AREA_STYLE_COLOUR('',#4280);
#4282=FILL_AREA_STYLE($,(#4281));
#4283=SURFACE_STYLE_FILL_AREA(#4282);
#4284=SURFACE_SIDE_STYLE('',(#4283));
#4285=SURFACE_STYLE_USAGE(.BOTH.,#4284);
#4286=PRESENTATION_STYLE_ASSIGNMENT((#4285));
#4287=STYLED_ITEM('',(#4286),#4279);
#4288=FACE_BOUND('',#4289,.T.);
#4289=EDGE_LOOP('',(#8566));
#4290=FACE_BOUND('',#4291,.T.);
#4291=EDGE_LOOP('',(#8567));
#4292=PLANE('',#4293);
#4293=AXIS2_PLACEMENT_3D('',#4294,#4295,#4296);
#4294=CARTESIAN_POINT('',(5.,0.,0.));
#4295=DIRECTION('',(1.,0.,-6.12323399573677E-17));
#4296=DIRECTION('',(-6.12323399573677E-17,-1.22464679914735E-16,-1.));
#4297=FACE_BOUND('',#4298,.T.);
#4298=EDGE_LOOP('',(#8568));
#4299=FACE_BOUND('',#4300,.T.);
#4300=EDGE_LOOP('',(#8569));
#4301=PLANE('',#4302);
#4302=AXIS2_PLACEMENT_3D('',#4303,#4304,#4305);
#4303=CARTESIAN_POINT('',(0.,0.,0.));
#4304=DIRECTION('',(1.,0.,-6.12323399573677E-17));
#4305=DIRECTION('',(-6.12323399573677E-17,-1.22464679914735E-16,-1.));
#4306=FACE_OUTER_BOUND('',#4307,.T.);
#4307=EDGE_LOOP('',(#8570));
#4308=FACE_OUTER_BOUND('',#4309,.T.);
#4309=EDGE_LOOP('',(#8571));
#4310=CYLINDRICAL_SURFACE('',#4311,1.5);
#4311=AXIS2_PLACEMENT_3D('',#4312,#4313,#4314);
#4312=CARTESIAN_POINT('',(5.,-50.,1.96129182054553E-15));
#4313=DIRECTION('',(-1.,0.,6.12323399573677E-17));
#4314=DIRECTION('',(-3.74939945665464E-33,-1.,-6.12323399573676E-17));
#4315=FACE_OUTER_BOUND('',#4316,.T.);
#4316=EDGE_LOOP('',(#8572));
#4317=FACE_OUTER_BOUND('',#4318,.T.);
#4318=EDGE_LOOP('',(#8573));
#4319=CYLINDRICAL_SURFACE('',#4320,75.);
#4320=AXIS2_PLACEMENT_3D('',#4321,#4322,#4323);
#4321=CARTESIAN_POINT('',(6.15471464504109E-317,-1.00514142206483E-300,1.00514142206483E-300));
#4322=DIRECTION('',(-1.,0.,6.12323399573677E-17));
#4323=DIRECTION('',(-3.74939945665465E-33,-1.,-6.12323399573677E-17));
#4324=FACE_OUTER_BOUND('',#4325,.T.);
#4325=EDGE_LOOP('',(#8574));
#4326=FACE_OUTER_BOUND('',#4327,.T.);
#4327=EDGE_LOOP('',(#8575));
#4328=CYLINDRICAL_SURFACE('',#4329,72.);
#4329=AXIS2_PLACEMENT_3D('',#4330,#4331,#4332);
#4330=CARTESIAN_POINT('',(6.12323278935071E-317,-1.E-300,1.E-300));
#4331=DIRECTION('',(-1.,0.,6.12323399573677E-17));
#4332=DIRECTION('',(-3.74939945665465E-33,-1.,-6.12323399573677E-17));
#4333=FACE_BOUND('',#4334,.T.);
#4334=EDGE_LOOP('',(#8576));
#4335=FACE_BOUND('',#4336,.T.);
#4336=EDGE_LOOP('',(#8577));
#4337=PLANE('',#4338);
#4338=AXIS2_PLACEMENT_3D('',#4339,#4340,#4341);
#4339=CARTESIAN_POINT('',(-260.,0.,0.));
#4340=DIRECTION('',(-1.,0.,6.12323399573677E-17));
#4341=DIRECTION('',(-3.74939945665465E-33,-1.,-6.12323399573677E-17));
#4342=FACE_OUTER_BOUND('',#4343,.T.);
#4343=EDGE_LOOP('',(#8578));
#4344=FACE_BOUND('',#4345,.T.);
#4345=EDGE_LOOP('',(#8579,#8580,#8581));
#4346=CYLINDRICAL_SURFACE('',#4347,72.);
#4347=AXIS2_PLACEMENT_3D('',#4348,#4349,#4350);
#4348=CARTESIAN_POINT('',(1.8369702411905E-316,1.E-300,1.E-300));
#4349=DIRECTION('',(1.,0.,-1.83697019872103E-16));
#4350=DIRECTION('',(1.12481983699639E-32,1.,6.12323399573677E-17));
#4351=FACE_BOUND('',#4352,.T.);
#4352=EDGE_LOOP('',(#8582,#8583,#8584));
#4353=FACE_BOUND('',#4354,.T.);
#4354=EDGE_LOOP('',(#8585,#8586,#8587));
#4355=CYLINDRICAL_SURFACE('',#4356,72.);
#4356=AXIS2_PLACEMENT_3D('',#4357,#4358,#4359);
#4357=CARTESIAN_POINT('',(1.8369702411905E-316,1.E-300,1.E-300));
#4358=DIRECTION('',(1.,0.,-1.83697019872103E-16));
#4359=DIRECTION('',(1.12481983699639E-32,1.,6.12323399573677E-17));
#4360=FACE_BOUND('',#4361,.T.);
#4361=EDGE_LOOP('',(#8588,#8589,#8590));
#4362=FACE_OUTER_BOUND('',#4363,.T.);
#4363=EDGE_LOOP('',(#8591));
#4364=CYLINDRICAL_SURFACE('',#4365,72.);
#4365=AXIS2_PLACEMENT_3D('',#4366,#4367,#4368);
#4366=CARTESIAN_POINT('',(1.8369702411905E-316,1.E-300,1.E-300));
#4367=DIRECTION('',(1.,0.,-1.83697019872103E-16));
#4368=DIRECTION('',(1.12481983699639E-32,1.,6.12323399573677E-17));
#4369=FACE_BOUND('',#4370,.T.);
#4370=EDGE_LOOP('',(#8592,#8593,#8594));
#4371=FACE_BOUND('',#4372,.T.);
#4372=EDGE_LOOP('',(#8595,#8596,#8597));
#4373=TOROIDAL_SURFACE('',#4374,72.,1.);
#4374=AXIS2_PLACEMENT_3D('',#4375,#4376,#4377);
#4375=CARTESIAN_POINT('',(3.00000000000001,0.,0.));
#4376=DIRECTION('',(-1.,0.,0.));
#4377=DIRECTION('',(0.,-6.12323399573677E-17,1.));
#4378=FACE_BOUND('',#4379,.T.);
#4379=EDGE_LOOP('',(#8598,#8599,#8600));
#4380=FACE_BOUND('',#4381,.T.);
#4381=EDGE_LOOP('',(#8601,#8602,#8603));
#4382=TOROIDAL_SURFACE('',#4383,72.,1.);
#4383=AXIS2_PLACEMENT_3D('',#4384,#4385,#4386);
#4384=CARTESIAN_POINT('',(7.00000000000001,0.,0.));
#4385=DIRECTION('',(-1.,0.,0.));
#4386=DIRECTION('',(0.,-6.12323399573677E-17,1.));
#4387=FACE_BOUND('',#4388,.T.);
#4388=EDGE_LOOP('',(#8604));
#4389=FACE_BOUND('',#4390,.T.);
#4390=EDGE_LOOP('',(#8605));
#4391=PLANE('',#4392);
#4392=AXIS2_PLACEMENT_3D('',#4393,#4394,#4395);
#4393=CARTESIAN_POINT('',(10.,0.,0.));
#4394=DIRECTION('',(1.,0.,-1.83697019872103E-16));
#4395=DIRECTION('',(1.12481983699639E-32,1.,6.12323399573677E-17));
#4396=FACE_BOUND('',#4397,.T.);
#4397=EDGE_LOOP('',(#8606));
#4398=FACE_BOUND('',#4399,.T.);
#4399=EDGE_LOOP('',(#8607));
#4400=PLANE('',#4401);
#4401=AXIS2_PLACEMENT_3D('',#4402,#4403,#4404);
#4402=CARTESIAN_POINT('',(0.,0.,0.));
#4403=DIRECTION('',(1.,0.,-1.83697019872103E-16));
#4404=DIRECTION('',(1.12481983699639E-32,1.,6.12323399573677E-17));
#4405=FACE_OUTER_BOUND('',#4406,.T.);
#4406=EDGE_LOOP('',(#8608));
#4407=FACE_OUTER_BOUND('',#4408,.T.);
#4408=EDGE_LOOP('',(#8609));
#4409=CYLINDRICAL_SURFACE('',#4410,67.);
#4410=AXIS2_PLACEMENT_3D('',#4411,#4412,#4413);
#4411=CARTESIAN_POINT('',(1.8369702411905E-316,1.E-300,1.E-300));
#4412=DIRECTION('',(1.,0.,-1.83697019872103E-16));
#4413=DIRECTION('',(1.12481983699639E-32,1.,6.12323399573677E-17));
#4414=FACE_OUTER_BOUND('',#4415,.T.);
#4415=EDGE_LOOP('',(#8610));
#4416=FACE_OUTER_BOUND('',#4417,.T.);
#4417=EDGE_LOOP('',(#8611));
#4418=CYLINDRICAL_SURFACE('',#4419,75.);
#4419=AXIS2_PLACEMENT_3D('',#4420,#4421,#4422);
#4420=CARTESIAN_POINT('',(-5.,3.94736842105263E-300,9.18485099360515E-16));
#4421=DIRECTION('',(1.,0.,-1.83697019872103E-16));
#4422=DIRECTION('',(1.12481983699639E-32,1.,6.12323399573677E-17));
#4423=FACE_BOUND('',#4424,.T.);
#4424=EDGE_LOOP('',(#8612));
#4425=PLANE('',#4426);
#4426=AXIS2_PLACEMENT_3D('',#4427,#4428,#4429);
#4427=CARTESIAN_POINT('',(0.,0.,0.));
#4428=DIRECTION('',(1.,0.,-1.83697019872103E-16));
#4429=DIRECTION('',(1.12481983699639E-32,1.,6.12323399573677E-17));
#4430=FACE_BOUND('',#4431,.T.);
#4431=EDGE_LOOP('',(#8613));
#4432=PLANE('',#4433);
#4433=AXIS2_PLACEMENT_3D('',#4434,#4435,#4436);
#4434=CARTESIAN_POINT('',(-5.,0.,0.));
#4435=DIRECTION('',(1.,0.,-1.83697019872103E-16));
#4436=DIRECTION('',(1.12481983699639E-32,1.,6.12323399573677E-17));
#4437=FACE_OUTER_BOUND('',#4438,.T.);
#4438=EDGE_LOOP('',(#8614));
#4439=FACE_OUTER_BOUND('',#4440,.T.);
#4440=EDGE_LOOP('',(#8615));
#4441=CONICAL_SURFACE('',#4442,64.5,0.785398163397448);
#4442=AXIS2_PLACEMENT_3D('',#4443,#4444,#4445);
#4443=CARTESIAN_POINT('',(2.5,1.E-300,-4.59242549680257E-16));
#4444=DIRECTION('',(1.,0.,-1.83697019872103E-16));
#4445=DIRECTION('',(1.12481983699639E-32,1.,6.12323399573677E-17));
#4446=FACE_OUTER_BOUND('',#4447,.T.);
#4447=EDGE_LOOP('',(#8616));
#4448=FACE_OUTER_BOUND('',#4449,.T.);
#4449=EDGE_LOOP('',(#8617));
#4450=CONICAL_SURFACE('',#4451,74.,0.785398163397448);
#4451=AXIS2_PLACEMENT_3D('',#4452,#4453,#4454);
#4452=CARTESIAN_POINT('',(-4.,3.94736842105263E-300,7.34788079488412E-16));
#4453=DIRECTION('',(1.,0.,-1.83697019872103E-16));
#4454=DIRECTION('',(1.12481983699639E-32,1.,6.12323399573677E-17));
#4455=FACE_BOUND('',#4456,.T.);
#4456=EDGE_LOOP('',(#8618));
#4457=FACE_BOUND('',#4458,.T.);
#4458=EDGE_LOOP('',(#8619));
#4459=FACE_BOUND('',#4460,.T.);
#4460=EDGE_LOOP('',(#8620));
#4461=FACE_BOUND('',#4462,.T.);
#4462=EDGE_LOOP('',(#8621));
#4463=FACE_BOUND('',#4464,.T.);
#4464=EDGE_LOOP('',(#8622));
#4465=FACE_BOUND('',#4466,.T.);
#4466=EDGE_LOOP('',(#8623));
#4467=FACE_BOUND('',#4468,.T.);
#4468=EDGE_LOOP('',(#8624));
#4469=FACE_BOUND('',#4470,.T.);
#4470=EDGE_LOOP('',(#8625));
#4471=FACE_BOUND('',#4472,.T.);
#4472=EDGE_LOOP('',(#8626));
#4473=PLANE('',#4474);
#4474=AXIS2_PLACEMENT_3D('',#4475,#4476,#4477);
#4475=CARTESIAN_POINT('',(0.,0.,0.));
#4476=DIRECTION('',(1.,0.,-1.83697019872103E-16));
#4477=DIRECTION('',(1.12481983699639E-32,1.,6.12323399573677E-17));
#4478=FACE_BOUND('',#4479,.T.);
#4479=EDGE_LOOP('',(#8627));
#4480=FACE_BOUND('',#4481,.T.);
#4481=EDGE_LOOP('',(#8628));
#4482=PLANE('',#4483);
#4483=AXIS2_PLACEMENT_3D('',#4484,#4485,#4486);
#4484=CARTESIAN_POINT('',(1.,0.,0.));
#4485=DIRECTION('',(1.,1.29893408435324E-16,-1.29893408435324E-16));
#4486=DIRECTION('',(-1.07775327411441E-33,0.707106781186548,0.707106781186548));
#4487=FACE_BOUND('',#4488,.T.);
#4488=EDGE_LOOP('',(#8629));
#4489=FACE_BOUND('',#4490,.T.);
#4490=EDGE_LOOP('',(#8630));
#4491=PLANE('',#4492);
#4492=AXIS2_PLACEMENT_3D('',#4493,#4494,#4495);
#4493=CARTESIAN_POINT('',(1.,0.,0.));
#4494=DIRECTION('',(1.,1.83697019872103E-16,0.));
#4495=DIRECTION('',(0.,-2.06626051949262E-48,1.));
#4496=FACE_BOUND('',#4497,.T.);
#4497=EDGE_LOOP('',(#8631));
#4498=FACE_BOUND('',#4499,.T.);
#4499=EDGE_LOOP('',(#8632));
#4500=PLANE('',#4501);
#4501=AXIS2_PLACEMENT_3D('',#4502,#4503,#4504);
#4502=CARTESIAN_POINT('',(1.,0.,0.));
#4503=DIRECTION('',(1.,1.29893408435324E-16,1.29893408435324E-16));
#4504=DIRECTION('',(-1.07775327411441E-33,-0.707106781186548,0.707106781186548));
#4505=FACE_BOUND('',#4506,.T.);
#4506=EDGE_LOOP('',(#8633));
#4507=FACE_BOUND('',#4508,.T.);
#4508=EDGE_LOOP('',(#8634));
#4509=PLANE('',#4510);
#4510=AXIS2_PLACEMENT_3D('',#4511,#4512,#4513);
#4511=CARTESIAN_POINT('',(1.,0.,0.));
#4512=DIRECTION('',(1.,0.,1.83697019872103E-16));
#4513=DIRECTION('',(0.,-1.,-2.06626051949262E-48));
#4514=FACE_BOUND('',#4515,.T.);
#4515=EDGE_LOOP('',(#8635));
#4516=FACE_BOUND('',#4517,.T.);
#4517=EDGE_LOOP('',(#8636));
#4518=PLANE('',#4519);
#4519=AXIS2_PLACEMENT_3D('',#4520,#4521,#4522);
#4520=CARTESIAN_POINT('',(1.,0.,0.));
#4521=DIRECTION('',(1.,-1.29893408435324E-16,1.29893408435324E-16));
#4522=DIRECTION('',(-1.07775327411441E-33,-0.707106781186548,-0.707106781186548));
#4523=FACE_BOUND('',#4524,.T.);
#4524=EDGE_LOOP('',(#8637));
#4525=FACE_BOUND('',#4526,.T.);
#4526=EDGE_LOOP('',(#8638));
#4527=PLANE('',#4528);
#4528=AXIS2_PLACEMENT_3D('',#4529,#4530,#4531);
#4529=CARTESIAN_POINT('',(1.,0.,0.));
#4530=DIRECTION('',(1.,-1.83697019872103E-16,0.));
#4531=DIRECTION('',(0.,2.06626051949262E-48,-1.));
#4532=FACE_BOUND('',#4533,.T.);
#4533=EDGE_LOOP('',(#8639));
#4534=FACE_BOUND('',#4535,.T.);
#4535=EDGE_LOOP('',(#8640));
#4536=PLANE('',#4537);
#4537=AXIS2_PLACEMENT_3D('',#4538,#4539,#4540);
#4538=CARTESIAN_POINT('',(1.,0.,0.));
#4539=DIRECTION('',(1.,-1.29893408435324E-16,-1.29893408435324E-16));
#4540=DIRECTION('',(-1.07775327411441E-33,0.707106781186548,-0.707106781186548));
#4541=FACE_OUTER_BOUND('',#4542,.T.);
#4542=EDGE_LOOP('',(#8641));
#4543=FACE_OUTER_BOUND('',#4544,.T.);
#4544=EDGE_LOOP('',(#8642));
#4545=CYLINDRICAL_SURFACE('',#4546,4.);
#4546=AXIS2_PLACEMENT_3D('',#4547,#4548,#4549);
#4547=CARTESIAN_POINT('',(-2.66453525910038E-15,-14.142135623731,14.142135623731));
#4548=DIRECTION('',(1.,-1.29893408435324E-16,-1.29893408435324E-16));
#4549=DIRECTION('',(-1.07775327411436E-33,-0.707106781186548,0.707106781186548));
#4550=FACE_OUTER_BOUND('',#4551,.T.);
#4551=EDGE_LOOP('',(#8643));
#4552=FACE_OUTER_BOUND('',#4553,.T.);
#4553=EDGE_LOOP('',(#8644));
#4554=CYLINDRICAL_SURFACE('',#4555,4.);
#4555=AXIS2_PLACEMENT_3D('',#4556,#4557,#4558);
#4556=CARTESIAN_POINT('',(-2.66453525910038E-15,2.44929359829471E-15,20.));
#4557=DIRECTION('',(1.,-1.83697019872103E-16,0.));
#4558=DIRECTION('',(2.24963967399278E-32,1.22464679914735E-16,1.));
#4559=FACE_OUTER_BOUND('',#4560,.T.);
#4560=EDGE_LOOP('',(#8645));
#4561=FACE_OUTER_BOUND('',#4562,.T.);
#4562=EDGE_LOOP('',(#8646));
#4563=CYLINDRICAL_SURFACE('',#4564,4.);
#4564=AXIS2_PLACEMENT_3D('',#4565,#4566,#4567);
#4565=CARTESIAN_POINT('',(-2.66453525910038E-15,14.142135623731,14.142135623731));
#4566=DIRECTION('',(1.,-1.29893408435324E-16,1.29893408435324E-16));
#4567=DIRECTION('',(-1.07775327411436E-33,0.707106781186548,0.707106781186548));
#4568=FACE_OUTER_BOUND('',#4569,.T.);
#4569=EDGE_LOOP('',(#8647));
#4570=FACE_OUTER_BOUND('',#4571,.T.);
#4571=EDGE_LOOP('',(#8648));
#4572=CYLINDRICAL_SURFACE('',#4573,4.);
#4573=AXIS2_PLACEMENT_3D('',#4574,#4575,#4576);
#4574=CARTESIAN_POINT('',(-2.66453525910038E-15,20.,-2.44929359829471E-15));
#4575=DIRECTION('',(1.,0.,1.83697019872103E-16));
#4576=DIRECTION('',(2.24963967399278E-32,1.,-1.22464679914735E-16));
#4577=FACE_OUTER_BOUND('',#4578,.T.);
#4578=EDGE_LOOP('',(#8649));
#4579=FACE_OUTER_BOUND('',#4580,.T.);
#4580=EDGE_LOOP('',(#8650));
#4581=CYLINDRICAL_SURFACE('',#4582,4.);
#4582=AXIS2_PLACEMENT_3D('',#4583,#4584,#4585);
#4583=CARTESIAN_POINT('',(-2.66453525910038E-15,14.142135623731,-14.142135623731));
#4584=DIRECTION('',(1.,1.29893408435324E-16,1.29893408435324E-16));
#4585=DIRECTION('',(-1.07775327411437E-33,0.707106781186548,-0.707106781186548));
#4586=FACE_OUTER_BOUND('',#4587,.T.);
#4587=EDGE_LOOP('',(#8651));
#4588=FACE_OUTER_BOUND('',#4589,.T.);
#4589=EDGE_LOOP('',(#8652));
#4590=CYLINDRICAL_SURFACE('',#4591,4.);
#4591=AXIS2_PLACEMENT_3D('',#4592,#4593,#4594);
#4592=CARTESIAN_POINT('',(-2.66453525910038E-15,-2.44929359829471E-15,-20.));
#4593=DIRECTION('',(1.,1.83697019872103E-16,0.));
#4594=DIRECTION('',(2.24963967399278E-32,-1.22464679914735E-16,-1.));
#4595=FACE_OUTER_BOUND('',#4596,.T.);
#4596=EDGE_LOOP('',(#8653));
#4597=FACE_OUTER_BOUND('',#4598,.T.);
#4598=EDGE_LOOP('',(#8654));
#4599=CYLINDRICAL_SURFACE('',#4600,4.);
#4600=AXIS2_PLACEMENT_3D('',#4601,#4602,#4603);
#4601=CARTESIAN_POINT('',(-2.66453525910038E-15,-14.142135623731,-14.142135623731));
#4602=DIRECTION('',(1.,1.29893408435324E-16,-1.29893408435324E-16));
#4603=DIRECTION('',(-1.07775327411437E-33,-0.707106781186548,-0.707106781186548));
#4604=FACE_OUTER_BOUND('',#4605,.T.);
#4605=EDGE_LOOP('',(#8655));
#4606=FACE_OUTER_BOUND('',#4607,.T.);
#4607=EDGE_LOOP('',(#8656));
#4608=CONICAL_SURFACE('',#4609,29.5,0.785398163397448);
#4609=AXIS2_PLACEMENT_3D('',#4610,#4611,#4612);
#4610=CARTESIAN_POINT('',(0.5,2.E-300,-9.18485099360515E-17));
#4611=DIRECTION('',(1.,1.3684555315672E-48,-1.83697019872103E-16));
#4612=DIRECTION('',(1.12481983699639E-32,1.,6.12323399573677E-17));
#4613=FACE_OUTER_BOUND('',#4614,.T.);
#4614=EDGE_LOOP('',(#8657));
#4615=FACE_OUTER_BOUND('',#4616,.T.);
#4616=EDGE_LOOP('',(#8658));
#4617=CYLINDRICAL_SURFACE('',#4618,4.);
#4618=AXIS2_PLACEMENT_3D('',#4619,#4620,#4621);
#4619=CARTESIAN_POINT('',(-5.55111512312578E-15,-20.,1.22464679914735E-15));
#4620=DIRECTION('',(1.,0.,-1.83697019872103E-16));
#4621=DIRECTION('',(1.12481983699639E-32,-1.,6.12323399573677E-17));
#4622=FACE_OUTER_BOUND('',#4623,.T.);
#4623=EDGE_LOOP('',(#8659));
#4624=FACE_OUTER_BOUND('',#4625,.T.);
#4625=EDGE_LOOP('',(#8660));
#4626=CYLINDRICAL_SURFACE('',#4627,5.);
#4627=AXIS2_PLACEMENT_3D('',#4628,#4629,#4630);
#4628=CARTESIAN_POINT('',(1.,-14.142135623731,-14.142135623731));
#4629=DIRECTION('',(1.,1.29893408435324E-16,-1.29893408435324E-16));
#4630=DIRECTION('',(-1.07775327411441E-33,0.707106781186548,0.707106781186548));
#4631=FACE_OUTER_BOUND('',#4632,.T.);
#4632=EDGE_LOOP('',(#8661));
#4633=FACE_OUTER_BOUND('',#4634,.T.);
#4634=EDGE_LOOP('',(#8662));
#4635=CYLINDRICAL_SURFACE('',#4636,5.);
#4636=AXIS2_PLACEMENT_3D('',#4637,#4638,#4639);
#4637=CARTESIAN_POINT('',(1.,-2.2655965784226E-15,-20.));
#4638=DIRECTION('',(1.,1.83697019872103E-16,0.));
#4639=DIRECTION('',(0.,-2.06626051949262E-48,1.));
#4640=FACE_OUTER_BOUND('',#4641,.T.);
#4641=EDGE_LOOP('',(#8663));
#4642=FACE_OUTER_BOUND('',#4643,.T.);
#4643=EDGE_LOOP('',(#8664));
#4644=CYLINDRICAL_SURFACE('',#4645,5.);
#4645=AXIS2_PLACEMENT_3D('',#4646,#4647,#4648);
#4646=CARTESIAN_POINT('',(1.,14.142135623731,-14.142135623731));
#4647=DIRECTION('',(1.,1.29893408435324E-16,1.29893408435324E-16));
#4648=DIRECTION('',(-1.07775327411441E-33,-0.707106781186548,0.707106781186548));
#4649=FACE_OUTER_BOUND('',#4650,.T.);
#4650=EDGE_LOOP('',(#8665));
#4651=FACE_OUTER_BOUND('',#4652,.T.);
#4652=EDGE_LOOP('',(#8666));
#4653=CYLINDRICAL_SURFACE('',#4654,5.);
#4654=AXIS2_PLACEMENT_3D('',#4655,#4656,#4657);
#4655=CARTESIAN_POINT('',(1.,20.,-2.2655965784226E-15));
#4656=DIRECTION('',(1.,0.,1.83697019872103E-16));
#4657=DIRECTION('',(0.,-1.,-2.06626051949262E-48));
#4658=FACE_OUTER_BOUND('',#4659,.T.);
#4659=EDGE_LOOP('',(#8667));
#4660=FACE_OUTER_BOUND('',#4661,.T.);
#4661=EDGE_LOOP('',(#8668));
#4662=CYLINDRICAL_SURFACE('',#4663,5.);
#4663=AXIS2_PLACEMENT_3D('',#4664,#4665,#4666);
#4664=CARTESIAN_POINT('',(1.,14.142135623731,14.142135623731));
#4665=DIRECTION('',(1.,-1.29893408435324E-16,1.29893408435324E-16));
#4666=DIRECTION('',(-1.07775327411441E-33,-0.707106781186548,-0.707106781186548));
#4667=FACE_OUTER_BOUND('',#4668,.T.);
#4668=EDGE_LOOP('',(#8669));
#4669=FACE_OUTER_BOUND('',#4670,.T.);
#4670=EDGE_LOOP('',(#8670));
#4671=CYLINDRICAL_SURFACE('',#4672,5.);
#4672=AXIS2_PLACEMENT_3D('',#4673,#4674,#4675);
#4673=CARTESIAN_POINT('',(1.,2.2655965784226E-15,20.));
#4674=DIRECTION('',(1.,-1.83697019872103E-16,0.));
#4675=DIRECTION('',(0.,2.06626051949262E-48,-1.));
#4676=FACE_OUTER_BOUND('',#4677,.T.);
#4677=EDGE_LOOP('',(#8671));
#4678=FACE_OUTER_BOUND('',#4679,.T.);
#4679=EDGE_LOOP('',(#8672));
#4680=CYLINDRICAL_SURFACE('',#4681,5.);
#4681=AXIS2_PLACEMENT_3D('',#4682,#4683,#4684);
#4682=CARTESIAN_POINT('',(1.,-14.142135623731,14.142135623731));
#4683=DIRECTION('',(1.,-1.29893408435324E-16,-1.29893408435324E-16));
#4684=DIRECTION('',(-1.07775327411441E-33,0.707106781186548,-0.707106781186548));
#4685=FACE_OUTER_BOUND('',#4686,.T.);
#4686=EDGE_LOOP('',(#8673));
#4687=FACE_OUTER_BOUND('',#4688,.T.);
#4688=EDGE_LOOP('',(#8674));
#4689=CYLINDRICAL_SURFACE('',#4690,30.);
#4690=AXIS2_PLACEMENT_3D('',#4691,#4692,#4693);
#4691=CARTESIAN_POINT('',(3.67394043297444E-316,2.E-300,2.E-300));
#4692=DIRECTION('',(1.,0.,-1.83697019872103E-16));
#4693=DIRECTION('',(1.12481983699639E-32,1.,6.12323399573677E-17));
#4694=FACE_BOUND('',#4695,.T.);
#4695=EDGE_LOOP('',(#8675));
#4696=FACE_BOUND('',#4697,.T.);
#4697=EDGE_LOOP('',(#8676));
#4698=PLANE('',#4699);
#4699=AXIS2_PLACEMENT_3D('',#4700,#4701,#4702);
#4700=CARTESIAN_POINT('',(1.,0.,0.));
#4701=DIRECTION('',(1.,0.,-1.83697019872103E-16));
#4702=DIRECTION('',(1.12481983699639E-32,1.,6.12323399573677E-17));
#4703=FACE_BOUND('',#4704,.T.);
#4704=EDGE_LOOP('',(#8677));
#4705=FACE_BOUND('',#4706,.T.);
#4706=EDGE_LOOP('',(#8678));
#4707=FACE_BOUND('',#4708,.T.);
#4708=EDGE_LOOP('',(#8679));
#4709=FACE_BOUND('',#4710,.T.);
#4710=EDGE_LOOP('',(#8680));
#4711=FACE_BOUND('',#4712,.T.);
#4712=EDGE_LOOP('',(#8681));
#4713=FACE_BOUND('',#4714,.T.);
#4714=EDGE_LOOP('',(#8682));
#4715=FACE_BOUND('',#4716,.T.);
#4716=EDGE_LOOP('',(#8683));
#4717=FACE_BOUND('',#4718,.T.);
#4718=EDGE_LOOP('',(#8684));
#4719=FACE_BOUND('',#4720,.T.);
#4720=EDGE_LOOP('',(#8685));
#4721=FACE_BOUND('',#4722,.T.);
#4722=EDGE_LOOP('',(#8686));
#4723=PLANE('',#4724);
#4724=AXIS2_PLACEMENT_3D('',#4725,#4726,#4727);
#4725=CARTESIAN_POINT('',(5.,0.,0.));
#4726=DIRECTION('',(1.,0.,-1.83697019872103E-16));
#4727=DIRECTION('',(1.12481983699639E-32,1.,6.12323399573677E-17));
#4728=FACE_OUTER_BOUND('',#4729,.T.);
#4729=EDGE_LOOP('',(#8687));
#4730=FACE_OUTER_BOUND('',#4731,.T.);
#4731=EDGE_LOOP('',(#8688));
#4732=CONICAL_SURFACE('',#4733,29.5,0.785398163397448);
#4733=AXIS2_PLACEMENT_3D('',#4734,#4735,#4736);
#4734=CARTESIAN_POINT('',(4.5,2.E-300,-8.26636589424463E-16));
#4735=DIRECTION('',(-1.,-1.3684555315672E-48,1.83697019872103E-16));
#4736=DIRECTION('',(-1.12481983699639E-32,-1.,-6.12323399573677E-17));
#4737=FACE_OUTER_BOUND('',#4738,.T.);
#4738=EDGE_LOOP('',(#8689));
#4739=FACE_OUTER_BOUND('',#4740,.T.);
#4740=EDGE_LOOP('',(#8690));
#4741=CYLINDRICAL_SURFACE('',#4742,5.);
#4742=AXIS2_PLACEMENT_3D('',#4743,#4744,#4745);
#4743=CARTESIAN_POINT('',(1.,-20.,1.04094977927525E-15));
#4744=DIRECTION('',(1.,0.,-1.83697019872103E-16));
#4745=DIRECTION('',(1.12481983699639E-32,1.,6.12323399573677E-17));
#4746=FACE_OUTER_BOUND('',#4747,.T.);
#4747=EDGE_LOOP('',(#8691));
#4748=FACE_OUTER_BOUND('',#4749,.T.);
#4749=EDGE_LOOP('',(#8692));
#4750=CYLINDRICAL_SURFACE('',#4751,2.5);
#4751=AXIS2_PLACEMENT_3D('',#4752,#4753,#4754);
#4752=CARTESIAN_POINT('',(5.,1.E-300,-9.18485099360515E-16));
#4753=DIRECTION('',(1.,0.,-1.83697019872103E-16));
#4754=DIRECTION('',(1.12481983699639E-32,1.,6.12323399573677E-17));
#4755=FACE_OUTER_BOUND('',#4756,.T.);
#4756=EDGE_LOOP('',(#8693));
#4757=FACE_OUTER_BOUND('',#4758,.T.);
#4758=EDGE_LOOP('',(#8694));
#4759=CONICAL_SURFACE('',#4760,5.25,0.785398163397448);
#4760=AXIS2_PLACEMENT_3D('',#4761,#4762,#4763);
#4761=CARTESIAN_POINT('',(4.75,-20.,3.52085954754864E-16));
#4762=DIRECTION('',(1.,0.,-1.83697019872103E-16));
#4763=DIRECTION('',(1.12481983699639E-32,1.,6.12323399573676E-17));
#4764=FACE_BOUND('',#4765,.T.);
#4765=EDGE_LOOP('',(#8695));
#4766=PLANE('',#4767);
#4767=AXIS2_PLACEMENT_3D('',#4768,#4769,#4770);
#4768=CARTESIAN_POINT('',(35.,0.,0.));
#4769=DIRECTION('',(1.,0.,-1.83697019872103E-16));
#4770=DIRECTION('',(1.12481983699639E-32,1.,6.12323399573677E-17));
#4771=FACE_OUTER_BOUND('',#4772,.T.);
#4772=EDGE_LOOP('',(#8696));
#4773=FACE_OUTER_BOUND('',#4774,.T.);
#4774=EDGE_LOOP('',(#8697));
#4775=CONICAL_SURFACE('',#4776,5.25,0.785398163397446);
#4776=AXIS2_PLACEMENT_3D('',#4777,#4778,#4779);
#4777=CARTESIAN_POINT('',(4.75,-14.142135623731,-14.142135623731));
#4778=DIRECTION('',(1.,1.23259516440783E-32,-1.83697019872103E-16));
#4779=DIRECTION('',(1.29893408435324E-16,0.707106781186548,0.707106781186547));
#4780=FACE_OUTER_BOUND('',#4781,.T.);
#4781=EDGE_LOOP('',(#8698));
#4782=FACE_OUTER_BOUND('',#4783,.T.);
#4783=EDGE_LOOP('',(#8699));
#4784=CONICAL_SURFACE('',#4785,5.25,0.785398163397448);
#4785=AXIS2_PLACEMENT_3D('',#4786,#4787,#4788);
#4786=CARTESIAN_POINT('',(4.75,-2.2655965784226E-15,-20.));
#4787=DIRECTION('',(1.,0.,-1.83697019872103E-16));
#4788=DIRECTION('',(1.83697019872103E-16,1.77541418727622E-16,1.));
#4789=FACE_OUTER_BOUND('',#4790,.T.);
#4790=EDGE_LOOP('',(#8700));
#4791=FACE_OUTER_BOUND('',#4792,.T.);
#4792=EDGE_LOOP('',(#8701));
#4793=CONICAL_SURFACE('',#4794,5.25,0.785398163397447);
#4794=AXIS2_PLACEMENT_3D('',#4795,#4796,#4797);
#4795=CARTESIAN_POINT('',(4.75,14.142135623731,-14.142135623731));
#4796=DIRECTION('',(1.,0.,-1.83697019872103E-16));
#4797=DIRECTION('',(1.29893408435324E-16,-0.707106781186548,0.707106781186548));
#4798=FACE_OUTER_BOUND('',#4799,.T.);
#4799=EDGE_LOOP('',(#8702));
#4800=FACE_OUTER_BOUND('',#4801,.T.);
#4801=EDGE_LOOP('',(#8703));
#4802=CONICAL_SURFACE('',#4803,5.25,0.785398163397448);
#4803=AXIS2_PLACEMENT_3D('',#4804,#4805,#4806);
#4804=CARTESIAN_POINT('',(4.75,20.,-2.95446040294299E-15));
#4805=DIRECTION('',(1.,0.,-1.83697019872103E-16));
#4806=DIRECTION('',(7.11195724801447E-32,-1.,3.87156920290056E-16));
#4807=FACE_OUTER_BOUND('',#4808,.T.);
#4808=EDGE_LOOP('',(#8704));
#4809=FACE_OUTER_BOUND('',#4810,.T.);
#4810=EDGE_LOOP('',(#8705));
#4811=CONICAL_SURFACE('',#4812,5.25000000000002,0.785398163397447);
#4812=AXIS2_PLACEMENT_3D('',#4813,#4814,#4815);
#4813=CARTESIAN_POINT('',(4.75000000000002,14.142135623731,14.142135623731));
#4814=DIRECTION('',(1.,1.23259516440783E-32,-1.83697019872103E-16));
#4815=DIRECTION('',(-1.29893408435324E-16,-0.707106781186548,-0.707106781186547));
#4816=FACE_OUTER_BOUND('',#4817,.T.);
#4817=EDGE_LOOP('',(#8706));
#4818=FACE_OUTER_BOUND('',#4819,.T.);
#4819=EDGE_LOOP('',(#8707));
#4820=CONICAL_SURFACE('',#4821,5.25,0.785398163397447);
#4821=AXIS2_PLACEMENT_3D('',#4822,#4823,#4824);
#4822=CARTESIAN_POINT('',(4.75,2.2655965784226E-15,20.));
#4823=DIRECTION('',(1.,0.,-1.83697019872103E-16));
#4824=DIRECTION('',(-1.83697019872103E-16,-1.25380505626991E-16,-1.));
#4825=FACE_OUTER_BOUND('',#4826,.T.);
#4826=EDGE_LOOP('',(#8708));
#4827=FACE_OUTER_BOUND('',#4828,.T.);
#4828=EDGE_LOOP('',(#8709));
#4829=CONICAL_SURFACE('',#4830,5.25,0.785398163397449);
#4830=AXIS2_PLACEMENT_3D('',#4831,#4832,#4833);
#4831=CARTESIAN_POINT('',(4.75,-14.142135623731,14.142135623731));
#4832=DIRECTION('',(1.,1.23259516440783E-32,-1.83697019872103E-16));
#4833=DIRECTION('',(-1.29893408435324E-16,0.707106781186547,-0.707106781186548));
#4834=FACE_OUTER_BOUND('',#4835,.T.);
#4835=EDGE_LOOP('',(#8710));
#4836=FACE_OUTER_BOUND('',#4837,.T.);
#4837=EDGE_LOOP('',(#8711));
#4838=CONICAL_SURFACE('',#4839,5.,0.785398163397448);
#4839=AXIS2_PLACEMENT_3D('',#4840,#4841,#4842);
#4840=CARTESIAN_POINT('',(7.5,1.E-300,-1.37772764904077E-15));
#4841=DIRECTION('',(-1.,0.,1.83697019872103E-16));
#4842=DIRECTION('',(-1.12481983699639E-32,-1.,-6.12323399573677E-17));
#4843=FACE_OUTER_BOUND('',#4844,.T.);
#4844=EDGE_LOOP('',(#8712));
#4845=FACE_BOUND('',#4846,.T.);
#4846=EDGE_LOOP('',(#8713,#8714,#8715,#8716,#8717,#8718,#8719,#8720,#8721,#8722,
#8723,#8724,#8725,#8726,#8727,#8728,#8729,#8730,#8731,#8732,#8733,#8734,#8735,#8736,
#8737));
#4847=CYLINDRICAL_SURFACE('',#4848,1.75);
#4848=AXIS2_PLACEMENT_3D('',#4849,#4850,#4851);
#4849=CARTESIAN_POINT('',(-2.5,1.94444444444444E-301,4.59242549680257E-16));
#4850=DIRECTION('',(1.,0.,-1.83697019872103E-16));
#4851=DIRECTION('',(1.12481983699639E-32,1.,6.12323399573677E-17));
#4852=FACE_BOUND('',#4853,.T.);
#4853=EDGE_LOOP('',(#8738,#8739));
#4854=FACE_BOUND('',#4855,.T.);
#4855=EDGE_LOOP('',(#8740,#8741,#8742,#8743,#8744,#8745,#8746,#8747,#8748,#8749,
#8750,#8751,#8752,#8753,#8754,#8755,#8756,#8757,#8758));
#4856=PLANE('',#4857);
#4857=AXIS2_PLACEMENT_3D('',#4858,#4859,#4860);
#4858=CARTESIAN_POINT('',(-2.5,0.,0.));
#4859=DIRECTION('',(1.,0.,-1.83697019872103E-16));
#4860=DIRECTION('',(1.12481983699639E-32,1.,6.12323399573677E-17));
#4861=FACE_BOUND('',#4862,.T.);
#4862=EDGE_LOOP('',(#8759,#8760,#8761));
#4863=PLANE('',#4864);
#4864=AXIS2_PLACEMENT_3D('',#4865,#4866,#4867);
#4865=CARTESIAN_POINT('',(0.5,0.,0.));
#4866=DIRECTION('',(-1.,0.,1.83697019872103E-16));
#4867=DIRECTION('',(-1.12481983699639E-32,1.,-6.12323399573677E-17));
#4868=FACE_BOUND('',#4869,.T.);
#4869=EDGE_LOOP('',(#8762,#8763,#8764));
#4870=PLANE('',#4871);
#4871=AXIS2_PLACEMENT_3D('',#4872,#4873,#4874);
#4872=CARTESIAN_POINT('',(0.5,0.,0.));
#4873=DIRECTION('',(-1.,0.,1.83697019872103E-16));
#4874=DIRECTION('',(-1.12481983699639E-32,1.,-6.12323399573677E-17));
#4875=FACE_BOUND('',#4876,.T.);
#4876=EDGE_LOOP('',(#8765,#8766,#8767));
#4877=PLANE('',#4878);
#4878=AXIS2_PLACEMENT_3D('',#4879,#4880,#4881);
#4879=CARTESIAN_POINT('',(0.5,0.,0.));
#4880=DIRECTION('',(-1.,0.,1.83697019872103E-16));
#4881=DIRECTION('',(-1.12481983699639E-32,1.,-6.12323399573677E-17));
#4882=FACE_BOUND('',#4883,.T.);
#4883=EDGE_LOOP('',(#8768,#8769,#8770));
#4884=PLANE('',#4885);
#4885=AXIS2_PLACEMENT_3D('',#4886,#4887,#4888);
#4886=CARTESIAN_POINT('',(0.5,0.,0.));
#4887=DIRECTION('',(-1.,0.,1.83697019872103E-16));
#4888=DIRECTION('',(-1.12481983699639E-32,1.,-6.12323399573677E-17));
#4889=FACE_BOUND('',#4890,.T.);
#4890=EDGE_LOOP('',(#8771,#8772,#8773));
#4891=PLANE('',#4892);
#4892=AXIS2_PLACEMENT_3D('',#4893,#4894,#4895);
#4893=CARTESIAN_POINT('',(0.5,0.,0.));
#4894=DIRECTION('',(-1.,0.,1.83697019872103E-16));
#4895=DIRECTION('',(-1.12481983699639E-32,1.,-6.12323399573677E-17));
#4896=FACE_BOUND('',#4897,.T.);
#4897=EDGE_LOOP('',(#8774,#8775,#8776));
#4898=PLANE('',#4899);
#4899=AXIS2_PLACEMENT_3D('',#4900,#4901,#4902);
#4900=CARTESIAN_POINT('',(0.5,0.,0.));
#4901=DIRECTION('',(-1.,0.,1.83697019872103E-16));
#4902=DIRECTION('',(-1.12481983699639E-32,1.,-6.12323399573677E-17));
#4903=FACE_BOUND('',#4904,.T.);
#4904=EDGE_LOOP('',(#8777,#8778,#8779,#8780));
#4905=PLANE('',#4906);
#4906=AXIS2_PLACEMENT_3D('',#4907,#4908,#4909);
#4907=CARTESIAN_POINT('',(0.5,1.73205080759147,0.999999999968946));
#4908=DIRECTION('',(0.,1.,0.));
#4909=DIRECTION('',(-1.94289029306838E-16,0.,-1.));
#4910=FACE_BOUND('',#4911,.T.);
#4911=EDGE_LOOP('',(#8781,#8782,#8783,#8784));
#4912=PLANE('',#4913);
#4913=AXIS2_PLACEMENT_3D('',#4914,#4915,#4916);
#4914=CARTESIAN_POINT('',(0.5,1.73205080759147,0.999999999968946));
#4915=DIRECTION('',(0.,1.,0.));
#4916=DIRECTION('',(-1.94289029306838E-16,0.,-1.));
#4917=FACE_BOUND('',#4918,.T.);
#4918=EDGE_LOOP('',(#8785,#8786,#8787,#8788));
#4919=PLANE('',#4920);
#4920=AXIS2_PLACEMENT_3D('',#4921,#4922,#4923);
#4921=CARTESIAN_POINT('',(0.5,0.,2.00000000011632));
#4922=DIRECTION('',(1.28197512419837E-16,0.500000000067088,0.866025403745705));
#4923=DIRECTION('',(-5.5511151230525E-17,0.866025403745705,-0.500000000067088));
#4924=FACE_BOUND('',#4925,.T.);
#4925=EDGE_LOOP('',(#8789,#8790,#8791,#8792));
#4926=PLANE('',#4927);
#4927=AXIS2_PLACEMENT_3D('',#4928,#4929,#4930);
#4928=CARTESIAN_POINT('',(0.5,0.,2.00000000011632));
#4929=DIRECTION('',(1.28197512419837E-16,0.500000000067088,0.866025403745705));
#4930=DIRECTION('',(-5.5511151230525E-17,0.866025403745705,-0.500000000067088));
#4931=FACE_BOUND('',#4932,.T.);
#4932=EDGE_LOOP('',(#8793,#8794,#8795,#8796));
#4933=PLANE('',#4934);
#4934=AXIS2_PLACEMENT_3D('',#4935,#4936,#4937);
#4935=CARTESIAN_POINT('',(0.5,-1.73205080751428,1.00000000010265));
#4936=DIRECTION('',(1.92296268638326E-16,-0.500000000000235,0.866025403784303));
#4937=DIRECTION('',(5.5511151230525E-17,0.866025403784303,0.500000000000235));
#4938=FACE_BOUND('',#4939,.T.);
#4939=EDGE_LOOP('',(#8797,#8798,#8799,#8800));
#4940=PLANE('',#4941);
#4941=AXIS2_PLACEMENT_3D('',#4942,#4943,#4944);
#4942=CARTESIAN_POINT('',(0.5,-1.73205080751428,1.00000000010265));
#4943=DIRECTION('',(1.92296268638326E-16,-0.500000000000235,0.866025403784303));
#4944=DIRECTION('',(5.5511151230525E-17,0.866025403784303,0.500000000000235));
#4945=FACE_BOUND('',#4946,.T.);
#4946=EDGE_LOOP('',(#8801,#8802,#8803,#8804));
#4947=PLANE('',#4948);
#4948=AXIS2_PLACEMENT_3D('',#4949,#4950,#4951);
#4949=CARTESIAN_POINT('',(0.5,-1.73205080759174,-0.999999999923751));
#4950=DIRECTION('',(7.16715055913486E-27,-1.,3.87335719049136E-11));
#4951=DIRECTION('',(1.94289029306838E-16,3.87335719049136E-11,1.));
#4952=FACE_BOUND('',#4953,.T.);
#4953=EDGE_LOOP('',(#8805,#8806,#8807,#8808));
#4954=PLANE('',#4955);
#4955=AXIS2_PLACEMENT_3D('',#4956,#4957,#4958);
#4956=CARTESIAN_POINT('',(0.5,-1.73205080759174,-0.999999999923751));
#4957=DIRECTION('',(7.16715055913486E-27,-1.,3.87335719049136E-11));
#4958=DIRECTION('',(1.94289029306838E-16,3.87335719049136E-11,1.));
#4959=FACE_BOUND('',#4960,.T.);
#4960=EDGE_LOOP('',(#8809,#8810,#8811,#8812));
#4961=PLANE('',#4962);
#4962=AXIS2_PLACEMENT_3D('',#4963,#4964,#4965);
#4963=CARTESIAN_POINT('',(0.5,0.,-2.00000000000404));
#4964=DIRECTION('',(-1.28197512422704E-16,-0.500000000033544,-0.866025403765072));
#4965=DIRECTION('',(1.1102230246105E-16,-0.866025403765072,0.500000000033544));
#4966=FACE_BOUND('',#4967,.T.);
#4967=EDGE_LOOP('',(#8813,#8814,#8815,#8816));
#4968=PLANE('',#4969);
#4969=AXIS2_PLACEMENT_3D('',#4970,#4971,#4972);
#4970=CARTESIAN_POINT('',(0.5,0.,-2.00000000000404));
#4971=DIRECTION('',(-1.28197512422704E-16,-0.500000000033544,-0.866025403765072));
#4972=DIRECTION('',(1.1102230246105E-16,-0.866025403765072,0.500000000033544));
#4973=FACE_BOUND('',#4974,.T.);
#4974=EDGE_LOOP('',(#8817,#8818,#8819,#8820));
#4975=PLANE('',#4976);
#4976=AXIS2_PLACEMENT_3D('',#4977,#4978,#4979);
#4977=CARTESIAN_POINT('',(0.5,1.73205080759147,-1.00000000005746));
#4978=DIRECTION('',(-1.92296268642627E-16,0.499999999966691,-0.86602540380367));
#4979=DIRECTION('',(-1.1102230246105E-16,-0.86602540380367,-0.499999999966691));
#4980=FACE_BOUND('',#4981,.T.);
#4981=EDGE_LOOP('',(#8821,#8822,#8823,#8824));
#4982=PLANE('',#4983);
#4983=AXIS2_PLACEMENT_3D('',#4984,#4985,#4986);
#4984=CARTESIAN_POINT('',(0.5,1.73205080759147,-1.00000000005746));
#4985=DIRECTION('',(-1.92296268642627E-16,0.499999999966691,-0.86602540380367));
#4986=DIRECTION('',(-1.1102230246105E-16,-0.86602540380367,-0.499999999966691));
#4987=FACE_BOUND('',#4988,.T.);
#4988=EDGE_LOOP('',(#8825,#8826));
#4989=FACE_BOUND('',#4990,.T.);
#4990=EDGE_LOOP('',(#8827));
#4991=PLANE('',#4992);
#4992=AXIS2_PLACEMENT_3D('',#4993,#4994,#4995);
#4993=CARTESIAN_POINT('',(2.5,0.,0.));
#4994=DIRECTION('',(1.,0.,-1.83697019872103E-16));
#4995=DIRECTION('',(1.12481983699639E-32,1.,6.12323399573677E-17));
#4996=FACE_BOUND('',#4997,.T.);
#4997=EDGE_LOOP('',(#8828,#8829));
#4998=FACE_BOUND('',#4999,.T.);
#4999=EDGE_LOOP('',(#8830,#8831,#8832,#8833,#8834,#8835));
#5000=FACE_BOUND('',#5001,.T.);
#5001=EDGE_LOOP('',(#8836,#8837));
#5002=FACE_BOUND('',#5003,.T.);
#5003=EDGE_LOOP('',(#8838,#8839,#8840,#8841,#8842,#8843));
#5004=FACE_BOUND('',#5005,.T.);
#5005=EDGE_LOOP('',(#8844,#8845,#8846,#8847));
#5006=CYLINDRICAL_SURFACE('',#5007,2.5);
#5007=AXIS2_PLACEMENT_3D('',#5008,#5009,#5010);
#5008=CARTESIAN_POINT('',(-2.5,1.94444444444444E-301,4.59242549680257E-16));
#5009=DIRECTION('',(1.,0.,-1.83697019872103E-16));
#5010=DIRECTION('',(1.12481983699639E-32,1.,6.12323399573677E-17));
#5011=FACE_BOUND('',#5012,.T.);
#5012=EDGE_LOOP('',(#8848,#8849,#8850,#8851,#8852,#8853,#8854));
#5013=B_SPLINE_SURFACE_WITH_KNOTS('',3,3,(
(#5014,#5015,#5016,#5017,#5018,#5019),
(#5020,#5021,#5022,#5023,#5024,#5025),
(#5026,#5027,#5028,#5029,#5030,#5031),
(#5032,#5033,#5034,#5035,#5036,#5037),
(#5038,#5039,#5040,#5041,#5042,#5043),
(#5044,#5045,#5046,#5047,#5048,#5049),
(#5050,#5051,#5052,#5053,#5054,#5055),
(#5056,#5057,#5058,#5059,#5060,#5061),
(#5062,#5063,#5064,#5065,#5066,#5067),
(#5068,#5069,#5070,#5071,#5072,#5073),
(#5074,#5075,#5076,#5077,#5078,#5079),
(#5080,#5081,#5082,#5083,#5084,#5085),
(#5086,#5087,#5088,#5089,#5090,#5091),
(#5092,#5093,#5094,#5095,#5096,#5097),
(#5098,#5099,#5100,#5101,#5102,#5103),
(#5104,#5105,#5106,#5107,#5108,#5109),
(#5110,#5111,#5112,#5113,#5114,#5115),
(#5116,#5117,#5118,#5119,#5120,#5121),
(#5122,#5123,#5124,#5125,#5126,#5127),
(#5128,#5129,#5130,#5131,#5132,#5133),
(#5134,#5135,#5136,#5137,#5138,#5139),
(#5140,#5141,#5142,#5143,#5144,#5145),
(#5146,#5147,#5148,#5149,#5150,#5151),
(#5152,#5153,#5154,#5155,#5156,#5157),
(#5158,#5159,#5160,#5161,#5162,#5163),
(#5164,#5165,#5166,#5167,#5168,#5169)),
.UNSPECIFIED.,.F.,.F.,.F.,
(4,1,1,1,1,1,1,1,1,1,1,1,1,1,1,1,1,1,1,1,1,1,1,4),
(4,2,4),
(0.,0.135317944048086,0.270635888096171,0.405953832144257,0.541271776192343,0.676589720240428,
0.811907664288514,0.947225608336599,1.08254355238468,1.21786149643277,1.35317944048086,
1.48849738452894,1.62381532857703,1.75913327262511,1.8944512166732,2.02976916072128,
2.16508710476937,2.30040504881746,2.43572299286554,2.57104093691363,2.70635888096171,
2.8416768250098,2.97699476905788,3.11231271310597),
(0.,0.893591085182882,1.94032451293834),
.UNSPECIFIED.);
#5014=CARTESIAN_POINT('',(1.34869050161762,1.75,1.87679882716569));
#5015=CARTESIAN_POINT('',(1.23189463718343,11.1650303218486,3.19590885423554));
#5016=CARTESIAN_POINT('',(1.10587752166855,20.6803490617579,4.360287966287));
#5017=CARTESIAN_POINT('',(0.746146723316207,40.9168391827387,4.89583338579424));
#5018=CARTESIAN_POINT('',(0.479650389049452,52.0603511499148,3.74340381636837));
#5019=CARTESIAN_POINT('',(0.218915001408954,63.1109439176939,2.67545807842056));
#5020=CARTESIAN_POINT('',(1.36096970437716,1.75,1.88280632110785));
#5021=CARTESIAN_POINT('',(1.24417383994298,11.1650303218486,3.2019163481777));
#5022=CARTESIAN_POINT('',(1.11108495824232,20.6803490617579,4.37305179708341));
#5023=CARTESIAN_POINT('',(0.749308976132673,40.9168391827387,4.90886461406578));
#5024=CARTESIAN_POINT('',(0.480101477807888,52.0603511499148,3.75253204296744));
#5025=CARTESIAN_POINT('',(0.218943053384484,63.1109439176939,2.68063989287018));
#5026=CARTESIAN_POINT('',(1.38627030279596,1.75,1.89330414184651));
#5027=CARTESIAN_POINT('',(1.25737639349888,11.1650303218486,3.22539859724557));
#5028=CARTESIAN_POINT('',(1.12320418100805,20.6802008895215,4.39790017685263));
#5029=CARTESIAN_POINT('',(0.74913809057447,40.9170127485179,4.93588549703643));
#5030=CARTESIAN_POINT('',(0.482239023713099,52.0603698728703,3.77071445989165));
#5031=CARTESIAN_POINT('',(0.219701181775707,63.1109454324614,2.69099780648851));
#5032=CARTESIAN_POINT('',(1.42587084890172,1.75,1.90426000490856));
#5033=CARTESIAN_POINT('',(1.29064661302387,11.1650303218486,3.24681499388891));
#5034=CARTESIAN_POINT('',(1.14617919772904,20.6800812029058,4.43248874819392));
#5035=CARTESIAN_POINT('',(0.760862463755847,40.9171529468519,4.97442308311135));
#5036=CARTESIAN_POINT('',(0.48908397161303,52.0603849963997,3.7972677145962));
#5037=CARTESIAN_POINT('',(0.222922304827573,63.1109466560199,2.7062337432313));
#5038=CARTESIAN_POINT('',(1.46651876215664,1.75,1.91025836127474));
#5039=CARTESIAN_POINT('',(1.32403252444008,11.1650303218486,3.2668123006632));
#5040=CARTESIAN_POINT('',(1.17356040442909,20.6799210052765,4.46377435594653));
#5041=CARTESIAN_POINT('',(0.775897389068665,40.9173405989183,5.01137503614667));
#5042=CARTESIAN_POINT('',(0.499432369569852,52.0604052388766,3.8226187212624));
#5043=CARTESIAN_POINT('',(0.228167045147955,63.1109482937231,2.72089065746922));
#5044=CARTESIAN_POINT('',(1.50759590414753,1.75,1.91120799822289));
#5045=CARTESIAN_POINT('',(1.36043296472445,11.1650303218486,3.28162362254281));
#5046=CARTESIAN_POINT('',(1.20487604156368,20.6797622810361,4.4911998127522));
#5047=CARTESIAN_POINT('',(0.796209360287365,40.9175265250886,5.04577721349642));
#5048=CARTESIAN_POINT('',(0.513085937221103,52.060425295177,3.84630816950754));
#5049=CARTESIAN_POINT('',(0.235338203448228,63.1109499163639,2.73470120176545));
#5050=CARTESIAN_POINT('',(1.54847759000358,1.75,1.90709447218369));
#5051=CARTESIAN_POINT('',(1.3983392139786,11.1650303218486,3.29190058010657));
#5052=CARTESIAN_POINT('',(1.23958485072558,20.6795974929617,4.51427334583669));
#5053=CARTESIAN_POINT('',(0.820803615741022,40.9177195543038,5.07709035501691));
#5054=CARTESIAN_POINT('',(0.529786512746219,52.0604461176998,3.86790831692027));
#5055=CARTESIAN_POINT('',(0.244303446553742,63.1109516009954,2.74741365456272));
#5056=CARTESIAN_POINT('',(1.58854211233433,1.75,1.89798034015237));
#5057=CARTESIAN_POINT('',(1.43738193819343,11.1650303218486,3.29720706526022));
#5058=CARTESIAN_POINT('',(1.27708437523777,20.6794323716383,4.53257910490485));
#5059=CARTESIAN_POINT('',(0.849376552234695,40.9179129738799,5.1047328962263));
#5060=CARTESIAN_POINT('',(0.549221031810699,52.0604669823317,3.88703052867084));
#5061=CARTESIAN_POINT('',(0.254897755082779,63.1109532890337,2.75879650602346));
#5062=CARTESIAN_POINT('',(1.62718018940695,1.75,1.88400420520153));
#5063=CARTESIAN_POINT('',(1.47685753049901,11.1650303218486,3.29749941625916));
#5064=CARTESIAN_POINT('',(1.31672175674146,20.679269024855,4.54578420027341));
#5065=CARTESIAN_POINT('',(0.881347768786776,40.9181043147977,5.12821916131457));
#5066=CARTESIAN_POINT('',(0.571027315231187,52.0604876227339,3.90333232278082));
#5067=CARTESIAN_POINT('',(0.26692645201648,63.1109549589308,2.76864267548375));
#5068=CARTESIAN_POINT('',(1.6638042325275,1.75,1.86537860951853));
#5069=CARTESIAN_POINT('',(1.51613615713274,11.1650303218486,3.29273292731982));
#5070=CARTESIAN_POINT('',(1.35780506807326,20.679110400586,4.55364486479115));
#5071=CARTESIAN_POINT('',(0.916131772725106,40.9182901238635,5.14713376981549));
#5072=CARTESIAN_POINT('',(0.594800788114957,52.0605076664019,3.91652349857798));
#5073=CARTESIAN_POINT('',(0.280168775259746,63.1109565805496,2.77677327997792));
#5074=CARTESIAN_POINT('',(1.6978572813368,1.75,1.84238680194274));
#5075=CARTESIAN_POINT('',(1.55456592467533,11.1650303218486,3.28296868551276));
#5076=CARTESIAN_POINT('',(1.39961545797907,20.6789590327146,4.55601089901571));
#5077=CARTESIAN_POINT('',(0.953078928841561,40.9184674329409,5.16114815040538));
#5078=CARTESIAN_POINT('',(0.62010194503715,52.0605267931559,3.92637131752506));
#5079=CARTESIAN_POINT('',(0.294381923733968,63.1109581279861,2.78304088622276));
#5080=CARTESIAN_POINT('',(1.72882147391206,1.75,1.81537843051787));
#5081=CARTESIAN_POINT('',(1.59151215847066,11.1650303218486,3.26834459515259));
#5082=CARTESIAN_POINT('',(1.44141976694536,20.6788173239876,4.55282851362553));
#5083=CARTESIAN_POINT('',(0.991506190001205,40.9186334275038,5.17002382144057));
#5084=CARTESIAN_POINT('',(0.646464440534404,52.0605446993861,3.93270462259655));
#5085=CARTESIAN_POINT('',(0.309305504261158,63.110959576677,2.78733218664524));
#5086=CARTESIAN_POINT('',(1.75622592212178,1.75,1.7847642252012));
#5087=CARTESIAN_POINT('',(1.62636035195209,11.1650303218486,3.24908103838982));
#5088=CARTESIAN_POINT('',(1.48248342593914,20.6786874231309,4.54414146366031));
#5089=CARTESIAN_POINT('',(1.03070465453258,40.9187855905807,5.17361713163146));
#5090=CARTESIAN_POINT('',(0.673403652111388,52.0605611135809,3.93541682873989));
#5091=CARTESIAN_POINT('',(0.324666297512876,63.1109609046558,2.78957005091238));
#5092=CARTESIAN_POINT('',(1.77965387266846,1.75,1.75100975168974));
#5093=CARTESIAN_POINT('',(1.65852848540555,11.1650303218486,3.22547553777948));
#5094=CARTESIAN_POINT('',(1.52208340131288,20.6785712172426,4.530090465713));
#5095=CARTESIAN_POINT('',(1.06995391851026,40.9189217116653,5.17188142474956));
#5096=CARTESIAN_POINT('',(0.700425560197186,52.0605757972877,3.9344677304014));
#5097=CARTESIAN_POINT('',(0.340183255958549,63.1109620926307,2.78971491575089));
#5098=CARTESIAN_POINT('',(1.79874904486441,1.75,1.71462833132635));
#5099=CARTESIAN_POINT('',(1.6874762970955,11.1650303218486,3.19789866862299));
#5100=CARTESIAN_POINT('',(1.55952095953988,20.6784703006712,4.51091090180788));
#5101=CARTESIAN_POINT('',(1.1085349251378,40.9190399231723,5.16486765890384));
#5102=CARTESIAN_POINT('',(0.727035782461782,52.0605885490455,3.92988409563417));
#5103=CARTESIAN_POINT('',(0.355572642423311,63.1109631243027,2.78776548796361));
#5104=CARTESIAN_POINT('',(1.81322104877246,1.75,1.67617323476234));
#5105=CARTESIAN_POINT('',(1.71271444067032,11.1650303218486,3.16678816040794));
#5106=CARTESIAN_POINT('',(1.59413402524145,20.6783859563465,4.48692884872998));
#5107=CARTESIAN_POINT('',(1.14574311159442,40.9191387223048,5.15272316360293));
#5108=CARTESIAN_POINT('',(0.752748597739175,52.0605992067441,3.92175903792727));
#5109=CARTESIAN_POINT('',(0.37055321536487,63.1109639865562,2.78375874809209));
#5110=CARTESIAN_POINT('',(1.82284980131422,1.75,1.63622926809277));
#5111=CARTESIAN_POINT('',(1.7338132193435,11.1650303218486,3.13264161079258));
#5112=CARTESIAN_POINT('',(1.62530891353549,20.6783191457393,4.4585555002729));
#5113=CARTESIAN_POINT('',(1.1809015102244,40.9192169828169,5.13568873406442));
#5114=CARTESIAN_POINT('',(0.77709579515281,52.0606076488925,3.91025017926804));
#5115=CARTESIAN_POINT('',(0.384851366153454,63.1109646695623,2.77776925495056));
#5116=CARTESIAN_POINT('',(1.82748887317765,1.75,1.59540387940768));
#5117=CARTESIAN_POINT('',(1.75040827184585,11.1650303218486,3.09600973314498));
#5118=CARTESIAN_POINT('',(1.65249122880588,20.6782704874245,4.42628007767658));
#5119=CARTESIAN_POINT('',(1.21337194614399,40.9192739801229,5.11409373853268));
#5120=CARTESIAN_POINT('',(0.799635187428664,52.0606137973282,3.89557664001195));
#5121=CARTESIAN_POINT('',(0.398206114547313,63.1109651669971,2.76990776402131));
#5122=CARTESIAN_POINT('',(1.82706771566837,1.75,1.55431792104736));
#5123=CARTESIAN_POINT('',(1.76221316826714,11.1650303218486,3.05748270102079));
#5124=CARTESIAN_POINT('',(1.67519573455101,20.6782403082458,4.39066135429715));
#5125=CARTESIAN_POINT('',(1.24257071143309,40.9193093313655,5.08835068370999));
#5126=CARTESIAN_POINT('',(0.819958633983224,52.0606176107512,3.87801491203643));
#5127=CARTESIAN_POINT('',(0.410373871198992,63.1109654755194,2.76031918522745));
#5128=CARTESIAN_POINT('',(1.82159273347926,1.75,1.51359620789204));
#5129=CARTESIAN_POINT('',(1.76900094925266,11.1650303218486,3.01769819182074));
#5130=CARTESIAN_POINT('',(1.69301502421376,20.6782284506811,4.35231793037454));
#5131=CARTESIAN_POINT('',(1.26796371921201,40.9193232210625,5.0589443138917));
#5132=CARTESIAN_POINT('',(0.83769942757935,52.060619109066,3.85789369347533));
#5133=CARTESIAN_POINT('',(0.421132880241591,63.1109655967395,2.74917991764874));
#5134=CARTESIAN_POINT('',(1.81114718766473,1.75,1.47385801584025));
#5135=CARTESIAN_POINT('',(1.77069586298369,11.1650303218486,2.9772650273138));
#5136=CARTESIAN_POINT('',(1.70562681653338,20.6782350171007,4.31191747156384));
#5137=CARTESIAN_POINT('',(1.28913349515,40.9193155292994,5.02643420229557));
#5138=CARTESIAN_POINT('',(0.852538913703521,52.0606182793371,3.83558777628631));
#5139=CARTESIAN_POINT('',(0.43028726115206,63.1109655296109,2.73669461012871));
#5140=CARTESIAN_POINT('',(1.79588992805304,1.75,1.43570766284562));
#5141=CARTESIAN_POINT('',(1.76704771204883,11.1650303218486,2.93699916703493));
#5142=CARTESIAN_POINT('',(1.71279982508021,20.6782576432113,4.2701649362711));
#5143=CARTESIAN_POINT('',(1.30557243130654,40.9192890255588,4.99140079205223));
#5144=CARTESIAN_POINT('',(0.864212212722361,52.0606154203153,3.81151111685264));
#5145=CARTESIAN_POINT('',(0.437670575411945,63.1109652983038,2.72309240712176));
#5146=CARTESIAN_POINT('',(1.77605298274196,1.75,1.39972532368041));
#5147=CARTESIAN_POINT('',(1.75885749698762,11.1650303218486,2.89699214511144));
#5148=CARTESIAN_POINT('',(1.71439779595695,20.6783017490751,4.22779060810497));
#5149=CARTESIAN_POINT('',(1.31749123163383,40.9192373608961,4.95459711053253));
#5150=CARTESIAN_POINT('',(0.872512980916054,52.0606098471247,3.78610915307544));
#5151=CARTESIAN_POINT('',(0.443148856011581,63.1109648474087,2.70862274876067));
#5152=CARTESIAN_POINT('',(1.75193801010371,1.75,1.36645818851724));
#5153=CARTESIAN_POINT('',(1.74340692063473,11.1650303218486,2.86003589104801));
#5154=CARTESIAN_POINT('',(1.71038276069963,20.6783423797359,4.18553586800138));
#5155=CARTESIAN_POINT('',(1.32283153975802,40.9191897670117,4.91632844322546));
#5156=CARTESIAN_POINT('',(0.877296979343031,52.0606047130586,3.75985074901978));
#5157=CARTESIAN_POINT('',(0.446623033418182,63.1109644320407,2.69355080130387));
#5158=CARTESIAN_POINT('',(1.733253859244,1.75,1.3464275363246));
#5159=CARTESIAN_POINT('',(1.73547742167398,11.1650303218486,2.83253807660455));
#5160=CARTESIAN_POINT('',(1.70400309530945,20.6784252842228,4.157942255646));
#5161=CARTESIAN_POINT('',(1.32656861458418,40.9190926544742,4.89124937602498));
#5162=CARTESIAN_POINT('',(0.878088947147083,52.0605942372971,3.74209626302264));
#5163=CARTESIAN_POINT('',(0.447561515063524,63.1109635845066,2.68328533666934));
#5164=CARTESIAN_POINT('',(1.72333091498745,1.75,1.33702519719243));
#5165=CARTESIAN_POINT('',(1.72555447741743,11.1650303218486,2.82313573747238));
#5166=CARTESIAN_POINT('',(1.69991483401834,20.6784252842228,4.14440871379036));
#5167=CARTESIAN_POINT('',(1.32415947169933,40.9190926544742,4.87805813712559));
#5168=CARTESIAN_POINT('',(0.877883214952766,52.0605942372971,3.7332385625716));
#5169=CARTESIAN_POINT('',(0.447682245237939,63.1109635845066,2.67814520533273));
#5170=FACE_BOUND('',#5171,.T.);
#5171=EDGE_LOOP('',(#8855,#8856,#8857));
#5172=PLANE('',#5173);
#5173=AXIS2_PLACEMENT_3D('',#5174,#5175,#5176);
#5174=CARTESIAN_POINT('',(0.,1.75,0.));
#5175=DIRECTION('',(0.,1.,6.12323399573677E-17));
#5176=DIRECTION('',(-1.,7.49879891330928E-33,-1.22464679914735E-16));
#5177=FACE_BOUND('',#5178,.T.);
#5178=EDGE_LOOP('',(#8858,#8859,#8860,#8861,#8862,#8863,#8864));
#5179=B_SPLINE_SURFACE_WITH_KNOTS('',3,3,(
(#5180,#5181,#5182,#5183,#5184,#5185),
(#5186,#5187,#5188,#5189,#5190,#5191),
(#5192,#5193,#5194,#5195,#5196,#5197),
(#5198,#5199,#5200,#5201,#5202,#5203),
(#5204,#5205,#5206,#5207,#5208,#5209),
(#5210,#5211,#5212,#5213,#5214,#5215),
(#5216,#5217,#5218,#5219,#5220,#5221),
(#5222,#5223,#5224,#5225,#5226,#5227),
(#5228,#5229,#5230,#5231,#5232,#5233)),
.UNSPECIFIED.,.F.,.F.,.F.,
(4,1,1,1,1,1,4),
(4,2,4),
(0.,0.136115625229061,0.272231250458123,0.408346875687184,0.544462500916245,0.680578126145306,
0.816693751374368),
(0.,0.893591085182882,2.),
.UNSPECIFIED.);
#5180=CARTESIAN_POINT('',(-1.76776695292889,1.75,-1.76776695299331));
#5181=CARTESIAN_POINT('',(-2.03781185537803,11.1650303218486,-4.69351385953924));
#5182=CARTESIAN_POINT('',(-2.24145676326547,20.6540167559707,-7.26160484500856));
#5183=CARTESIAN_POINT('',(-1.85894533204068,41.5718244624264,-8.30414381630237));
#5184=CARTESIAN_POINT('',(-0.975561342998983,53.3316969885152,-5.17760930797672));
#5185=CARTESIAN_POINT('',(-0.174391184360317,65.,-2.49391012564953));
#5186=CARTESIAN_POINT('',(-1.68704286660101,1.75,-1.50597253670951));
#5187=CARTESIAN_POINT('',(-1.95708776905015,11.1650303218486,-4.43171944325544));
#5188=CARTESIAN_POINT('',(-2.07415012989574,20.6540167559707,-6.60508579348313));
#5189=CARTESIAN_POINT('',(-1.69075673521648,41.5718244624264,-7.619129107539));
#5190=CARTESIAN_POINT('',(-0.874338410736277,53.3316969885152,-4.69640746345099));
#5191=CARTESIAN_POINT('',(-0.132899418477532,65.,-2.21894908960782));
#5192=CARTESIAN_POINT('',(-1.48990586484401,1.75,-0.993390221456156));
#5193=CARTESIAN_POINT('',(-1.61307781512286,11.1650303218486,-3.1855495508418));
#5194=CARTESIAN_POINT('',(-1.7321486411784,20.6688169400076,-5.29477862143739));
#5195=CARTESIAN_POINT('',(-1.36032368771166,41.5534994636313,-6.12350137911428));
#5196=CARTESIAN_POINT('',(-0.679677202681001,53.3316969885152,-3.73229623092048));
#5197=CARTESIAN_POINT('',(-0.0572447084247126,65.,-1.6679210971778));
#5198=CARTESIAN_POINT('',(-1.09260207828969,1.75,-0.271753027672399));
#5199=CARTESIAN_POINT('',(-1.16775784808564,11.1650303218486,-1.92587704933288));
#5200=CARTESIAN_POINT('',(-1.19912776026158,20.6765824341581,-3.33713595803214));
#5201=CARTESIAN_POINT('',(-0.895229984256932,41.5438845378575,-3.9670800040972));
#5202=CARTESIAN_POINT('',(-0.4105829735171,53.3316969885152,-2.28004384297242));
#5203=CARTESIAN_POINT('',(0.0341702854363278,65.,-0.838648439611585));
#5204=CARTESIAN_POINT('',(-0.60105019170663,1.75,0.3892966650912));
#5205=CARTESIAN_POINT('',(-0.631149747067572,11.1650303218486,-0.558475587444067));
#5206=CARTESIAN_POINT('',(-0.647199809891394,20.6849001169917,-1.39046642358499));
#5207=CARTESIAN_POINT('',(-0.452487551196549,41.5335859140347,-1.77388127639988));
#5208=CARTESIAN_POINT('',(-0.163747139397574,53.3316969885152,-0.820823963636461));
#5209=CARTESIAN_POINT('',(0.103453274549029,65.,-0.00723415767429358));
#5210=CARTESIAN_POINT('',(-0.024343335751856,1.75,0.977530594579267));
#5211=CARTESIAN_POINT('',(-0.0580316033934596,11.1650303218486,0.779126031880966));
#5212=CARTESIAN_POINT('',(-0.0780838592805307,20.6879773637844,0.543190925385163));
#5213=CARTESIAN_POINT('',(-0.0419018688951738,41.5297757895371,0.442400587634903));
#5214=CARTESIAN_POINT('',(0.0616394987073128,53.3316969885152,0.646140922611454));
#5215=CARTESIAN_POINT('',(0.150555046523446,65.,0.825731186062474));
#5216=CARTESIAN_POINT('',(0.626850465825053,1.75,1.48206718497714));
#5217=CARTESIAN_POINT('',(0.577501910061198,11.1650303218486,1.87797450974032));
#5218=CARTESIAN_POINT('',(0.50631440161839,20.6889206441409,2.46180444470127));
#5219=CARTESIAN_POINT('',(0.379792817277637,41.5286078573443,2.62925995676219));
#5220=CARTESIAN_POINT('',(0.266540676605009,53.3316969885152,2.12150351333799));
#5221=CARTESIAN_POINT('',(0.175442144393535,65.,1.65965592730065));
#5222=CARTESIAN_POINT('',(1.1026056320048,1.75,1.75640392919035));
#5223=CARTESIAN_POINT('',(0.985809767570873,11.1650303218486,3.07551395626141));
#5224=CARTESIAN_POINT('',(0.904855701042716,20.6803490617579,3.72943323709642));
#5225=CARTESIAN_POINT('',(0.568742900882402,41.5392208494834,4.2268384012301));
#5226=CARTESIAN_POINT('',(0.390218031816442,53.3316969885152,3.11101678805127));
#5227=CARTESIAN_POINT('',(0.177211975200612,65.,2.21585045378715));
#5228=CARTESIAN_POINT('',(1.34869050161762,1.75,1.8767988271657));
#5229=CARTESIAN_POINT('',(1.23189463718369,11.1650303218486,3.19590885423676));
#5230=CARTESIAN_POINT('',(1.10587752166904,20.6803490617579,4.36028796628927));
#5231=CARTESIAN_POINT('',(0.735083053059744,41.5392208494834,4.91230430782027));
#5232=CARTESIAN_POINT('',(0.449028425678812,53.3316969885152,3.60731638655935));
#5233=CARTESIAN_POINT('',(0.174391184360306,65.,2.49391012564958));
#5234=FACE_BOUND('',#5235,.T.);
#5235=EDGE_LOOP('',(#8865,#8866,#8867,#8868,#8869,#8870));
#5236=B_SPLINE_SURFACE_WITH_KNOTS('',3,3,(
(#5237,#5238,#5239,#5240,#5241,#5242),
(#5243,#5244,#5245,#5246,#5247,#5248),
(#5249,#5250,#5251,#5252,#5253,#5254),
(#5255,#5256,#5257,#5258,#5259,#5260),
(#5261,#5262,#5263,#5264,#5265,#5266),
(#5267,#5268,#5269,#5270,#5271,#5272)),
.UNSPECIFIED.,.F.,.F.,.F.,
(4,1,1,4),
(4,2,4),
(0.,0.0992557108668503,0.198511421733701,0.297767132600551),
(0.000428595035936167,0.893591085182882,2.),
.UNSPECIFIED.);
#5237=CARTESIAN_POINT('',(1.72333409519751,1.76354732227232,1.33916344265889));
#5238=CARTESIAN_POINT('',(1.72552984832753,11.1741561383598,2.82440296132303));
#5239=CARTESIAN_POINT('',(1.69983183408933,20.6828962113804,4.14457076839097));
#5240=CARTESIAN_POINT('',(1.31260295925793,41.5416027942565,4.90062183013825));
#5241=CARTESIAN_POINT('',(0.826206091223938,53.3316969885152,3.59769622063505));
#5242=CARTESIAN_POINT('',(0.374308335648081,65.,2.49886592193786));
#5243=CARTESIAN_POINT('',(1.3464987680443,1.76354732227232,0.981331666346732));
#5244=CARTESIAN_POINT('',(1.34869452117431,11.1741561383598,2.46657118501087));
#5245=CARTESIAN_POINT('',(1.39003904945192,20.6828962113804,2.84054877734925));
#5246=CARTESIAN_POINT('',(1.05803533669963,41.5416027942565,3.50673923963625));
#5247=CARTESIAN_POINT('',(0.746745623406504,53.3316969885152,2.60221106615072));
#5248=CARTESIAN_POINT('',(0.396386447103173,65.,1.9391411137004));
#5249=CARTESIAN_POINT('',(0.585252069249579,1.76354733217801,0.273608362581567));
#5250=CARTESIAN_POINT('',(0.642495504874254,11.1741699068206,-0.0421097270189638));
#5251=CARTESIAN_POINT('',(0.68340463095721,20.6972493569305,0.251312515465656));
#5252=CARTESIAN_POINT('',(0.677042474774651,41.5238227728523,0.335658757064673));
#5253=CARTESIAN_POINT('',(0.506371721831692,53.3316969885152,0.618200529140111));
#5254=CARTESIAN_POINT('',(0.384941130328536,65.,0.817499405382223));
#5255=CARTESIAN_POINT('',(-0.57883742933008,1.76354732680068,-0.763673812258637));
#5256=CARTESIAN_POINT('',(-0.578111930501585,11.1741624325784,-1.96822434115372));
#5257=CARTESIAN_POINT('',(-0.632627630804873,20.6894577171931,-3.56056611662254));
#5258=CARTESIAN_POINT('',(-0.440930676100698,41.533474700426,-3.94512283219185));
#5259=CARTESIAN_POINT('',(-0.0962250230509569,53.3316969885152,-2.31682794389888));
#5260=CARTESIAN_POINT('',(0.201137595489869,65.,-0.854982258159773));
#5261=CARTESIAN_POINT('',(-1.36936385296058,1.76354730543507,-1.43867937378286));
#5262=CARTESIAN_POINT('',(-1.63921549757724,11.174132735359,-4.36267967497084));
#5263=CARTESIAN_POINT('',(-1.67812722175894,20.6584993902402,-6.03962148749985));
#5264=CARTESIAN_POINT('',(-1.31707674367884,41.5718244624305,-6.99491053558038));
#5265=CARTESIAN_POINT('',(-0.656634613678881,53.3316969885152,-4.23294147876486));
#5266=CARTESIAN_POINT('',(-0.0312821173295558,65.,-1.95233917102264));
#5267=CARTESIAN_POINT('',(-1.76815547408921,1.76354730543507,-1.77197655263359));
#5268=CARTESIAN_POINT('',(-2.03800711870587,11.174132735359,-4.69597685382158));
#5269=CARTESIAN_POINT('',(-2.24137479206568,20.6584993902402,-7.26182825845433));
#5270=CARTESIAN_POINT('',(-1.85894533197905,41.5718244624305,-8.30414381638755));
#5271=CARTESIAN_POINT('',(-0.975561343034566,53.3316969885152,-5.1776093079953));
#5272=CARTESIAN_POINT('',(-0.174391184474224,65.,-2.49391012561943));
#5273=FACE_BOUND('',#5274,.T.);
#5274=EDGE_LOOP('',(#8871,#8872,#8873,#8874,#8875));
#5275=B_SPLINE_SURFACE_WITH_KNOTS('',3,3,(
(#5276,#5277,#5278,#5279,#5280,#5281),
(#5282,#5283,#5284,#5285,#5286,#5287),
(#5288,#5289,#5290,#5291,#5292,#5293),
(#5294,#5295,#5296,#5297,#5298,#5299),
(#5300,#5301,#5302,#5303,#5304,#5305),
(#5306,#5307,#5308,#5309,#5310,#5311),
(#5312,#5313,#5314,#5315,#5316,#5317),
(#5318,#5319,#5320,#5321,#5322,#5323),
(#5324,#5325,#5326,#5327,#5328,#5329),
(#5330,#5331,#5332,#5333,#5334,#5335),
(#5336,#5337,#5338,#5339,#5340,#5341),
(#5342,#5343,#5344,#5345,#5346,#5347),
(#5348,#5349,#5350,#5351,#5352,#5353),
(#5354,#5355,#5356,#5357,#5358,#5359),
(#5360,#5361,#5362,#5363,#5364,#5365),
(#5366,#5367,#5368,#5369,#5370,#5371),
(#5372,#5373,#5374,#5375,#5376,#5377),
(#5378,#5379,#5380,#5381,#5382,#5383),
(#5384,#5385,#5386,#5387,#5388,#5389),
(#5390,#5391,#5392,#5393,#5394,#5395),
(#5396,#5397,#5398,#5399,#5400,#5401),
(#5402,#5403,#5404,#5405,#5406,#5407),
(#5408,#5409,#5410,#5411,#5412,#5413),
(#5414,#5415,#5416,#5417,#5418,#5419),
(#5420,#5421,#5422,#5423,#5424,#5425),
(#5426,#5427,#5428,#5429,#5430,#5431)),
.UNSPECIFIED.,.F.,.F.,.F.,
(4,1,1,1,1,1,1,1,1,1,1,1,1,1,1,1,1,1,1,1,1,1,1,4),
(4,2,4),
(0.,0.135317944048086,0.270635888096171,0.405953832144257,0.541271776192343,0.676589720240428,
0.811907664288514,0.947225608336599,1.08254355238468,1.21786149643277,1.35317944048086,
1.48849738452894,1.62381532857703,1.75913327262511,1.8944512166732,2.02976916072128,
2.16508710476937,2.30040504881746,2.43572299286554,2.57104093691363,2.70635888096171,
2.8416768250098,2.97699476905788,3.11231271310597),
(0.,0.893591085182882,2.),
.UNSPECIFIED.);
#5276=CARTESIAN_POINT('',(1.34869050161762,-2.50035546211833,0.577145043039922));
#5277=CARTESIAN_POINT('',(1.23189463718343,-8.35025341687188,8.07124546562663));
#5278=CARTESIAN_POINT('',(1.10587752166855,-14.1162946774991,15.7295636634685));
#5279=CARTESIAN_POINT('',(0.73508305305919,-25.0237907464315,33.517868355156));
#5280=CARTESIAN_POINT('',(0.449028425678555,-29.7898761245048,44.3829462257092));
#5281=CARTESIAN_POINT('',(0.174391184360307,-34.6597895235678,55.0446961831637));
#5282=CARTESIAN_POINT('',(1.36096970437716,-2.50555810448531,0.574141296068846));
#5283=CARTESIAN_POINT('',(1.24417383994298,-8.35545605923886,8.06824171865556));
#5284=CARTESIAN_POINT('',(1.11108495824232,-14.1273484792184,15.7231817480703));
#5285=CARTESIAN_POINT('',(0.738245305875656,-25.0350761211572,33.5113527410202));
#5286=CARTESIAN_POINT('',(0.449450303943966,-29.7973523147146,44.3786298452791));
#5287=CARTESIAN_POINT('',(0.174345428716668,-34.6636956151523,55.0424410001359));
#5288=CARTESIAN_POINT('',(1.38627030279596,-2.51464948392937,0.568892385699514));
#5289=CARTESIAN_POINT('',(1.25737639349888,-8.37579228346963,8.05650059412162));
#5290=CARTESIAN_POINT('',(1.12320418100805,-14.1487937212232,15.7106292372648));
#5291=CARTESIAN_POINT('',(0.737604340236934,-25.0586369147991,33.4979617529444));
#5292=CARTESIAN_POINT('',(0.451462628395878,-29.8122450782804,44.3700315042254));
#5293=CARTESIAN_POINT('',(0.174865183069473,-34.6715131432966,55.0379275481574));
#5294=CARTESIAN_POINT('',(1.42587084890172,-2.52413753966149,0.56341445416849));
#5295=CARTESIAN_POINT('',(1.29064661302387,-8.3943394270203,8.04579239579995));
#5296=CARTESIAN_POINT('',(1.14617919772904,-14.1786884593775,15.6932312999445));
#5297=CARTESIAN_POINT('',(0.749019709441624,-25.0921865297709,33.478762990172));
#5298=CARTESIAN_POINT('',(0.457922878177,-29.8339987341653,44.3574720251444));
#5299=CARTESIAN_POINT('',(0.177464356376336,-34.6830411741699,55.0312718364295));
#5300=CARTESIAN_POINT('',(1.46651876215664,-2.52933226865556,0.560415275985397));
#5301=CARTESIAN_POINT('',(1.32403252444008,-8.4116576026941,8.03579374241281));
#5302=CARTESIAN_POINT('',(1.17356040442909,-14.2057024916495,15.6774497608516));
#5303=CARTESIAN_POINT('',(0.763665001801125,-25.12443908092,33.460371006315));
#5304=CARTESIAN_POINT('',(0.467698361619734,-29.8547716323265,44.3454787867991));
#5305=CARTESIAN_POINT('',(0.181835551018416,-34.6941601507891,55.0248522922852));
#5306=CARTESIAN_POINT('',(1.50759590414753,-2.53015467837703,0.559940457511322));
#5307=CARTESIAN_POINT('',(1.36043296472445,-8.42448458370547,8.02838808147299));
#5308=CARTESIAN_POINT('',(1.20487604156368,-14.2293742718334,15.6635995732244));
#5309=CARTESIAN_POINT('',(0.783641208203,-25.1545160273155,33.4432330019378));
#5310=CARTESIAN_POINT('',(0.480602422213352,-29.8741873421656,44.334269121497));
#5311=CARTESIAN_POINT('',(0.187898848266755,-34.7046667915362,55.0187862804217));
#5312=CARTESIAN_POINT('',(1.54847759000358,-2.52659226032795,0.561997220530925));
#5313=CARTESIAN_POINT('',(1.3983392139786,-8.4333846900293,8.02324960269112));
#5314=CARTESIAN_POINT('',(1.23958485072558,-14.2492741436024,15.6519200960235));
#5315=CARTESIAN_POINT('',(0.807923674276564,-25.1819555627237,33.4276263769933));
#5316=CARTESIAN_POINT('',(0.496391792230153,-29.8918950104667,44.3240455944367));
#5317=CARTESIAN_POINT('',(0.195543392745137,-34.7143690014229,55.0131847069318));
#5318=CARTESIAN_POINT('',(1.58854211233433,-2.51869919045538,0.566554286546586));
#5319=CARTESIAN_POINT('',(1.43738193819343,-8.43798024097717,8.0205963601143));
#5320=CARTESIAN_POINT('',(1.27708437523777,-14.2650448353293,15.6426242172286));
#5321=CARTESIAN_POINT('',(0.836222260644721,-25.2062455922821,33.4138385965464));
#5322=CARTESIAN_POINT('',(0.514771142246968,-29.9075757223066,44.3149923312348));
#5323=CARTESIAN_POINT('',(0.204629419071871,-34.723089395225,55.0081499852228));
#5324=CARTESIAN_POINT('',(1.62718018940695,-2.50659550254123,0.573542354022005));
#5325=CARTESIAN_POINT('',(1.47685753049901,-8.43823342436907,8.02045018461482));
#5326=CARTESIAN_POINT('',(1.31672175674146,-14.2763991099862,15.6358802070804));
#5327=CARTESIAN_POINT('',(0.86795764998194,-25.2269602636808,33.402112513028));
#5328=CARTESIAN_POINT('',(0.535398567708528,-29.92094824214,44.3072717033093));
#5329=CARTESIAN_POINT('',(0.214990807228057,-34.7306685376571,55.0037741652993));
#5330=CARTESIAN_POINT('',(1.6638042325275,-2.49046526351914,0.582855151863505));
#5331=CARTESIAN_POINT('',(1.51613615713274,-8.43410552386075,8.0228334290845));
#5332=CARTESIAN_POINT('',(1.35780506807326,-14.2831273330147,15.6318125021749));
#5333=CARTESIAN_POINT('',(0.902547929801058,-25.2437334162033,33.392655314695));
#5334=CARTESIAN_POINT('',(0.557891914386977,-29.9317740653411,44.3010214113699));
#5335=CARTESIAN_POINT('',(0.226438119724275,-34.736967859126,55.0001372503536));
#5336=CARTESIAN_POINT('',(1.6978572813368,-2.47055377407958,0.5943510556514));
#5337=CARTESIAN_POINT('',(1.55456592467533,-8.42564944240713,8.02771554998802));
#5338=CARTESIAN_POINT('',(1.39961545797907,-14.2851006948237,15.6304983966407));
#5339=CARTESIAN_POINT('',(0.939345511471015,-25.2562741884366,33.3856313077589));
#5340=CARTESIAN_POINT('',(0.581835825358388,-29.9398616803496,44.2963520246677));
#5341=CARTESIAN_POINT('',(0.238762065092884,-34.7418721889883,54.9973057341874));
#5342=CARTESIAN_POINT('',(1.72882147391206,-2.4471638383108,0.607855241363832));
#5343=CARTESIAN_POINT('',(1.59151215847066,-8.41298460864799,8.0350275951681));
#5344=CARTESIAN_POINT('',(1.44141976694536,-14.2822738138677,15.6319668659783));
#5345=CARTESIAN_POINT('',(0.977668911100768,-25.2643696399566,33.3811599982134));
#5346=CARTESIAN_POINT('',(0.606789380268817,-29.9450699675352,44.293345018659));
#5347=CARTESIAN_POINT('',(0.251737324367892,-34.745291861275,54.9953313854721));
#5348=CARTESIAN_POINT('',(1.75622592212178,-2.42065115878989,0.62316234402217));
#5349=CARTESIAN_POINT('',(1.62636035195209,-8.39630187912418,8.04465937354949));
#5350=CARTESIAN_POINT('',(1.48248342593914,-14.2746856574855,15.636197893519));
#5351=CARTESIAN_POINT('',(1.01681001055302,-25.2678890439741,33.3793137891631));
#5352=CARTESIAN_POINT('',(0.632294186779353,-29.9473106736444,44.2920513463837));
#5353=CARTESIAN_POINT('',(0.26512667059678,-34.7471643540414,54.9942503012693));
#5354=CARTESIAN_POINT('',(1.77965387266846,-2.3914189272376,0.640039580777899));
#5355=CARTESIAN_POINT('',(1.65852848540555,-8.37585891592659,8.05646212385466));
#5356=CARTESIAN_POINT('',(1.52208340131288,-14.2624590333705,15.6431227552413));
#5357=CARTESIAN_POINT('',(1.05604848826855,-25.2667858358799,33.3801168667052));
#5358=CARTESIAN_POINT('',(0.65788277613396,-29.9465499184212,44.2924905686166));
#5359=CARTESIAN_POINT('',(0.278685306066071,-34.7474554324611,54.9940822470654));
#5360=CARTESIAN_POINT('',(1.79874904486441,-2.35991169297714,0.658230290959595));
#5361=CARTESIAN_POINT('',(1.6874762970955,-8.35197664668022,8.07025055843291));
#5362=CARTESIAN_POINT('',(1.55952095953988,-14.2457985855094,15.6526251408793));
#5363=CARTESIAN_POINT('',(1.09466466232446,-25.2610982476453,33.3835448781544));
#5364=CARTESIAN_POINT('',(0.683087149450876,-29.9428087074541,44.2946505577755));
#5365=CARTESIAN_POINT('',(0.292165337943364,-34.7461597747406,54.9948302953991));
#5366=CARTESIAN_POINT('',(1.81322104877246,-2.32660860244772,0.677457839241598));
#5367=CARTESIAN_POINT('',(1.71271444067032,-8.32503415624134,8.08580581254043));
#5368=CARTESIAN_POINT('',(1.59413402524145,-14.2249873461467,15.6645431230905));
#5369=CARTESIAN_POINT('',(1.13195266199637,-25.2509483149603,33.3895255319615));
#5370=CARTESIAN_POINT('',(0.707447318819381,-29.9361624434834,44.2984877800681));
#5371=CARTESIAN_POINT('',(0.305320310507477,-34.7433010694188,54.9964807696862));
#5372=CARTESIAN_POINT('',(1.82284980131422,-2.29201611258395,0.697429822576384));
#5373=CARTESIAN_POINT('',(1.7338132193435,-8.29546237682286,8.10287908734811));
#5374=CARTESIAN_POINT('',(1.62530891353549,-14.2003819002888,15.6786719376359));
#5375=CARTESIAN_POINT('',(1.16723357815507,-25.2365394396708,33.3979400193974));
#5376=CARTESIAN_POINT('',(0.730519687597617,-29.9267394466359,44.3039281498346));
#5377=CARTESIAN_POINT('',(0.317909711103806,-34.7389315822689,54.9990034942684));
#5378=CARTESIAN_POINT('',(1.82748887317765,-2.25666028886329,0.717842516918929));
#5379=CARTESIAN_POINT('',(1.75040827184585,-8.26373824019171,8.12119502617191));
#5380=CARTESIAN_POINT('',(1.65249122880588,-14.1724062352451,15.6947675095974));
#5381=CARTESIAN_POINT('',(1.19986664117717,-25.2181522192231,33.4086254530719));
#5382=CARTESIAN_POINT('',(0.751885117452579,-29.9147185120749,44.3108684396393));
#5383=CARTESIAN_POINT('',(0.329703367442703,-34.7331312007187,55.0023523461178));
#5384=CARTESIAN_POINT('',(1.82706771566837,-2.22107880518443,0.738385496099089));
#5385=CARTESIAN_POINT('',(1.76221316826714,-8.23037285163974,8.14045854223401));
#5386=CARTESIAN_POINT('',(1.67519573455101,-14.1415444263588,15.7125507353516));
#5387=CARTESIAN_POINT('',(1.22926518209233,-25.1961398086639,33.4213774715338));
#5388=CARTESIAN_POINT('',(0.771156535602951,-29.9003255510966,44.3191782195346));
#5389=CARTESIAN_POINT('',(0.340485655843841,-34.726005973282,55.0064660980964));
#5390=CARTESIAN_POINT('',(1.82159273347926,-2.18581276710629,0.75874635267675));
#5391=CARTESIAN_POINT('',(1.76900094925266,-8.19591845599541,8.16035079683404));
#5392=CARTESIAN_POINT('',(1.69301502421376,-14.1083321183914,15.7317121783607));
#5393=CARTESIAN_POINT('',(1.25489096607161,-25.1709184966745,33.4359559556108));
#5394=CARTESIAN_POINT('',(0.787985944288679,-29.8838293781205,44.328702289443));
#5395=CARTESIAN_POINT('',(0.350059443491333,-34.7176861706142,55.0112695384063));
#5396=CARTESIAN_POINT('',(1.81114718766473,-2.15139848328898,0.778615448702643));
#5397=CARTESIAN_POINT('',(1.77069586298369,-8.16090230837699,8.1805673790875));
#5398=CARTESIAN_POINT('',(1.70562681653338,-14.0733475779466,15.7519180944522));
#5399=CARTESIAN_POINT('',(1.27632453097573,-25.1429701113977,33.4520825753357));
#5400=CARTESIAN_POINT('',(0.802070705614925,-29.8655367223026,44.3392635592036));
#5401=CARTESIAN_POINT('',(0.358249692607684,-34.7083239039839,55.0166748455655));
#5402=CARTESIAN_POINT('',(1.79588992805304,-2.11835930843229,0.797690625199959));
#5403=CARTESIAN_POINT('',(1.76704771204883,-8.12603105047026,8.20070030922694));
#5404=CARTESIAN_POINT('',(1.71279982508021,-14.037200134766,15.7728139568852));
#5405=CARTESIAN_POINT('',(1.2930462627488,-25.1127948592772,33.469471916624));
#5406=CARTESIAN_POINT('',(0.813158988114748,-29.8457865534968,44.3506663244802));
#5407=CARTESIAN_POINT('',(0.364906660709485,-34.6980903434257,55.0225831945086));
#5408=CARTESIAN_POINT('',(1.77605298274196,-2.08719768862763,0.815681794782564));
#5409=CARTESIAN_POINT('',(1.75885749698762,-8.09138395315477,8.22070382018868));
#5410=CARTESIAN_POINT('',(1.71439779595695,-14.0005249430377,15.7940393177668));
#5411=CARTESIAN_POINT('',(1.30529062721173,-25.0810444426537,33.4877399698676));
#5412=CARTESIAN_POINT('',(0.821054277455706,-29.8249438359473,44.362699873068));
#5413=CARTESIAN_POINT('',(0.369908638217707,-34.6871725911953,55.0288865616977));
#5414=CARTESIAN_POINT('',(1.75193801010371,-2.05838750446519,0.832315362364151));
#5415=CARTESIAN_POINT('',(1.74340692063473,-8.05937889830712,8.2391819472204));
#5416=CARTESIAN_POINT('',(1.71038276069963,-13.9639515800081,15.8152018750029));
#5417=CARTESIAN_POINT('',(1.31088827370978,-25.0479784547981,33.5067725370288));
#5418=CARTESIAN_POINT('',(0.825618868453551,-29.8033927912605,44.3751423745192));
#5419=CARTESIAN_POINT('',(0.373164174179871,-34.6757702499259,55.035469706499));
#5420=CARTESIAN_POINT('',(1.733253859244,-2.041040450812,0.842330688460466));
#5421=CARTESIAN_POINT('',(1.73547742167398,-8.03556509245053,8.25293085444213));
#5422=CARTESIAN_POINT('',(1.70400309530945,-13.9400962629696,15.8290704785724));
#5423=CARTESIAN_POINT('',(1.31501210220035,-25.0262883443697,33.5191767992263));
#5424=CARTESIAN_POINT('',(0.826390478388227,-29.7888175425639,44.3835573982778));
#5425=CARTESIAN_POINT('',(0.37413055565443,-34.6679846263246,55.039964738381));
#5426=CARTESIAN_POINT('',(1.72333091498745,-2.03289778626854,0.847031858026552));
#5427=CARTESIAN_POINT('',(1.72555447741743,-8.02742242790708,8.25763202400822));
#5428=CARTESIAN_POINT('',(1.69991483401834,-13.9283758719194,15.8358372495002));
#5429=CARTESIAN_POINT('',(1.31260295931551,-25.0148643963755,33.525772418676));
#5430=CARTESIAN_POINT('',(0.826206091470121,-29.7815448164372,44.3877563086647));
#5431=CARTESIAN_POINT('',(0.374308336066486,-34.6640813690637,55.0422182850113));
#5432=FACE_BOUND('',#5433,.T.);
#5433=EDGE_LOOP('',(#8876,#8877,#8878));
#5434=PLANE('',#5435);
#5435=AXIS2_PLACEMENT_3D('',#5436,#5437,#5438);
#5436=CARTESIAN_POINT('',(0.,-0.875,1.51554445662277));
#5437=DIRECTION('',(1.41038191169352E-49,-0.5,0.866025403784439));
#5438=DIRECTION('',(-1.,1.06057523872491E-16,6.12323399573678E-17));
#5439=FACE_BOUND('',#5440,.T.);
#5440=EDGE_LOOP('',(#8879,#8880,#8881,#8882,#8883));
#5441=B_SPLINE_SURFACE_WITH_KNOTS('',3,3,(
(#5442,#5443,#5444,#5445,#5446,#5447),
(#5448,#5449,#5450,#5451,#5452,#5453),
(#5454,#5455,#5456,#5457,#5458,#5459),
(#5460,#5461,#5462,#5463,#5464,#5465),
(#5466,#5467,#5468,#5469,#5470,#5471),
(#5472,#5473,#5474,#5475,#5476,#5477),
(#5478,#5479,#5480,#5481,#5482,#5483),
(#5484,#5485,#5486,#5487,#5488,#5489),
(#5490,#5491,#5492,#5493,#5494,#5495)),
.UNSPECIFIED.,.F.,.F.,.F.,
(4,1,1,1,1,1,4),
(4,2,4),
(0.,0.136115625229061,0.272231250458123,0.408346875687184,0.544462500916245,0.680578126145306,
0.816693751374368),
(0.,0.893591085182882,2.),
.UNSPECIFIED.);
#5442=CARTESIAN_POINT('',(-1.76776695292889,0.65593108926282,2.39942793311942));
#5443=CARTESIAN_POINT('',(-2.03781185537803,-1.51781292554895,12.015956822514));
#5444=CARTESIAN_POINT('',(-2.24145676326547,-4.03827410996379,21.5177056233644));
#5445=CARTESIAN_POINT('',(-1.85894533204068,-13.5943127296159,40.1543279742798));
#5446=CARTESIAN_POINT('',(-0.975561342998983,-22.181907302679,48.7754090729766));
#5447=CARTESIAN_POINT('',(-0.174391184360317,-30.3402104764322,57.5386063088133));
#5448=CARTESIAN_POINT('',(-1.68704286660101,0.429210474192127,2.26853072497752));
#5449=CARTESIAN_POINT('',(-1.95708776905015,-1.74453354061964,11.8850596143721));
#5450=CARTESIAN_POINT('',(-2.07415012989574,-4.60683628665327,21.1894460976017));
#5451=CARTESIAN_POINT('',(-1.69075673521648,-14.1875528693709,39.8118206198981));
#5452=CARTESIAN_POINT('',(-0.874338410736277,-22.5986403243862,48.5348081507137));
#5453=CARTESIAN_POINT('',(-0.132899418477532,-30.5783337186953,57.4011257907924));
#5454=CARTESIAN_POINT('',(-1.48990586484401,-0.0146988323479191,2.01223956735085));
#5455=CARTESIAN_POINT('',(-1.61307781512286,-2.82374832488117,11.2619746681653));
#5456=CARTESIAN_POINT('',(-1.7321486411784,-5.74899567642424,20.5471098469354));
#5457=CARTESIAN_POINT('',(-1.36032368771166,-15.4736419773936,39.0481368412049));
#5458=CARTESIAN_POINT('',(-0.679677202681001,-23.4335851438316,48.0527525344485));
#5459=CARTESIAN_POINT('',(-0.0572447084247126,-31.055537958336,57.1256117945774));
#5460=CARTESIAN_POINT('',(-1.09260207828969,-0.639654974480366,1.65142097045897));
#5461=CARTESIAN_POINT('',(-1.16775784808564,-3.91465671163659,10.6321384174108));
#5462=CARTESIAN_POINT('',(-1.19912776026158,-7.44824670154071,19.5750136304401));
#5463=CARTESIAN_POINT('',(-0.895229984256932,-17.3363502065353,37.9615993837207));
#5464=CARTESIAN_POINT('',(-0.4105829735171,-24.6912726045012,47.3266263404744));
#5465=CARTESIAN_POINT('',(0.0341702854363278,-31.7737091464522,56.7109754657943));
#5466=CARTESIAN_POINT('',(-0.60105019170663,-1.21214080157754,1.32089612407717));
#5467=CARTESIAN_POINT('',(-0.631149747067572,-5.09886111480428,9.94843768646644));
#5468=CARTESIAN_POINT('',(-0.647199809891394,-9.13827081256195,18.608882187851));
#5469=CARTESIAN_POINT('',(-0.452487551196549,-19.2305667083575,36.8560811500176));
#5470=CARTESIAN_POINT('',(-0.163747139397574,-25.9549940897134,46.5970164008065));
#5471=CARTESIAN_POINT('',(0.103453274549029,-32.4937350356791,56.2952683248257));
#5472=CARTESIAN_POINT('',(-0.024343335751856,-1.72156632788215,1.02677915933313));
#5473=CARTESIAN_POINT('',(-0.0580316033934596,-6.25725809728296,9.27963687680392));
#5474=CARTESIAN_POINT('',(-0.0780838592805306,-10.8144058223809,17.6447184872621));
#5475=CARTESIAN_POINT('',(-0.0419018688951738,-21.1480180423095,35.7446405533936));
#5476=CARTESIAN_POINT('',(0.0616394987073128,-27.2254229476638,45.8635339576825));
#5477=CARTESIAN_POINT('',(0.150555046523446,-33.2151041838271,55.8787856529573));
#5478=CARTESIAN_POINT('',(0.626850465825053,-2.15850783230549,0.774510864134199));
#5479=CARTESIAN_POINT('',(0.577501910061198,-7.20888879401902,8.73021263787425));
#5480=CARTESIAN_POINT('',(0.50631440161839,-12.4764455103312,16.6862286323557));
#5481=CARTESIAN_POINT('',(0.379792817277637,-23.0413098443814,34.6501994098811));
#5482=CARTESIAN_POINT('',(0.266540676605009,-28.5031244310262,45.1258526623193));
#5483=CARTESIAN_POINT('',(0.175442144393535,-33.9373041945838,55.4618232823382));
#5484=CARTESIAN_POINT('',(1.1026056320048,-2.39609042198565,0.637342492027594));
#5485=CARTESIAN_POINT('',(0.985809767570873,-8.24598837674024,8.1314429146137));
#5486=CARTESIAN_POINT('',(0.904855701042716,-13.5699584559225,16.0449910280638));
#5487=CARTESIAN_POINT('',(0.568742900882402,-24.4301598578986,33.8606013084498));
#5488=CARTESIAN_POINT('',(0.390218031816442,-29.3600680643099,44.6310960249626));
#5489=CARTESIAN_POINT('',(0.177211975200612,-34.4189827839669,55.1837260190949));
#5490=CARTESIAN_POINT('',(1.34869050161762,-2.50035546211833,0.577145043039919));
#5491=CARTESIAN_POINT('',(1.23189463718369,-8.35025341687293,8.07124546562602));
#5492=CARTESIAN_POINT('',(1.10587752166904,-14.116294677501,15.7295636634673));
#5493=CARTESIAN_POINT('',(0.735083053059744,-25.0237907464338,33.5178683551547));
#5494=CARTESIAN_POINT('',(0.449028425678812,-29.7898761245059,44.3829462257086));
#5495=CARTESIAN_POINT('',(0.174391184360306,-34.6597895235678,55.0446961831637));
#5496=FACE_BOUND('',#5497,.T.);
#5497=EDGE_LOOP('',(#8884,#8885,#8886,#8887));
#5498=B_SPLINE_SURFACE_WITH_KNOTS('',3,3,(
(#5499,#5500,#5501,#5502,#5503,#5504),
(#5505,#5506,#5507,#5508,#5509,#5510),
(#5511,#5512,#5513,#5514,#5515,#5516),
(#5517,#5518,#5519,#5520,#5521,#5522),
(#5523,#5524,#5525,#5526,#5527,#5528),
(#5529,#5530,#5531,#5532,#5533,#5534)),
.UNSPECIFIED.,.F.,.F.,.F.,
(4,1,1,4),
(4,2,4),
(0.,0.0992557108668503,0.198511421733701,0.297767132600551),
(0.000428595025064005,0.893591085182882,2.),
.UNSPECIFIED.);
#5499=CARTESIAN_POINT('',(1.72333409519743,-2.04152322207939,0.857695060263907));
#5500=CARTESIAN_POINT('',(1.72552984832815,-8.03308278406606,8.26490160082748));
#5501=CARTESIAN_POINT('',(1.69983183409143,-13.9307516788389,15.8396281586007));
#5502=CARTESIAN_POINT('',(1.31260295925793,-25.0148643963685,33.5257724186796));
#5503=CARTESIAN_POINT('',(0.826206091223938,-29.7815448164268,44.3877563086707));
#5504=CARTESIAN_POINT('',(0.374308335648081,-34.6640813690494,55.0422182850196));
#5505=CARTESIAN_POINT('',(1.34649876804307,-1.73163181352765,1.0366109484108));
#5506=CARTESIAN_POINT('',(1.34869452117379,-7.72319137551432,8.44381748897438));
#5507=CARTESIAN_POINT('',(1.39003904945335,-12.8014355075042,16.491639154121));
#5508=CARTESIAN_POINT('',(1.05803533669963,-23.8077266631009,34.2227137139306));
#5509=CARTESIAN_POINT('',(0.746745623406504,-28.9194293835531,44.8854988859129));
#5510=CARTESIAN_POINT('',(0.396386447103173,-34.1793454659874,55.3220806891383));
#5511=CARTESIAN_POINT('',(0.585252069247583,-1.11872545860125,1.39047260885371));
#5512=CARTESIAN_POINT('',(0.642495504873125,-5.55061685994575,9.69816986882115));
#5513=CARTESIAN_POINT('',(0.683404630957438,-10.5662677010901,17.7986874737324));
#5514=CARTESIAN_POINT('',(0.677042474774651,-21.0526003970468,35.7928560050005));
#5515=CARTESIAN_POINT('',(0.506371721831692,-27.2012258571259,45.8775041544182));
#5516=CARTESIAN_POINT('',(0.384941130328536,-33.2079752526397,55.8829015432974));
#5517=CARTESIAN_POINT('',(-0.578837429328716,-0.220412741654815,1.90911369158999));
#5518=CARTESIAN_POINT('',(-0.578111930500518,-3.88254893641862,10.6612207029848));
#5519=CARTESIAN_POINT('',(-0.632627630806032,-7.26118814969277,19.6978790318251));
#5520=CARTESIAN_POINT('',(-0.440930676100698,-17.3501607564848,37.9416056141031));
#5521=CARTESIAN_POINT('',(-0.0962250230509569,-24.6594166386435,47.3450183909377));
#5522=CARTESIAN_POINT('',(0.201137595489869,-31.7595636446486,56.7191423750684));
#5523=CARTESIAN_POINT('',(-1.36936385295403,0.364159232973402,2.24661645383142));
#5524=CARTESIAN_POINT('',(-1.6392154975756,-1.80887494050442,11.858422651343));
#5525=CARTESIAN_POINT('',(-1.67812722176076,-5.09878405765,20.9105960196625));
#5526=CARTESIAN_POINT('',(-1.31707674367884,-14.7281420102032,39.4997113339224));
#5527=CARTESIAN_POINT('',(-0.656634613678881,-23.0000136409144,48.3030751583707));
#5528=CARTESIAN_POINT('',(-0.0312821173295558,-30.8092246810909,57.2678208314998));
#5529=CARTESIAN_POINT('',(-1.76815547407935,0.652803056852884,2.41326504324816));
#5530=CARTESIAN_POINT('',(-2.03800711870092,-1.52023111662494,12.0250712407598));
#5531=CARTESIAN_POINT('',(-2.24137479206775,-4.04032194532699,21.5216994051392));
#5532=CARTESIAN_POINT('',(-1.85894533197905,-13.5943127295442,40.154327974326));
#5533=CARTESIAN_POINT('',(-0.975561343034566,-22.1819073026629,48.7754090729859));
#5534=CARTESIAN_POINT('',(-0.174391184474224,-30.3402104764583,57.5386063087982));
#5535=FACE_BOUND('',#5536,.T.);
#5536=EDGE_LOOP('',(#8888,#8889,#8890,#8891,#8892));
#5537=B_SPLINE_SURFACE_WITH_KNOTS('',3,3,(
(#5538,#5539,#5540,#5541,#5542,#5543),
(#5544,#5545,#5546,#5547,#5548,#5549),
(#5550,#5551,#5552,#5553,#5554,#5555),
(#5556,#5557,#5558,#5559,#5560,#5561),
(#5562,#5563,#5564,#5565,#5566,#5567),
(#5568,#5569,#5570,#5571,#5572,#5573),
(#5574,#5575,#5576,#5577,#5578,#5579),
(#5580,#5581,#5582,#5583,#5584,#5585),
(#5586,#5587,#5588,#5589,#5590,#5591),
(#5592,#5593,#5594,#5595,#5596,#5597),
(#5598,#5599,#5600,#5601,#5602,#5603),
(#5604,#5605,#5606,#5607,#5608,#5609),
(#5610,#5611,#5612,#5613,#5614,#5615),
(#5616,#5617,#5618,#5619,#5620,#5621),
(#5622,#5623,#5624,#5625,#5626,#5627),
(#5628,#5629,#5630,#5631,#5632,#5633),
(#5634,#5635,#5636,#5637,#5638,#5639),
(#5640,#5641,#5642,#5643,#5644,#5645),
(#5646,#5647,#5648,#5649,#5650,#5651),
(#5652,#5653,#5654,#5655,#5656,#5657),
(#5658,#5659,#5660,#5661,#5662,#5663),
(#5664,#5665,#5666,#5667,#5668,#5669),
(#5670,#5671,#5672,#5673,#5674,#5675),
(#5676,#5677,#5678,#5679,#5680,#5681),
(#5682,#5683,#5684,#5685,#5686,#5687),
(#5688,#5689,#5690,#5691,#5692,#5693)),
.UNSPECIFIED.,.F.,.F.,.F.,
(4,1,1,1,1,1,1,1,1,1,1,1,1,1,1,1,1,1,1,1,1,1,1,4),
(4,2,4),
(0.,0.135317944048086,0.270635888096171,0.405953832144257,0.541271776192343,0.676589720240428,
0.811907664288514,0.947225608336599,1.08254355238468,1.21786149643277,1.35317944048086,
1.48849738452894,1.62381532857703,1.75913327262511,1.8944512166732,2.02976916072128,
2.16508710476937,2.30040504881746,2.43572299286554,2.57104093691363,2.70635888096171,
2.8416768250098,2.97699476905788,3.11231271310597),
(0.,0.893591085182882,2.),
.UNSPECIFIED.);
#5538=CARTESIAN_POINT('',(1.34869050161762,0.75035546211833,-2.45394387020561));
#5539=CARTESIAN_POINT('',(1.23189463718343,-2.81477690497669,-11.2671543198622));
#5540=CARTESIAN_POINT('',(1.10587752166855,-6.56405438425882,-20.0898516297555));
#5541=CARTESIAN_POINT('',(0.73508305305919,-16.5154301030519,-38.4301726629737));
#5542=CARTESIAN_POINT('',(0.449028425678555,-23.5418208640104,-47.9902626122673));
#5543=CARTESIAN_POINT('',(0.174391184360307,-30.3402104764323,-57.5386063088133));
#5544=CARTESIAN_POINT('',(1.36096970437716,0.755558104485314,-2.45694761717669));
#5545=CARTESIAN_POINT('',(1.24417383994298,-2.8095742626097,-11.2701580668332));
#5546=CARTESIAN_POINT('',(1.11108495824232,-6.55300058253951,-20.0962335451537));
#5547=CARTESIAN_POINT('',(0.738245305875656,-16.5041447283262,-38.4366882771094));
#5548=CARTESIAN_POINT('',(0.449450303943966,-23.5343446738006,-47.9945789926974));
#5549=CARTESIAN_POINT('',(0.174345428716668,-30.3363043848477,-57.5408614918411));
#5550=CARTESIAN_POINT('',(1.38627030279596,0.764649483929371,-2.46219652754602));
#5551=CARTESIAN_POINT('',(1.25737639349888,-2.78923803837893,-11.2818991913672));
#5552=CARTESIAN_POINT('',(1.12320418100805,-6.53140716829829,-20.1085294141174));
#5553=CARTESIAN_POINT('',(0.737604340236934,-16.4807673956499,-38.4503970288987));
#5554=CARTESIAN_POINT('',(0.451462628395878,-23.5194519102348,-48.0031773337511));
#5555=CARTESIAN_POINT('',(0.174865183069473,-30.3284868567034,-57.5453749438196));
#5556=CARTESIAN_POINT('',(1.42587084890172,0.774137539661489,-2.46767445907705));
#5557=CARTESIAN_POINT('',(1.29064661302387,-2.77069089482827,-11.2926073896889));
#5558=CARTESIAN_POINT('',(1.14617919772904,-6.50139274352831,-20.1257200481385));
#5559=CARTESIAN_POINT('',(0.749019709441624,-16.4473659718818,-38.4698524663653));
#5560=CARTESIAN_POINT('',(0.457922878177,-23.49769825435,-48.0157368128321));
#5561=CARTESIAN_POINT('',(0.177464356376336,-30.3169588258301,-57.5520306555476));
#5562=CARTESIAN_POINT('',(1.46651876215664,0.779332268655557,-2.47067363726014));
#5563=CARTESIAN_POINT('',(1.32403252444008,-2.75337271915447,-11.302606043076));
#5564=CARTESIAN_POINT('',(1.17356040442909,-6.47421851362704,-20.1412241167981));
#5565=CARTESIAN_POINT('',(0.763665001801125,-16.4153117710611,-38.4885880030687));
#5566=CARTESIAN_POINT('',(0.467698361619734,-23.4769253561887,-48.0277300511773));
#5567=CARTESIAN_POINT('',(0.181835551018416,-30.3058398492109,-57.5584501996918));
#5568=CARTESIAN_POINT('',(1.50759590414753,0.780154678377029,-2.47114845573422));
#5569=CARTESIAN_POINT('',(1.36043296472445,-2.7405457381431,-11.3100117040158));
#5570=CARTESIAN_POINT('',(1.20487604156368,-6.45038800920273,-20.1547993859766));
#5571=CARTESIAN_POINT('',(0.783641208203,-16.3854313507025,-38.506066400527));
#5572=CARTESIAN_POINT('',(0.480602422213352,-23.4575096463497,-48.0389397164794));
#5573=CARTESIAN_POINT('',(0.187898848266755,-30.2953332084638,-57.5645162115554));
#5574=CARTESIAN_POINT('',(1.54847759000358,0.776592260327947,-2.46909169271461));
#5575=CARTESIAN_POINT('',(1.3983392139786,-2.73164563181926,-11.3151501827977));
#5576=CARTESIAN_POINT('',(1.23958485072558,-6.4303233493593,-20.1661934418602));
#5577=CARTESIAN_POINT('',(0.807923674276564,-16.3581958493291,-38.5220264227862));
#5578=CARTESIAN_POINT('',(0.496391792230153,-23.4398019780485,-48.0491632435398));
#5579=CARTESIAN_POINT('',(0.195543392745137,-30.2856309985771,-57.5701177850452));
#5580=CARTESIAN_POINT('',(1.58854211233433,0.768699190455378,-2.46453462669895));
#5581=CARTESIAN_POINT('',(1.43738193819343,-2.7270500808714,-11.3178034253745));
#5582=CARTESIAN_POINT('',(1.27708437523777,-6.41438753630902,-20.1752033221335));
#5583=CARTESIAN_POINT('',(0.836222260644721,-16.3341102664212,-38.536168315219));
#5584=CARTESIAN_POINT('',(0.514771142246968,-23.4241212662086,-48.0582165067417));
#5585=CARTESIAN_POINT('',(0.204629419071871,-30.276910604775,-57.5751525067543));
#5586=CARTESIAN_POINT('',(1.62718018940695,0.756595502541232,-2.45754655922353));
#5587=CARTESIAN_POINT('',(1.47685753049901,-2.7267968974795,-11.317949600874));
#5588=CARTESIAN_POINT('',(1.31672175674146,-6.40286991486879,-20.1816644073538));
#5589=CARTESIAN_POINT('',(0.86795764998194,-16.3135978445079,-38.5482447051222));
#5590=CARTESIAN_POINT('',(0.535398567708528,-23.4107487463753,-48.0659371346672));
#5591=CARTESIAN_POINT('',(0.214990807228057,-30.2693314623429,-57.5795283266777));
#5592=CARTESIAN_POINT('',(1.6638042325275,0.740465263519136,-2.44823376138203));
#5593=CARTESIAN_POINT('',(1.51613615713274,-2.73092479798782,-11.3155663564043));
#5594=CARTESIAN_POINT('',(1.35780506807326,-6.39598306757133,-20.1854573669661));
#5595=CARTESIAN_POINT('',(0.902547929801058,-16.2970210942416,-38.5580420821417));
#5596=CARTESIAN_POINT('',(0.557891914386977,-23.3999229231741,-48.0721874266066));
#5597=CARTESIAN_POINT('',(0.226438119724275,-30.263032140874,-57.5831652416235));
#5598=CARTESIAN_POINT('',(1.6978572813368,0.720553774079578,-2.43673785759414));
#5599=CARTESIAN_POINT('',(1.55456592467533,-2.73938087944143,-11.3106842355008));
#5600=CARTESIAN_POINT('',(1.39961545797907,-6.39385833789094,-20.1865092956564));
#5601=CARTESIAN_POINT('',(0.939345511471015,-16.284667739682,-38.5653907060108));
#5602=CARTESIAN_POINT('',(0.581835825358388,-23.3918353081657,-48.0768568133088));
#5603=CARTESIAN_POINT('',(0.238762065092884,-30.2581278110117,-57.5859967577896));
#5604=CARTESIAN_POINT('',(1.72882147391206,0.6971638383108,-2.4232336718817));
#5605=CARTESIAN_POINT('',(1.59151215847066,-2.75204571320057,-11.3033721903207));
#5606=CARTESIAN_POINT('',(1.44141976694536,-6.39654351011997,-20.1847953796038));
#5607=CARTESIAN_POINT('',(0.977668911100768,-16.2767477462675,-38.5701659179094));
#5608=CARTESIAN_POINT('',(0.606789380268817,-23.3866270209801,-48.0798638193174));
#5609=CARTESIAN_POINT('',(0.251737324367892,-30.254708138725,-57.5879711065049));
#5610=CARTESIAN_POINT('',(1.75622592212178,0.670651158789886,-2.40792656922337));
#5611=CARTESIAN_POINT('',(1.62636035195209,-2.76872844272438,-11.2937404119393));
#5612=CARTESIAN_POINT('',(1.48248342593914,-6.40400176564544,-20.1803393571793));
#5613=CARTESIAN_POINT('',(1.01681001055302,-16.2733891803204,-38.5722907066696));
#5614=CARTESIAN_POINT('',(0.632294186779353,-23.3843863148709,-48.0811574915928));
#5615=CARTESIAN_POINT('',(0.26512667059678,-30.2528356459586,-57.5890521907077));
#5616=CARTESIAN_POINT('',(1.77965387266846,0.641418927237595,-2.39104933246764));
#5617=CARTESIAN_POINT('',(1.65852848540555,-2.78917140592198,-11.2819376616341));
#5618=CARTESIAN_POINT('',(1.52208340131288,-6.41611218387219,-20.1732132209543));
#5619=CARTESIAN_POINT('',(1.05604848826855,-16.2746362699202,-38.5717368392055));
#5620=CARTESIAN_POINT('',(0.65788277613396,-23.385147070094,-48.0807182693599));
#5621=CARTESIAN_POINT('',(0.278685306066071,-30.252544567539,-57.5892202449116));
#5622=CARTESIAN_POINT('',(1.79874904486441,0.609911692977137,-2.37285862228594));
#5623=CARTESIAN_POINT('',(1.6874762970955,-2.81305367516835,-11.2681492270559));
#5624=CARTESIAN_POINT('',(1.55952095953988,-6.4326717151618,-20.1635360426872));
#5625=CARTESIAN_POINT('',(1.09466466232446,-16.280448809037,-38.5685252490326));
#5626=CARTESIAN_POINT('',(0.683087149450876,-23.3888882810611,-48.0785582802009));
#5627=CARTESIAN_POINT('',(0.292165337943364,-30.2538402252594,-57.5884721965779));
#5628=CARTESIAN_POINT('',(1.81322104877246,0.576608602447723,-2.35363107400394));
#5629=CARTESIAN_POINT('',(1.71271444067032,-2.83999616560722,-11.2525939729484));
#5630=CARTESIAN_POINT('',(1.59413402524145,-6.45339861019983,-20.1514719718204));
#5631=CARTESIAN_POINT('',(1.13195266199637,-16.2907031735076,-38.5627254763842));
#5632=CARTESIAN_POINT('',(0.707447318819381,-23.3955345450318,-48.0747210579083));
#5633=CARTESIAN_POINT('',(0.305320310507477,-30.2566989305812,-57.5868217222908));
#5634=CARTESIAN_POINT('',(1.82284980131422,0.542016112583954,-2.33365909066915));
#5635=CARTESIAN_POINT('',(1.7338132193435,-2.86956794502571,-11.2355206981407));
#5636=CARTESIAN_POINT('',(1.62530891353549,-6.4779372454505,-20.1372274379088));
#5637=CARTESIAN_POINT('',(1.16723357815507,-16.3051947710317,-38.5544542680615));
#5638=CARTESIAN_POINT('',(0.730519687597617,-23.4049575418793,-48.0692806881419));
#5639=CARTESIAN_POINT('',(0.317909711103806,-30.2610684177311,-57.5842989977086));
#5640=CARTESIAN_POINT('',(1.82748887317765,0.506660288863294,-2.31324639632661));
#5641=CARTESIAN_POINT('',(1.75040827184585,-2.90129208165685,-11.2172047593169));
#5642=CARTESIAN_POINT('',(1.65249122880588,-6.50586425217941,-20.121047587274));
#5643=CARTESIAN_POINT('',(1.19986664117717,-16.3236422382681,-38.543873184886));
#5644=CARTESIAN_POINT('',(0.751885117452579,-23.4169784764403,-48.0623403983372));
#5645=CARTESIAN_POINT('',(0.329703367442703,-30.2668687992813,-57.5809501458592));
#5646=CARTESIAN_POINT('',(1.82706771566837,0.471078805184427,-2.29270341714645));
#5647=CARTESIAN_POINT('',(1.76221316826714,-2.93465747020882,-11.1979412432548));
#5648=CARTESIAN_POINT('',(1.67519573455101,-6.53669588188699,-20.1032120896488));
#5649=CARTESIAN_POINT('',(1.22926518209233,-16.3456920154853,-38.5311858873742));
#5650=CARTESIAN_POINT('',(0.771156535602951,-23.4313714374187,-48.0540306184419));
#5651=CARTESIAN_POINT('',(0.340485655843841,-30.273994026718,-57.5768363938806));
#5652=CARTESIAN_POINT('',(1.82159273347926,0.435812767106295,-2.27234256056879));
#5653=CARTESIAN_POINT('',(1.76900094925266,-2.96911186585316,-11.1780489886548));
#5654=CARTESIAN_POINT('',(1.69301502421376,-6.56989633228968,-20.0840301087352));
#5655=CARTESIAN_POINT('',(1.25489096607161,-16.3709280090393,-38.5166328325131));
#5656=CARTESIAN_POINT('',(0.787985944288679,-23.4478676103948,-48.0445065485335));
#5657=CARTESIAN_POINT('',(0.350059443491333,-30.2823138293858,-57.5720329535707));
#5658=CARTESIAN_POINT('',(1.81114718766473,0.401398483288984,-2.25247346454289));
#5659=CARTESIAN_POINT('',(1.77069586298369,-3.00412801347157,-11.1578324064013));
#5660=CARTESIAN_POINT('',(1.70562681653338,-6.60488743915411,-20.0638355660161));
#5661=CARTESIAN_POINT('',(1.27632453097573,-16.3988682640367,-38.5004921307311));
#5662=CARTESIAN_POINT('',(0.802070705614925,-23.4661602662126,-48.0339452787729));
#5663=CARTESIAN_POINT('',(0.358249692607684,-30.2916760960161,-57.5666276464115));
#5664=CARTESIAN_POINT('',(1.79588992805304,0.368359308432288,-2.23339828804558));
#5665=CARTESIAN_POINT('',(1.76704771204883,-3.0389992713783,-11.1376994762619));
#5666=CARTESIAN_POINT('',(1.71279982508021,-6.64105750844532,-20.0429788931563));
#5667=CARTESIAN_POINT('',(1.2930462627488,-16.4290155014076,-38.4830542664733));
#5668=CARTESIAN_POINT('',(0.813158988114748,-23.4859104350185,-48.0225425134963));
#5669=CARTESIAN_POINT('',(0.364906660709485,-30.3019096565743,-57.5607192974685));
#5670=CARTESIAN_POINT('',(1.77605298274196,0.337197688627629,-2.21540711846297));
#5671=CARTESIAN_POINT('',(1.75885749698762,-3.0736463686938,-11.1176959653001));
#5672=CARTESIAN_POINT('',(1.71439779595695,-6.67777680603742,-20.0218299258717));
#5673=CARTESIAN_POINT('',(1.30529062721173,-16.460711307906,-38.4646916257184));
#5674=CARTESIAN_POINT('',(0.821054277455706,-23.5067531525679,-48.0105089649085));
#5675=CARTESIAN_POINT('',(0.369908638217707,-30.3128274088047,-57.5544159302793));
#5676=CARTESIAN_POINT('',(1.75193801010371,0.308387504465191,-2.19877355088139));
#5677=CARTESIAN_POINT('',(1.74340692063473,-3.10565142354145,-11.0992178382684));
#5678=CARTESIAN_POINT('',(1.71038276069963,-6.71439079972779,-20.0007377430043));
#5679=CARTESIAN_POINT('',(1.31088827370978,-16.4937269884947,-38.4455719238149));
#5680=CARTESIAN_POINT('',(0.825618868453551,-23.5283041972547,-47.9980664634573));
#5681=CARTESIAN_POINT('',(0.373164174179871,-30.3242297500741,-57.547832785478));
#5682=CARTESIAN_POINT('',(1.733253859244,0.291040450812001,-2.18875822478507));
#5683=CARTESIAN_POINT('',(1.73547742167398,-3.12946522939803,-11.0854689310467));
#5684=CARTESIAN_POINT('',(1.70400309530945,-6.7383290212532,-19.9870127342184));
#5685=CARTESIAN_POINT('',(1.31501210220035,-16.5153144498871,-38.4329898682718));
#5686=CARTESIAN_POINT('',(0.826390478388227,-23.5428794459514,-47.9896514396987));
#5687=CARTESIAN_POINT('',(0.37413055565443,-30.3320153736754,-57.543337753596));
#5688=CARTESIAN_POINT('',(1.72333091498745,0.282897786268544,-2.18405705521898));
#5689=CARTESIAN_POINT('',(1.72555447741743,-3.13760789394149,-11.0807677614806));
#5690=CARTESIAN_POINT('',(1.69991483401834,-6.75004941230336,-19.9802459632906));
#5691=CARTESIAN_POINT('',(1.31260295931551,-16.5267383978814,-38.4263942488221));
#5692=CARTESIAN_POINT('',(0.826206091470121,-23.5501521720781,-47.9854525293117));
#5693=CARTESIAN_POINT('',(0.374308336066486,-30.3359186309363,-57.5410842069657));
#5694=FACE_BOUND('',#5695,.T.);
#5695=EDGE_LOOP('',(#8893,#8894,#8895));
#5696=PLANE('',#5697);
#5697=AXIS2_PLACEMENT_3D('',#5698,#5699,#5700);
#5698=CARTESIAN_POINT('',(0.,-0.875000000000001,-1.51554445662277));
#5699=DIRECTION('',(0.,-0.5,-0.866025403784439));
#5700=DIRECTION('',(-1.,-1.06057523872491E-16,6.12323399573678E-17));
#5701=FACE_BOUND('',#5702,.T.);
#5702=EDGE_LOOP('',(#8896,#8897,#8898,#8899,#8900,#8901));
#5703=B_SPLINE_SURFACE_WITH_KNOTS('',3,3,(
(#5704,#5705,#5706,#5707,#5708,#5709),
(#5710,#5711,#5712,#5713,#5714,#5715),
(#5716,#5717,#5718,#5719,#5720,#5721),
(#5722,#5723,#5724,#5725,#5726,#5727),
(#5728,#5729,#5730,#5731,#5732,#5733),
(#5734,#5735,#5736,#5737,#5738,#5739),
(#5740,#5741,#5742,#5743,#5744,#5745),
(#5746,#5747,#5748,#5749,#5750,#5751),
(#5752,#5753,#5754,#5755,#5756,#5757)),
.UNSPECIFIED.,.F.,.F.,.F.,
(4,1,1,1,1,1,4),
(4,2,4),
(0.,0.136115625229061,0.272231250458123,0.408346875687184,0.544462500916245,0.680578126145306,
0.816693751374368),
(0.,0.893591085182882,2.),
.UNSPECIFIED.);
#5704=CARTESIAN_POINT('',(-1.76776695292889,-2.40593108926282,-0.631660980126111));
#5705=CARTESIAN_POINT('',(-2.03781185537803,-9.64721739629962,-7.32244296297478));
#5706=CARTESIAN_POINT('',(-2.24145676326547,-16.6157426460069,-14.2561007783558));
#5707=CARTESIAN_POINT('',(-1.85894533204068,-27.9775117328105,-31.8501841579774));
#5708=CARTESIAN_POINT('',(-0.975561342998983,-31.1497896858362,-43.5977997649999));
#5709=CARTESIAN_POINT('',(-0.174391184360317,-34.6597895235678,-55.0446961831637));
#5710=CARTESIAN_POINT('',(-1.68704286660101,-2.17921047419213,-0.762558188268013));
#5711=CARTESIAN_POINT('',(-1.95708776905015,-9.42049678122892,-7.45334017111668));
#5712=CARTESIAN_POINT('',(-2.07415012989574,-16.0471804693175,-14.5843603041185));
#5713=CARTESIAN_POINT('',(-1.69075673521648,-27.3842715930554,-32.1926915123591));
#5714=CARTESIAN_POINT('',(-0.874338410736277,-30.733056664129,-43.8384006872627));
#5715=CARTESIAN_POINT('',(-0.132899418477532,-34.4216662813048,-55.1821767011846));
#5716=CARTESIAN_POINT('',(-1.48990586484401,-1.73530116765208,-1.01884934589469));
#5717=CARTESIAN_POINT('',(-1.61307781512286,-8.3412819969674,-8.0764251173235));
#5718=CARTESIAN_POINT('',(-1.7321486411784,-14.9198212635833,-15.252331225498));
#5719=CARTESIAN_POINT('',(-1.36032368771166,-26.0798574862377,-32.9246354620906));
#5720=CARTESIAN_POINT('',(-0.679677202681001,-29.8981118446837,-44.320456303528));
#5721=CARTESIAN_POINT('',(-0.0572447084247126,-33.944462041664,-55.4576906973996));
#5722=CARTESIAN_POINT('',(-1.09260207828969,-1.11034502551963,-1.37966794278657));
#5723=CARTESIAN_POINT('',(-1.16775784808564,-7.25037361021198,-8.70626136807796));
#5724=CARTESIAN_POINT('',(-1.19912776026158,-13.2283357326174,-16.237877672408));
#5725=CARTESIAN_POINT('',(-0.895229984256932,-24.2075343313222,-33.9945193796235));
#5726=CARTESIAN_POINT('',(-0.4105829735171,-28.6404243840141,-45.046582497502));
#5727=CARTESIAN_POINT('',(0.0341702854363278,-33.2262908535478,-55.8723270261827));
#5728=CARTESIAN_POINT('',(-0.60105019170663,-0.53785919842246,-1.71019278916837));
#5729=CARTESIAN_POINT('',(-0.631149747067572,-6.06616920704429,-9.38996209902237));
#5730=CARTESIAN_POINT('',(-0.647199809891394,-11.5466293044297,-17.218415764266));
#5731=CARTESIAN_POINT('',(-0.452487551196549,-22.3030192056773,-35.0821998736177));
#5732=CARTESIAN_POINT('',(-0.163747139397574,-27.3767028988018,-45.77619243717));
#5733=CARTESIAN_POINT('',(0.103453274549029,-32.506264964321,-56.2880341671514));
#5734=CARTESIAN_POINT('',(-0.024343335751856,-0.0284336721178481,-2.0043097539124));
#5735=CARTESIAN_POINT('',(-0.0580316033934596,-4.9077722245656,-10.0587629086849));
#5736=CARTESIAN_POINT('',(-0.0780838592805306,-9.87357154140348,-18.1879094126473));
#5737=CARTESIAN_POINT('',(-0.0419018688951738,-20.3817577472276,-36.1870411410285));
#5738=CARTESIAN_POINT('',(0.0616394987073128,-26.1062740408514,-46.509674880294));
#5739=CARTESIAN_POINT('',(0.150555046523446,-31.7848958161729,-56.7045168390197));
#5740=CARTESIAN_POINT('',(0.626850465825053,0.408507832305491,-2.25657804911134));
#5741=CARTESIAN_POINT('',(0.577501910061198,-3.95614152782955,-10.6081871476146));
#5742=CARTESIAN_POINT('',(0.50631440161839,-8.21247513380969,-19.1480330770569));
#5743=CARTESIAN_POINT('',(0.379792817277637,-18.4872980129629,-37.2794593666433));
#5744=CARTESIAN_POINT('',(0.266540676605009,-24.828572557489,-47.2473561756572));
#5745=CARTESIAN_POINT('',(0.175442144393535,-31.0626958054163,-57.1214792096388));
#5746=CARTESIAN_POINT('',(1.1026056320048,0.646090421985646,-2.39374642121794));
#5747=CARTESIAN_POINT('',(0.985809767570873,-2.91904194510832,-11.2069568708751));
#5748=CARTESIAN_POINT('',(0.904855701042716,-7.1103906058354,-19.7744242651602));
#5749=CARTESIAN_POINT('',(0.568742900882402,-17.1090609915849,-38.0874397096799));
#5750=CARTESIAN_POINT('',(0.390218031816442,-23.9716289242054,-47.7421128130139));
#5751=CARTESIAN_POINT('',(0.177211975200612,-30.5810172160331,-57.3995764728821));
#5752=CARTESIAN_POINT('',(1.34869050161762,0.750355462118334,-2.45394387020562));
#5753=CARTESIAN_POINT('',(1.23189463718369,-2.81477690497563,-11.2671543198628));
#5754=CARTESIAN_POINT('',(1.10587752166904,-6.56405438425684,-20.0898516297566));
#5755=CARTESIAN_POINT('',(0.735083053059744,-16.5154301030496,-38.430172662975));
#5756=CARTESIAN_POINT('',(0.449028425678812,-23.5418208640094,-47.9902626122679));
#5757=CARTESIAN_POINT('',(0.174391184360306,-30.3402104764323,-57.5386063088133));
#5758=FACE_BOUND('',#5759,.T.);
#5759=EDGE_LOOP('',(#8902,#8903,#8904,#8905,#8906));
#5760=B_SPLINE_SURFACE_WITH_KNOTS('',3,3,(
(#5761,#5762,#5763,#5764,#5765,#5766),
(#5767,#5768,#5769,#5770,#5771,#5772),
(#5773,#5774,#5775,#5776,#5777,#5778),
(#5779,#5780,#5781,#5782,#5783,#5784),
(#5785,#5786,#5787,#5788,#5789,#5790),
(#5791,#5792,#5793,#5794,#5795,#5796)),
.UNSPECIFIED.,.F.,.F.,.F.,
(4,1,1,4),
(4,2,4),
(0.,0.0992557108668503,0.198511421733701,0.297767132600551),
(0.000428595025064382,0.893591085182882,2.),
.UNSPECIFIED.);
#5761=CARTESIAN_POINT('',(1.72333409519743,0.27797590015072,-2.19685850286858));
#5762=CARTESIAN_POINT('',(1.72552984832815,-3.14107335406225,-11.0893045621184));
#5763=CARTESIAN_POINT('',(1.69983183409143,-6.75214453242809,-19.9841989269876));
#5764=CARTESIAN_POINT('',(1.31260295925793,-16.5267383978879,-38.4263942488179));
#5765=CARTESIAN_POINT('',(0.826206091223938,-23.5501521720884,-47.9854525293058));
#5766=CARTESIAN_POINT('',(0.374308335648081,-30.3359186309506,-57.5410842069574));
#5767=CARTESIAN_POINT('',(1.34649876804307,-0.0319155084010158,-2.01794261472168));
#5768=CARTESIAN_POINT('',(1.34869452117379,-3.45096476261399,-10.9103886739715));
#5769=CARTESIAN_POINT('',(1.39003904945335,-7.88146070376284,-19.3321879314673));
#5770=CARTESIAN_POINT('',(1.05803533669963,-17.7338761311555,-37.7294529535669));
#5771=CARTESIAN_POINT('',(0.746745623406504,-24.4122676049621,-47.4877099520636));
#5772=CARTESIAN_POINT('',(0.396386447103173,-30.8206545340126,-57.2612218028387));
#5773=CARTESIAN_POINT('',(0.585252069247583,-0.644821873233116,-1.66408097143594));
#5774=CARTESIAN_POINT('',(0.642495504873125,-5.62355304664305,-9.65606014179781));
#5775=CARTESIAN_POINT('',(0.683404630957437,-10.1309816557271,-18.0499999891973));
#5776=CARTESIAN_POINT('',(0.677042474774651,-20.4712223758054,-36.1285147620652));
#5777=CARTESIAN_POINT('',(0.506371721831692,-26.1304711313893,-46.4957046835583));
#5778=CARTESIAN_POINT('',(0.384941130328536,-31.7920247473603,-56.7004009486796));
#5779=CARTESIAN_POINT('',(-0.578837429328716,-1.54313458480222,-1.14543987938585));
#5780=CARTESIAN_POINT('',(-0.578111930500518,-7.29161349592814,-8.6929963618672));
#5781=CARTESIAN_POINT('',(-0.632627630806032,-13.428269567387,-16.137312915205));
#5782=CARTESIAN_POINT('',(-0.440930676100698,-24.1833139439412,-33.9964827819113));
#5783=CARTESIAN_POINT('',(-0.0962250230509569,-28.6722803498718,-45.0281904470388));
#5784=CARTESIAN_POINT('',(0.201137595489869,-33.2404363553514,-55.8641601169086));
#5785=CARTESIAN_POINT('',(-1.36936385295403,-2.12770653806483,-0.807937080138095));
#5786=CARTESIAN_POINT('',(-1.6392154975756,-9.36525779462369,-7.49574297641742));
#5787=CARTESIAN_POINT('',(-1.67812722176076,-15.5597153324765,-14.8709745321672));
#5788=CARTESIAN_POINT('',(-1.31707674367884,-26.8436824522273,-32.504800798342));
#5789=CARTESIAN_POINT('',(-0.656634613678881,-30.3316833476009,-44.0701336796058));
#5790=CARTESIAN_POINT('',(-0.0312821173295558,-34.1907753189091,-55.3154816604772));
#5791=CARTESIAN_POINT('',(-1.76815547407935,-2.41635036194431,-0.641288490721353));
#5792=CARTESIAN_POINT('',(-2.03800711870092,-9.65390161850318,-7.32909438700068));
#5793=CARTESIAN_POINT('',(-2.24137479206775,-16.6181774447995,-14.2598711466905));
#5794=CARTESIAN_POINT('',(-1.85894533197905,-27.9775117328864,-31.8501841579384));
#5795=CARTESIAN_POINT('',(-0.975561343034566,-31.1497896858523,-43.5977997649906));
#5796=CARTESIAN_POINT('',(-0.174391184474224,-34.6597895235417,-55.0446961831788));
#5797=FACE_BOUND('',#5798,.T.);
#5798=EDGE_LOOP('',(#8907,#8908));
#5799=PLANE('',#5800);
#5800=AXIS2_PLACEMENT_3D('',#5801,#5802,#5803);
#5801=CARTESIAN_POINT('',(-2.5,65.0898849652998,2.78644525524938));
#5802=DIRECTION('',(1.77550285031945E-16,0.0310044368270212,0.999519246886742));
#5803=DIRECTION('',(0.,-0.999519246886742,0.0310044368270212));
#5804=FACE_BOUND('',#5805,.T.);
#5805=EDGE_LOOP('',(#8909,#8910,#8911,#8912,#8913,#8914));
#5806=CYLINDRICAL_SURFACE('',#5807,3.);
#5807=AXIS2_PLACEMENT_3D('',#5808,#5809,#5810);
#5808=CARTESIAN_POINT('',(-2.5,62.0000000000015,-0.111261069922335));
#5809=DIRECTION('',(-1.,0.,1.83697019872103E-16));
#5810=DIRECTION('',(1.82713318119812E-16,0.103350711537819,0.994644977077061));
#5811=FACE_BOUND('',#5812,.T.);
#5812=EDGE_LOOP('',(#8915,#8916,#8917));
#5813=PLANE('',#5814);
#5814=AXIS2_PLACEMENT_3D('',#5815,#5816,#5817);
#5815=CARTESIAN_POINT('',(0.,65.,0.));
#5816=DIRECTION('',(0.,1.,6.12323399573677E-17));
#5817=DIRECTION('',(-1.,7.49879891330928E-33,-1.22464679914735E-16));
#5818=FACE_BOUND('',#5819,.T.);
#5819=EDGE_LOOP('',(#8918,#8919,#8920));
#5820=PLANE('',#5821);
#5821=AXIS2_PLACEMENT_3D('',#5822,#5823,#5824);
#5822=CARTESIAN_POINT('',(0.,-32.5,56.2916512459885));
#5823=DIRECTION('',(1.41038191169352E-49,-0.5,0.866025403784439));
#5824=DIRECTION('',(-1.,1.06057523872491E-16,6.12323399573678E-17));
#5825=FACE_BOUND('',#5826,.T.);
#5826=EDGE_LOOP('',(#8921,#8922,#8923));
#5827=PLANE('',#5828);
#5828=AXIS2_PLACEMENT_3D('',#5829,#5830,#5831);
#5829=CARTESIAN_POINT('',(0.,-32.5,-56.2916512459885));
#5830=DIRECTION('',(0.,-0.5,-0.866025403784439));
#5831=DIRECTION('',(-1.,-1.06057523872491E-16,6.12323399573678E-17));
#5832=FACE_BOUND('',#5833,.T.);
#5833=EDGE_LOOP('',(#8924,#8925,#8926,#8927,#8928,#8929));
#5834=FACE_BOUND('',#5835,.T.);
#5835=EDGE_LOOP('',(#8930));
#5836=PLANE('',#5837);
#5837=AXIS2_PLACEMENT_3D('',#5838,#5839,#5840);
#5838=CARTESIAN_POINT('',(10.,62.,5.));
#5839=DIRECTION('',(0.,-1.,0.));
#5840=DIRECTION('',(-3.5527136788005E-16,0.,-1.));
#5841=FACE_BOUND('',#5842,.T.);
#5842=EDGE_LOOP('',(#8931,#8932,#8933,#8934,#8935,#8936));
#5843=FACE_BOUND('',#5844,.T.);
#5844=EDGE_LOOP('',(#8937));
#5845=PLANE('',#5846);
#5846=AXIS2_PLACEMENT_3D('',#5847,#5848,#5849);
#5847=CARTESIAN_POINT('',(10.,34.,5.));
#5848=DIRECTION('',(0.,-1.,0.));
#5849=DIRECTION('',(-3.5527136788005E-16,0.,-1.));
#5850=FACE_BOUND('',#5851,.T.);
#5851=EDGE_LOOP('',(#8938,#8939,#8940,#8941,#8942,#8943));
#5852=FACE_BOUND('',#5853,.T.);
#5853=EDGE_LOOP('',(#8944));
#5854=PLANE('',#5855);
#5855=AXIS2_PLACEMENT_3D('',#5856,#5857,#5858);
#5856=CARTESIAN_POINT('',(10.,42.,-5.));
#5857=DIRECTION('',(0.,1.,0.));
#5858=DIRECTION('',(3.5527136788005E-16,0.,1.));
#5859=FACE_BOUND('',#5860,.T.);
#5860=EDGE_LOOP('',(#8945,#8946,#8947,#8948,#8949,#8950));
#5861=FACE_BOUND('',#5862,.T.);
#5862=EDGE_LOOP('',(#8951));
#5863=PLANE('',#5864);
#5864=AXIS2_PLACEMENT_3D('',#5865,#5866,#5867);
#5865=CARTESIAN_POINT('',(0.,70.,-5.));
#5866=DIRECTION('',(-2.52435489670724E-31,1.,-1.4210854715202E-15));
#5867=DIRECTION('',(1.83697019872103E-16,1.4210854715202E-15,1.));
#5868=FACE_OUTER_BOUND('',#5869,.T.);
#5869=EDGE_LOOP('',(#8952));
#5870=FACE_OUTER_BOUND('',#5871,.T.);
#5871=EDGE_LOOP('',(#8953));
#5872=CYLINDRICAL_SURFACE('',#5873,2.5);
#5873=AXIS2_PLACEMENT_3D('',#5874,#5875,#5876);
#5874=CARTESIAN_POINT('',(15.,71.,-1.07991634496477E-15));
#5875=DIRECTION('',(0.,-1.,0.));
#5876=DIRECTION('',(6.12323399573677E-17,0.,-1.));
#5877=FACE_OUTER_BOUND('',#5878,.T.);
#5878=EDGE_LOOP('',(#8954));
#5879=FACE_OUTER_BOUND('',#5880,.T.);
#5880=EDGE_LOOP('',(#8955));
#5881=CYLINDRICAL_SURFACE('',#5882,2.5);
#5882=AXIS2_PLACEMENT_3D('',#5883,#5884,#5885);
#5883=CARTESIAN_POINT('',(15.,71.,-1.07991634496477E-15));
#5884=DIRECTION('',(0.,-1.,0.));
#5885=DIRECTION('',(6.12323399573677E-17,0.,-1.));
#5886=FACE_BOUND('',#5887,.T.);
#5887=EDGE_LOOP('',(#8956,#8957,#8958,#8959));
#5888=FACE_BOUND('',#5889,.T.);
#5889=EDGE_LOOP('',(#8960));
#5890=PLANE('',#5891);
#5891=AXIS2_PLACEMENT_3D('',#5892,#5893,#5894);
#5892=CARTESIAN_POINT('',(10.,0.,0.));
#5893=DIRECTION('',(1.,0.,-1.83697019872103E-16));
#5894=DIRECTION('',(1.12481983699639E-32,1.,6.12323399573677E-17));
#5895=FACE_BOUND('',#5896,.T.);
#5896=EDGE_LOOP('',(#8961,#8962,#8963,#8964,#8965,#8966,#8967,#8968,#8969,#8970,
#8971,#8972,#8973,#8974,#8975,#8976,#8977,#8978,#8979,#8980,#8981,#8982,#8983,#8984));
#5897=PLANE('',#5898);
#5898=AXIS2_PLACEMENT_3D('',#5899,#5900,#5901);
#5899=CARTESIAN_POINT('',(0.,-40.,-5.));
#5900=DIRECTION('',(-1.77635683940025E-16,6.45947941600091E-17,-1.));
#5901=DIRECTION('',(1.07571941621047E-32,1.,6.45947941600091E-17));
#5902=FACE_BOUND('',#5903,.T.);
#5903=EDGE_LOOP('',(#8985,#8986,#8987,#8988));
#5904=PLANE('',#5905);
#5905=AXIS2_PLACEMENT_3D('',#5906,#5907,#5908);
#5906=CARTESIAN_POINT('',(20.,0.,0.));
#5907=DIRECTION('',(1.,0.,-1.83697019872103E-16));
#5908=DIRECTION('',(1.12481983699639E-32,1.,6.12323399573677E-17));
#5909=FACE_BOUND('',#5910,.T.);
#5910=EDGE_LOOP('',(#8989,#8990,#8991,#8992,#8993,#8994,#8995,#8996,#8997,#8998,
#8999,#9000,#9001,#9002,#9003,#9004,#9005,#9006,#9007,#9008,#9009,#9010,#9011,#9012));
#5911=PLANE('',#5912);
#5912=AXIS2_PLACEMENT_3D('',#5913,#5914,#5915);
#5913=CARTESIAN_POINT('',(0.,70.,5.));
#5914=DIRECTION('',(1.77635683940025E-16,-6.45947941600091E-17,1.));
#5915=DIRECTION('',(-1.07571941621047E-32,-1.,-6.45947941600091E-17));
#5916=FACE_BOUND('',#5917,.T.);
#5917=EDGE_LOOP('',(#9013,#9014,#9015,#9016));
#5918=FACE_BOUND('',#5919,.T.);
#5919=EDGE_LOOP('',(#9017));
#5920=PLANE('',#5921);
#5921=AXIS2_PLACEMENT_3D('',#5922,#5923,#5924);
#5922=CARTESIAN_POINT('',(10.,0.,0.));
#5923=DIRECTION('',(1.,0.,-1.83697019872103E-16));
#5924=DIRECTION('',(1.12481983699639E-32,1.,6.12323399573677E-17));
#5925=FACE_BOUND('',#5926,.T.);
#5926=EDGE_LOOP('',(#9018,#9019,#9020,#9021));
#5927=PLANE('',#5928);
#5928=AXIS2_PLACEMENT_3D('',#5929,#5930,#5931);
#5929=CARTESIAN_POINT('',(20.,0.,0.));
#5930=DIRECTION('',(1.,0.,-1.83697019872103E-16));
#5931=DIRECTION('',(1.12481983699639E-32,1.,6.12323399573677E-17));
#5932=FACE_BOUND('',#5933,.T.);
#5933=EDGE_LOOP('',(#9022,#9023,#9024,#9025));
#5934=FACE_BOUND('',#5935,.T.);
#5935=EDGE_LOOP('',(#9026));
#5936=PLANE('',#5937);
#5937=AXIS2_PLACEMENT_3D('',#5938,#5939,#5940);
#5938=CARTESIAN_POINT('',(0.,0.,0.));
#5939=DIRECTION('',(1.,0.,-1.83697019872103E-16));
#5940=DIRECTION('',(1.12481983699639E-32,1.,6.12323399573677E-17));
#5941=FACE_OUTER_BOUND('',#5942,.T.);
#5942=EDGE_LOOP('',(#9027));
#5943=FACE_OUTER_BOUND('',#5944,.T.);
#5944=EDGE_LOOP('',(#9028));
#5945=CYLINDRICAL_SURFACE('',#5946,2.5);
#5946=AXIS2_PLACEMENT_3D('',#5947,#5948,#5949);
#5947=CARTESIAN_POINT('',(-10.,52.,3.36777869765522E-15));
#5948=DIRECTION('',(1.,0.,-1.83697019872103E-16));
#5949=DIRECTION('',(1.12481983699639E-32,1.,6.12323399573677E-17));
#5950=FACE_BOUND('',#5951,.T.);
#5951=EDGE_LOOP('',(#9029,#9030,#9031,#9032));
#5952=PLANE('',#5953);
#5953=AXIS2_PLACEMENT_3D('',#5954,#5955,#5956);
#5954=CARTESIAN_POINT('',(0.,-26.,-25.));
#5955=DIRECTION('',(0.707106781186547,-0.707106781186548,-2.94074910795623E-17));
#5956=DIRECTION('',(1.83697019872103E-16,1.4210854715202E-16,1.));
#5957=FACE_BOUND('',#5958,.T.);
#5958=EDGE_LOOP('',(#9033,#9034,#9035,#9036));
#5959=FACE_BOUND('',#5960,.T.);
#5960=EDGE_LOOP('',(#9037));
#5961=PLANE('',#5962);
#5962=AXIS2_PLACEMENT_3D('',#5963,#5964,#5965);
#5963=CARTESIAN_POINT('',(0.,0.,0.));
#5964=DIRECTION('',(1.,0.,-1.83697019872103E-16));
#5965=DIRECTION('',(1.12481983699639E-32,1.,6.12323399573677E-17));
#5966=FACE_BOUND('',#5967,.T.);
#5967=EDGE_LOOP('',(#9038,#9039,#9040,#9041));
#5968=PLANE('',#5969);
#5969=AXIS2_PLACEMENT_3D('',#5970,#5971,#5972);
#5970=CARTESIAN_POINT('',(0.,26.,25.));
#5971=DIRECTION('',(0.707106781186548,0.707106781186548,-1.29893408435324E-16));
#5972=DIRECTION('',(-1.83697019872103E-16,-5.22945839526315E-32,-1.));
#5973=FACE_BOUND('',#5974,.T.);
#5974=EDGE_LOOP('',(#9042,#9043,#9044,#9045));
#5975=PLANE('',#5976);
#5976=AXIS2_PLACEMENT_3D('',#5977,#5978,#5979);
#5977=CARTESIAN_POINT('',(0.,31.,-5.));
#5978=DIRECTION('',(0.,-1.,0.));
#5979=DIRECTION('',(1.83697019872103E-16,0.,1.));
#5980=FACE_BOUND('',#5981,.T.);
#5981=EDGE_LOOP('',(#9046,#9047,#9048,#9049));
#5982=PLANE('',#5983);
#5983=AXIS2_PLACEMENT_3D('',#5984,#5985,#5986);
#5984=CARTESIAN_POINT('',(-10.,0.,0.));
#5985=DIRECTION('',(-1.,0.,1.83697019872103E-16));
#5986=DIRECTION('',(-1.12481983699639E-32,-1.,-6.12323399573677E-17));
#5987=FACE_BOUND('',#5988,.T.);
#5988=EDGE_LOOP('',(#9050,#9051,#9052,#9053));
#5989=PLANE('',#5990);
#5990=AXIS2_PLACEMENT_3D('',#5991,#5992,#5993);
#5991=CARTESIAN_POINT('',(0.,34.,5.));
#5992=DIRECTION('',(0.,1.,0.));
#5993=DIRECTION('',(-1.83697019872103E-16,0.,-1.));
#5994=FACE_BOUND('',#5995,.T.);
#5995=EDGE_LOOP('',(#9054,#9055,#9056,#9057));
#5996=PLANE('',#5997);
#5997=AXIS2_PLACEMENT_3D('',#5998,#5999,#6000);
#5998=CARTESIAN_POINT('',(0.,39.,-25.));
#5999=DIRECTION('',(0.707106781186548,-0.707106781186548,-1.29893408435324E-16));
#6000=DIRECTION('',(1.83697019872103E-16,-5.22945839526315E-32,1.));
#6001=FACE_BOUND('',#6002,.T.);
#6002=EDGE_LOOP('',(#9058,#9059,#9060,#9061));
#6003=PLANE('',#6004);
#6004=AXIS2_PLACEMENT_3D('',#6005,#6006,#6007);
#6005=CARTESIAN_POINT('',(0.,-40.,5.));
#6006=DIRECTION('',(0.,-1.,0.));
#6007=DIRECTION('',(-1.83697019872103E-16,0.,-1.));
#6008=FACE_BOUND('',#6009,.T.);
#6009=EDGE_LOOP('',(#9062,#9063,#9064,#9065));
#6010=PLANE('',#6011);
#6011=AXIS2_PLACEMENT_3D('',#6012,#6013,#6014);
#6012=CARTESIAN_POINT('',(-10.,0.,0.));
#6013=DIRECTION('',(-1.,0.,1.83697019872103E-16));
#6014=DIRECTION('',(-1.12481983699639E-32,-1.,-6.12323399573677E-17));
#6015=FACE_BOUND('',#6016,.T.);
#6016=EDGE_LOOP('',(#9066,#9067,#9068,#9069));
#6017=PLANE('',#6018);
#6018=AXIS2_PLACEMENT_3D('',#6019,#6020,#6021);
#6019=CARTESIAN_POINT('',(0.,-31.,5.));
#6020=DIRECTION('',(0.,1.,0.));
#6021=DIRECTION('',(-1.83697019872103E-16,0.,-1.));
#6022=FACE_OUTER_BOUND('',#6023,.T.);
#6023=EDGE_LOOP('',(#9070));
#6024=FACE_OUTER_BOUND('',#6025,.T.);
#6025=EDGE_LOOP('',(#9071));
#6026=CYLINDRICAL_SURFACE('',#6027,2.5);
#6027=AXIS2_PLACEMENT_3D('',#6028,#6029,#6030);
#6028=CARTESIAN_POINT('',(-1.77635683940025E-15,1.E-300,3.94430452610506E-31));
#6029=DIRECTION('',(1.,0.,-1.83697019872103E-16));
#6030=DIRECTION('',(1.12481983699639E-32,1.,6.12323399573677E-17));
#6031=FACE_BOUND('',#6032,.T.);
#6032=EDGE_LOOP('',(#9072,#9073,#9074,#9075));
#6033=PLANE('',#6034);
#6034=AXIS2_PLACEMENT_3D('',#6035,#6036,#6037);
#6035=CARTESIAN_POINT('',(10.,60.5,11.));
#6036=DIRECTION('',(0.707106781186544,-0.707106781186551,1.14188542449731E-16));
#6037=DIRECTION('',(-1.61486985400023E-16,-3.22973970800046E-16,-1.));
#6038=FACE_BOUND('',#6039,.T.);
#6039=EDGE_LOOP('',(#9076,#9077,#9078,#9079));
#6040=PLANE('',#6041);
#6041=AXIS2_PLACEMENT_3D('',#6042,#6043,#6044);
#6042=CARTESIAN_POINT('',(10.,32.5,11.));
#6043=DIRECTION('',(0.707106781186547,-0.707106781186548,-1.14188542449729E-16));
#6044=DIRECTION('',(-1.61486985400023E-16,-1.56883751857895E-31,-1.));
#6045=FACE_BOUND('',#6046,.T.);
#6046=EDGE_LOOP('',(#9080,#9081,#9082,#9083));
#6047=PLANE('',#6048);
#6048=AXIS2_PLACEMENT_3D('',#6049,#6050,#6051);
#6049=CARTESIAN_POINT('',(10.,43.5,-11.));
#6050=DIRECTION('',(0.707106781186548,0.707106781186547,-1.14188542449729E-16));
#6051=DIRECTION('',(1.61486985400023E-16,-2.78904447747368E-31,1.));
#6052=FACE_BOUND('',#6053,.T.);
#6053=EDGE_LOOP('',(#9084,#9085,#9086,#9087));
#6054=PLANE('',#6055);
#6055=AXIS2_PLACEMENT_3D('',#6056,#6057,#6058);
#6056=CARTESIAN_POINT('',(18.5,56.,-5.));
#6057=DIRECTION('',(0.707106781186547,3.14018491736755E-17,-0.707106781186548));
#6058=DIRECTION('',(-1.30736459881579E-32,1.,4.44089209850062E-17));
#6059=FACE_BOUND('',#6060,.T.);
#6060=EDGE_LOOP('',(#9088,#9089,#9090,#9091));
#6061=PLANE('',#6062);
#6062=AXIS2_PLACEMENT_3D('',#6063,#6064,#6065);
#6063=CARTESIAN_POINT('',(18.5,28.,-5.));
#6064=DIRECTION('',(0.707106781186548,3.14018491736755E-17,-0.707106781186547));
#6065=DIRECTION('',(1.22020695889474E-32,1.,4.44089209850063E-17));
#6066=FACE_BOUND('',#6067,.T.);
#6067=EDGE_LOOP('',(#9092,#9093,#9094,#9095));
#6068=PLANE('',#6069);
#6069=AXIS2_PLACEMENT_3D('',#6070,#6071,#6072);
#6070=CARTESIAN_POINT('',(18.5,76.,5.));
#6071=DIRECTION('',(0.707106781186548,-3.14018491736754E-17,0.707106781186547));
#6072=DIRECTION('',(2.61472919763158E-32,-1.,-4.44089209850062E-17));
#6073=FACE_BOUND('',#6074,.T.);
#6074=EDGE_LOOP('',(#9096,#9097,#9098,#9099));
#6075=PLANE('',#6076);
#6076=AXIS2_PLACEMENT_3D('',#6077,#6078,#6079);
#6077=CARTESIAN_POINT('',(18.5,48.,5.));
#6078=DIRECTION('',(0.707106781186548,-3.14018491736754E-17,0.707106781186547));
#6079=DIRECTION('',(2.96335975731579E-32,-1.,-4.44089209850062E-17));
#6080=FACE_BOUND('',#6081,.T.);
#6081=EDGE_LOOP('',(#9100,#9101,#9102,#9103));
#6082=PLANE('',#6083);
#6083=AXIS2_PLACEMENT_3D('',#6084,#6085,#6086);
#6084=CARTESIAN_POINT('',(6.99999999999999,70.,-33.));
#6085=DIRECTION('',(0.707106781186548,-0.707106781186548,9.32539763339455E-16));
#6086=DIRECTION('',(1.88401482966695E-16,1.50721186373355E-15,1.));
#6087=FACE_BOUND('',#6088,.T.);
#6088=EDGE_LOOP('',(#9104,#9105,#9106,#9107));
#6089=PLANE('',#6090);
#6090=AXIS2_PLACEMENT_3D('',#6091,#6092,#6093);
#6091=CARTESIAN_POINT('',(3.00000000000001,-40.,33.));
#6092=DIRECTION('',(0.707106781186548,-0.707106781186547,-2.66439932382701E-16));
#6093=DIRECTION('',(-3.76802965933386E-16,-6.97261119368419E-32,-1.));
#6094=FACE_BOUND('',#6095,.T.);
#6095=EDGE_LOOP('',(#9108));
#6096=FACE_BOUND('',#6097,.T.);
#6097=EDGE_LOOP('',(#9109));
#6098=FACE_BOUND('',#6099,.T.);
#6099=EDGE_LOOP('',(#9110));
#6100=FACE_BOUND('',#6101,.T.);
#6101=EDGE_LOOP('',(#9111));
#6102=FACE_BOUND('',#6103,.T.);
#6103=EDGE_LOOP('',(#9112));
#6104=PLANE('',#6105);
#6105=AXIS2_PLACEMENT_3D('',#6106,#6107,#6108);
#6106=CARTESIAN_POINT('',(0.,0.,0.));
#6107=DIRECTION('',(1.,0.,-1.83697019872103E-16));
#6108=DIRECTION('',(1.12481983699639E-32,1.,6.12323399573677E-17));
#6109=FACE_BOUND('',#6110,.T.);
#6110=EDGE_LOOP('',(#9113));
#6111=FACE_BOUND('',#6112,.T.);
#6112=EDGE_LOOP('',(#9114));
#6113=PLANE('',#6114);
#6114=AXIS2_PLACEMENT_3D('',#6115,#6116,#6117);
#6115=CARTESIAN_POINT('',(1.,0.,0.));
#6116=DIRECTION('',(1.,1.83697019872103E-16,-1.12481983699639E-32));
#6117=DIRECTION('',(1.12481983699639E-32,0.,1.));
#6118=FACE_BOUND('',#6119,.T.);
#6119=EDGE_LOOP('',(#9115));
#6120=FACE_BOUND('',#6121,.T.);
#6121=EDGE_LOOP('',(#9116));
#6122=PLANE('',#6123);
#6123=AXIS2_PLACEMENT_3D('',#6124,#6125,#6126);
#6124=CARTESIAN_POINT('',(1.,0.,0.));
#6125=DIRECTION('',(1.,2.24963967399279E-32,1.83697019872103E-16));
#6126=DIRECTION('',(1.1248198369964E-32,-1.,6.12323399573677E-17));
#6127=FACE_BOUND('',#6128,.T.);
#6128=EDGE_LOOP('',(#9117));
#6129=FACE_BOUND('',#6130,.T.);
#6130=EDGE_LOOP('',(#9118));
#6131=PLANE('',#6132);
#6132=AXIS2_PLACEMENT_3D('',#6133,#6134,#6135);
#6133=CARTESIAN_POINT('',(1.,0.,0.));
#6134=DIRECTION('',(1.,-1.83697019872103E-16,3.37445951098918E-32));
#6135=DIRECTION('',(1.1248198369964E-32,-1.22464679914735E-16,-1.));
#6136=FACE_OUTER_BOUND('',#6137,.T.);
#6137=EDGE_LOOP('',(#9119));
#6138=FACE_OUTER_BOUND('',#6139,.T.);
#6139=EDGE_LOOP('',(#9120));
#6140=CYLINDRICAL_SURFACE('',#6141,4.);
#6141=AXIS2_PLACEMENT_3D('',#6142,#6143,#6144);
#6142=CARTESIAN_POINT('',(-2.66453525910038E-15,3.36777869765522E-15,10.));
#6143=DIRECTION('',(1.,-1.83697019872103E-16,3.37445951098918E-32));
#6144=DIRECTION('',(1.1248198369964E-32,2.44929359829471E-16,1.));
#6145=FACE_OUTER_BOUND('',#6146,.T.);
#6146=EDGE_LOOP('',(#9121));
#6147=FACE_OUTER_BOUND('',#6148,.T.);
#6148=EDGE_LOOP('',(#9122));
#6149=CYLINDRICAL_SURFACE('',#6150,4.);
#6150=AXIS2_PLACEMENT_3D('',#6151,#6152,#6153);
#6151=CARTESIAN_POINT('',(-2.66453525910038E-15,10.,-2.75545529808154E-15));
#6152=DIRECTION('',(1.,2.24963967399279E-32,1.83697019872103E-16));
#6153=DIRECTION('',(1.12481983699639E-32,1.,-1.83697019872103E-16));
#6154=FACE_OUTER_BOUND('',#6155,.T.);
#6155=EDGE_LOOP('',(#9123));
#6156=FACE_OUTER_BOUND('',#6157,.T.);
#6157=EDGE_LOOP('',(#9124));
#6158=CYLINDRICAL_SURFACE('',#6159,4.);
#6159=AXIS2_PLACEMENT_3D('',#6160,#6161,#6162);
#6160=CARTESIAN_POINT('',(-2.66453525910038E-15,-2.14313189850787E-15,-10.));
#6161=DIRECTION('',(1.,1.83697019872103E-16,-1.12481983699639E-32));
#6162=DIRECTION('',(1.12481983699639E-32,-1.22464679914735E-16,-1.));
#6163=FACE_OUTER_BOUND('',#6164,.T.);
#6164=EDGE_LOOP('',(#9125));
#6165=FACE_OUTER_BOUND('',#6166,.T.);
#6166=EDGE_LOOP('',(#9126));
#6167=CONICAL_SURFACE('',#6168,17.,0.785398163397448);
#6168=AXIS2_PLACEMENT_3D('',#6169,#6170,#6171);
#6169=CARTESIAN_POINT('',(0.5,2.E-300,-9.18485099360515E-17));
#6170=DIRECTION('',(1.,0.,-1.83697019872103E-16));
#6171=DIRECTION('',(1.12481983699639E-32,1.,6.12323399573677E-17));
#6172=FACE_OUTER_BOUND('',#6173,.T.);
#6173=EDGE_LOOP('',(#9127));
#6174=FACE_OUTER_BOUND('',#6175,.T.);
#6175=EDGE_LOOP('',(#9128));
#6176=CYLINDRICAL_SURFACE('',#6177,4.);
#6177=AXIS2_PLACEMENT_3D('',#6178,#6179,#6180);
#6178=CARTESIAN_POINT('',(-3.10862446895044E-15,-10.,1.53080849893419E-15));
#6179=DIRECTION('',(1.,0.,-1.83697019872103E-16));
#6180=DIRECTION('',(1.12481983699639E-32,-1.,6.12323399573677E-17));
#6181=FACE_OUTER_BOUND('',#6182,.T.);
#6182=EDGE_LOOP('',(#9129));
#6183=FACE_OUTER_BOUND('',#6184,.T.);
#6184=EDGE_LOOP('',(#9130));
#6185=CYLINDRICAL_SURFACE('',#6186,5.);
#6186=AXIS2_PLACEMENT_3D('',#6187,#6188,#6189);
#6187=CARTESIAN_POINT('',(1.,-1.95943487863576E-15,-10.));
#6188=DIRECTION('',(1.,1.83697019872103E-16,-1.12481983699639E-32));
#6189=DIRECTION('',(1.12481983699639E-32,0.,1.));
#6190=FACE_OUTER_BOUND('',#6191,.T.);
#6191=EDGE_LOOP('',(#9131));
#6192=FACE_OUTER_BOUND('',#6193,.T.);
#6193=EDGE_LOOP('',(#9132));
#6194=CYLINDRICAL_SURFACE('',#6195,5.);
#6195=AXIS2_PLACEMENT_3D('',#6196,#6197,#6198);
#6196=CARTESIAN_POINT('',(1.,10.,-2.57175827820944E-15));
#6197=DIRECTION('',(1.,2.24963967399279E-32,1.83697019872103E-16));
#6198=DIRECTION('',(1.1248198369964E-32,-1.,6.12323399573677E-17));
#6199=FACE_OUTER_BOUND('',#6200,.T.);
#6200=EDGE_LOOP('',(#9133));
#6201=FACE_OUTER_BOUND('',#6202,.T.);
#6202=EDGE_LOOP('',(#9134));
#6203=CYLINDRICAL_SURFACE('',#6204,5.);
#6204=AXIS2_PLACEMENT_3D('',#6205,#6206,#6207);
#6205=CARTESIAN_POINT('',(1.,3.18408167778312E-15,10.));
#6206=DIRECTION('',(1.,-1.83697019872103E-16,3.37445951098918E-32));
#6207=DIRECTION('',(1.1248198369964E-32,-1.22464679914735E-16,-1.));
#6208=FACE_OUTER_BOUND('',#6209,.T.);
#6209=EDGE_LOOP('',(#9135));
#6210=FACE_OUTER_BOUND('',#6211,.T.);
#6211=EDGE_LOOP('',(#9136));
#6212=CYLINDRICAL_SURFACE('',#6213,17.5);
#6213=AXIS2_PLACEMENT_3D('',#6214,#6215,#6216);
#6214=CARTESIAN_POINT('',(3.67394043297444E-316,2.E-300,2.E-300));
#6215=DIRECTION('',(1.,0.,-1.83697019872103E-16));
#6216=DIRECTION('',(1.12481983699639E-32,1.,6.12323399573677E-17));
#6217=FACE_BOUND('',#6218,.T.);
#6218=EDGE_LOOP('',(#9137));
#6219=FACE_BOUND('',#6220,.T.);
#6220=EDGE_LOOP('',(#9138));
#6221=PLANE('',#6222);
#6222=AXIS2_PLACEMENT_3D('',#6223,#6224,#6225);
#6223=CARTESIAN_POINT('',(1.,0.,0.));
#6224=DIRECTION('',(1.,0.,-1.83697019872103E-16));
#6225=DIRECTION('',(1.12481983699639E-32,1.,6.12323399573677E-17));
#6226=FACE_BOUND('',#6227,.T.);
#6227=EDGE_LOOP('',(#9139));
#6228=FACE_BOUND('',#6229,.T.);
#6229=EDGE_LOOP('',(#9140));
#6230=FACE_BOUND('',#6231,.T.);
#6231=EDGE_LOOP('',(#9141));
#6232=FACE_BOUND('',#6233,.T.);
#6233=EDGE_LOOP('',(#9142));
#6234=FACE_BOUND('',#6235,.T.);
#6235=EDGE_LOOP('',(#9143));
#6236=FACE_BOUND('',#6237,.T.);
#6237=EDGE_LOOP('',(#9144));
#6238=PLANE('',#6239);
#6239=AXIS2_PLACEMENT_3D('',#6240,#6241,#6242);
#6240=CARTESIAN_POINT('',(5.,0.,0.));
#6241=DIRECTION('',(1.,0.,-1.83697019872103E-16));
#6242=DIRECTION('',(1.12481983699639E-32,1.,6.12323399573677E-17));
#6243=FACE_OUTER_BOUND('',#6244,.T.);
#6244=EDGE_LOOP('',(#9145));
#6245=FACE_OUTER_BOUND('',#6246,.T.);
#6246=EDGE_LOOP('',(#9146));
#6247=CONICAL_SURFACE('',#6248,17.,0.785398163397448);
#6248=AXIS2_PLACEMENT_3D('',#6249,#6250,#6251);
#6249=CARTESIAN_POINT('',(4.5,2.E-300,-8.26636589424463E-16));
#6250=DIRECTION('',(-1.,0.,1.83697019872103E-16));
#6251=DIRECTION('',(-1.12481983699639E-32,-1.,-6.12323399573677E-17));
#6252=FACE_OUTER_BOUND('',#6253,.T.);
#6253=EDGE_LOOP('',(#9147));
#6254=FACE_OUTER_BOUND('',#6255,.T.);
#6255=EDGE_LOOP('',(#9148));
#6256=CYLINDRICAL_SURFACE('',#6257,5.);
#6257=AXIS2_PLACEMENT_3D('',#6258,#6259,#6260);
#6258=CARTESIAN_POINT('',(1.,-10.,1.34711147906209E-15));
#6259=DIRECTION('',(1.,0.,-1.83697019872103E-16));
#6260=DIRECTION('',(1.12481983699639E-32,1.,6.12323399573677E-17));
#6261=FACE_OUTER_BOUND('',#6262,.T.);
#6262=EDGE_LOOP('',(#9149));
#6263=FACE_OUTER_BOUND('',#6264,.T.);
#6264=EDGE_LOOP('',(#9150));
#6265=CYLINDRICAL_SURFACE('',#6266,2.5);
#6266=AXIS2_PLACEMENT_3D('',#6267,#6268,#6269);
#6267=CARTESIAN_POINT('',(5.,1.E-300,-9.18485099360515E-16));
#6268=DIRECTION('',(1.,0.,-1.83697019872103E-16));
#6269=DIRECTION('',(1.12481983699639E-32,1.,6.12323399573677E-17));
#6270=FACE_OUTER_BOUND('',#6271,.T.);
#6271=EDGE_LOOP('',(#9151));
#6272=FACE_OUTER_BOUND('',#6273,.T.);
#6273=EDGE_LOOP('',(#9152));
#6274=CONICAL_SURFACE('',#6275,5.25,0.785398163397448);
#6275=AXIS2_PLACEMENT_3D('',#6276,#6277,#6278);
#6276=CARTESIAN_POINT('',(4.75,-10.,6.58247654541702E-16));
#6277=DIRECTION('',(1.,0.,-1.83697019872103E-16));
#6278=DIRECTION('',(1.12481983699639E-32,1.,6.12323399573677E-17));
#6279=FACE_BOUND('',#6280,.T.);
#6280=EDGE_LOOP('',(#9153));
#6281=PLANE('',#6282);
#6282=AXIS2_PLACEMENT_3D('',#6283,#6284,#6285);
#6283=CARTESIAN_POINT('',(20.,0.,0.));
#6284=DIRECTION('',(1.,0.,-1.83697019872103E-16));
#6285=DIRECTION('',(1.12481983699639E-32,1.,6.12323399573677E-17));
#6286=FACE_OUTER_BOUND('',#6287,.T.);
#6287=EDGE_LOOP('',(#9154));
#6288=FACE_OUTER_BOUND('',#6289,.T.);
#6289=EDGE_LOOP('',(#9155));
#6290=CONICAL_SURFACE('',#6291,5.25,0.785398163397448);
#6291=AXIS2_PLACEMENT_3D('',#6292,#6293,#6294);
#6292=CARTESIAN_POINT('',(4.75,-1.95943487863576E-15,-10.));
#6293=DIRECTION('',(1.,0.,-1.83697019872103E-16));
#6294=DIRECTION('',(1.83697019872103E-16,1.77541418727622E-16,1.));
#6295=FACE_OUTER_BOUND('',#6296,.T.);
#6296=EDGE_LOOP('',(#9156));
#6297=FACE_OUTER_BOUND('',#6298,.T.);
#6298=EDGE_LOOP('',(#9157));
#6299=CONICAL_SURFACE('',#6300,5.25,0.785398163397448);
#6300=AXIS2_PLACEMENT_3D('',#6301,#6302,#6303);
#6301=CARTESIAN_POINT('',(4.75,10.,-3.26062210272983E-15));
#6302=DIRECTION('',(1.,0.,-1.83697019872103E-16));
#6303=DIRECTION('',(7.64758574182227E-32,-1.,4.16315177412612E-16));
#6304=FACE_OUTER_BOUND('',#6305,.T.);
#6305=EDGE_LOOP('',(#9158));
#6306=FACE_OUTER_BOUND('',#6307,.T.);
#6307=EDGE_LOOP('',(#9159));
#6308=CONICAL_SURFACE('',#6309,5.25,0.785398163397447);
#6309=AXIS2_PLACEMENT_3D('',#6310,#6311,#6312);
#6310=CARTESIAN_POINT('',(4.75,3.18408167778312E-15,10.));
#6311=DIRECTION('',(1.,0.,-1.83697019872103E-16));
#6312=DIRECTION('',(-1.83697019872103E-16,-1.83697019872103E-16,-1.));
#6313=FACE_OUTER_BOUND('',#6314,.T.);
#6314=EDGE_LOOP('',(#9160));
#6315=FACE_OUTER_BOUND('',#6316,.T.);
#6316=EDGE_LOOP('',(#9161));
#6317=CONICAL_SURFACE('',#6318,3.25,0.785398163397448);
#6318=AXIS2_PLACEMENT_3D('',#6319,#6320,#6321);
#6319=CARTESIAN_POINT('',(5.75,1.E-300,-1.05625786426459E-15));
#6320=DIRECTION('',(-1.,0.,1.83697019872103E-16));
#6321=DIRECTION('',(-1.12481983699639E-32,-1.,-6.12323399573677E-17));
#6322=FACE_BOUND('',#6323,.T.);
#6323=EDGE_LOOP('',(#9162));
#6324=PLANE('',#6325);
#6325=AXIS2_PLACEMENT_3D('',#6326,#6327,#6328);
#6326=CARTESIAN_POINT('',(0.,0.,2.));
#6327=DIRECTION('',(0.,0.,1.));
#6328=DIRECTION('',(-1.,1.22464679914735E-16,0.));
#6329=FACE_BOUND('',#6330,.T.);
#6330=EDGE_LOOP('',(#9163));
#6331=PLANE('',#6332);
#6332=AXIS2_PLACEMENT_3D('',#6333,#6334,#6335);
#6333=CARTESIAN_POINT('',(0.,0.,0.));
#6334=DIRECTION('',(0.,0.,1.));
#6335=DIRECTION('',(-1.,1.22464679914735E-16,0.));
#6336=FACE_OUTER_BOUND('',#6337,.T.);
#6337=EDGE_LOOP('',(#9164));
#6338=FACE_OUTER_BOUND('',#6339,.T.);
#6339=EDGE_LOOP('',(#9165));
#6340=CONICAL_SURFACE('',#6341,4.,0.785398163397448);
#6341=AXIS2_PLACEMENT_3D('',#6342,#6343,#6344);
#6342=CARTESIAN_POINT('',(-1.E-300,-1.E-300,1.));
#6343=DIRECTION('',(0.,0.,-1.));
#6344=DIRECTION('',(1.,-1.22464679914735E-16,0.));
#6345=FACE_BOUND('',#6346,.T.);
#6346=EDGE_LOOP('',(#9166));
#6347=FACE_BOUND('',#6348,.T.);
#6348=EDGE_LOOP('',(#9167));
#6349=PLANE('',#6350);
#6350=AXIS2_PLACEMENT_3D('',#6351,#6352,#6353);
#6351=CARTESIAN_POINT('',(0.,0.,0.));
#6352=DIRECTION('',(0.,0.,1.));
#6353=DIRECTION('',(-1.,1.22464679914735E-16,0.));
#6354=FACE_OUTER_BOUND('',#6355,.T.);
#6355=EDGE_LOOP('',(#9168));
#6356=FACE_OUTER_BOUND('',#6357,.T.);
#6357=EDGE_LOOP('',(#9169));
#6358=CYLINDRICAL_SURFACE('',#6359,2.5);
#6359=AXIS2_PLACEMENT_3D('',#6360,#6361,#6362);
#6360=CARTESIAN_POINT('',(-1.E-300,-1.E-300,0.));
#6361=DIRECTION('',(0.,0.,-1.));
#6362=DIRECTION('',(-6.12323399573677E-17,-1.,0.));
#6363=FACE_OUTER_BOUND('',#6364,.T.);
#6364=EDGE_LOOP('',(#9170));
#6365=FACE_OUTER_BOUND('',#6366,.T.);
#6366=EDGE_LOOP('',(#9171));
#6367=CONICAL_SURFACE('',#6368,4.,0.785398163397448);
#6368=AXIS2_PLACEMENT_3D('',#6369,#6370,#6371);
#6369=CARTESIAN_POINT('',(-1.E-300,-1.E-300,1.));
#6370=DIRECTION('',(0.,0.,-1.));
#6371=DIRECTION('',(1.,-1.22464679914735E-16,0.));
#6372=FACE_BOUND('',#6373,.T.);
#6373=EDGE_LOOP('',(#9172));
#6374=PLANE('',#6375);
#6375=AXIS2_PLACEMENT_3D('',#6376,#6377,#6378);
#6376=CARTESIAN_POINT('',(0.,0.,-17.));
#6377=DIRECTION('',(0.,0.,-1.));
#6378=DIRECTION('',(-6.12323399573677E-17,-1.,0.));
#6379=FACE_BOUND('',#6380,.T.);
#6380=EDGE_LOOP('',(#9173));
#6381=FACE_BOUND('',#6382,.T.);
#6382=EDGE_LOOP('',(#9174));
#6383=PLANE('',#6384);
#6384=AXIS2_PLACEMENT_3D('',#6385,#6386,#6387);
#6385=CARTESIAN_POINT('',(0.,0.,2.));
#6386=DIRECTION('',(0.,0.,1.));
#6387=DIRECTION('',(-1.,1.22464679914735E-16,0.));
#6388=FACE_OUTER_BOUND('',#6389,.T.);
#6389=EDGE_LOOP('',(#9175));
#6390=FACE_OUTER_BOUND('',#6391,.T.);
#6391=EDGE_LOOP('',(#9176));
#6392=CYLINDRICAL_SURFACE('',#6393,2.5);
#6393=AXIS2_PLACEMENT_3D('',#6394,#6395,#6396);
#6394=CARTESIAN_POINT('',(1.E-300,-1.E-300,2.));
#6395=DIRECTION('',(0.,0.,1.));
#6396=DIRECTION('',(6.12323399573677E-17,-1.,0.));
#6397=FACE_BOUND('',#6398,.T.);
#6398=EDGE_LOOP('',(#9177));
#6399=PLANE('',#6400);
#6400=AXIS2_PLACEMENT_3D('',#6401,#6402,#6403);
#6401=CARTESIAN_POINT('',(0.,0.,23.));
#6402=DIRECTION('',(0.,0.,1.));
#6403=DIRECTION('',(6.12323399573677E-17,-1.,0.));
#6404=FACE_OUTER_BOUND('',#6405,.T.);
#6405=EDGE_LOOP('',(#9178));
#6406=FACE_BOUND('',#6407,.T.);
#6407=EDGE_LOOP('',(#9179,#9180,#9181,#9182,#9183,#9184,#9185,#9186,#9187,#9188,
#9189,#9190,#9191,#9192,#9193,#9194,#9195,#9196,#9197,#9198,#9199,#9200,#9201,#9202,
#9203));
#6408=CYLINDRICAL_SURFACE('',#6409,1.75);
#6409=AXIS2_PLACEMENT_3D('',#6410,#6411,#6412);
#6410=CARTESIAN_POINT('',(-2.5,1.94444444444444E-301,4.59242549680257E-16));
#6411=DIRECTION('',(1.,0.,-1.83697019872103E-16));
#6412=DIRECTION('',(1.12481983699639E-32,1.,6.12323399573677E-17));
#6413=FACE_BOUND('',#6414,.T.);
#6414=EDGE_LOOP('',(#9204,#9205));
#6415=FACE_BOUND('',#6416,.T.);
#6416=EDGE_LOOP('',(#9206,#9207,#9208,#9209,#9210,#9211,#9212,#9213,#9214,#9215,
#9216,#9217,#9218,#9219,#9220,#9221,#9222,#9223,#9224));
#6417=PLANE('',#6418);
#6418=AXIS2_PLACEMENT_3D('',#6419,#6420,#6421);
#6419=CARTESIAN_POINT('',(-2.5,0.,0.));
#6420=DIRECTION('',(1.,0.,-1.83697019872103E-16));
#6421=DIRECTION('',(1.12481983699639E-32,1.,6.12323399573677E-17));
#6422=FACE_BOUND('',#6423,.T.);
#6423=EDGE_LOOP('',(#9225,#9226,#9227));
#6424=PLANE('',#6425);
#6425=AXIS2_PLACEMENT_3D('',#6426,#6427,#6428);
#6426=CARTESIAN_POINT('',(0.5,0.,0.));
#6427=DIRECTION('',(-1.,0.,1.83697019872103E-16));
#6428=DIRECTION('',(-1.12481983699639E-32,1.,-6.12323399573677E-17));
#6429=FACE_BOUND('',#6430,.T.);
#6430=EDGE_LOOP('',(#9228,#9229,#9230));
#6431=PLANE('',#6432);
#6432=AXIS2_PLACEMENT_3D('',#6433,#6434,#6435);
#6433=CARTESIAN_POINT('',(0.5,0.,0.));
#6434=DIRECTION('',(-1.,0.,1.83697019872103E-16));
#6435=DIRECTION('',(-1.12481983699639E-32,1.,-6.12323399573677E-17));
#6436=FACE_BOUND('',#6437,.T.);
#6437=EDGE_LOOP('',(#9231,#9232,#9233));
#6438=PLANE('',#6439);
#6439=AXIS2_PLACEMENT_3D('',#6440,#6441,#6442);
#6440=CARTESIAN_POINT('',(0.5,0.,0.));
#6441=DIRECTION('',(-1.,0.,1.83697019872103E-16));
#6442=DIRECTION('',(-1.12481983699639E-32,1.,-6.12323399573677E-17));
#6443=FACE_BOUND('',#6444,.T.);
#6444=EDGE_LOOP('',(#9234,#9235,#9236));
#6445=PLANE('',#6446);
#6446=AXIS2_PLACEMENT_3D('',#6447,#6448,#6449);
#6447=CARTESIAN_POINT('',(0.5,0.,0.));
#6448=DIRECTION('',(-1.,0.,1.83697019872103E-16));
#6449=DIRECTION('',(-1.12481983699639E-32,1.,-6.12323399573677E-17));
#6450=FACE_BOUND('',#6451,.T.);
#6451=EDGE_LOOP('',(#9237,#9238,#9239));
#6452=PLANE('',#6453);
#6453=AXIS2_PLACEMENT_3D('',#6454,#6455,#6456);
#6454=CARTESIAN_POINT('',(0.5,0.,0.));
#6455=DIRECTION('',(-1.,0.,1.83697019872103E-16));
#6456=DIRECTION('',(-1.12481983699639E-32,1.,-6.12323399573677E-17));
#6457=FACE_BOUND('',#6458,.T.);
#6458=EDGE_LOOP('',(#9240,#9241,#9242));
#6459=PLANE('',#6460);
#6460=AXIS2_PLACEMENT_3D('',#6461,#6462,#6463);
#6461=CARTESIAN_POINT('',(0.5,0.,0.));
#6462=DIRECTION('',(-1.,0.,1.83697019872103E-16));
#6463=DIRECTION('',(-1.12481983699639E-32,1.,-6.12323399573677E-17));
#6464=FACE_BOUND('',#6465,.T.);
#6465=EDGE_LOOP('',(#9243,#9244,#9245,#9246));
#6466=PLANE('',#6467);
#6467=AXIS2_PLACEMENT_3D('',#6468,#6469,#6470);
#6468=CARTESIAN_POINT('',(0.5,1.73205080759147,0.999999999968946));
#6469=DIRECTION('',(0.,1.,0.));
#6470=DIRECTION('',(-1.94289029306838E-16,0.,-1.));
#6471=FACE_BOUND('',#6472,.T.);
#6472=EDGE_LOOP('',(#9247,#9248,#9249,#9250));
#6473=PLANE('',#6474);
#6474=AXIS2_PLACEMENT_3D('',#6475,#6476,#6477);
#6475=CARTESIAN_POINT('',(0.5,1.73205080759147,0.999999999968946));
#6476=DIRECTION('',(0.,1.,0.));
#6477=DIRECTION('',(-1.94289029306838E-16,0.,-1.));
#6478=FACE_BOUND('',#6479,.T.);
#6479=EDGE_LOOP('',(#9251,#9252,#9253,#9254));
#6480=PLANE('',#6481);
#6481=AXIS2_PLACEMENT_3D('',#6482,#6483,#6484);
#6482=CARTESIAN_POINT('',(0.5,0.,2.00000000011632));
#6483=DIRECTION('',(1.28197512419837E-16,0.500000000067088,0.866025403745705));
#6484=DIRECTION('',(-5.5511151230525E-17,0.866025403745705,-0.500000000067088));
#6485=FACE_BOUND('',#6486,.T.);
#6486=EDGE_LOOP('',(#9255,#9256,#9257,#9258));
#6487=PLANE('',#6488);
#6488=AXIS2_PLACEMENT_3D('',#6489,#6490,#6491);
#6489=CARTESIAN_POINT('',(0.5,0.,2.00000000011632));
#6490=DIRECTION('',(1.28197512419837E-16,0.500000000067088,0.866025403745705));
#6491=DIRECTION('',(-5.5511151230525E-17,0.866025403745705,-0.500000000067088));
#6492=FACE_BOUND('',#6493,.T.);
#6493=EDGE_LOOP('',(#9259,#9260,#9261,#9262));
#6494=PLANE('',#6495);
#6495=AXIS2_PLACEMENT_3D('',#6496,#6497,#6498);
#6496=CARTESIAN_POINT('',(0.5,-1.73205080751428,1.00000000010265));
#6497=DIRECTION('',(1.92296268638326E-16,-0.500000000000235,0.866025403784303));
#6498=DIRECTION('',(5.5511151230525E-17,0.866025403784303,0.500000000000235));
#6499=FACE_BOUND('',#6500,.T.);
#6500=EDGE_LOOP('',(#9263,#9264,#9265,#9266));
#6501=PLANE('',#6502);
#6502=AXIS2_PLACEMENT_3D('',#6503,#6504,#6505);
#6503=CARTESIAN_POINT('',(0.5,-1.73205080751428,1.00000000010265));
#6504=DIRECTION('',(1.92296268638326E-16,-0.500000000000235,0.866025403784303));
#6505=DIRECTION('',(5.5511151230525E-17,0.866025403784303,0.500000000000235));
#6506=FACE_BOUND('',#6507,.T.);
#6507=EDGE_LOOP('',(#9267,#9268,#9269,#9270));
#6508=PLANE('',#6509);
#6509=AXIS2_PLACEMENT_3D('',#6510,#6511,#6512);
#6510=CARTESIAN_POINT('',(0.5,-1.73205080759174,-0.999999999923751));
#6511=DIRECTION('',(7.16715055913486E-27,-1.,3.87335719049136E-11));
#6512=DIRECTION('',(1.94289029306838E-16,3.87335719049136E-11,1.));
#6513=FACE_BOUND('',#6514,.T.);
#6514=EDGE_LOOP('',(#9271,#9272,#9273,#9274));
#6515=PLANE('',#6516);
#6516=AXIS2_PLACEMENT_3D('',#6517,#6518,#6519);
#6517=CARTESIAN_POINT('',(0.5,-1.73205080759174,-0.999999999923751));
#6518=DIRECTION('',(7.16715055913486E-27,-1.,3.87335719049136E-11));
#6519=DIRECTION('',(1.94289029306838E-16,3.87335719049136E-11,1.));
#6520=FACE_BOUND('',#6521,.T.);
#6521=EDGE_LOOP('',(#9275,#9276,#9277,#9278));
#6522=PLANE('',#6523);
#6523=AXIS2_PLACEMENT_3D('',#6524,#6525,#6526);
#6524=CARTESIAN_POINT('',(0.5,0.,-2.00000000000404));
#6525=DIRECTION('',(-1.28197512422704E-16,-0.500000000033544,-0.866025403765072));
#6526=DIRECTION('',(1.1102230246105E-16,-0.866025403765072,0.500000000033544));
#6527=FACE_BOUND('',#6528,.T.);
#6528=EDGE_LOOP('',(#9279,#9280,#9281,#9282));
#6529=PLANE('',#6530);
#6530=AXIS2_PLACEMENT_3D('',#6531,#6532,#6533);
#6531=CARTESIAN_POINT('',(0.5,0.,-2.00000000000404));
#6532=DIRECTION('',(-1.28197512422704E-16,-0.500000000033544,-0.866025403765072));
#6533=DIRECTION('',(1.1102230246105E-16,-0.866025403765072,0.500000000033544));
#6534=FACE_BOUND('',#6535,.T.);
#6535=EDGE_LOOP('',(#9283,#9284,#9285,#9286));
#6536=PLANE('',#6537);
#6537=AXIS2_PLACEMENT_3D('',#6538,#6539,#6540);
#6538=CARTESIAN_POINT('',(0.5,1.73205080759147,-1.00000000005746));
#6539=DIRECTION('',(-1.92296268642627E-16,0.499999999966691,-0.86602540380367));
#6540=DIRECTION('',(-1.1102230246105E-16,-0.86602540380367,-0.499999999966691));
#6541=FACE_BOUND('',#6542,.T.);
#6542=EDGE_LOOP('',(#9287,#9288,#9289,#9290));
#6543=PLANE('',#6544);
#6544=AXIS2_PLACEMENT_3D('',#6545,#6546,#6547);
#6545=CARTESIAN_POINT('',(0.5,1.73205080759147,-1.00000000005746));
#6546=DIRECTION('',(-1.92296268642627E-16,0.499999999966691,-0.86602540380367));
#6547=DIRECTION('',(-1.1102230246105E-16,-0.86602540380367,-0.499999999966691));
#6548=FACE_BOUND('',#6549,.T.);
#6549=EDGE_LOOP('',(#9291,#9292));
#6550=FACE_BOUND('',#6551,.T.);
#6551=EDGE_LOOP('',(#9293));
#6552=PLANE('',#6553);
#6553=AXIS2_PLACEMENT_3D('',#6554,#6555,#6556);
#6554=CARTESIAN_POINT('',(2.5,0.,0.));
#6555=DIRECTION('',(1.,0.,-1.83697019872103E-16));
#6556=DIRECTION('',(1.12481983699639E-32,1.,6.12323399573677E-17));
#6557=FACE_BOUND('',#6558,.T.);
#6558=EDGE_LOOP('',(#9294,#9295));
#6559=FACE_BOUND('',#6560,.T.);
#6560=EDGE_LOOP('',(#9296,#9297,#9298,#9299,#9300,#9301));
#6561=FACE_BOUND('',#6562,.T.);
#6562=EDGE_LOOP('',(#9302,#9303));
#6563=FACE_BOUND('',#6564,.T.);
#6564=EDGE_LOOP('',(#9304,#9305,#9306,#9307,#9308,#9309));
#6565=FACE_BOUND('',#6566,.T.);
#6566=EDGE_LOOP('',(#9310,#9311,#9312,#9313));
#6567=CYLINDRICAL_SURFACE('',#6568,2.5);
#6568=AXIS2_PLACEMENT_3D('',#6569,#6570,#6571);
#6569=CARTESIAN_POINT('',(-2.5,1.94444444444444E-301,4.59242549680257E-16));
#6570=DIRECTION('',(1.,0.,-1.83697019872103E-16));
#6571=DIRECTION('',(1.12481983699639E-32,1.,6.12323399573677E-17));
#6572=FACE_BOUND('',#6573,.T.);
#6573=EDGE_LOOP('',(#9314,#9315,#9316,#9317,#9318));
#6574=B_SPLINE_SURFACE_WITH_KNOTS('',3,3,(
(#6575,#6576,#6577,#6578,#6579,#6580),
(#6581,#6582,#6583,#6584,#6585,#6586),
(#6587,#6588,#6589,#6590,#6591,#6592),
(#6593,#6594,#6595,#6596,#6597,#6598),
(#6599,#6600,#6601,#6602,#6603,#6604),
(#6605,#6606,#6607,#6608,#6609,#6610),
(#6611,#6612,#6613,#6614,#6615,#6616),
(#6617,#6618,#6619,#6620,#6621,#6622),
(#6623,#6624,#6625,#6626,#6627,#6628),
(#6629,#6630,#6631,#6632,#6633,#6634),
(#6635,#6636,#6637,#6638,#6639,#6640),
(#6641,#6642,#6643,#6644,#6645,#6646),
(#6647,#6648,#6649,#6650,#6651,#6652),
(#6653,#6654,#6655,#6656,#6657,#6658),
(#6659,#6660,#6661,#6662,#6663,#6664),
(#6665,#6666,#6667,#6668,#6669,#6670),
(#6671,#6672,#6673,#6674,#6675,#6676),
(#6677,#6678,#6679,#6680,#6681,#6682),
(#6683,#6684,#6685,#6686,#6687,#6688),
(#6689,#6690,#6691,#6692,#6693,#6694),
(#6695,#6696,#6697,#6698,#6699,#6700),
(#6701,#6702,#6703,#6704,#6705,#6706),
(#6707,#6708,#6709,#6710,#6711,#6712),
(#6713,#6714,#6715,#6716,#6717,#6718),
(#6719,#6720,#6721,#6722,#6723,#6724),
(#6725,#6726,#6727,#6728,#6729,#6730)),
.UNSPECIFIED.,.F.,.F.,.F.,
(4,1,1,1,1,1,1,1,1,1,1,1,1,1,1,1,1,1,1,1,1,1,1,4),
(4,2,4),
(0.,0.135317944048086,0.270635888096171,0.405953832144257,0.541271776192343,0.676589720240428,
0.811907664288514,0.947225608336599,1.08254355238468,1.21786149643277,1.35317944048086,
1.48849738452894,1.62381532857703,1.75913327262511,1.8944512166732,2.02976916072128,
2.16508710476937,2.30040504881746,2.43572299286554,2.57104093691363,2.70635888096171,
2.8416768250098,2.97699476905788,3.11231271310597),
(0.,0.729492750617365,2.),
.UNSPECIFIED.);
#6575=CARTESIAN_POINT('',(1.34869050161762,1.75,1.87679882716569));
#6576=CARTESIAN_POINT('',(1.21583625699648,5.15765248292162,3.20434776559577));
#6577=CARTESIAN_POINT('',(1.07118724109708,8.79283677071084,4.20395130019619));
#6578=CARTESIAN_POINT('',(0.712091046899393,17.5856951687551,5.30876037906177));
#6579=CARTESIAN_POINT('',(0.43297004549161,23.990985816255,3.61575529791836));
#6580=CARTESIAN_POINT('',(0.174391184360307,30.,2.49391012564957));
#6581=CARTESIAN_POINT('',(1.36096970437716,1.75,1.88280632110785));
#6582=CARTESIAN_POINT('',(1.22811545975603,5.15765248292162,3.21035525953793));
#6583=CARTESIAN_POINT('',(1.07636575120637,8.79283677071084,4.21614733364816));
#6584=CARTESIAN_POINT('',(0.715253299715859,17.5856951687551,5.32179160733332));
#6585=CARTESIAN_POINT('',(0.433223381661391,23.990985816255,3.62436758576254));
#6586=CARTESIAN_POINT('',(0.174345428716668,30.,2.49842049170522));
#6587=CARTESIAN_POINT('',(1.38627030279596,1.75,1.89330414184651));
#6588=CARTESIAN_POINT('',(1.24073237595414,5.15765248292162,3.23378741944706));
#6589=CARTESIAN_POINT('',(1.08837581446232,8.79216016911159,4.23978470202341));
#6590=CARTESIAN_POINT('',(0.711332247916224,17.5868735591312,5.35304282974207));
#6591=CARTESIAN_POINT('',(0.43489683150994,23.990985816255,3.64154415328707));
#6592=CARTESIAN_POINT('',(0.174865183069473,30.,2.50744739566225));
#6593=CARTESIAN_POINT('',(1.42587084890172,1.75,1.90426000490856));
#6594=CARTESIAN_POINT('',(1.27359578666254,5.15765248292162,3.25524807554698));
#6595=CARTESIAN_POINT('',(1.11094597014763,8.79161875517132,4.27266090593722));
#6596=CARTESIAN_POINT('',(0.721093490051365,17.5878165024785,5.39497658196229));
#6597=CARTESIAN_POINT('',(0.440851092653317,23.990985816255,3.66669532341051));
#6598=CARTESIAN_POINT('',(0.177464356376336,30.,2.52075881911808));
#6599=CARTESIAN_POINT('',(1.46651876215664,1.75,1.91025836127474));
#6600=CARTESIAN_POINT('',(1.30645904383345,5.15765248292162,3.27533570026432));
#6601=CARTESIAN_POINT('',(1.1377145991937,8.79089628124022,4.30228915990846));
#6602=CARTESIAN_POINT('',(0.733876143996353,17.5890747855336,5.43647014095543));
#6603=CARTESIAN_POINT('',(0.450130497003729,23.990985816255,3.69077534616061));
#6604=CARTESIAN_POINT('',(0.181835551018416,30.,2.53359790740654));
#6605=CARTESIAN_POINT('',(1.50759590414753,1.75,1.91120799822289));
#6606=CARTESIAN_POINT('',(1.34238779544118,5.15765248292162,3.2903008047024));
#6607=CARTESIAN_POINT('',(1.16821579261183,8.79018481606666,4.32816308102394));
#6608=CARTESIAN_POINT('',(0.752737331204557,17.5903138953944,5.47536201679945));
#6609=CARTESIAN_POINT('',(0.462555748129931,23.990985816255,3.71334759435206));
#6610=CARTESIAN_POINT('',(0.187898848266755,30.,2.54572993113372));
#6611=CARTESIAN_POINT('',(1.54847759000358,1.75,1.90709447218369));
#6612=CARTESIAN_POINT('',(1.37983762338972,5.15765248292162,3.30078698387562));
#6613=CARTESIAN_POINT('',(1.20192601705534,8.78944971936827,4.34981252357143));
#6614=CARTESIAN_POINT('',(0.776408934855667,17.5915941626534,5.51133129391856));
#6615=CARTESIAN_POINT('',(0.477890604851249,23.990985816255,3.73400410185059));
#6616=CARTESIAN_POINT('',(0.195543392745137,30.,2.55693307811339));
#6617=CARTESIAN_POINT('',(1.58854211233433,1.75,1.89798034015237));
#6618=CARTESIAN_POINT('',(1.41845723222081,5.15765248292162,3.30635586386323));
#6619=CARTESIAN_POINT('',(1.23826150686792,8.78871691849088,4.36684808164967));
#6620=CARTESIAN_POINT('',(0.804666345283311,17.5928704314392,5.54363489162188));
#6621=CARTESIAN_POINT('',(0.495846328234598,23.990985816255,3.75237296098621));
#6622=CARTESIAN_POINT('',(0.204629419071871,30.,2.5670025215315));
#6623=CARTESIAN_POINT('',(1.62718018940695,1.75,1.88400420520153));
#6624=CARTESIAN_POINT('',(1.45754600774112,5.15765248292162,3.30695899738812));
#6625=CARTESIAN_POINT('',(1.2765915710074,8.78799563338399,4.37895846574785));
#6626=CARTESIAN_POINT('',(0.83690072453447,17.5941266440012,5.57172866566695));
#6627=CARTESIAN_POINT('',(0.51608707389964,23.990985816255,3.76812501600329));
#6628=CARTESIAN_POINT('',(0.214990807228057,30.,2.57575416137838));
#6629=CARTESIAN_POINT('',(1.6638042325275,1.75,1.86537860951853));
#6630=CARTESIAN_POINT('',(1.49648038278302,5.15765248292162,3.30254668395737));
#6631=CARTESIAN_POINT('',(1.31624877648546,8.78729880865162,4.38591875949364));
#6632=CARTESIAN_POINT('',(0.872514245850414,17.5953402556146,5.59511416997127));
#6633=CARTESIAN_POINT('',(0.538236132280984,23.990985816255,3.7809797709323));
#6634=CARTESIAN_POINT('',(0.226438119724275,30.,2.58302799126992));
#6635=CARTESIAN_POINT('',(1.6978572813368,1.75,1.84238680194274));
#6636=CARTESIAN_POINT('',(1.53461299801938,5.15765248292162,3.29317429191589));
#6637=CARTESIAN_POINT('',(1.3565408661574,8.78663739449551,4.38759387696304));
#6638=CARTESIAN_POINT('',(0.910828498570605,17.5964921950677,5.61339105053206));
#6639=CARTESIAN_POINT('',(0.561882900778543,23.990985816255,3.79071039529562));
#6640=CARTESIAN_POINT('',(0.238762065092884,30.,2.58869102360225));
#6641=CARTESIAN_POINT('',(1.72882147391206,1.75,1.81537843051787));
#6642=CARTESIAN_POINT('',(1.57131323827269,5.15765248292162,3.27897353549063));
#6643=CARTESIAN_POINT('',(1.39676284970146,8.78602166663177,4.38394131871572));
#6644=CARTESIAN_POINT('',(0.951124706218393,17.5975645658539,5.62625228784078));
#6645=CARTESIAN_POINT('',(0.586590459522707,23.990985816255,3.79714774093307));
#6646=CARTESIAN_POINT('',(0.251737324367892,30.,2.59263972103283));
#6647=CARTESIAN_POINT('',(1.75622592212178,1.75,1.7847642252012));
#6648=CARTESIAN_POINT('',(1.60596977651504,5.15765248292162,3.26015819102396));
#6649=CARTESIAN_POINT('',(1.43620941529102,8.78546069334996,4.3750120608138));
#6650=CARTESIAN_POINT('',(0.992649707219988,17.5985415743583,5.63349253612477));
#6651=CARTESIAN_POINT('',(0.611903611458758,23.990985816255,3.80018329784546));
#6652=CARTESIAN_POINT('',(0.26512667059678,30.,2.59480188943834));
#6653=CARTESIAN_POINT('',(1.77965387266846,1.75,1.75100975168974));
#6654=CARTESIAN_POINT('',(1.63800294848869,5.15765248292162,3.2370188743379));
#6655=CARTESIAN_POINT('',(1.47418734525207,8.78496233210642,4.36094985807423));
#6656=CARTESIAN_POINT('',(1.03463187134016,17.5994095357906,5.63501061426706));
#6657=CARTESIAN_POINT('',(0.637357239299406,23.9909858162549,3.79977103735611));
#6658=CARTESIAN_POINT('',(0.278685306066071,30.,2.59513799784616));
#6659=CARTESIAN_POINT('',(1.79874904486441,1.75,1.71462833132635));
#6660=CARTESIAN_POINT('',(1.6668739744421,5.15765248292162,3.20991905741566));
#6661=CARTESIAN_POINT('',(1.51002774186543,8.78453311871263,4.34198889253791));
#6662=CARTESIAN_POINT('',(1.07629484096234,17.6001570671786,5.63081113802878));
#6663=CARTESIAN_POINT('',(0.662484826351769,23.990985816255,3.7959281109982));
#6664=CARTESIAN_POINT('',(0.292165337943364,30.,2.59364190117884));
#6665=CARTESIAN_POINT('',(1.81322104877246,1.75,1.67617323476234));
#6666=CARTESIAN_POINT('',(1.69209410564987,5.15765248292162,3.17928927625039));
#6667=CARTESIAN_POINT('',(1.543097840379,8.78417821183331,4.31844982752471));
#6668=CARTESIAN_POINT('',(1.11687183734498,17.6007751840312,5.62100394101788));
#6669=CARTESIAN_POINT('',(0.686826985499431,23.9909858162549,3.78873439450782));
#6670=CARTESIAN_POINT('',(0.305320310507477,30.,2.59034095260466));
#6671=CARTESIAN_POINT('',(1.82284980131422,1.75,1.63622926809277));
#6672=CARTESIAN_POINT('',(1.71323337883108,5.15765248292162,3.14561996292446));
#6673=CARTESIAN_POINT('',(1.57281220128595,8.78390137369341,4.29073433407661));
#6674=CARTESIAN_POINT('',(1.15562011872604,17.6012573339406,5.60580157605318));
#6675=CARTESIAN_POINT('',(0.709939840728916,23.990985816255,3.77833088735836));
#6676=CARTESIAN_POINT('',(0.317909711103806,30.,2.58529550344025));
#6677=CARTESIAN_POINT('',(1.82748887317765,1.75,1.59540387940768));
#6678=CARTESIAN_POINT('',(1.72992623920226,5.15765248292162,3.10945476205374));
#6679=CARTESIAN_POINT('',(1.5986430872983,8.78370489383456,4.25931817054366));
#6680=CARTESIAN_POINT('',(1.19183293485972,17.60159952937,5.58551516710603));
#6681=CARTESIAN_POINT('',(0.731403108533624,23.990985816255,3.76491699910469));
#6682=CARTESIAN_POINT('',(0.329703367442703,30.,2.57859779974143));
#6683=CARTESIAN_POINT('',(1.82706771566837,1.75,1.55431792104736));
#6684=CARTESIAN_POINT('',(1.74188445345837,5.15765248292162,3.07137711914266));
#6685=CARTESIAN_POINT('',(1.62012982804341,8.78358983990293,4.22474299532648));
#6686=CARTESIAN_POINT('',(1.22485846983334,17.6017999108736,5.56054753573497));
#6687=CARTESIAN_POINT('',(0.750827732251936,23.990985816255,3.74874677411778));
#6688=CARTESIAN_POINT('',(0.340485655843841,30.,2.57037029578414));
#6689=CARTESIAN_POINT('',(1.82159273347926,1.75,1.51359620789204));
#6690=CARTESIAN_POINT('',(1.74887760529625,5.15765248292162,3.03201789790026));
#6691=CARTESIAN_POINT('',(1.63688705839587,8.78355518464635,4.18760683297016));
#6692=CARTESIAN_POINT('',(1.25408897197584,17.6018602675456,5.53138813939367));
#6693=CARTESIAN_POINT('',(0.767862930776618,23.990985816255,3.73012412531766));
#6694=CARTESIAN_POINT('',(0.350059443491333,30.,2.56076341516443));
#6695=CARTESIAN_POINT('',(1.81114718766473,1.75,1.47385801584025));
#6696=CARTESIAN_POINT('',(1.75082892461607,5.15765248292162,2.99198107183047));
#6697=CARTESIAN_POINT('',(1.6486114928405,8.78360122052207,4.14855419208413));
#6698=CARTESIAN_POINT('',(1.27905637627086,17.6017800900335,5.49859344922555));
#6699=CARTESIAN_POINT('',(0.782202534012151,23.990985816255,3.70939716640714));
#6700=CARTESIAN_POINT('',(0.358249692607684,30.,2.54995280084599));
#6701=CARTESIAN_POINT('',(1.79588992805304,1.75,1.43570766284562));
#6702=CARTESIAN_POINT('',(1.74747461197238,5.15765248292162,2.95207249238386));
#6703=CARTESIAN_POINT('',(1.65508783214112,8.78371705964033,4.10826290328501));
#6704=CARTESIAN_POINT('',(1.29912469955337,17.6015783410245,5.46281460547728));
#6705=CARTESIAN_POINT('',(0.793590490534565,23.990985816255,3.68695174493286));
#6706=CARTESIAN_POINT('',(0.364906660709485,30.,2.53813610295993));
#6707=CARTESIAN_POINT('',(1.77605298274196,1.75,1.39972532368041));
#6708=CARTESIAN_POINT('',(1.73964584497961,5.15765248292162,2.91239568377163));
#6709=CARTESIAN_POINT('',(1.65619102419739,8.78392760975544,4.06743949390084));
#6710=CARTESIAN_POINT('',(1.31468061544871,17.6012116403995,5.42464242479609));
#6711=CARTESIAN_POINT('',(0.801825448697777,23.990985816255,3.66320430590841));
#6712=CARTESIAN_POINT('',(0.369908638217707,30.,2.52552936858163));
#6713=CARTESIAN_POINT('',(1.75193801010371,1.75,1.36645818851724));
#6714=CARTESIAN_POINT('',(1.72448827527986,5.15765248292162,2.87567491358812));
#6715=CARTESIAN_POINT('',(1.65189481478263,8.78411865918541,4.02677993891943));
#6716=CARTESIAN_POINT('',(1.32272528916958,17.6008789027739,5.38512882734443));
#6717=CARTESIAN_POINT('',(0.806764327602084,23.990985816255,3.63859417927934));
#6718=CARTESIAN_POINT('',(0.373164174179871,30.,2.51236307897907));
#6719=CARTESIAN_POINT('',(1.733253859244,1.75,1.3464275363246));
#6720=CARTESIAN_POINT('',(1.71702972513297,5.15765248292162,2.8484260872682));
#6721=CARTESIAN_POINT('',(1.64546440695521,8.78449964780256,4.00029854914277));
#6722=CARTESIAN_POINT('',(1.32981036756969,17.6002153611559,5.35756272043844));
#6723=CARTESIAN_POINT('',(0.807804655839207,23.990985816255,3.62191511027672));
#6724=CARTESIAN_POINT('',(0.37413055565443,30.,2.50337301521499));
#6725=CARTESIAN_POINT('',(1.72333091498745,1.75,1.33702519719243));
#6726=CARTESIAN_POINT('',(1.70710678087641,5.15765248292162,2.83902374813603));
#6727=CARTESIAN_POINT('',(1.64139296337104,8.78449964780256,3.98729127828844));
#6728=CARTESIAN_POINT('',(1.32740122468484,17.6002153611559,5.34437148153905));
#6729=CARTESIAN_POINT('',(0.807758394929103,23.990985816255,3.61358423131065));
#6730=CARTESIAN_POINT('',(0.374308336066486,30.,2.49886592195436));
#6731=FACE_BOUND('',#6732,.T.);
#6732=EDGE_LOOP('',(#9319,#9320,#9321));
#6733=PLANE('',#6734);
#6734=AXIS2_PLACEMENT_3D('',#6735,#6736,#6737);
#6735=CARTESIAN_POINT('',(0.,1.75,0.));
#6736=DIRECTION('',(0.,1.,6.12323399573677E-17));
#6737=DIRECTION('',(-1.,7.49879891330928E-33,-1.22464679914735E-16));
#6738=FACE_BOUND('',#6739,.T.);
#6739=EDGE_LOOP('',(#9322,#9323,#9324,#9325,#9326,#9327));
#6740=B_SPLINE_SURFACE_WITH_KNOTS('',3,3,(
(#6741,#6742,#6743,#6744,#6745,#6746),
(#6747,#6748,#6749,#6750,#6751,#6752),
(#6753,#6754,#6755,#6756,#6757,#6758),
(#6759,#6760,#6761,#6762,#6763,#6764),
(#6765,#6766,#6767,#6768,#6769,#6770),
(#6771,#6772,#6773,#6774,#6775,#6776),
(#6777,#6778,#6779,#6780,#6781,#6782),
(#6783,#6784,#6785,#6786,#6787,#6788),
(#6789,#6790,#6791,#6792,#6793,#6794)),
.UNSPECIFIED.,.F.,.F.,.F.,
(4,1,1,1,1,1,4),
(4,2,4),
(0.,0.136115625229061,0.272231250458123,0.408346875687184,0.544462500916245,0.680578126145306,
0.816693751374368),
(0.,0.729492750617365,2.),
.UNSPECIFIED.);
#6741=CARTESIAN_POINT('',(-1.76776695292889,1.75,-1.76776695299331));
#6742=CARTESIAN_POINT('',(-2.01602266288098,5.15765248292162,-4.70344376664688));
#6743=CARTESIAN_POINT('',(-2.1364458138282,8.69153322292344,-6.86180936530248));
#6744=CARTESIAN_POINT('',(-1.95579027484063,17.7621285764115,-9.23495767781395));
#6745=CARTESIAN_POINT('',(-0.953772150501932,23.990985816255,-5.18753921508436));
#6746=CARTESIAN_POINT('',(-0.174391184360317,30.,-2.49391012564953));
#6747=CARTESIAN_POINT('',(-1.68704286660101,1.75,-1.50597253670951));
#6748=CARTESIAN_POINT('',(-1.9352985765531,5.15765248292162,-4.44164935036308));
#6749=CARTESIAN_POINT('',(-1.9775985835641,8.69153322292344,-6.23567658760416));
#6750=CARTESIAN_POINT('',(-1.787601678021,17.7621285764115,-8.54994296904935));
#6751=CARTESIAN_POINT('',(-0.853085714778689,23.990985816255,-4.70615731886018));
#6752=CARTESIAN_POINT('',(-0.132899418477532,30.,-2.21894908960782));
#6753=CARTESIAN_POINT('',(-1.48990586484401,1.75,-0.993390221456156));
#6754=CARTESIAN_POINT('',(-1.59372663450137,5.15765248292162,-3.19469563281223));
#6755=CARTESIAN_POINT('',(-1.65112626608228,8.74219367530834,-4.99735883371866));
#6756=CARTESIAN_POINT('',(-1.41087846949373,17.6738967578533,-6.80054971995812));
#6757=CARTESIAN_POINT('',(-0.660085760204946,23.990985816255,-3.74152034702814));
#6758=CARTESIAN_POINT('',(-0.0572447084247126,30.,-1.6679210971778));
#6759=CARTESIAN_POINT('',(-1.09260207828969,1.75,-0.271753027672399));
#6760=CARTESIAN_POINT('',(-1.15231322071959,5.15765248292162,-1.93363230734406));
#6761=CARTESIAN_POINT('',(-1.1409629594588,8.77613317908482,-3.13362122575741));
#6762=CARTESIAN_POINT('',(-0.929974789325019,17.6147866631307,-4.47002013558729));
#6763=CARTESIAN_POINT('',(-0.395174517832858,23.990985816255,-2.28779605905098));
#6764=CARTESIAN_POINT('',(0.0341702854363278,30.,-0.838648439611587));
#6765=CARTESIAN_POINT('',(-0.60105019170663,1.75,0.3892966650912));
#6766=CARTESIAN_POINT('',(-0.62142018482502,5.15765248292162,-0.563963957816836));
#6767=CARTESIAN_POINT('',(-0.611814548092557,8.8131618616806,-1.27865729106946));
#6768=CARTESIAN_POINT('',(-0.470012032295172,17.550296358555,-2.05507713853852));
#6769=CARTESIAN_POINT('',(-0.154113152282366,23.990985816255,-0.82624646760249));
#6770=CARTESIAN_POINT('',(0.103453274549029,30.,-0.00723415767429575));
#6771=CARTESIAN_POINT('',(-0.024343335751856,1.75,0.977530594579267));
#6772=CARTESIAN_POINT('',(-0.0560583644893879,5.15765248292162,0.777316703599501));
#6773=CARTESIAN_POINT('',(-0.0660850391162008,8.82874243418041,0.567385275618628));
#6774=CARTESIAN_POINT('',(-0.0540691618449098,17.5231607491966,0.385245814626192));
#6775=CARTESIAN_POINT('',(0.0640312098025679,23.990985816255,0.644065086770397));
#6776=CARTESIAN_POINT('',(0.150555046523446,30.,0.825731186062472));
#6777=CARTESIAN_POINT('',(0.626850465825053,1.75,1.48206718497714));
#6778=CARTESIAN_POINT('',(0.5729072775464,5.15765248292162,1.8794028473162));
#6779=CARTESIAN_POINT('',(0.494140403047896,8.83239506262694,2.39984660636695));
#6780=CARTESIAN_POINT('',(0.369866677590327,17.5167992179591,2.74443151768175));
#6781=CARTESIAN_POINT('',(0.260367730452822,23.990985816255,2.12393201474549));
#6782=CARTESIAN_POINT('',(0.175442144393535,30.,1.65965592730065));
#6783=CARTESIAN_POINT('',(1.1026056320048,1.75,1.75640392919035));
#6784=CARTESIAN_POINT('',(0.969751387383927,5.15765248292162,3.08395286762255));
#6785=CARTESIAN_POINT('',(0.877992919373622,8.79283677071074,3.60384743058646));
#6786=CARTESIAN_POINT('',(0.545750894718202,17.5856951687553,4.62329447247783));
#6787=CARTESIAN_POINT('',(0.377563401989283,23.990985816255,3.11729965551169));
#6788=CARTESIAN_POINT('',(0.177211975200612,30.,2.21585045378715));
#6789=CARTESIAN_POINT('',(1.34869050161762,1.75,1.8767988271657));
#6790=CARTESIAN_POINT('',(1.21583625699674,5.15765248292162,3.2043477655979));
#6791=CARTESIAN_POINT('',(1.07118724109753,8.79283677071074,4.20395130019985));
#6792=CARTESIAN_POINT('',(0.712091046900019,17.5856951687553,5.30876037906702));
#6793=CARTESIAN_POINT('',(0.432970045491867,23.990985816255,3.61575529792048));
#6794=CARTESIAN_POINT('',(0.174391184360306,30.,2.49391012564958));
#6795=FACE_BOUND('',#6796,.T.);
#6796=EDGE_LOOP('',(#9328,#9329,#9330,#9331,#9332));
#6797=B_SPLINE_SURFACE_WITH_KNOTS('',3,3,(
(#6798,#6799,#6800,#6801,#6802,#6803),
(#6804,#6805,#6806,#6807,#6808,#6809),
(#6810,#6811,#6812,#6813,#6814,#6815),
(#6816,#6817,#6818,#6819,#6820,#6821),
(#6822,#6823,#6824,#6825,#6826,#6827),
(#6828,#6829,#6830,#6831,#6832,#6833)),
.UNSPECIFIED.,.F.,.F.,.F.,
(4,1,1,4),
(4,2,4),
(0.,0.0992557108668503,0.198511421733701,0.297767132600551),
(0.000679674580790252,0.729492750617365,2.),
.UNSPECIFIED.);
#6798=CARTESIAN_POINT('',(1.72328543759154,1.75952538645689,1.34122255012782));
#6799=CARTESIAN_POINT('',(1.70698428627217,5.16441045434724,2.8411628822405));
#6800=CARTESIAN_POINT('',(1.64128625729105,8.78749555674435,3.98775246475391));
#6801=CARTESIAN_POINT('',(1.3274012246439,17.6002153611544,5.34437148152862));
#6802=CARTESIAN_POINT('',(0.80775839467752,23.990985816255,3.61358423129814));
#6803=CARTESIAN_POINT('',(0.374308335648081,30.,2.49886592193786));
#6804=CARTESIAN_POINT('',(1.34650802299416,1.75952538645689,0.98270072880815));
#6805=CARTESIAN_POINT('',(1.33020687167479,5.16441045434724,2.48264106092083));
#6806=CARTESIAN_POINT('',(1.34433632207631,8.78749555674435,2.74507927329781));
#6807=CARTESIAN_POINT('',(1.0728336020856,17.6002153611544,3.95048889102661));
#6808=CARTESIAN_POINT('',(0.733753631595034,23.990985816255,2.61532831490967));
#6809=CARTESIAN_POINT('',(0.396386447103173,30.,1.93914111370039));
#6810=CARTESIAN_POINT('',(0.585318532719687,1.75952556525453,0.273604788540389));
#6811=CARTESIAN_POINT('',(0.642788312631245,5.16453838967307,-0.0360664413566583));
#6812=CARTESIAN_POINT('',(0.666734393241557,8.85615186329171,0.28079609073105));
#6813=CARTESIAN_POINT('',(0.69514455243902,17.4805298916529,0.22717614459795));
#6814=CARTESIAN_POINT('',(0.503633573487721,23.990985816255,0.625637809407566));
#6815=CARTESIAN_POINT('',(0.384941130328536,30.,0.817499405382221));
#6816=CARTESIAN_POINT('',(-0.578858238652119,1.75952543900592,-0.76570135873665));
#6817=CARTESIAN_POINT('',(-0.569803416719285,5.16444805482928,-1.96885105527012));
#6818=CARTESIAN_POINT('',(-0.592982593108579,8.80767380074666,-3.36587199137167));
#6819=CARTESIAN_POINT('',(-0.448422099047545,17.5650395305777,-4.29565483654386));
#6820=CARTESIAN_POINT('',(-0.0855597083290458,23.990985816255,-2.3181059497443));
#6821=CARTESIAN_POINT('',(0.201137595489869,30.,-0.854982258159775));
#6822=CARTESIAN_POINT('',(-1.36955582874623,1.75952514457539,-1.4420244728029));
#6823=CARTESIAN_POINT('',(-1.61734220244788,5.16423738053937,-4.37351853925037));
#6824=CARTESIAN_POINT('',(-1.59691474737672,8.69461574946053,-5.70115443333903));
#6825=CARTESIAN_POINT('',(-1.4139216864312,17.7621285764291,-7.92572439714768));
#6826=CARTESIAN_POINT('',(-0.638340061405742,23.990985816255,-4.24001396929852));
#6827=CARTESIAN_POINT('',(-0.0312821173295558,30.,-1.95233917102264));
#6828=CARTESIAN_POINT('',(-1.76846052617165,1.75952514457539,-1.77597051280987));
#6829=CARTESIAN_POINT('',(-2.01624689987331,5.16423738053937,-4.70746457925735));
#6830=CARTESIAN_POINT('',(-2.13638442040409,8.69461574946053,-6.86261584951369));
#6831=CARTESIAN_POINT('',(-1.95579027473141,17.7621285764291,-9.23495767795485));
#6832=CARTESIAN_POINT('',(-0.953772150534768,23.990985816255,-5.18753921510769));
#6833=CARTESIAN_POINT('',(-0.174391184474224,30.,-2.49391012561943));
#6834=FACE_BOUND('',#6835,.T.);
#6835=EDGE_LOOP('',(#9333,#9334,#9335,#9336,#9337));
#6836=B_SPLINE_SURFACE_WITH_KNOTS('',3,3,(
(#6837,#6838,#6839,#6840,#6841,#6842),
(#6843,#6844,#6845,#6846,#6847,#6848),
(#6849,#6850,#6851,#6852,#6853,#6854),
(#6855,#6856,#6857,#6858,#6859,#6860),
(#6861,#6862,#6863,#6864,#6865,#6866),
(#6867,#6868,#6869,#6870,#6871,#6872),
(#6873,#6874,#6875,#6876,#6877,#6878),
(#6879,#6880,#6881,#6882,#6883,#6884),
(#6885,#6886,#6887,#6888,#6889,#6890),
(#6891,#6892,#6893,#6894,#6895,#6896),
(#6897,#6898,#6899,#6900,#6901,#6902),
(#6903,#6904,#6905,#6906,#6907,#6908),
(#6909,#6910,#6911,#6912,#6913,#6914),
(#6915,#6916,#6917,#6918,#6919,#6920),
(#6921,#6922,#6923,#6924,#6925,#6926),
(#6927,#6928,#6929,#6930,#6931,#6932),
(#6933,#6934,#6935,#6936,#6937,#6938),
(#6939,#6940,#6941,#6942,#6943,#6944),
(#6945,#6946,#6947,#6948,#6949,#6950),
(#6951,#6952,#6953,#6954,#6955,#6956),
(#6957,#6958,#6959,#6960,#6961,#6962),
(#6963,#6964,#6965,#6966,#6967,#6968),
(#6969,#6970,#6971,#6972,#6973,#6974),
(#6975,#6976,#6977,#6978,#6979,#6980),
(#6981,#6982,#6983,#6984,#6985,#6986),
(#6987,#6988,#6989,#6990,#6991,#6992)),
.UNSPECIFIED.,.F.,.F.,.F.,
(4,1,1,1,1,1,1,1,1,1,1,1,1,1,1,1,1,1,1,1,1,1,1,4),
(4,2,4),
(0.,0.135317944048086,0.270635888096171,0.405953832144257,0.541271776192343,0.676589720240428,
0.811907664288514,0.947225608336599,1.08254355238468,1.21786149643277,1.35317944048086,
1.48849738452894,1.62381532857703,1.75913327262511,1.8944512166732,2.02976916072128,
2.16508710476937,2.30040504881746,2.43572299286554,2.57104093691363,2.70635888096171,
2.8416768250098,2.97699476905788,3.11231271310597),
(0.,0.729492750617365,2.),
.UNSPECIFIED.);
#6837=CARTESIAN_POINT('',(1.34869050161762,-2.50035546211833,0.577145043039922));
#6838=CARTESIAN_POINT('',(1.21583625699648,-5.35387280902665,2.86448419130412));
#6839=CARTESIAN_POINT('',(1.07118724109708,-8.03714700759794,5.51284436466743));
#6840=CARTESIAN_POINT('',(0.712091046899393,-13.3903689352494,12.5752785698203));
#6841=CARTESIAN_POINT('',(0.43297004549161,-15.1268288499929,18.9689255297498));
#6842=CARTESIAN_POINT('',(0.174391184360307,-17.1597895235678,24.7338070507084));
#6843=CARTESIAN_POINT('',(1.36096970437716,-2.50555810448531,0.574141296068846));
#6844=CARTESIAN_POINT('',(1.22811545975603,-5.35907545139364,2.86148044433305));
#6845=CARTESIAN_POINT('',(1.07636575120637,-8.04770908239275,5.50674634794144));
#6846=CARTESIAN_POINT('',(0.715253299715859,-13.401654309975,12.5687629556845));
#6847=CARTESIAN_POINT('',(0.433223381661391,-15.1342873100507,18.9646193858277));
#6848=CARTESIAN_POINT('',(0.174345428716668,-17.1636956151523,24.7315518676806));
#6849=CARTESIAN_POINT('',(1.38627030279596,-2.51464948392937,0.568892385699514));
#6850=CARTESIAN_POINT('',(1.24073237595414,-5.37936829714049,2.84976436437848));
#6851=CARTESIAN_POINT('',(1.08837581446232,-8.06784134308471,5.49434170958062));
#6852=CARTESIAN_POINT('',(0.711332247916224,-13.4293078576684,12.5541578604815));
#6853=CARTESIAN_POINT('',(0.43489683150994,-15.1491626538768,18.9560311020654));
#6854=CARTESIAN_POINT('',(0.174865183069473,-17.1715131432966,24.727038415702));
#6855=CARTESIAN_POINT('',(1.42587084890172,-2.52413753966149,0.56341445416849));
#6856=CARTESIAN_POINT('',(1.27359578666254,-5.3979537705049,2.83903403632852));
#6857=CARTESIAN_POINT('',(1.11094597014763,-8.09604226388393,5.47743472939748));
#6858=CARTESIAN_POINT('',(0.721093490051365,-13.4660950240407,12.5340075972644));
#6859=CARTESIAN_POINT('',(0.440851092653317,-15.1709442061386,18.9434555170037));
#6860=CARTESIAN_POINT('',(0.177464356376336,-17.1830411741699,24.7203827039741));
#6861=CARTESIAN_POINT('',(1.46651876215664,-2.52933226865556,0.560415275985397));
#6862=CARTESIAN_POINT('',(1.30645904383345,-5.4153501638118,2.82899022396985));
#6863=CARTESIAN_POINT('',(1.1377145991937,-8.12133984752725,5.46199492163395));
#6864=CARTESIAN_POINT('',(0.733876143996353,-13.5026586417498,12.5143505228587));
#6865=CARTESIAN_POINT('',(0.450130497003729,-15.1917981175639,18.9314155056286));
#6866=CARTESIAN_POINT('',(0.181835551018416,-17.1941601507891,24.7139631598299));
#6867=CARTESIAN_POINT('',(1.50759590414753,-2.53015467837703,0.559940457511322));
#6868=CARTESIAN_POINT('',(1.34238779544118,-5.42831032442547,2.82150767175081));
#6869=CARTESIAN_POINT('',(1.16821579261183,-8.14339158792199,5.448441814162));
#6870=CARTESIAN_POINT('',(0.752737331204557,-13.5369595491619,12.4959776855543));
#6871=CARTESIAN_POINT('',(0.462555748129931,-15.2113462579182,18.9201293815329));
#6872=CARTESIAN_POINT('',(0.187898848266755,-17.2046667915362,24.7078971479663));
#6873=CARTESIAN_POINT('',(1.54847759000358,-2.52659226032795,0.561997220530925));
#6874=CARTESIAN_POINT('',(1.37983762338972,-5.43739162197811,2.8162645821642));
#6875=CARTESIAN_POINT('',(1.20192601705534,-8.16177300679669,5.43698048047322));
#6876=CARTESIAN_POINT('',(0.776408934855667,-13.5687499905323,12.4791017909646));
#6877=CARTESIAN_POINT('',(0.477890604851249,-15.2292353181654,18.9098011277836));
#6878=CARTESIAN_POINT('',(0.195543392745137,-17.2143690014229,24.7022955744765));
#6879=CARTESIAN_POINT('',(1.58854211233433,-2.51869919045538,0.566554286546586));
#6880=CARTESIAN_POINT('',(1.41845723222081,-5.44221441351801,2.81348014217039));
#6881=CARTESIAN_POINT('',(1.23826150686792,-8.1761598324214,5.42782807725836));
#6882=CARTESIAN_POINT('',(0.804666345283311,-13.59736386117,12.4640552733035));
#6883=CARTESIAN_POINT('',(0.495846328234598,-15.2451432168154,18.9006166982158));
#6884=CARTESIAN_POINT('',(0.204629419071871,-17.223089395225,24.6972608527674));
#6885=CARTESIAN_POINT('',(1.62718018940695,-2.50659550254123,0.573542354022005));
#6886=CARTESIAN_POINT('',(1.45754600774112,-5.44273674247243,2.81317857540795));
#6887=CARTESIAN_POINT('',(1.2765915710074,-8.18628709014656,5.42114823398333));
#6888=CARTESIAN_POINT('',(0.83690072453447,-13.6223218894621,12.4510962982722));
#6889=CARTESIAN_POINT('',(0.51608707389964,-15.258784896622,18.8927406707073));
#6890=CARTESIAN_POINT('',(0.214990807228057,-17.2306685376572,24.692885032844));
#6891=CARTESIAN_POINT('',(1.6638042325275,-2.49046526351914,0.582855151863505));
#6892=CARTESIAN_POINT('',(1.49648038278302,-5.43891556695195,2.81538473212332));
#6893=CARTESIAN_POINT('',(1.31624877648546,-8.19196646898203,5.41706461919022));
#6894=CARTESIAN_POINT('',(0.872514245850414,-13.6431811360767,12.4404545646076));
#6895=CARTESIAN_POINT('',(0.538236132280984,-15.2699174409499,18.8863132932428));
#6896=CARTESIAN_POINT('',(0.226438119724275,-17.236967859126,24.6892481178982));
#6897=CARTESIAN_POINT('',(1.6978572813368,-2.47055377407958,0.5943510556514));
#6898=CARTESIAN_POINT('',(1.53461299801938,-5.4307988373498,2.82007092814406));
#6899=CARTESIAN_POINT('',(1.3565408661574,-8.1930864561868,5.4156542589939));
#6900=CARTESIAN_POINT('',(0.910828498570605,-13.6595853486708,12.4323137331572));
#6901=CARTESIAN_POINT('',(0.561882900778543,-15.2783444088432,18.8814479810611));
#6902=CARTESIAN_POINT('',(0.238762065092884,-17.2418721889883,24.686416601732));
#6903=CARTESIAN_POINT('',(1.72882147391206,-2.4471638383108,0.607855241363832));
#6904=CARTESIAN_POINT('',(1.57131323827269,-5.41850062153257,2.82717130635669));
#6905=CARTESIAN_POINT('',(1.39676284970146,-8.18961538402395,5.41694730214575));
#6906=CARTESIAN_POINT('',(0.951124706218393,-13.6712596922974,12.426811814846));
#6907=CARTESIAN_POINT('',(0.586590459522707,-15.2839193136982,18.8782293082424));
#6908=CARTESIAN_POINT('',(0.251737324367892,-17.245291861275,24.6844422530167));
#6909=CARTESIAN_POINT('',(1.75622592212178,-2.42065115878989,0.62316234402217));
#6910=CARTESIAN_POINT('',(1.60596977651504,-5.40220605524348,2.83657897859003));
#6911=CARTESIAN_POINT('',(1.43620941529102,-8.18160193320304,5.42092611398382));
#6912=CARTESIAN_POINT('',(0.992649707219988,-13.6780184354932,12.4240378048885));
#6913=CARTESIAN_POINT('',(0.611903611458758,-15.286548183099,18.8767115297862));
#6914=CARTESIAN_POINT('',(0.26512667059678,-17.2471643540415,24.683361168814));
#6915=CARTESIAN_POINT('',(1.77965387266846,-2.3914189272376,0.640039580777899));
#6916=CARTESIAN_POINT('',(1.63800294848869,-5.38216681916714,2.84814863693306));
#6917=CARTESIAN_POINT('',(1.47418734525207,-8.16917452777563,5.42752562185643));
#6918=CARTESIAN_POINT('',(1.03463187134016,-13.6797671104455,12.4240304424673));
#6919=CARTESIAN_POINT('',(0.637357239299406,-15.2861911550422,18.8769176600309));
#6920=CARTESIAN_POINT('',(0.278685306066071,-17.2474554324611,24.6831931146101));
#6921=CARTESIAN_POINT('',(1.79874904486441,-2.35991169297714,0.658230290959595));
#6922=CARTESIAN_POINT('',(1.6668739744421,-5.35869768927457,2.86169854539418));
#6923=CARTESIAN_POINT('',(1.51002774186543,-8.15253924324401,5.43663439492193));
#6924=CARTESIAN_POINT('',(1.07629484096234,-13.6765040230346,12.4267775617585));
#6925=CARTESIAN_POINT('',(0.662484826351769,-15.2828630831914,18.8788391232098));
#6926=CARTESIAN_POINT('',(0.292165337943364,-17.2461597747406,24.6839411629437));
#6927=CARTESIAN_POINT('',(1.81322104877246,-2.32660860244772,0.677457839241598));
#6928=CARTESIAN_POINT('',(1.69209410564987,-5.33217152067308,2.87701343597681));
#6929=CARTESIAN_POINT('',(1.543097840379,-8.13197636152158,5.44809656905505));
#6930=CARTESIAN_POINT('',(1.11687183734498,-13.6683197997095,12.4322164651608));
#6931=CARTESIAN_POINT('',(0.686826985499431,-15.2766331419631,18.882435981455));
#6932=CARTESIAN_POINT('',(0.305320310507477,-17.2433010694188,24.6855916372308));
#6933=CARTESIAN_POINT('',(1.82284980131422,-2.29201611258395,0.697429822576384));
#6934=CARTESIAN_POINT('',(1.71323337883108,-5.30301304000485,2.89384809263978));
#6935=CARTESIAN_POINT('',(1.57281220128595,-8.10783562104715,5.46171456691722));
#6936=CARTESIAN_POINT('',(1.15562011872604,-13.6553952404072,12.4402352017132));
#6937=CARTESIAN_POINT('',(0.709939840728916,-15.2676234404832,18.8876377350297));
#6938=CARTESIAN_POINT('',(0.317909711103806,-17.2389315822689,24.688114361813));
#6939=CARTESIAN_POINT('',(1.82748887317765,-2.25666028886329,0.717842516918929));
#6940=CARTESIAN_POINT('',(1.72992623920226,-5.27169305731784,2.91193069307514));
#6941=CARTESIAN_POINT('',(1.5986430872983,-8.08053018540875,5.4772524921346));
#6942=CARTESIAN_POINT('',(1.19183293485972,-13.6379977926221,12.4506747561216));
#6943=CARTESIAN_POINT('',(0.731403108533624,-15.256006672492,18.8943446791566));
#6944=CARTESIAN_POINT('',(0.329703367442703,-17.2331312007187,24.6914632136624));
#6945=CARTESIAN_POINT('',(1.82706771566837,-2.22107880518443,0.738385496099089));
#6946=CARTESIAN_POINT('',(1.74188445345837,-5.23871685124062,2.93096951453068));
#6947=CARTESIAN_POINT('',(1.62012982804341,-8.05052967836456,5.49444044011559));
#6948=CARTESIAN_POINT('',(1.22485846983334,-13.6164753803342,12.4633321072797));
#6949=CARTESIAN_POINT('',(0.750827732251936,-15.2420028468684,18.90242979165));
#6950=CARTESIAN_POINT('',(0.340485655843841,-17.226005973282,24.6955769656411));
#6951=CARTESIAN_POINT('',(1.82159273347926,-2.18581276710629,0.75874635267675));
#6952=CARTESIAN_POINT('',(1.74887760529625,-5.20463076577153,2.95064912515188));
#6953=CARTESIAN_POINT('',(1.63688705839587,-8.01835149073663,5.51297850896117));
#6954=CARTESIAN_POINT('',(1.25408897197584,-13.5912527806797,12.4779640758616));
#6955=CARTESIAN_POINT('',(0.767862930776618,-15.2258751599218,18.9117411160501));
#6956=CARTESIAN_POINT('',(0.350059443491333,-17.2176861706142,24.7003804059509));
#6957=CARTESIAN_POINT('',(1.81114718766473,-2.15139848328898,0.778615448702643));
#6958=CARTESIAN_POINT('',(1.75082892461607,-5.16995785730819,2.97066753818678));
#6959=CARTESIAN_POINT('',(1.6486114928405,-7.98455392958232,5.53254469764205));
#6960=CARTESIAN_POINT('',(1.27905637627086,-13.5628116571288,12.4942919851834));
#6961=CARTESIAN_POINT('',(0.782202534012151,-15.2079250869621,18.9221045955054));
#6962=CARTESIAN_POINT('',(0.358249692607684,-17.2083239039839,24.7057857131102));
#6963=CARTESIAN_POINT('',(1.79588992805304,-2.11835930843229,0.797690625199959));
#6964=CARTESIAN_POINT('',(1.74747461197238,-5.13539601367847,2.99062182791008));
#6965=CARTESIAN_POINT('',(1.65508783214112,-7.9497185694902,5.55279066166078));
#6966=CARTESIAN_POINT('',(1.29912469955337,-13.5317253950202,12.5120066872906));
#6967=CARTESIAN_POINT('',(0.793590490534565,-15.1884867817667,18.9333273062425));
#6968=CARTESIAN_POINT('',(0.364906660709485,-17.1980903434257,24.7116940620532));
#6969=CARTESIAN_POINT('',(1.77605298274196,-2.08719768862763,0.815681794782564));
#6970=CARTESIAN_POINT('',(1.73964584497961,-5.10103488947919,3.0104602322162));
#6971=CARTESIAN_POINT('',(1.65619102419739,-7.91446973495197,5.57338470810132));
#6972=CARTESIAN_POINT('',(1.31468061544871,-13.49848396652,12.5307752055743));
#6973=CARTESIAN_POINT('',(0.801825448697777,-15.1679208962967,18.9452010257547));
#6974=CARTESIAN_POINT('',(0.369908638217707,-17.1871725911954,24.7179974292423));
#6975=CARTESIAN_POINT('',(1.75193801010371,-2.05838750446519,0.832315362364151));
#6976=CARTESIAN_POINT('',(1.72448827527986,-5.06923376965374,3.02882061730795));
#6977=CARTESIAN_POINT('',(1.65189481478263,-7.87935305214648,5.59387993925176));
#6978=CARTESIAN_POINT('',(1.32272528916958,-13.4640978185191,12.5502438450635));
#6979=CARTESIAN_POINT('',(0.806764327602084,-15.1466079014456,18.9575060890693));
#6980=CARTESIAN_POINT('',(0.373164174179871,-17.175770249926,24.7245805740436));
#6981=CARTESIAN_POINT('',(1.733253859244,-2.041040450812,0.842330688460466));
#6982=CARTESIAN_POINT('',(1.71702972513297,-5.04563559383738,3.04244503046791));
#6983=CARTESIAN_POINT('',(1.64546440695521,-7.85660999018095,5.60745057996109));
#6984=CARTESIAN_POINT('',(1.32981036756969,-13.4398930988461,12.5634522546189));
#6985=CARTESIAN_POINT('',(0.807804655839207,-15.1321634039778,18.9658456235706));
#6986=CARTESIAN_POINT('',(0.37413055565443,-17.1679846263246,24.7290756059257));
#6987=CARTESIAN_POINT('',(1.72333091498745,-2.03289778626854,0.847031858026552));
#6988=CARTESIAN_POINT('',(1.70710678087641,-5.03749292929393,3.04714620003399));
#6989=CARTESIAN_POINT('',(1.64139296337104,-7.8453453631872,5.61395421538825));
#6990=CARTESIAN_POINT('',(1.32740122468484,-13.4284691508519,12.5700478740686));
#6991=CARTESIAN_POINT('',(0.807758394929103,-15.1249486511574,18.9700110630536));
#6992=CARTESIAN_POINT('',(0.374308336066486,-17.1640813690637,24.731329152556));
#6993=FACE_BOUND('',#6994,.T.);
#6994=EDGE_LOOP('',(#9338,#9339,#9340));
#6995=PLANE('',#6996);
#6996=AXIS2_PLACEMENT_3D('',#6997,#6998,#6999);
#6997=CARTESIAN_POINT('',(0.,-0.875,1.51554445662277));
#6998=DIRECTION('',(1.41038191169352E-49,-0.5,0.866025403784439));
#6999=DIRECTION('',(-1.,1.06057523872491E-16,6.12323399573678E-17));
#7000=FACE_BOUND('',#7001,.T.);
#7001=EDGE_LOOP('',(#9341,#9342,#9343,#9344,#9345));
#7002=B_SPLINE_SURFACE_WITH_KNOTS('',3,3,(
(#7003,#7004,#7005,#7006,#7007,#7008),
(#7009,#7010,#7011,#7012,#7013,#7014),
(#7015,#7016,#7017,#7018,#7019,#7020),
(#7021,#7022,#7023,#7024,#7025,#7026),
(#7027,#7028,#7029,#7030,#7031,#7032),
(#7033,#7034,#7035,#7036,#7037,#7038),
(#7039,#7040,#7041,#7042,#7043,#7044),
(#7045,#7046,#7047,#7048,#7049,#7050),
(#7051,#7052,#7053,#7054,#7055,#7056)),
.UNSPECIFIED.,.F.,.F.,.F.,
(4,1,1,1,1,1,4),
(4,2,4),
(0.,0.136115625229061,0.272231250458123,0.408346875687184,0.544462500916245,0.680578126145306,
0.816693751374368),
(0.,0.729492750617365,2.),
.UNSPECIFIED.);
#7003=CARTESIAN_POINT('',(-1.76776695292889,0.65593108926282,2.39942793311942));
#7004=CARTESIAN_POINT('',(-2.01602266288098,1.49447554572696,6.81837995742545));
#7005=CARTESIAN_POINT('',(-2.1364458138282,1.5967346148162,10.9579932515394));
#7006=CARTESIAN_POINT('',(-1.95579027484063,-0.883356336344727,19.9999334113649));
#7007=CARTESIAN_POINT('',(-0.953772150501932,-7.50295216473642,23.3705727862511));
#7008=CARTESIAN_POINT('',(-0.174391184360317,-12.8402104764323,27.2277171763579));
#7009=CARTESIAN_POINT('',(-1.68704286660101,0.429210474192127,2.26853072497752));
#7010=CARTESIAN_POINT('',(-1.9352985765531,1.26775493065627,6.68748274928355));
#7011=CARTESIAN_POINT('',(-1.9775985835641,1.05448772318734,10.6449268626902));
#7012=CARTESIAN_POINT('',(-1.787601678021,-1.47659647610087,19.6574260569826));
#7013=CARTESIAN_POINT('',(-0.853085714778689,-7.91984111578849,23.129881838139));
#7014=CARTESIAN_POINT('',(-0.132899418477532,-13.0783337186953,27.0902366583371));
#7015=CARTESIAN_POINT('',(-1.48990586484401,-0.0146988323479191,2.01223956735085));
#7016=CARTESIAN_POINT('',(-1.59372663450137,0.187861333913787,6.06400589050812));
#7017=CARTESIAN_POINT('',(-1.65112626608228,-0.0432571358272388,10.06964122448));
#7018=CARTESIAN_POINT('',(-1.41087846949373,-2.94749956174376,18.7063184361434));
#7019=CARTESIAN_POINT('',(-0.660085760204946,-8.75524123882473,22.647563352223));
#7020=CARTESIAN_POINT('',(-0.0572447084247126,-13.555537958336,26.8147226621221));
#7021=CARTESIAN_POINT('',(-1.09260207828969,-0.639654974480366,1.65142097045897));
#7022=CARTESIAN_POINT('',(-1.15231322071959,-0.904251541722536,5.43347422777403));
#7023=CARTESIAN_POINT('',(-1.1409629594588,-1.67427100219836,9.16716489296164));
#7024=CARTESIAN_POINT('',(-0.929974789325019,-4.93624233871878,17.4898628003081));
#7025=CARTESIAN_POINT('',(-0.395174517832858,-10.0142034023114,21.9207012082344));
#7026=CARTESIAN_POINT('',(0.0341702854363278,-14.2737091464522,26.400086333339));
#7027=CARTESIAN_POINT('',(-0.60105019170663,-1.21214080157754,1.32089612407717));
#7028=CARTESIAN_POINT('',(-0.62142018482502,-2.09041912717261,4.74864005301043));
#7029=CARTESIAN_POINT('',(-0.611814548092557,-3.29923123403995,8.27175070541429));
#7030=CARTESIAN_POINT('',(-0.470012032295172,-6.99539917056652,16.2265410597234));
#7031=CARTESIAN_POINT('',(-0.154113152282366,-11.2799424773966,21.1899264125102));
#7032=CARTESIAN_POINT('',(0.103453274549029,-14.9937350356791,25.9843791923703));
#7033=CARTESIAN_POINT('',(-0.024343335751856,-1.72156632788215,1.02677915933313));
#7034=CARTESIAN_POINT('',(-0.0560583644893879,-3.25200225356395,4.07799972230226));
#7035=CARTESIAN_POINT('',(-0.0660850391162008,-4.90574127950917,7.36222259366058));
#7036=CARTESIAN_POINT('',(-0.0540691618449098,-9.09521303676623,14.9828794560896));
#7037=CARTESIAN_POINT('',(0.0640312098025679,-12.5532696349613,20.4547706353237));
#7038=CARTESIAN_POINT('',(0.150555046523446,-15.7151041838271,25.5678965205019));
#7039=CARTESIAN_POINT('',(0.626850465825053,-2.15850783230549,0.774510864134199));
#7040=CARTESIAN_POINT('',(0.5729072775464,-4.20643685118145,3.52695665044391));
#7041=CARTESIAN_POINT('',(0.494140403047896,-6.49452565761312,6.4491551973117));
#7042=CARTESIAN_POINT('',(0.369866677590327,-11.1351470222386,13.7977773569031));
#7043=CARTESIAN_POINT('',(0.260367730452822,-13.8348719888081,19.7148371713362));
#7044=CARTESIAN_POINT('',(0.175442144393535,-16.4373041945838,25.1509341498828));
#7045=CARTESIAN_POINT('',(1.1026056320048,-2.39609042198565,0.637342492027594));
#7046=CARTESIAN_POINT('',(0.969751387383927,-5.2496077688958,2.92468164029073));
#7047=CARTESIAN_POINT('',(0.877992919373622,-7.51744181160652,5.81289629947219));
#7048=CARTESIAN_POINT('',(0.545750894718202,-12.7967380467196,12.9180115231124));
#7049=CARTESIAN_POINT('',(0.377563401989283,-14.6951536010091,19.2181533509531));
#7050=CARTESIAN_POINT('',(0.177211975200612,-16.9189827839669,24.8728368866396));
#7051=CARTESIAN_POINT('',(1.34869050161762,-2.50035546211833,0.577145043039919));
#7052=CARTESIAN_POINT('',(1.21583625699674,-5.35387280902849,2.86448419130306));
#7053=CARTESIAN_POINT('',(1.07118724109753,-8.03714700760106,5.5128443646655));
#7054=CARTESIAN_POINT('',(0.712091046900019,-13.390368935254,12.5752785698178));
#7055=CARTESIAN_POINT('',(0.432970045491867,-15.1268288499948,18.9689255297487));
#7056=CARTESIAN_POINT('',(0.174391184360306,-17.1597895235678,24.7338070507084));
#7057=FACE_BOUND('',#7058,.T.);
#7058=EDGE_LOOP('',(#9346,#9347,#9348,#9349));
#7059=B_SPLINE_SURFACE_WITH_KNOTS('',3,3,(
(#7060,#7061,#7062,#7063,#7064,#7065),
(#7066,#7067,#7068,#7069,#7070,#7071),
(#7072,#7073,#7074,#7075,#7076,#7077),
(#7078,#7079,#7080,#7081,#7082,#7083),
(#7084,#7085,#7086,#7087,#7088,#7089),
(#7090,#7091,#7092,#7093,#7094,#7095)),
.UNSPECIFIED.,.F.,.F.,.F.,
(4,1,1,4),
(4,2,4),
(0.,0.0992557108668503,0.198511421733701,0.297767132600551),
(0.000679674580790238,0.729492750617365,2.),
.UNSPECIFIED.);
#7060=CARTESIAN_POINT('',(1.72328543759154,-2.04129549376769,0.853182408211388));
#7061=CARTESIAN_POINT('',(1.70698428627217,-5.04272445948331,3.05192920791439));
#7062=CARTESIAN_POINT('',(1.64128625729105,-7.84724271685306,5.61631815540653));
#7063=CARTESIAN_POINT('',(1.3274012246439,-13.4284691508421,12.5700478740725));
#7064=CARTESIAN_POINT('',(0.80775839467752,-15.1249486511465,18.9700110630599));
#7065=CARTESIAN_POINT('',(0.374308335648081,-17.1640813690494,24.7313291525642));
#7066=CARTESIAN_POINT('',(1.34650802299416,-1.73080648869379,1.03244331887122));
#7067=CARTESIAN_POINT('',(1.33020687167479,-4.73223545440941,3.23119011857423));
#7068=CARTESIAN_POINT('',(1.34433632207631,-6.7710561644502,6.23765475113458));
#7069=CARTESIAN_POINT('',(1.0728336020856,-12.2213314175745,13.2669891693235));
#7070=CARTESIAN_POINT('',(0.733753631595034,-14.260433668076,19.4691390212541));
#7071=CARTESIAN_POINT('',(0.396386447103173,-16.6793454659874,25.011191556683));
#7072=CARTESIAN_POINT('',(0.585318532719687,-1.11671148010031,1.3869914438484));
#7073=CARTESIAN_POINT('',(0.642788312631245,-2.55103474039757,4.49065466495518));
#7074=CARTESIAN_POINT('',(0.666734393241557,-4.6712524795023,7.52925444801799));
#7075=CARTESIAN_POINT('',(0.69514455243902,-8.93700525818209,15.0249948854857));
#7076=CARTESIAN_POINT('',(0.503633573487721,-12.5373111446425,20.4639842740052));
#7077=CARTESIAN_POINT('',(0.384941130328536,-15.7079752526397,25.5720124108421));
#7078=CARTESIAN_POINT('',(-0.578858238652119,-0.21664589112476,1.90664440815242));
#7079=CARTESIAN_POINT('',(-0.569803416719285,-0.877148997282915,5.45696873964235));
#7080=CARTESIAN_POINT('',(-0.592982593108579,-1.48890624995895,9.31060525537908));
#7081=CARTESIAN_POINT('',(-0.448422099047545,-5.06237355095239,17.3595978702301));
#7082=CARTESIAN_POINT('',(-0.0855597083290458,-9.98795426698507,21.9358561535811));
#7083=CARTESIAN_POINT('',(0.201137595489869,-14.2595636446486,26.408253242613));
#7084=CARTESIAN_POINT('',(-1.36955582874623,0.369067254038479,2.24480571020122));
#7085=CARTESIAN_POINT('',(-1.61734220244788,1.20545946864335,6.65912003234549));
#7086=CARTESIAN_POINT('',(-1.59691474737672,0.59003669543961,10.3803353318466));
#7087=CARTESIAN_POINT('',(-1.4139216864312,-2.01718561689057,19.345316771047));
#7088=CARTESIAN_POINT('',(-0.638340061405742,-8.32353309831406,22.8968101633582));
#7089=CARTESIAN_POINT('',(-0.0312821173295558,-13.3092246810909,26.9569316990445));
#7090=CARTESIAN_POINT('',(-1.76846052617165,0.658273008177733,2.41177873020471));
#7091=CARTESIAN_POINT('',(-2.01624689987331,1.4946652227826,6.82609305234897));
#7092=CARTESIAN_POINT('',(-2.13638442040409,1.59589178736232,10.9610660399339));
#7093=CARTESIAN_POINT('',(-1.95579027473141,-0.88335633623152,19.9999334114506));
#7094=CARTESIAN_POINT('',(-0.953772150534768,-7.50295216471623,23.3705727862628));
#7095=CARTESIAN_POINT('',(-0.174391184474224,-12.8402104764583,27.2277171763429));
#7096=FACE_BOUND('',#7097,.T.);
#7097=EDGE_LOOP('',(#9350,#9351,#9352,#9353,#9354));
#7098=B_SPLINE_SURFACE_WITH_KNOTS('',3,3,(
(#7099,#7100,#7101,#7102,#7103,#7104),
(#7105,#7106,#7107,#7108,#7109,#7110),
(#7111,#7112,#7113,#7114,#7115,#7116),
(#7117,#7118,#7119,#7120,#7121,#7122),
(#7123,#7124,#7125,#7126,#7127,#7128),
(#7129,#7130,#7131,#7132,#7133,#7134),
(#7135,#7136,#7137,#7138,#7139,#7140),
(#7141,#7142,#7143,#7144,#7145,#7146),
(#7147,#7148,#7149,#7150,#7151,#7152),
(#7153,#7154,#7155,#7156,#7157,#7158),
(#7159,#7160,#7161,#7162,#7163,#7164),
(#7165,#7166,#7167,#7168,#7169,#7170),
(#7171,#7172,#7173,#7174,#7175,#7176),
(#7177,#7178,#7179,#7180,#7181,#7182),
(#7183,#7184,#7185,#7186,#7187,#7188),
(#7189,#7190,#7191,#7192,#7193,#7194),
(#7195,#7196,#7197,#7198,#7199,#7200),
(#7201,#7202,#7203,#7204,#7205,#7206),
(#7207,#7208,#7209,#7210,#7211,#7212),
(#7213,#7214,#7215,#7216,#7217,#7218),
(#7219,#7220,#7221,#7222,#7223,#7224),
(#7225,#7226,#7227,#7228,#7229,#7230),
(#7231,#7232,#7233,#7234,#7235,#7236),
(#7237,#7238,#7239,#7240,#7241,#7242),
(#7243,#7244,#7245,#7246,#7247,#7248),
(#7249,#7250,#7251,#7252,#7253,#7254)),
.UNSPECIFIED.,.F.,.F.,.F.,
(4,1,1,1,1,1,1,1,1,1,1,1,1,1,1,1,1,1,1,1,1,1,1,4),
(4,2,4),
(0.,0.135317944048086,0.270635888096171,0.405953832144257,0.541271776192343,0.676589720240428,
0.811907664288514,0.947225608336599,1.08254355238468,1.21786149643277,1.35317944048086,
1.48849738452894,1.62381532857703,1.75913327262511,1.8944512166732,2.02976916072128,
2.16508710476937,2.30040504881746,2.43572299286554,2.57104093691363,2.70635888096171,
2.8416768250098,2.97699476905788,3.11231271310597),
(0.,0.729492750617365,2.),
.UNSPECIFIED.);
#7099=CARTESIAN_POINT('',(1.34869050161762,0.75035546211833,-2.45394387020561));
#7100=CARTESIAN_POINT('',(1.21583625699648,0.196220326105033,-6.0688319568999));
#7101=CARTESIAN_POINT('',(1.07118724109708,-0.755689763112907,-9.71679566486361));
#7102=CARTESIAN_POINT('',(0.712091046899393,-4.19532623350576,-17.8840389488821));
#7103=CARTESIAN_POINT('',(0.43297004549161,-8.86415696626202,-22.5846808276681));
#7104=CARTESIAN_POINT('',(0.174391184360307,-12.8402104764322,-27.2277171763579));
#7105=CARTESIAN_POINT('',(1.36096970437716,0.755558104485314,-2.45694761717669));
#7106=CARTESIAN_POINT('',(1.22811545975603,0.201422968472017,-6.07183570387097));
#7107=CARTESIAN_POINT('',(1.07636575120637,-0.745127688318091,-9.7228936815896));
#7108=CARTESIAN_POINT('',(0.715253299715859,-4.18404085878009,-17.8905545630179));
#7109=CARTESIAN_POINT('',(0.433223381661391,-8.85669850620426,-22.5889869715902));
#7110=CARTESIAN_POINT('',(0.174345428716668,-12.8363043848477,-27.2299723593858));
#7111=CARTESIAN_POINT('',(1.38627030279596,0.764649483929371,-2.46219652754602));
#7112=CARTESIAN_POINT('',(1.24073237595414,0.221715814218869,-6.08355178382554));
#7113=CARTESIAN_POINT('',(1.08837581446232,-0.724318826026887,-9.73412641160404));
#7114=CARTESIAN_POINT('',(0.711332247916224,-4.15756570146286,-17.9072006902235));
#7115=CARTESIAN_POINT('',(0.43489683150994,-8.84182316237819,-22.5975752553525));
#7116=CARTESIAN_POINT('',(0.174865183069473,-12.8284868567034,-27.2344858113643));
#7117=CARTESIAN_POINT('',(1.42587084890172,0.774137539661489,-2.46767445907705));
#7118=CARTESIAN_POINT('',(1.27359578666254,0.240301287583276,-6.0942821118755));
#7119=CARTESIAN_POINT('',(1.11094597014763,-0.695576491287394,-9.7500956353347));
#7120=CARTESIAN_POINT('',(0.721093490051365,-4.12172147843776,-17.9289841792267));
#7121=CARTESIAN_POINT('',(0.440851092653317,-8.82004161011639,-22.6101508404142));
#7122=CARTESIAN_POINT('',(0.177464356376336,-12.8169588258301,-27.2411415230922));
#7123=CARTESIAN_POINT('',(1.46651876215664,0.779332268655557,-2.47067363726014));
#7124=CARTESIAN_POINT('',(1.30645904383345,0.25769768089018,-6.10432592423416));
#7125=CARTESIAN_POINT('',(1.1377145991937,-0.669556433712974,-9.76428408154242));
#7126=CARTESIAN_POINT('',(0.733876143996353,-4.08641614378384,-17.9508206638141));
#7127=CARTESIAN_POINT('',(0.450130497003729,-8.7991876986911,-22.6221908517892));
#7128=CARTESIAN_POINT('',(0.181835551018416,-12.8058398492109,-27.2475610672364));
#7129=CARTESIAN_POINT('',(1.50759590414753,0.780154678377029,-2.47114845573422));
#7130=CARTESIAN_POINT('',(1.34238779544118,0.27065784150385,-6.11180847645321));
#7131=CARTESIAN_POINT('',(1.16821579261183,-0.646793228144677,-9.77660489518594));
#7132=CARTESIAN_POINT('',(0.752737331204557,-4.0533543462325,-17.9713397023537));
#7133=CARTESIAN_POINT('',(0.462555748129931,-8.77963955833678,-22.633476975885));
#7134=CARTESIAN_POINT('',(0.187898848266755,-12.7953332084638,-27.2536270791));
#7135=CARTESIAN_POINT('',(1.54847759000358,0.776592260327947,-2.46909169271461));
#7136=CARTESIAN_POINT('',(1.37983762338972,0.279739139056491,-6.11705156603982));
#7137=CARTESIAN_POINT('',(1.20192601705534,-0.627676712571585,-9.78679300404465));
#7138=CARTESIAN_POINT('',(0.776408934855667,-4.02284417212109,-17.9904330848832));
#7139=CARTESIAN_POINT('',(0.477890604851249,-8.76175049808958,-22.6438052296342));
#7140=CARTESIAN_POINT('',(0.195543392745137,-12.7856309985771,-27.2592286525899));
#7141=CARTESIAN_POINT('',(1.58854211233433,0.768699190455378,-2.46453462669895));
#7142=CARTESIAN_POINT('',(1.41845723222081,0.28456193059639,-6.11983600603362));
#7143=CARTESIAN_POINT('',(1.23826150686792,-0.612557086069488,-9.79467615890803));
#7144=CARTESIAN_POINT('',(0.804666345283311,-3.99550657026929,-18.0076901649254));
#7145=CARTESIAN_POINT('',(0.495846328234598,-8.7458425994396,-22.652989659202));
#7146=CARTESIAN_POINT('',(0.204629419071871,-12.776910604775,-27.2642633742989));
#7147=CARTESIAN_POINT('',(1.62718018940695,0.756595502541232,-2.45754655922353));
#7148=CARTESIAN_POINT('',(1.45754600774112,0.285084259550815,-6.12013757279607));
#7149=CARTESIAN_POINT('',(1.2765915710074,-0.60170854323743,-9.80010669973118));
#7150=CARTESIAN_POINT('',(0.83690072453447,-3.97180475453905,-18.0228249639392));
#7151=CARTESIAN_POINT('',(0.51608707389964,-8.73220091963299,-22.6608656867106));
#7152=CARTESIAN_POINT('',(0.214990807228057,-12.7693314623429,-27.2686391942223));
#7153=CARTESIAN_POINT('',(1.6638042325275,0.740465263519136,-2.44823376138203));
#7154=CARTESIAN_POINT('',(1.49648038278302,0.28126308403033,-6.11793141608069));
#7155=CARTESIAN_POINT('',(1.31624877648546,-0.595332339669596,-9.80298337868386));
#7156=CARTESIAN_POINT('',(0.872514245850414,-3.95215911953789,-18.0355687345788));
#7157=CARTESIAN_POINT('',(0.538236132280984,-8.72106837530504,-22.6672930641751));
#7158=CARTESIAN_POINT('',(0.226438119724275,-12.763032140874,-27.2722761091681));
#7159=CARTESIAN_POINT('',(1.6978572813368,0.720553774079578,-2.43673785759414));
#7160=CARTESIAN_POINT('',(1.53461299801938,0.273146354428181,-6.11324522005995));
#7161=CARTESIAN_POINT('',(1.3565408661574,-0.593550938308707,-9.80324813595695));
#7162=CARTESIAN_POINT('',(0.910828498570604,-3.93690684639686,-18.0457047836892));
#7163=CARTESIAN_POINT('',(0.561882900778543,-8.71264140741173,-22.6721583763567));
#7164=CARTESIAN_POINT('',(0.238762065092884,-12.7581278110117,-27.2751076253343));
#7165=CARTESIAN_POINT('',(1.72882147391206,0.6971638383108,-2.4232336718817));
#7166=CARTESIAN_POINT('',(1.57131323827269,0.260848138610953,-6.10614484184733));
#7167=CARTESIAN_POINT('',(1.39676284970146,-0.596406282607819,-9.80088862086147));
#7168=CARTESIAN_POINT('',(0.951124706218393,-3.92630487355652,-18.0530641026867));
#7169=CARTESIAN_POINT('',(0.586590459522707,-8.70706650255675,-22.6753770491755));
#7170=CARTESIAN_POINT('',(0.251737324367892,-12.754708138725,-27.2770819740496));
#7171=CARTESIAN_POINT('',(1.75622592212178,0.670651158789886,-2.40792656922337));
#7172=CARTESIAN_POINT('',(1.60596977651504,0.244553572321859,-6.09673716961399));
#7173=CARTESIAN_POINT('',(1.43620941529102,-0.603858760146927,-9.79593817479762));
#7174=CARTESIAN_POINT('',(0.992649707219988,-3.92052313886507,-18.0575303410132));
#7175=CARTESIAN_POINT('',(0.611903611458758,-8.704437633156,-22.6768948276317));
#7176=CARTESIAN_POINT('',(0.26512667059678,-12.7528356459586,-27.2781630582523));
#7177=CARTESIAN_POINT('',(1.77965387266846,0.641418927237595,-2.39104933246764));
#7178=CARTESIAN_POINT('',(1.63800294848869,0.224514336245518,-6.08516751127096));
#7179=CARTESIAN_POINT('',(1.47418734525207,-0.615787804330791,-9.78847547993066));
#7180=CARTESIAN_POINT('',(1.03463187134016,-3.91964242534511,-18.0590410567343));
#7181=CARTESIAN_POINT('',(0.637357239299406,-8.70479466121274,-22.676688697387));
#7182=CARTESIAN_POINT('',(0.278685306066071,-12.7525445675389,-27.2783311124562));
#7183=CARTESIAN_POINT('',(1.79874904486441,0.609911692977137,-2.37285862228594));
#7184=CARTESIAN_POINT('',(1.6668739744421,0.201045206352948,-6.07161760280984));
#7185=CARTESIAN_POINT('',(1.51002774186543,-0.631993875468631,-9.77862328745984));
#7186=CARTESIAN_POINT('',(1.07629484096234,-3.923653044144,-18.0575886997872));
#7187=CARTESIAN_POINT('',(0.662484826351769,-8.70812273306357,-22.674767234208));
#7188=CARTESIAN_POINT('',(0.292165337943364,-12.7538402252594,-27.2775830641226));
#7189=CARTESIAN_POINT('',(1.81322104877246,0.576608602447723,-2.35363107400394));
#7190=CARTESIAN_POINT('',(1.69209410564987,0.174519037751465,-6.0563027122272));
#7191=CARTESIAN_POINT('',(1.543097840379,-0.652201850311729,-9.76654639657976));
#7192=CARTESIAN_POINT('',(1.11687183734498,-3.93245538432169,-18.0532204061787));
#7193=CARTESIAN_POINT('',(0.686826985499431,-8.71435267429186,-22.6711703759628));
#7194=CARTESIAN_POINT('',(0.305320310507477,-12.7566989305812,-27.2759325898355));
#7195=CARTESIAN_POINT('',(1.82284980131422,0.542016112583954,-2.33365909066915));
#7196=CARTESIAN_POINT('',(1.71323337883108,0.145360557083235,-6.03946805556424));
#7197=CARTESIAN_POINT('',(1.57281220128595,-0.67606575264626,-9.75244890099383));
#7198=CARTESIAN_POINT('',(1.15562011872604,-3.94586209353344,-18.0460367777664));
#7199=CARTESIAN_POINT('',(0.709939840728916,-8.72336237577174,-22.6659686223881));
#7200=CARTESIAN_POINT('',(0.317909711103806,-12.7610684177311,-27.2734098652533));
#7201=CARTESIAN_POINT('',(1.82748887317765,0.506660288863294,-2.31324639632661));
#7202=CARTESIAN_POINT('',(1.72992623920226,0.114040574396222,-6.02138545512888));
#7203=CARTESIAN_POINT('',(1.5986430872983,-0.703174708425816,-9.73657066267826));
#7204=CARTESIAN_POINT('',(1.19183293485972,-3.96360173674791,-18.0361899232277));
#7205=CARTESIAN_POINT('',(0.731403108533624,-8.73497914376295,-22.6592616782613));
#7206=CARTESIAN_POINT('',(0.329703367442703,-12.7668687992813,-27.2700610134039));
#7207=CARTESIAN_POINT('',(1.82706771566837,0.471078805184427,-2.29270341714645));
#7208=CARTESIAN_POINT('',(1.74188445345837,0.081064368318998,-6.00234663367334));
#7209=CARTESIAN_POINT('',(1.62012982804341,-0.733060161538374,-9.71918343544207));
#7210=CARTESIAN_POINT('',(1.22485846983334,-3.98532453053936,-18.0238796430147));
#7211=CARTESIAN_POINT('',(0.750827732251936,-8.74898296938652,-22.6511765657678));
#7212=CARTESIAN_POINT('',(0.340485655843841,-12.773994026718,-27.2659472614252));
#7213=CARTESIAN_POINT('',(1.82159273347926,0.435812767106295,-2.27234256056879));
#7214=CARTESIAN_POINT('',(1.74887760529625,0.0469782828499085,-5.98266702305214));
#7215=CARTESIAN_POINT('',(1.63688705839587,-0.765203693909719,-9.70058534193134));
#7216=CARTESIAN_POINT('',(1.25408897197584,-4.01060748686597,-18.0093522152553));
#7217=CARTESIAN_POINT('',(0.767862930776618,-8.76511065633318,-22.6418652413678));
#7218=CARTESIAN_POINT('',(0.350059443491333,-12.7823138293858,-27.2611438211154));
#7219=CARTESIAN_POINT('',(1.81114718766473,0.401398483288984,-2.25247346454289));
#7220=CARTESIAN_POINT('',(1.75082892461607,0.0123053743865666,-5.96264861001724));
#7221=CARTESIAN_POINT('',(1.6486114928405,-0.799047290939757,-9.68109888972618));
#7222=CARTESIAN_POINT('',(1.27905637627086,-4.03896843290476,-17.992885434409));
#7223=CARTESIAN_POINT('',(0.782202534012151,-8.78306072929289,-22.6315017619125));
#7224=CARTESIAN_POINT('',(0.358249692607684,-12.7916760960161,-27.2557385139561));
#7225=CARTESIAN_POINT('',(1.79588992805304,0.368359308432288,-2.23339828804558));
#7226=CARTESIAN_POINT('',(1.74747461197238,-0.0222564692431443,-5.94269432029394));
#7227=CARTESIAN_POINT('',(1.65508783214112,-0.833998490150142,-9.66105356494579));
#7228=CARTESIAN_POINT('',(1.29912469955337,-4.06985294600429,-17.9748212927678));
#7229=CARTESIAN_POINT('',(0.793590490534565,-8.80249903448826,-22.6202790511754));
#7230=CARTESIAN_POINT('',(0.364906660709485,-12.8019096565743,-27.2498301650131));
#7231=CARTESIAN_POINT('',(1.77605298274196,0.337197688627629,-2.21540711846297));
#7232=CARTESIAN_POINT('',(1.73964584497961,-0.0566175934424322,-5.92285591598782));
#7233=CARTESIAN_POINT('',(1.65619102419739,-0.869457874803474,-9.64082420200216));
#7234=CARTESIAN_POINT('',(1.31468061544871,-4.10272767387953,-17.9554176303704));
#7235=CARTESIAN_POINT('',(0.801825448697777,-8.82306491995826,-22.6084053316631));
#7236=CARTESIAN_POINT('',(0.369908638217707,-12.8128274088047,-27.243526797824));
#7237=CARTESIAN_POINT('',(1.75193801010371,0.308387504465191,-2.19877355088139));
#7238=CARTESIAN_POINT('',(1.72448827527986,-0.0884187132678807,-5.90449553089607));
#7239=CARTESIAN_POINT('',(1.65189481478263,-0.904765607038933,-9.62065987817119));
#7240=CARTESIAN_POINT('',(1.32272528916958,-4.13678108425476,-17.935372672408));
#7241=CARTESIAN_POINT('',(0.806764327602084,-8.84437791480939,-22.5961002683486));
#7242=CARTESIAN_POINT('',(0.373164174179871,-12.824229750074,-27.2369436530227));
#7243=CARTESIAN_POINT('',(1.733253859244,0.291040450812001,-2.18875822478507));
#7244=CARTESIAN_POINT('',(1.71702972513297,-0.112016889084238,-5.89087111773611));
#7245=CARTESIAN_POINT('',(1.64546440695521,-0.927889657621613,-9.60774912910385));
#7246=CARTESIAN_POINT('',(1.32981036756969,-4.16032226230982,-17.9210149750574));
#7247=CARTESIAN_POINT('',(0.807804655839207,-8.85882241227714,-22.5877607338473));
#7248=CARTESIAN_POINT('',(0.37413055565443,-12.8320153736754,-27.2324486211407));
#7249=CARTESIAN_POINT('',(1.72333091498745,0.282897786268544,-2.18405705521898));
#7250=CARTESIAN_POINT('',(1.70710678087641,-0.120159553627694,-5.88616994817002));
#7251=CARTESIAN_POINT('',(1.64139296337104,-0.939154284615363,-9.60124549367669));
#7252=CARTESIAN_POINT('',(1.32740122468484,-4.17174621030408,-17.9144193556077));
#7253=CARTESIAN_POINT('',(0.807758394929103,-8.8660371650976,-22.5835952943643));
#7254=CARTESIAN_POINT('',(0.374308336066486,-12.8359186309363,-27.2301950745103));
#7255=FACE_BOUND('',#7256,.T.);
#7256=EDGE_LOOP('',(#9355,#9356,#9357));
#7257=PLANE('',#7258);
#7258=AXIS2_PLACEMENT_3D('',#7259,#7260,#7261);
#7259=CARTESIAN_POINT('',(0.,-0.875000000000001,-1.51554445662277));
#7260=DIRECTION('',(0.,-0.5,-0.866025403784439));
#7261=DIRECTION('',(-1.,-1.06057523872491E-16,6.12323399573678E-17));
#7262=FACE_BOUND('',#7263,.T.);
#7263=EDGE_LOOP('',(#9358,#9359,#9360,#9361,#9362,#9363));
#7264=B_SPLINE_SURFACE_WITH_KNOTS('',3,3,(
(#7265,#7266,#7267,#7268,#7269,#7270),
(#7271,#7272,#7273,#7274,#7275,#7276),
(#7277,#7278,#7279,#7280,#7281,#7282),
(#7283,#7284,#7285,#7286,#7287,#7288),
(#7289,#7290,#7291,#7292,#7293,#7294),
(#7295,#7296,#7297,#7298,#7299,#7300),
(#7301,#7302,#7303,#7304,#7305,#7306),
(#7307,#7308,#7309,#7310,#7311,#7312),
(#7313,#7314,#7315,#7316,#7317,#7318)),
.UNSPECIFIED.,.F.,.F.,.F.,
(4,1,1,1,1,1,4),
(4,2,4),
(0.,0.136115625229061,0.272231250458123,0.408346875687184,0.544462500916245,0.680578126145306,
0.816693751374368),
(0.,0.729492750617365,2.),
.UNSPECIFIED.);
#7265=CARTESIAN_POINT('',(-1.76776695292889,-2.40593108926282,-0.631660980126111));
#7266=CARTESIAN_POINT('',(-2.01602266288098,-6.65212802864858,-2.11493619077856));
#7267=CARTESIAN_POINT('',(-2.1364458138282,-10.2882678377397,-4.0961838862369));
#7268=CARTESIAN_POINT('',(-1.95579027484063,-16.8787722400668,-10.7649757335509));
#7269=CARTESIAN_POINT('',(-0.953772150501932,-16.4880336515185,-18.1830335711668));
#7270=CARTESIAN_POINT('',(-0.174391184360317,-17.1597895235677,-24.7338070507084));
#7271=CARTESIAN_POINT('',(-1.68704286660101,-2.17921047419213,-0.762558188268013));
#7272=CARTESIAN_POINT('',(-1.9352985765531,-6.42540741357789,-2.24583339892047));
#7273=CARTESIAN_POINT('',(-1.9775985835641,-9.74602094611079,-4.40925027508606));
#7274=CARTESIAN_POINT('',(-1.787601678021,-16.2855321003107,-11.1074830879332));
#7275=CARTESIAN_POINT('',(-0.853085714778689,-16.0711447004665,-18.4237245192788));
#7276=CARTESIAN_POINT('',(-0.132899418477532,-16.9216662813047,-24.8712875687292));
#7277=CARTESIAN_POINT('',(-1.48990586484401,-1.73530116765208,-1.01884934589469));
#7278=CARTESIAN_POINT('',(-1.59372663450137,-5.34551381683541,-2.86931025769589));
#7279=CARTESIAN_POINT('',(-1.65112626608228,-8.6989365394811,-5.07228239076134));
#7280=CARTESIAN_POINT('',(-1.41087846949373,-14.7263971961095,-11.9057687161853));
#7281=CARTESIAN_POINT('',(-0.660085760204946,-15.2357445774302,-18.9060430051949));
#7282=CARTESIAN_POINT('',(-0.0572447084247126,-16.444462041664,-25.1468015649443));
#7283=CARTESIAN_POINT('',(-1.09260207828969,-1.11034502551963,-1.37966794278657));
#7284=CARTESIAN_POINT('',(-1.15231322071959,-4.25340094119908,-3.49984192042998));
#7285=CARTESIAN_POINT('',(-1.1409629594588,-7.10186217688646,-6.03354366720423));
#7286=CARTESIAN_POINT('',(-0.929974789325019,-12.6785443244119,-13.0198426647208));
#7287=CARTESIAN_POINT('',(-0.395174517832858,-13.9767824139436,-19.6329051491835));
#7288=CARTESIAN_POINT('',(0.0341702854363278,-15.7262908535478,-25.5614378937274));
#7289=CARTESIAN_POINT('',(-0.60105019170663,-0.53785919842246,-1.71019278916837));
#7290=CARTESIAN_POINT('',(-0.62142018482502,-3.06723335574901,-4.18467609519359));
#7291=CARTESIAN_POINT('',(-0.611814548092557,-5.51393062764066,-6.99309341434483));
#7292=CARTESIAN_POINT('',(-0.470012032295172,-10.5548971879885,-14.1714639211849));
#7293=CARTESIAN_POINT('',(-0.154113152282366,-12.7110433388584,-20.3636799449077));
#7294=CARTESIAN_POINT('',(0.103453274549029,-15.0062649643209,-25.977145034696));
#7295=CARTESIAN_POINT('',(-0.024343335751856,-0.0284336721178481,-2.0043097539124));
#7296=CARTESIAN_POINT('',(-0.0560583644893879,-1.90565022935766,-4.85531642590176));
#7297=CARTESIAN_POINT('',(-0.0660850391162008,-3.92300115467124,-7.9296078692792));
#7298=CARTESIAN_POINT('',(-0.0540691618449098,-8.42794771243041,-15.3681252707157));
#7299=CARTESIAN_POINT('',(0.0640312098025679,-11.4377161812937,-21.0988357220941));
#7300=CARTESIAN_POINT('',(0.150555046523446,-14.2848958161729,-26.3936277065644));
#7301=CARTESIAN_POINT('',(0.626850465825053,0.408507832305491,-2.25657804911134));
#7302=CARTESIAN_POINT('',(0.5729072775464,-0.951215631740178,-5.40635949776011));
#7303=CARTESIAN_POINT('',(0.494140403047896,-2.33786940501382,-8.84900180367866));
#7304=CARTESIAN_POINT('',(0.369866677590327,-6.38165219572048,-16.5422088745848));
#7305=CARTESIAN_POINT('',(0.260367730452822,-10.1561138274468,-21.8387691860817));
#7306=CARTESIAN_POINT('',(0.175442144393535,-13.5626958054162,-26.8105900771835));
#7307=CARTESIAN_POINT('',(1.1026056320048,0.646090421985646,-2.39374642121794));
#7308=CARTESIAN_POINT('',(0.969751387383927,0.0919552859741842,-6.00863450791328));
#7309=CARTESIAN_POINT('',(0.877992919373622,-1.27539495910422,-9.41674373005866));
#7310=CARTESIAN_POINT('',(0.545750894718202,-4.78895712203568,-17.5413059955903));
#7311=CARTESIAN_POINT('',(0.377563401989283,-9.29583221524588,-22.3354530064648));
#7312=CARTESIAN_POINT('',(0.177211975200612,-13.0810172160331,-27.0886873404267));
#7313=CARTESIAN_POINT('',(1.34869050161762,0.750355462118334,-2.45394387020562));
#7314=CARTESIAN_POINT('',(1.21583625699674,0.196220326106872,-6.06883195690096));
#7315=CARTESIAN_POINT('',(1.07118724109753,-0.75568976310968,-9.71679566486536));
#7316=CARTESIAN_POINT('',(0.712091046900019,-4.19532623350131,-17.8840389488849));
#7317=CARTESIAN_POINT('',(0.432970045491867,-8.86415696626018,-22.5846808276692));
#7318=CARTESIAN_POINT('',(0.174391184360306,-12.8402104764322,-27.2277171763579));
#7319=FACE_BOUND('',#7320,.T.);
#7320=EDGE_LOOP('',(#9364,#9365,#9366,#9367,#9368));
#7321=B_SPLINE_SURFACE_WITH_KNOTS('',3,3,(
(#7322,#7323,#7324,#7325,#7326,#7327),
(#7328,#7329,#7330,#7331,#7332,#7333),
(#7334,#7335,#7336,#7337,#7338,#7339),
(#7340,#7341,#7342,#7343,#7344,#7345),
(#7346,#7347,#7348,#7349,#7350,#7351),
(#7352,#7353,#7354,#7355,#7356,#7357)),
.UNSPECIFIED.,.F.,.F.,.F.,
(4,1,1,4),
(4,2,4),
(0.,0.0992557108668503,0.198511421733701,0.297767132600551),
(0.000679674580790191,0.729492750617365,2.),
.UNSPECIFIED.);
#7322=CARTESIAN_POINT('',(1.72328543759154,0.281770107310796,-2.19440495833921));
#7323=CARTESIAN_POINT('',(1.70698428627217,-0.121685994863931,-5.89309209015489));
#7324=CARTESIAN_POINT('',(1.64128625729105,-0.940252839891285,-9.60407062016044));
#7325=CARTESIAN_POINT('',(1.3274012246439,-4.17174621031236,-17.9144193556011));
#7326=CARTESIAN_POINT('',(0.80775839467752,-8.86603716510844,-22.583595294358));
#7327=CARTESIAN_POINT('',(0.374308335648081,-12.8359186309506,-27.2301950745021));
#7328=CARTESIAN_POINT('',(1.34650802299416,-0.0287188977631055,-2.01514404767937));
#7329=CARTESIAN_POINT('',(1.33020687167479,-0.432174999937832,-5.71383117949506));
#7330=CARTESIAN_POINT('',(1.34433632207631,-2.01643939229415,-8.98273402443239));
#7331=CARTESIAN_POINT('',(1.0728336020856,-5.37888394357996,-17.2174780603501));
#7332=CARTESIAN_POINT('',(0.733753631595034,-9.73055214817896,-22.0844673361638));
#7333=CARTESIAN_POINT('',(0.396386447103173,-13.3206545340126,-26.9503326703834));
#7334=CARTESIAN_POINT('',(0.585318532719687,-0.64281408515422,-1.66059623238879));
#7335=CARTESIAN_POINT('',(0.642788312631245,-2.61350364927551,-4.45458822359852));
#7336=CARTESIAN_POINT('',(0.666734393241557,-4.18489938378941,-7.81005053874903));
#7337=CARTESIAN_POINT('',(0.69514455243902,-8.54352463347085,-15.2521710300837));
#7338=CARTESIAN_POINT('',(0.503633573487721,-11.4536746716125,-21.0896220834127));
#7339=CARTESIAN_POINT('',(0.384941130328536,-14.2920247473603,-26.3895118162243));
#7340=CARTESIAN_POINT('',(-0.578858238652119,-1.54287954788116,-1.14094304941577));
#7341=CARTESIAN_POINT('',(-0.569803416719285,-4.28729905754636,-3.48811768437222));
#7342=CARTESIAN_POINT('',(-0.592982593108579,-7.31876755078771,-5.94473326400741));
#7343=CARTESIAN_POINT('',(-0.448422099047545,-12.5026659796253,-13.0639430336863));
#7344=CARTESIAN_POINT('',(-0.0855597083290458,-14.0030315492699,-19.6177502038368));
#7345=CARTESIAN_POINT('',(0.201137595489869,-15.7404363553514,-25.5532709844533));
#7346=CARTESIAN_POINT('',(-1.36955582874623,-2.12859239861387,-0.802781237398324));
#7347=CARTESIAN_POINT('',(-1.61734220244788,-6.36969684918272,-2.28560149309511));
#7348=CARTESIAN_POINT('',(-1.59691474737672,-9.28465244490014,-4.67918089850758));
#7349=CARTESIAN_POINT('',(-1.4139216864312,-15.7449429595386,-11.4195923738993));
#7350=CARTESIAN_POINT('',(-0.638340061405742,-15.6674527179409,-18.6567961940597));
#7351=CARTESIAN_POINT('',(-0.0312821173295558,-16.6907753189091,-25.0045925280218));
#7352=CARTESIAN_POINT('',(-1.76846052617165,-2.41779815275312,-0.635808217394837));
#7353=CARTESIAN_POINT('',(-2.01624689987331,-6.65890260332197,-2.11862847309163));
#7354=CARTESIAN_POINT('',(-2.13638442040409,-10.2905075368229,-4.09845019042025));
#7355=CARTESIAN_POINT('',(-1.95579027473141,-16.8787722401976,-10.7649757334957));
#7356=CARTESIAN_POINT('',(-0.953772150534768,-16.4880336515387,-18.1830335711551));
#7357=CARTESIAN_POINT('',(-0.174391184474224,-17.1597895235417,-24.7338070507234));
#7358=FACE_BOUND('',#7359,.T.);
#7359=EDGE_LOOP('',(#9369,#9370,#9371));
#7360=PLANE('',#7361);
#7361=AXIS2_PLACEMENT_3D('',#7362,#7363,#7364);
#7362=CARTESIAN_POINT('',(0.,30.,0.));
#7363=DIRECTION('',(0.,1.,6.12323399573677E-17));
#7364=DIRECTION('',(-1.,7.49879891330928E-33,-1.22464679914735E-16));
#7365=FACE_BOUND('',#7366,.T.);
#7366=EDGE_LOOP('',(#9372,#9373,#9374));
#7367=PLANE('',#7368);
#7368=AXIS2_PLACEMENT_3D('',#7369,#7370,#7371);
#7369=CARTESIAN_POINT('',(0.,-15.,25.9807621135332));
#7370=DIRECTION('',(1.41038191169352E-49,-0.5,0.866025403784439));
#7371=DIRECTION('',(-1.,1.06057523872491E-16,6.12323399573678E-17));
#7372=FACE_BOUND('',#7373,.T.);
#7373=EDGE_LOOP('',(#9375,#9376,#9377));
#7374=PLANE('',#7375);
#7375=AXIS2_PLACEMENT_3D('',#7376,#7377,#7378);
#7376=CARTESIAN_POINT('',(0.,-15.,-25.9807621135332));
#7377=DIRECTION('',(0.,-0.5,-0.866025403784439));
#7378=DIRECTION('',(-1.,-1.06057523872491E-16,6.12323399573678E-17));
#7379=FACE_BOUND('',#7380,.T.);
#7380=EDGE_LOOP('',(#9378));
#7381=PLANE('',#7382);
#7382=AXIS2_PLACEMENT_3D('',#7383,#7384,#7385);
#7383=CARTESIAN_POINT('',(5.,0.,0.));
#7384=DIRECTION('',(1.,0.,-1.83697019872103E-16));
#7385=DIRECTION('',(1.12481983699639E-32,1.,6.12323399573677E-17));
#7386=FACE_BOUND('',#7387,.T.);
#7387=EDGE_LOOP('',(#9379));
#7388=FACE_BOUND('',#7389,.T.);
#7389=EDGE_LOOP('',(#9380));
#7390=FACE_BOUND('',#7391,.T.);
#7391=EDGE_LOOP('',(#9381));
#7392=FACE_BOUND('',#7393,.T.);
#7393=EDGE_LOOP('',(#9382));
#7394=FACE_BOUND('',#7395,.T.);
#7395=EDGE_LOOP('',(#9383));
#7396=FACE_BOUND('',#7397,.T.);
#7397=EDGE_LOOP('',(#9384));
#7398=PLANE('',#7399);
#7399=AXIS2_PLACEMENT_3D('',#7400,#7401,#7402);
#7400=CARTESIAN_POINT('',(5.,0.,0.));
#7401=DIRECTION('',(1.,0.,-1.83697019872103E-16));
#7402=DIRECTION('',(1.12481983699639E-32,1.,6.12323399573677E-17));
#7403=FACE_OUTER_BOUND('',#7404,.T.);
#7404=EDGE_LOOP('',(#9385));
#7405=FACE_OUTER_BOUND('',#7406,.T.);
#7406=EDGE_LOOP('',(#9386));
#7407=CYLINDRICAL_SURFACE('',#7408,4.);
#7408=AXIS2_PLACEMENT_3D('',#7409,#7410,#7411);
#7409=CARTESIAN_POINT('',(5.,1.E-300,-9.18485099360515E-16));
#7410=DIRECTION('',(1.,0.,-1.83697019872103E-16));
#7411=DIRECTION('',(1.12481983699639E-32,1.,6.12323399573677E-17));
#7412=FACE_OUTER_BOUND('',#7413,.T.);
#7413=EDGE_LOOP('',(#9387));
#7414=FACE_OUTER_BOUND('',#7415,.T.);
#7415=EDGE_LOOP('',(#9388));
#7416=CYLINDRICAL_SURFACE('',#7417,2.5);
#7417=AXIS2_PLACEMENT_3D('',#7418,#7419,#7420);
#7418=CARTESIAN_POINT('',(5.,1.E-300,-9.18485099360515E-16));
#7419=DIRECTION('',(1.,0.,-1.83697019872103E-16));
#7420=DIRECTION('',(1.12481983699639E-32,1.,6.12323399573677E-17));
#7421=FACE_OUTER_BOUND('',#7422,.T.);
#7422=EDGE_LOOP('',(#9389));
#7423=FACE_OUTER_BOUND('',#7424,.T.);
#7424=EDGE_LOOP('',(#9390));
#7425=CONICAL_SURFACE('',#7426,17.,0.785398163397448);
#7426=AXIS2_PLACEMENT_3D('',#7427,#7428,#7429);
#7427=CARTESIAN_POINT('',(4.5,2.E-300,-8.26636589424463E-16));
#7428=DIRECTION('',(-1.,0.,1.83697019872103E-16));
#7429=DIRECTION('',(-1.12481983699639E-32,-1.,-6.12323399573677E-17));
#7430=FACE_OUTER_BOUND('',#7431,.T.);
#7431=EDGE_LOOP('',(#9391));
#7432=FACE_OUTER_BOUND('',#7433,.T.);
#7433=EDGE_LOOP('',(#9392));
#7434=CONICAL_SURFACE('',#7435,5.25,0.785398163397448);
#7435=AXIS2_PLACEMENT_3D('',#7436,#7437,#7438);
#7436=CARTESIAN_POINT('',(4.75,10.,-3.26062210272983E-15));
#7437=DIRECTION('',(1.,0.,-1.83697019872103E-16));
#7438=DIRECTION('',(7.64758574182227E-32,-1.,4.16315177412612E-16));
#7439=FACE_OUTER_BOUND('',#7440,.T.);
#7440=EDGE_LOOP('',(#9393));
#7441=FACE_OUTER_BOUND('',#7442,.T.);
#7442=EDGE_LOOP('',(#9394));
#7443=CONICAL_SURFACE('',#7444,5.25,0.785398163397448);
#7444=AXIS2_PLACEMENT_3D('',#7445,#7446,#7447);
#7445=CARTESIAN_POINT('',(4.75,-10.,6.58247654541702E-16));
#7446=DIRECTION('',(1.,0.,-1.83697019872103E-16));
#7447=DIRECTION('',(1.12481983699639E-32,1.,6.12323399573677E-17));
#7448=FACE_OUTER_BOUND('',#7449,.T.);
#7449=EDGE_LOOP('',(#9395));
#7450=FACE_OUTER_BOUND('',#7451,.T.);
#7451=EDGE_LOOP('',(#9396));
#7452=CONICAL_SURFACE('',#7453,5.25,0.785398163397448);
#7453=AXIS2_PLACEMENT_3D('',#7454,#7455,#7456);
#7454=CARTESIAN_POINT('',(4.75,-1.95943487863576E-15,-10.));
#7455=DIRECTION('',(1.,0.,-1.83697019872103E-16));
#7456=DIRECTION('',(1.83697019872103E-16,1.77541418727622E-16,1.));
#7457=FACE_OUTER_BOUND('',#7458,.T.);
#7458=EDGE_LOOP('',(#9397));
#7459=FACE_OUTER_BOUND('',#7460,.T.);
#7460=EDGE_LOOP('',(#9398));
#7461=CONICAL_SURFACE('',#7462,5.25,0.785398163397447);
#7462=AXIS2_PLACEMENT_3D('',#7463,#7464,#7465);
#7463=CARTESIAN_POINT('',(4.75,3.18408167778312E-15,10.));
#7464=DIRECTION('',(1.,0.,-1.83697019872103E-16));
#7465=DIRECTION('',(-1.83697019872103E-16,-1.83697019872103E-16,-1.));
#7466=FACE_BOUND('',#7467,.T.);
#7467=EDGE_LOOP('',(#9399));
#7468=FACE_BOUND('',#7469,.T.);
#7469=EDGE_LOOP('',(#9400));
#7470=PLANE('',#7471);
#7471=AXIS2_PLACEMENT_3D('',#7472,#7473,#7474);
#7472=CARTESIAN_POINT('',(10.,0.,0.));
#7473=DIRECTION('',(1.,0.,-1.83697019872103E-16));
#7474=DIRECTION('',(1.12481983699639E-32,1.,6.12323399573677E-17));
#7475=FACE_OUTER_BOUND('',#7476,.T.);
#7476=EDGE_LOOP('',(#9401));
#7477=FACE_OUTER_BOUND('',#7478,.T.);
#7478=EDGE_LOOP('',(#9402));
#7479=CYLINDRICAL_SURFACE('',#7480,17.5);
#7480=AXIS2_PLACEMENT_3D('',#7481,#7482,#7483);
#7481=CARTESIAN_POINT('',(3.67394043297444E-316,2.E-300,2.E-300));
#7482=DIRECTION('',(1.,0.,-1.83697019872103E-16));
#7483=DIRECTION('',(1.12481983699639E-32,1.,6.12323399573677E-17));
#7484=FACE_OUTER_BOUND('',#7485,.T.);
#7485=EDGE_LOOP('',(#9403));
#7486=FACE_OUTER_BOUND('',#7487,.T.);
#7487=EDGE_LOOP('',(#9404));
#7488=CYLINDRICAL_SURFACE('',#7489,5.);
#7489=AXIS2_PLACEMENT_3D('',#7490,#7491,#7492);
#7490=CARTESIAN_POINT('',(1.,10.,-2.57175827820944E-15));
#7491=DIRECTION('',(1.,2.24963967399279E-32,1.83697019872103E-16));
#7492=DIRECTION('',(1.1248198369964E-32,-1.,6.12323399573677E-17));
#7493=FACE_OUTER_BOUND('',#7494,.T.);
#7494=EDGE_LOOP('',(#9405));
#7495=FACE_OUTER_BOUND('',#7496,.T.);
#7496=EDGE_LOOP('',(#9406));
#7497=CYLINDRICAL_SURFACE('',#7498,5.);
#7498=AXIS2_PLACEMENT_3D('',#7499,#7500,#7501);
#7499=CARTESIAN_POINT('',(1.,-10.,1.34711147906209E-15));
#7500=DIRECTION('',(1.,0.,-1.83697019872103E-16));
#7501=DIRECTION('',(1.12481983699639E-32,1.,6.12323399573677E-17));
#7502=FACE_OUTER_BOUND('',#7503,.T.);
#7503=EDGE_LOOP('',(#9407));
#7504=FACE_OUTER_BOUND('',#7505,.T.);
#7505=EDGE_LOOP('',(#9408));
#7506=CYLINDRICAL_SURFACE('',#7507,5.);
#7507=AXIS2_PLACEMENT_3D('',#7508,#7509,#7510);
#7508=CARTESIAN_POINT('',(1.,-1.95943487863576E-15,-10.));
#7509=DIRECTION('',(1.,1.83697019872103E-16,-1.12481983699639E-32));
#7510=DIRECTION('',(1.12481983699639E-32,0.,1.));
#7511=FACE_OUTER_BOUND('',#7512,.T.);
#7512=EDGE_LOOP('',(#9409));
#7513=FACE_OUTER_BOUND('',#7514,.T.);
#7514=EDGE_LOOP('',(#9410));
#7515=CYLINDRICAL_SURFACE('',#7516,5.);
#7516=AXIS2_PLACEMENT_3D('',#7517,#7518,#7519);
#7517=CARTESIAN_POINT('',(1.,3.18408167778312E-15,10.));
#7518=DIRECTION('',(1.,-1.83697019872103E-16,3.37445951098918E-32));
#7519=DIRECTION('',(1.1248198369964E-32,-1.22464679914735E-16,-1.));
#7520=FACE_OUTER_BOUND('',#7521,.T.);
#7521=EDGE_LOOP('',(#9411));
#7522=FACE_OUTER_BOUND('',#7523,.T.);
#7523=EDGE_LOOP('',(#9412));
#7524=CONICAL_SURFACE('',#7525,17.,0.785398163397448);
#7525=AXIS2_PLACEMENT_3D('',#7526,#7527,#7528);
#7526=CARTESIAN_POINT('',(0.5,2.E-300,-9.18485099360515E-17));
#7527=DIRECTION('',(1.,0.,-1.83697019872103E-16));
#7528=DIRECTION('',(1.12481983699639E-32,1.,6.12323399573677E-17));
#7529=FACE_BOUND('',#7530,.T.);
#7530=EDGE_LOOP('',(#9413));
#7531=FACE_BOUND('',#7532,.T.);
#7532=EDGE_LOOP('',(#9414));
#7533=PLANE('',#7534);
#7534=AXIS2_PLACEMENT_3D('',#7535,#7536,#7537);
#7535=CARTESIAN_POINT('',(1.,0.,0.));
#7536=DIRECTION('',(1.,2.24963967399279E-32,1.83697019872103E-16));
#7537=DIRECTION('',(1.1248198369964E-32,-1.,6.12323399573677E-17));
#7538=FACE_BOUND('',#7539,.T.);
#7539=EDGE_LOOP('',(#9415));
#7540=FACE_BOUND('',#7541,.T.);
#7541=EDGE_LOOP('',(#9416));
#7542=PLANE('',#7543);
#7543=AXIS2_PLACEMENT_3D('',#7544,#7545,#7546);
#7544=CARTESIAN_POINT('',(1.,0.,0.));
#7545=DIRECTION('',(1.,0.,-1.83697019872103E-16));
#7546=DIRECTION('',(1.12481983699639E-32,1.,6.12323399573677E-17));
#7547=FACE_BOUND('',#7548,.T.);
#7548=EDGE_LOOP('',(#9417));
#7549=FACE_BOUND('',#7550,.T.);
#7550=EDGE_LOOP('',(#9418));
#7551=PLANE('',#7552);
#7552=AXIS2_PLACEMENT_3D('',#7553,#7554,#7555);
#7553=CARTESIAN_POINT('',(1.,0.,0.));
#7554=DIRECTION('',(1.,1.83697019872103E-16,-1.12481983699639E-32));
#7555=DIRECTION('',(1.12481983699639E-32,0.,1.));
#7556=FACE_BOUND('',#7557,.T.);
#7557=EDGE_LOOP('',(#9419));
#7558=FACE_BOUND('',#7559,.T.);
#7559=EDGE_LOOP('',(#9420));
#7560=PLANE('',#7561);
#7561=AXIS2_PLACEMENT_3D('',#7562,#7563,#7564);
#7562=CARTESIAN_POINT('',(1.,0.,0.));
#7563=DIRECTION('',(1.,-1.83697019872103E-16,3.37445951098918E-32));
#7564=DIRECTION('',(1.1248198369964E-32,-1.22464679914735E-16,-1.));
#7565=FACE_BOUND('',#7566,.T.);
#7566=EDGE_LOOP('',(#9421));
#7567=FACE_BOUND('',#7568,.T.);
#7568=EDGE_LOOP('',(#9422));
#7569=FACE_BOUND('',#7570,.T.);
#7570=EDGE_LOOP('',(#9423));
#7571=FACE_BOUND('',#7572,.T.);
#7572=EDGE_LOOP('',(#9424));
#7573=FACE_BOUND('',#7574,.T.);
#7574=EDGE_LOOP('',(#9425));
#7575=PLANE('',#7576);
#7576=AXIS2_PLACEMENT_3D('',#7577,#7578,#7579);
#7577=CARTESIAN_POINT('',(0.,0.,0.));
#7578=DIRECTION('',(1.,0.,-1.83697019872103E-16));
#7579=DIRECTION('',(1.12481983699639E-32,1.,6.12323399573677E-17));
#7580=FACE_OUTER_BOUND('',#7581,.T.);
#7581=EDGE_LOOP('',(#9426));
#7582=FACE_OUTER_BOUND('',#7583,.T.);
#7583=EDGE_LOOP('',(#9427));
#7584=CYLINDRICAL_SURFACE('',#7585,4.);
#7585=AXIS2_PLACEMENT_3D('',#7586,#7587,#7588);
#7586=CARTESIAN_POINT('',(-2.66453525910038E-15,10.,-2.75545529808154E-15));
#7587=DIRECTION('',(1.,2.24963967399279E-32,1.83697019872103E-16));
#7588=DIRECTION('',(1.12481983699639E-32,1.,-1.83697019872103E-16));
#7589=FACE_OUTER_BOUND('',#7590,.T.);
#7590=EDGE_LOOP('',(#9428));
#7591=FACE_OUTER_BOUND('',#7592,.T.);
#7592=EDGE_LOOP('',(#9429));
#7593=CYLINDRICAL_SURFACE('',#7594,4.);
#7594=AXIS2_PLACEMENT_3D('',#7595,#7596,#7597);
#7595=CARTESIAN_POINT('',(-3.10862446895044E-15,-10.,1.53080849893419E-15));
#7596=DIRECTION('',(1.,0.,-1.83697019872103E-16));
#7597=DIRECTION('',(1.12481983699639E-32,-1.,6.12323399573677E-17));
#7598=FACE_OUTER_BOUND('',#7599,.T.);
#7599=EDGE_LOOP('',(#9430));
#7600=FACE_OUTER_BOUND('',#7601,.T.);
#7601=EDGE_LOOP('',(#9431));
#7602=CYLINDRICAL_SURFACE('',#7603,4.);
#7603=AXIS2_PLACEMENT_3D('',#7604,#7605,#7606);
#7604=CARTESIAN_POINT('',(-2.66453525910038E-15,-2.14313189850787E-15,-10.));
#7605=DIRECTION('',(1.,1.83697019872103E-16,-1.12481983699639E-32));
#7606=DIRECTION('',(1.12481983699639E-32,-1.22464679914735E-16,-1.));
#7607=FACE_OUTER_BOUND('',#7608,.T.);
#7608=EDGE_LOOP('',(#9432));
#7609=FACE_OUTER_BOUND('',#7610,.T.);
#7610=EDGE_LOOP('',(#9433));
#7611=CYLINDRICAL_SURFACE('',#7612,4.);
#7612=AXIS2_PLACEMENT_3D('',#7613,#7614,#7615);
#7613=CARTESIAN_POINT('',(-2.66453525910038E-15,3.36777869765522E-15,10.));
#7614=DIRECTION('',(1.,-1.83697019872103E-16,3.37445951098918E-32));
#7615=DIRECTION('',(1.1248198369964E-32,2.44929359829471E-16,1.));
#7616=FACE_OUTER_BOUND('',#7617,.T.);
#7617=EDGE_LOOP('',(#9434));
#7618=FACE_OUTER_BOUND('',#7619,.T.);
#7619=EDGE_LOOP('',(#9435));
#7620=CONICAL_SURFACE('',#7621,3.5,0.785398163397448);
#7621=AXIS2_PLACEMENT_3D('',#7622,#7623,#7624);
#7622=CARTESIAN_POINT('',(9.5,1.E-300,-1.74512168878498E-15));
#7623=DIRECTION('',(-1.,-1.3684555315672E-48,1.83697019872103E-16));
#7624=DIRECTION('',(-1.12481983699639E-32,-1.,-6.12323399573677E-17));
#7625=FACE_BOUND('',#7626,.T.);
#7626=EDGE_LOOP('',(#9436));
#7627=PLANE('',#7628);
#7628=AXIS2_PLACEMENT_3D('',#7629,#7630,#7631);
#7629=CARTESIAN_POINT('',(5.,0.,0.));
#7630=DIRECTION('',(1.,0.,-1.83697019872103E-16));
#7631=DIRECTION('',(1.12481983699639E-32,1.,6.12323399573677E-17));
#7632=FACE_BOUND('',#7633,.T.);
#7633=EDGE_LOOP('',(#9437));
#7634=FACE_BOUND('',#7635,.T.);
#7635=EDGE_LOOP('',(#9438));
#7636=FACE_BOUND('',#7637,.T.);
#7637=EDGE_LOOP('',(#9439));
#7638=FACE_BOUND('',#7639,.T.);
#7639=EDGE_LOOP('',(#9440));
#7640=FACE_BOUND('',#7641,.T.);
#7641=EDGE_LOOP('',(#9441));
#7642=FACE_BOUND('',#7643,.T.);
#7643=EDGE_LOOP('',(#9442));
#7644=FACE_BOUND('',#7645,.T.);
#7645=EDGE_LOOP('',(#9443));
#7646=FACE_BOUND('',#7647,.T.);
#7647=EDGE_LOOP('',(#9444));
#7648=FACE_BOUND('',#7649,.T.);
#7649=EDGE_LOOP('',(#9445));
#7650=FACE_BOUND('',#7651,.T.);
#7651=EDGE_LOOP('',(#9446));
#7652=PLANE('',#7653);
#7653=AXIS2_PLACEMENT_3D('',#7654,#7655,#7656);
#7654=CARTESIAN_POINT('',(5.,0.,0.));
#7655=DIRECTION('',(1.,0.,-1.83697019872103E-16));
#7656=DIRECTION('',(1.12481983699639E-32,1.,6.12323399573677E-17));
#7657=FACE_OUTER_BOUND('',#7658,.T.);
#7658=EDGE_LOOP('',(#9447));
#7659=FACE_OUTER_BOUND('',#7660,.T.);
#7660=EDGE_LOOP('',(#9448));
#7661=CYLINDRICAL_SURFACE('',#7662,5.);
#7662=AXIS2_PLACEMENT_3D('',#7663,#7664,#7665);
#7663=CARTESIAN_POINT('',(5.,-1.09476442525376E-47,-9.18485099360515E-16));
#7664=DIRECTION('',(1.,0.,-1.83697019872103E-16));
#7665=DIRECTION('',(1.12481983699639E-32,1.,6.12323399573677E-17));
#7666=FACE_OUTER_BOUND('',#7667,.T.);
#7667=EDGE_LOOP('',(#9449));
#7668=FACE_OUTER_BOUND('',#7669,.T.);
#7669=EDGE_LOOP('',(#9450));
#7670=CYLINDRICAL_SURFACE('',#7671,2.5);
#7671=AXIS2_PLACEMENT_3D('',#7672,#7673,#7674);
#7672=CARTESIAN_POINT('',(5.,-1.09476442525376E-47,-9.18485099360515E-16));
#7673=DIRECTION('',(1.,0.,-1.83697019872103E-16));
#7674=DIRECTION('',(1.12481983699639E-32,1.,6.12323399573677E-17));
#7675=FACE_OUTER_BOUND('',#7676,.T.);
#7676=EDGE_LOOP('',(#9451));
#7677=FACE_OUTER_BOUND('',#7678,.T.);
#7678=EDGE_LOOP('',(#9452));
#7679=CONICAL_SURFACE('',#7680,29.5,0.785398163397448);
#7680=AXIS2_PLACEMENT_3D('',#7681,#7682,#7683);
#7681=CARTESIAN_POINT('',(4.5,2.E-300,-8.26636589424463E-16));
#7682=DIRECTION('',(-1.,-1.3684555315672E-48,1.83697019872103E-16));
#7683=DIRECTION('',(-1.12481983699639E-32,-1.,-6.12323399573677E-17));
#7684=FACE_OUTER_BOUND('',#7685,.T.);
#7685=EDGE_LOOP('',(#9453));
#7686=FACE_OUTER_BOUND('',#7687,.T.);
#7687=EDGE_LOOP('',(#9454));
#7688=CONICAL_SURFACE('',#7689,5.25,0.785398163397447);
#7689=AXIS2_PLACEMENT_3D('',#7690,#7691,#7692);
#7690=CARTESIAN_POINT('',(4.75,2.2655965784226E-15,20.));
#7691=DIRECTION('',(1.,0.,-1.83697019872103E-16));
#7692=DIRECTION('',(-1.83697019872103E-16,-1.25380505626991E-16,-1.));
#7693=FACE_OUTER_BOUND('',#7694,.T.);
#7694=EDGE_LOOP('',(#9455));
#7695=FACE_OUTER_BOUND('',#7696,.T.);
#7696=EDGE_LOOP('',(#9456));
#7697=CONICAL_SURFACE('',#7698,5.25,0.785398163397448);
#7698=AXIS2_PLACEMENT_3D('',#7699,#7700,#7701);
#7699=CARTESIAN_POINT('',(4.75,20.,-2.95446040294299E-15));
#7700=DIRECTION('',(1.,0.,-1.83697019872103E-16));
#7701=DIRECTION('',(7.11195724801447E-32,-1.,3.87156920290056E-16));
#7702=FACE_OUTER_BOUND('',#7703,.T.);
#7703=EDGE_LOOP('',(#9457));
#7704=FACE_OUTER_BOUND('',#7705,.T.);
#7705=EDGE_LOOP('',(#9458));
#7706=CONICAL_SURFACE('',#7707,5.25,0.785398163397448);
#7707=AXIS2_PLACEMENT_3D('',#7708,#7709,#7710);
#7708=CARTESIAN_POINT('',(4.75,-2.2655965784226E-15,-20.));
#7709=DIRECTION('',(1.,0.,-1.83697019872103E-16));
#7710=DIRECTION('',(1.83697019872103E-16,1.77541418727622E-16,1.));
#7711=FACE_OUTER_BOUND('',#7712,.T.);
#7712=EDGE_LOOP('',(#9459));
#7713=FACE_OUTER_BOUND('',#7714,.T.);
#7714=EDGE_LOOP('',(#9460));
#7715=CONICAL_SURFACE('',#7716,5.25,0.785398163397448);
#7716=AXIS2_PLACEMENT_3D('',#7717,#7718,#7719);
#7717=CARTESIAN_POINT('',(4.75,-20.,3.52085954754864E-16));
#7718=DIRECTION('',(1.,0.,-1.83697019872103E-16));
#7719=DIRECTION('',(1.12481983699639E-32,1.,6.12323399573676E-17));
#7720=FACE_OUTER_BOUND('',#7721,.T.);
#7721=EDGE_LOOP('',(#9461));
#7722=FACE_OUTER_BOUND('',#7723,.T.);
#7723=EDGE_LOOP('',(#9462));
#7724=CONICAL_SURFACE('',#7725,5.25,0.785398163397446);
#7725=AXIS2_PLACEMENT_3D('',#7726,#7727,#7728);
#7726=CARTESIAN_POINT('',(4.75,-14.142135623731,-14.142135623731));
#7727=DIRECTION('',(1.,1.23259516440783E-32,-1.83697019872103E-16));
#7728=DIRECTION('',(1.29893408435324E-16,0.707106781186548,0.707106781186547));
#7729=FACE_OUTER_BOUND('',#7730,.T.);
#7730=EDGE_LOOP('',(#9463));
#7731=FACE_OUTER_BOUND('',#7732,.T.);
#7732=EDGE_LOOP('',(#9464));
#7733=CONICAL_SURFACE('',#7734,5.25,0.785398163397447);
#7734=AXIS2_PLACEMENT_3D('',#7735,#7736,#7737);
#7735=CARTESIAN_POINT('',(4.75,14.142135623731,-14.142135623731));
#7736=DIRECTION('',(1.,0.,-1.83697019872103E-16));
#7737=DIRECTION('',(1.29893408435324E-16,-0.707106781186548,0.707106781186548));
#7738=FACE_OUTER_BOUND('',#7739,.T.);
#7739=EDGE_LOOP('',(#9465));
#7740=FACE_OUTER_BOUND('',#7741,.T.);
#7741=EDGE_LOOP('',(#9466));
#7742=CONICAL_SURFACE('',#7743,5.25000000000002,0.785398163397447);
#7743=AXIS2_PLACEMENT_3D('',#7744,#7745,#7746);
#7744=CARTESIAN_POINT('',(4.75000000000002,14.142135623731,14.142135623731));
#7745=DIRECTION('',(1.,1.23259516440783E-32,-1.83697019872103E-16));
#7746=DIRECTION('',(-1.29893408435324E-16,-0.707106781186548,-0.707106781186547));
#7747=FACE_OUTER_BOUND('',#7748,.T.);
#7748=EDGE_LOOP('',(#9467));
#7749=FACE_OUTER_BOUND('',#7750,.T.);
#7750=EDGE_LOOP('',(#9468));
#7751=CONICAL_SURFACE('',#7752,5.25,0.785398163397449);
#7752=AXIS2_PLACEMENT_3D('',#7753,#7754,#7755);
#7753=CARTESIAN_POINT('',(4.75,-14.142135623731,14.142135623731));
#7754=DIRECTION('',(1.,1.23259516440783E-32,-1.83697019872103E-16));
#7755=DIRECTION('',(-1.29893408435324E-16,0.707106781186547,-0.707106781186548));
#7756=FACE_BOUND('',#7757,.T.);
#7757=EDGE_LOOP('',(#9469));
#7758=FACE_BOUND('',#7759,.T.);
#7759=EDGE_LOOP('',(#9470));
#7760=PLANE('',#7761);
#7761=AXIS2_PLACEMENT_3D('',#7762,#7763,#7764);
#7762=CARTESIAN_POINT('',(10.,0.,0.));
#7763=DIRECTION('',(1.,0.,-1.83697019872103E-16));
#7764=DIRECTION('',(1.12481983699639E-32,1.,6.12323399573677E-17));
#7765=FACE_OUTER_BOUND('',#7766,.T.);
#7766=EDGE_LOOP('',(#9471));
#7767=FACE_OUTER_BOUND('',#7768,.T.);
#7768=EDGE_LOOP('',(#9472));
#7769=CYLINDRICAL_SURFACE('',#7770,30.);
#7770=AXIS2_PLACEMENT_3D('',#7771,#7772,#7773);
#7771=CARTESIAN_POINT('',(3.67394043297444E-316,2.E-300,2.E-300));
#7772=DIRECTION('',(1.,0.,-1.83697019872103E-16));
#7773=DIRECTION('',(1.12481983699639E-32,1.,6.12323399573677E-17));
#7774=FACE_OUTER_BOUND('',#7775,.T.);
#7775=EDGE_LOOP('',(#9473));
#7776=FACE_OUTER_BOUND('',#7777,.T.);
#7777=EDGE_LOOP('',(#9474));
#7778=CYLINDRICAL_SURFACE('',#7779,5.);
#7779=AXIS2_PLACEMENT_3D('',#7780,#7781,#7782);
#7780=CARTESIAN_POINT('',(1.,2.2655965784226E-15,20.));
#7781=DIRECTION('',(1.,-1.83697019872103E-16,0.));
#7782=DIRECTION('',(0.,2.06626051949262E-48,-1.));
#7783=FACE_OUTER_BOUND('',#7784,.T.);
#7784=EDGE_LOOP('',(#9475));
#7785=FACE_OUTER_BOUND('',#7786,.T.);
#7786=EDGE_LOOP('',(#9476));
#7787=CYLINDRICAL_SURFACE('',#7788,5.);
#7788=AXIS2_PLACEMENT_3D('',#7789,#7790,#7791);
#7789=CARTESIAN_POINT('',(1.,20.,-2.2655965784226E-15));
#7790=DIRECTION('',(1.,0.,1.83697019872103E-16));
#7791=DIRECTION('',(0.,-1.,-2.06626051949262E-48));
#7792=FACE_OUTER_BOUND('',#7793,.T.);
#7793=EDGE_LOOP('',(#9477));
#7794=FACE_OUTER_BOUND('',#7795,.T.);
#7795=EDGE_LOOP('',(#9478));
#7796=CYLINDRICAL_SURFACE('',#7797,5.);
#7797=AXIS2_PLACEMENT_3D('',#7798,#7799,#7800);
#7798=CARTESIAN_POINT('',(1.,-2.2655965784226E-15,-20.));
#7799=DIRECTION('',(1.,1.83697019872103E-16,0.));
#7800=DIRECTION('',(0.,-2.06626051949262E-48,1.));
#7801=FACE_OUTER_BOUND('',#7802,.T.);
#7802=EDGE_LOOP('',(#9479));
#7803=FACE_OUTER_BOUND('',#7804,.T.);
#7804=EDGE_LOOP('',(#9480));
#7805=CYLINDRICAL_SURFACE('',#7806,5.);
#7806=AXIS2_PLACEMENT_3D('',#7807,#7808,#7809);
#7807=CARTESIAN_POINT('',(1.,-20.,1.04094977927525E-15));
#7808=DIRECTION('',(1.,0.,-1.83697019872103E-16));
#7809=DIRECTION('',(1.12481983699639E-32,1.,6.12323399573677E-17));
#7810=FACE_OUTER_BOUND('',#7811,.T.);
#7811=EDGE_LOOP('',(#9481));
#7812=FACE_OUTER_BOUND('',#7813,.T.);
#7813=EDGE_LOOP('',(#9482));
#7814=CYLINDRICAL_SURFACE('',#7815,5.);
#7815=AXIS2_PLACEMENT_3D('',#7816,#7817,#7818);
#7816=CARTESIAN_POINT('',(1.,-14.142135623731,-14.142135623731));
#7817=DIRECTION('',(1.,1.29893408435324E-16,-1.29893408435324E-16));
#7818=DIRECTION('',(-1.07775327411441E-33,0.707106781186548,0.707106781186548));
#7819=FACE_OUTER_BOUND('',#7820,.T.);
#7820=EDGE_LOOP('',(#9483));
#7821=FACE_OUTER_BOUND('',#7822,.T.);
#7822=EDGE_LOOP('',(#9484));
#7823=CYLINDRICAL_SURFACE('',#7824,5.);
#7824=AXIS2_PLACEMENT_3D('',#7825,#7826,#7827);
#7825=CARTESIAN_POINT('',(1.,14.142135623731,-14.142135623731));
#7826=DIRECTION('',(1.,1.29893408435324E-16,1.29893408435324E-16));
#7827=DIRECTION('',(-1.07775327411441E-33,-0.707106781186548,0.707106781186548));
#7828=FACE_OUTER_BOUND('',#7829,.T.);
#7829=EDGE_LOOP('',(#9485));
#7830=FACE_OUTER_BOUND('',#7831,.T.);
#7831=EDGE_LOOP('',(#9486));
#7832=CYLINDRICAL_SURFACE('',#7833,5.);
#7833=AXIS2_PLACEMENT_3D('',#7834,#7835,#7836);
#7834=CARTESIAN_POINT('',(1.,14.142135623731,14.142135623731));
#7835=DIRECTION('',(1.,-1.29893408435324E-16,1.29893408435324E-16));
#7836=DIRECTION('',(-1.07775327411441E-33,-0.707106781186548,-0.707106781186548));
#7837=FACE_OUTER_BOUND('',#7838,.T.);
#7838=EDGE_LOOP('',(#9487));
#7839=FACE_OUTER_BOUND('',#7840,.T.);
#7840=EDGE_LOOP('',(#9488));
#7841=CYLINDRICAL_SURFACE('',#7842,5.);
#7842=AXIS2_PLACEMENT_3D('',#7843,#7844,#7845);
#7843=CARTESIAN_POINT('',(1.,-14.142135623731,14.142135623731));
#7844=DIRECTION('',(1.,-1.29893408435324E-16,-1.29893408435324E-16));
#7845=DIRECTION('',(-1.07775327411441E-33,0.707106781186548,-0.707106781186548));
#7846=FACE_OUTER_BOUND('',#7847,.T.);
#7847=EDGE_LOOP('',(#9489));
#7848=FACE_OUTER_BOUND('',#7849,.T.);
#7849=EDGE_LOOP('',(#9490));
#7850=CONICAL_SURFACE('',#7851,29.5,0.785398163397448);
#7851=AXIS2_PLACEMENT_3D('',#7852,#7853,#7854);
#7852=CARTESIAN_POINT('',(0.5,2.E-300,-9.18485099360515E-17));
#7853=DIRECTION('',(1.,1.3684555315672E-48,-1.83697019872103E-16));
#7854=DIRECTION('',(1.12481983699639E-32,1.,6.12323399573677E-17));
#7855=FACE_BOUND('',#7856,.T.);
#7856=EDGE_LOOP('',(#9491));
#7857=FACE_BOUND('',#7858,.T.);
#7858=EDGE_LOOP('',(#9492));
#7859=PLANE('',#7860);
#7860=AXIS2_PLACEMENT_3D('',#7861,#7862,#7863);
#7861=CARTESIAN_POINT('',(1.,0.,0.));
#7862=DIRECTION('',(1.,-1.83697019872103E-16,0.));
#7863=DIRECTION('',(0.,2.06626051949262E-48,-1.));
#7864=FACE_BOUND('',#7865,.T.);
#7865=EDGE_LOOP('',(#9493));
#7866=FACE_BOUND('',#7867,.T.);
#7867=EDGE_LOOP('',(#9494));
#7868=PLANE('',#7869);
#7869=AXIS2_PLACEMENT_3D('',#7870,#7871,#7872);
#7870=CARTESIAN_POINT('',(1.,0.,0.));
#7871=DIRECTION('',(1.,0.,1.83697019872103E-16));
#7872=DIRECTION('',(0.,-1.,-2.06626051949262E-48));
#7873=FACE_BOUND('',#7874,.T.);
#7874=EDGE_LOOP('',(#9495));
#7875=FACE_BOUND('',#7876,.T.);
#7876=EDGE_LOOP('',(#9496));
#7877=PLANE('',#7878);
#7878=AXIS2_PLACEMENT_3D('',#7879,#7880,#7881);
#7879=CARTESIAN_POINT('',(1.,0.,0.));
#7880=DIRECTION('',(1.,1.83697019872103E-16,0.));
#7881=DIRECTION('',(0.,-2.06626051949262E-48,1.));
#7882=FACE_BOUND('',#7883,.T.);
#7883=EDGE_LOOP('',(#9497));
#7884=FACE_BOUND('',#7885,.T.);
#7885=EDGE_LOOP('',(#9498));
#7886=PLANE('',#7887);
#7887=AXIS2_PLACEMENT_3D('',#7888,#7889,#7890);
#7888=CARTESIAN_POINT('',(1.,0.,0.));
#7889=DIRECTION('',(1.,0.,-1.83697019872103E-16));
#7890=DIRECTION('',(1.12481983699639E-32,1.,6.12323399573677E-17));
#7891=FACE_BOUND('',#7892,.T.);
#7892=EDGE_LOOP('',(#9499));
#7893=FACE_BOUND('',#7894,.T.);
#7894=EDGE_LOOP('',(#9500));
#7895=PLANE('',#7896);
#7896=AXIS2_PLACEMENT_3D('',#7897,#7898,#7899);
#7897=CARTESIAN_POINT('',(1.,0.,0.));
#7898=DIRECTION('',(1.,1.29893408435324E-16,-1.29893408435324E-16));
#7899=DIRECTION('',(-1.07775327411441E-33,0.707106781186548,0.707106781186548));
#7900=FACE_BOUND('',#7901,.T.);
#7901=EDGE_LOOP('',(#9501));
#7902=FACE_BOUND('',#7903,.T.);
#7903=EDGE_LOOP('',(#9502));
#7904=PLANE('',#7905);
#7905=AXIS2_PLACEMENT_3D('',#7906,#7907,#7908);
#7906=CARTESIAN_POINT('',(1.,0.,0.));
#7907=DIRECTION('',(1.,1.29893408435324E-16,1.29893408435324E-16));
#7908=DIRECTION('',(-1.07775327411441E-33,-0.707106781186548,0.707106781186548));
#7909=FACE_BOUND('',#7910,.T.);
#7910=EDGE_LOOP('',(#9503));
#7911=FACE_BOUND('',#7912,.T.);
#7912=EDGE_LOOP('',(#9504));
#7913=PLANE('',#7914);
#7914=AXIS2_PLACEMENT_3D('',#7915,#7916,#7917);
#7915=CARTESIAN_POINT('',(1.,0.,0.));
#7916=DIRECTION('',(1.,-1.29893408435324E-16,1.29893408435324E-16));
#7917=DIRECTION('',(-1.07775327411441E-33,-0.707106781186548,-0.707106781186548));
#7918=FACE_BOUND('',#7919,.T.);
#7919=EDGE_LOOP('',(#9505));
#7920=FACE_BOUND('',#7921,.T.);
#7921=EDGE_LOOP('',(#9506));
#7922=PLANE('',#7923);
#7923=AXIS2_PLACEMENT_3D('',#7924,#7925,#7926);
#7924=CARTESIAN_POINT('',(1.,0.,0.));
#7925=DIRECTION('',(1.,-1.29893408435324E-16,-1.29893408435324E-16));
#7926=DIRECTION('',(-1.07775327411441E-33,0.707106781186548,-0.707106781186548));
#7927=FACE_BOUND('',#7928,.T.);
#7928=EDGE_LOOP('',(#9507));
#7929=FACE_BOUND('',#7930,.T.);
#7930=EDGE_LOOP('',(#9508));
#7931=FACE_BOUND('',#7932,.T.);
#7932=EDGE_LOOP('',(#9509));
#7933=FACE_BOUND('',#7934,.T.);
#7934=EDGE_LOOP('',(#9510));
#7935=FACE_BOUND('',#7936,.T.);
#7936=EDGE_LOOP('',(#9511));
#7937=FACE_BOUND('',#7938,.T.);
#7938=EDGE_LOOP('',(#9512));
#7939=FACE_BOUND('',#7940,.T.);
#7940=EDGE_LOOP('',(#9513));
#7941=FACE_BOUND('',#7942,.T.);
#7942=EDGE_LOOP('',(#9514));
#7943=FACE_BOUND('',#7944,.T.);
#7944=EDGE_LOOP('',(#9515));
#7945=PLANE('',#7946);
#7946=AXIS2_PLACEMENT_3D('',#7947,#7948,#7949);
#7947=CARTESIAN_POINT('',(0.,0.,0.));
#7948=DIRECTION('',(1.,0.,-1.83697019872103E-16));
#7949=DIRECTION('',(1.12481983699639E-32,1.,6.12323399573677E-17));
#7950=FACE_OUTER_BOUND('',#7951,.T.);
#7951=EDGE_LOOP('',(#9516));
#7952=FACE_OUTER_BOUND('',#7953,.T.);
#7953=EDGE_LOOP('',(#9517));
#7954=CYLINDRICAL_SURFACE('',#7955,4.);
#7955=AXIS2_PLACEMENT_3D('',#7956,#7957,#7958);
#7956=CARTESIAN_POINT('',(-2.66453525910038E-15,2.44929359829471E-15,20.));
#7957=DIRECTION('',(1.,-1.83697019872103E-16,0.));
#7958=DIRECTION('',(2.24963967399278E-32,1.22464679914735E-16,1.));
#7959=FACE_OUTER_BOUND('',#7960,.T.);
#7960=EDGE_LOOP('',(#9518));
#7961=FACE_OUTER_BOUND('',#7962,.T.);
#7962=EDGE_LOOP('',(#9519));
#7963=CYLINDRICAL_SURFACE('',#7964,4.);
#7964=AXIS2_PLACEMENT_3D('',#7965,#7966,#7967);
#7965=CARTESIAN_POINT('',(-2.66453525910038E-15,20.,-2.44929359829471E-15));
#7966=DIRECTION('',(1.,0.,1.83697019872103E-16));
#7967=DIRECTION('',(2.24963967399278E-32,1.,-1.22464679914735E-16));
#7968=FACE_OUTER_BOUND('',#7969,.T.);
#7969=EDGE_LOOP('',(#9520));
#7970=FACE_OUTER_BOUND('',#7971,.T.);
#7971=EDGE_LOOP('',(#9521));
#7972=CYLINDRICAL_SURFACE('',#7973,4.);
#7973=AXIS2_PLACEMENT_3D('',#7974,#7975,#7976);
#7974=CARTESIAN_POINT('',(-2.66453525910038E-15,-2.44929359829471E-15,-20.));
#7975=DIRECTION('',(1.,1.83697019872103E-16,0.));
#7976=DIRECTION('',(2.24963967399278E-32,-1.22464679914735E-16,-1.));
#7977=FACE_OUTER_BOUND('',#7978,.T.);
#7978=EDGE_LOOP('',(#9522));
#7979=FACE_OUTER_BOUND('',#7980,.T.);
#7980=EDGE_LOOP('',(#9523));
#7981=CYLINDRICAL_SURFACE('',#7982,4.);
#7982=AXIS2_PLACEMENT_3D('',#7983,#7984,#7985);
#7983=CARTESIAN_POINT('',(-5.55111512312578E-15,-20.,1.22464679914735E-15));
#7984=DIRECTION('',(1.,0.,-1.83697019872103E-16));
#7985=DIRECTION('',(1.12481983699639E-32,-1.,6.12323399573677E-17));
#7986=FACE_OUTER_BOUND('',#7987,.T.);
#7987=EDGE_LOOP('',(#9524));
#7988=FACE_OUTER_BOUND('',#7989,.T.);
#7989=EDGE_LOOP('',(#9525));
#7990=CYLINDRICAL_SURFACE('',#7991,4.);
#7991=AXIS2_PLACEMENT_3D('',#7992,#7993,#7994);
#7992=CARTESIAN_POINT('',(-2.66453525910038E-15,-14.142135623731,-14.142135623731));
#7993=DIRECTION('',(1.,1.29893408435324E-16,-1.29893408435324E-16));
#7994=DIRECTION('',(-1.07775327411437E-33,-0.707106781186548,-0.707106781186548));
#7995=FACE_OUTER_BOUND('',#7996,.T.);
#7996=EDGE_LOOP('',(#9526));
#7997=FACE_OUTER_BOUND('',#7998,.T.);
#7998=EDGE_LOOP('',(#9527));
#7999=CYLINDRICAL_SURFACE('',#8000,4.);
#8000=AXIS2_PLACEMENT_3D('',#8001,#8002,#8003);
#8001=CARTESIAN_POINT('',(-2.66453525910038E-15,14.142135623731,-14.142135623731));
#8002=DIRECTION('',(1.,1.29893408435324E-16,1.29893408435324E-16));
#8003=DIRECTION('',(-1.07775327411437E-33,0.707106781186548,-0.707106781186548));
#8004=FACE_OUTER_BOUND('',#8005,.T.);
#8005=EDGE_LOOP('',(#9528));
#8006=FACE_OUTER_BOUND('',#8007,.T.);
#8007=EDGE_LOOP('',(#9529));
#8008=CYLINDRICAL_SURFACE('',#8009,4.);
#8009=AXIS2_PLACEMENT_3D('',#8010,#8011,#8012);
#8010=CARTESIAN_POINT('',(-2.66453525910038E-15,14.142135623731,14.142135623731));
#8011=DIRECTION('',(1.,-1.29893408435324E-16,1.29893408435324E-16));
#8012=DIRECTION('',(-1.07775327411436E-33,0.707106781186548,0.707106781186548));
#8013=FACE_OUTER_BOUND('',#8014,.T.);
#8014=EDGE_LOOP('',(#9530));
#8015=FACE_OUTER_BOUND('',#8016,.T.);
#8016=EDGE_LOOP('',(#9531));
#8017=CYLINDRICAL_SURFACE('',#8018,4.);
#8018=AXIS2_PLACEMENT_3D('',#8019,#8020,#8021);
#8019=CARTESIAN_POINT('',(-2.66453525910038E-15,-14.142135623731,14.142135623731));
#8020=DIRECTION('',(1.,-1.29893408435324E-16,-1.29893408435324E-16));
#8021=DIRECTION('',(-1.07775327411436E-33,-0.707106781186548,0.707106781186548));
#8022=FACE_OUTER_BOUND('',#8023,.T.);
#8023=EDGE_LOOP('',(#9532));
#8024=FACE_OUTER_BOUND('',#8025,.T.);
#8025=EDGE_LOOP('',(#9533));
#8026=CONICAL_SURFACE('',#8027,5.5,0.785398163397448);
#8027=AXIS2_PLACEMENT_3D('',#8028,#8029,#8030);
#8028=CARTESIAN_POINT('',(5.5,-1.09476442525376E-47,-1.01033360929657E-15));
#8029=DIRECTION('',(-1.,0.,1.83697019872103E-16));
#8030=DIRECTION('',(-1.12481983699639E-32,-1.,-6.12323399573677E-17));
#8031=FACE_OUTER_BOUND('',#8032,.T.);
#8032=EDGE_LOOP('',(#9534));
#8033=FACE_OUTER_BOUND('',#8034,.T.);
#8034=EDGE_LOOP('',(#9535));
#8035=CONICAL_SURFACE('',#8036,4.5,0.785398163397448);
#8036=AXIS2_PLACEMENT_3D('',#8037,#8038,#8039);
#8037=CARTESIAN_POINT('',(9.5,-1.09476442525376E-47,-1.74512168878498E-15));
#8038=DIRECTION('',(-1.,0.,1.83697019872103E-16));
#8039=DIRECTION('',(-1.12481983699639E-32,-1.,-6.12323399573677E-17));
#8040=FACE_BOUND('',#8041,.T.);
#8041=EDGE_LOOP('',(#9536,#9537,#9538,#9539));
#8042=FACE_BOUND('',#8043,.T.);
#8043=EDGE_LOOP('',(#9540));
#8044=PLANE('',#8045);
#8045=AXIS2_PLACEMENT_3D('',#8046,#8047,#8048);
#8046=CARTESIAN_POINT('',(30.,0.,0.));
#8047=DIRECTION('',(1.,0.,-1.83697019872103E-16));
#8048=DIRECTION('',(1.12481983699639E-32,1.,6.12323399573677E-17));
#8049=FACE_OUTER_BOUND('',#8050,.T.);
#8050=EDGE_LOOP('',(#9541));
#8051=FACE_OUTER_BOUND('',#8052,.T.);
#8052=EDGE_LOOP('',(#9542));
#8053=CYLINDRICAL_SURFACE('',#8054,2.5);
#8054=AXIS2_PLACEMENT_3D('',#8055,#8056,#8057);
#8055=CARTESIAN_POINT('',(30.,1.E-300,-5.51091059616309E-15));
#8056=DIRECTION('',(1.,0.,-1.83697019872103E-16));
#8057=DIRECTION('',(1.12481983699639E-32,1.,6.12323399573677E-17));
#8058=FACE_BOUND('',#8059,.T.);
#8059=EDGE_LOOP('',(#9543,#9544,#9545,#9546));
#8060=PLANE('',#8061);
#8061=AXIS2_PLACEMENT_3D('',#8062,#8063,#8064);
#8062=CARTESIAN_POINT('',(31.,-10.,7.49999999999999));
#8063=DIRECTION('',(1.71905500587121E-16,-8.88178419700125E-17,1.));
#8064=DIRECTION('',(0.,1.,8.88178419700125E-17));
#8065=FACE_BOUND('',#8066,.T.);
#8066=EDGE_LOOP('',(#9547,#9548,#9549,#9550));
#8067=CYLINDRICAL_SURFACE('',#8068,10.);
#8068=AXIS2_PLACEMENT_3D('',#8069,#8070,#8071);
#8069=CARTESIAN_POINT('',(1.8369702411905E-316,1.E-300,1.E-300));
#8070=DIRECTION('',(1.,0.,-1.83697019872103E-16));
#8071=DIRECTION('',(1.12481983699639E-32,1.,6.12323399573677E-17));
#8072=FACE_BOUND('',#8073,.T.);
#8073=EDGE_LOOP('',(#9551,#9552,#9553,#9554));
#8074=PLANE('',#8075);
#8075=AXIS2_PLACEMENT_3D('',#8076,#8077,#8078);
#8076=CARTESIAN_POINT('',(31.,10.,-7.5));
#8077=DIRECTION('',(-1.71905500587121E-16,8.88178419700125E-17,-1.));
#8078=DIRECTION('',(0.,-1.,-8.88178419700125E-17));
#8079=FACE_BOUND('',#8080,.T.);
#8080=EDGE_LOOP('',(#9555,#9556,#9557,#9558));
#8081=CYLINDRICAL_SURFACE('',#8082,10.);
#8082=AXIS2_PLACEMENT_3D('',#8083,#8084,#8085);
#8083=CARTESIAN_POINT('',(1.8369702411905E-316,1.E-300,1.E-300));
#8084=DIRECTION('',(1.,0.,-1.83697019872103E-16));
#8085=DIRECTION('',(1.12481983699639E-32,1.,6.12323399573677E-17));
#8086=FACE_BOUND('',#8087,.T.);
#8087=EDGE_LOOP('',(#9559));
#8088=PLANE('',#8089);
#8089=AXIS2_PLACEMENT_3D('',#8090,#8091,#8092);
#8090=CARTESIAN_POINT('',(40.,0.,0.));
#8091=DIRECTION('',(1.,0.,-1.83697019872103E-16));
#8092=DIRECTION('',(1.12481983699639E-32,1.,6.12323399573677E-17));
#8093=FACE_BOUND('',#8094,.T.);
#8094=EDGE_LOOP('',(#9560,#9561,#9562,#9563));
#8095=PLANE('',#8096);
#8096=AXIS2_PLACEMENT_3D('',#8097,#8098,#8099);
#8097=CARTESIAN_POINT('',(0.,0.,0.));
#8098=DIRECTION('',(1.,0.,-1.83697019872103E-16));
#8099=DIRECTION('',(1.12481983699639E-32,1.,6.12323399573677E-17));
#8100=FACE_BOUND('',#8101,.T.);
#8101=EDGE_LOOP('',(#9564,#9565,#9566,#9567));
#8102=PLANE('',#8103);
#8103=AXIS2_PLACEMENT_3D('',#8104,#8105,#8106);
#8104=CARTESIAN_POINT('',(107.,0.5,-0.5));
#8105=DIRECTION('',(2.28911963840238E-18,1.,7.40148683083438E-17));
#8106=DIRECTION('',(0.,7.40148683083438E-17,-1.));
#8107=FACE_BOUND('',#8108,.T.);
#8108=EDGE_LOOP('',(#9568,#9569,#9570,#9571));
#8109=PLANE('',#8110);
#8110=AXIS2_PLACEMENT_3D('',#8111,#8112,#8113);
#8111=CARTESIAN_POINT('',(107.,0.5,-5.));
#8112=DIRECTION('',(0.0206141753672159,0.,-0.999787505309968));
#8113=DIRECTION('',(0.,-1.,0.));
#8114=FACE_BOUND('',#8115,.T.);
#8115=EDGE_LOOP('',(#9572,#9573,#9574,#9575));
#8116=PLANE('',#8117);
#8117=AXIS2_PLACEMENT_3D('',#8118,#8119,#8120);
#8118=CARTESIAN_POINT('',(107.,-0.5,-5.));
#8119=DIRECTION('',(2.41629295164697E-18,-1.,-6.16790569236199E-17));
#8120=DIRECTION('',(0.,-6.16790569236199E-17,1.));
#8121=FACE_BOUND('',#8122,.T.);
#8122=EDGE_LOOP('',(#9576,#9577,#9578,#9579));
#8123=PLANE('',#8124);
#8124=AXIS2_PLACEMENT_3D('',#8125,#8126,#8127);
#8125=CARTESIAN_POINT('',(107.,-0.5,-0.5));
#8126=DIRECTION('',(-2.28911963840238E-18,7.40148683083438E-17,-1.));
#8127=DIRECTION('',(0.,-1.,-7.40148683083438E-17));
#8128=FACE_BOUND('',#8129,.T.);
#8129=EDGE_LOOP('',(#9580,#9581,#9582,#9583));
#8130=PLANE('',#8131);
#8131=AXIS2_PLACEMENT_3D('',#8132,#8133,#8134);
#8132=CARTESIAN_POINT('',(107.,-5.,-0.5));
#8133=DIRECTION('',(0.0206141753672158,-0.999787505309968,0.));
#8134=DIRECTION('',(0.,0.,1.));
#8135=FACE_BOUND('',#8136,.T.);
#8136=EDGE_LOOP('',(#9584,#9585,#9586,#9587));
#8137=PLANE('',#8138);
#8138=AXIS2_PLACEMENT_3D('',#8139,#8140,#8141);
#8139=CARTESIAN_POINT('',(107.,-5.,0.5));
#8140=DIRECTION('',(9.53799849334327E-19,-7.40148683083438E-17,1.));
#8141=DIRECTION('',(0.,1.,7.40148683083438E-17));
#8142=FACE_BOUND('',#8143,.T.);
#8143=EDGE_LOOP('',(#9588,#9589,#9590,#9591));
#8144=PLANE('',#8145);
#8145=AXIS2_PLACEMENT_3D('',#8146,#8147,#8148);
#8146=CARTESIAN_POINT('',(107.,-0.5,0.5));
#8147=DIRECTION('',(-2.28911963840238E-18,-1.,-7.40148683083438E-17));
#8148=DIRECTION('',(0.,-7.40148683083438E-17,1.));
#8149=FACE_BOUND('',#8150,.T.);
#8150=EDGE_LOOP('',(#9592,#9593,#9594,#9595));
#8151=PLANE('',#8152);
#8152=AXIS2_PLACEMENT_3D('',#8153,#8154,#8155);
#8153=CARTESIAN_POINT('',(107.,-0.500000000000001,5.));
#8154=DIRECTION('',(0.0206141753672159,0.,0.999787505309968));
#8155=DIRECTION('',(0.,1.,0.));
#8156=FACE_BOUND('',#8157,.T.);
#8157=EDGE_LOOP('',(#9596,#9597,#9598,#9599));
#8158=PLANE('',#8159);
#8159=AXIS2_PLACEMENT_3D('',#8160,#8161,#8162);
#8160=CARTESIAN_POINT('',(107.,0.5,5.));
#8161=DIRECTION('',(-1.90759969866865E-18,1.,7.40148683083438E-17));
#8162=DIRECTION('',(0.,7.40148683083438E-17,-1.));
#8163=FACE_BOUND('',#8164,.T.);
#8164=EDGE_LOOP('',(#9600,#9601,#9602,#9603));
#8165=PLANE('',#8166);
#8166=AXIS2_PLACEMENT_3D('',#8167,#8168,#8169);
#8167=CARTESIAN_POINT('',(107.,0.5,0.5));
#8168=DIRECTION('',(5.72279909600596E-19,-6.16790569236198E-17,1.));
#8169=DIRECTION('',(0.,1.,6.16790569236198E-17));
#8170=FACE_BOUND('',#8171,.T.);
#8171=EDGE_LOOP('',(#9604,#9605,#9606,#9607));
#8172=PLANE('',#8173);
#8173=AXIS2_PLACEMENT_3D('',#8174,#8175,#8176);
#8174=CARTESIAN_POINT('',(107.,5.,0.5));
#8175=DIRECTION('',(0.0206141753672189,0.999787505309968,0.));
#8176=DIRECTION('',(0.,0.,-1.));
#8177=FACE_BOUND('',#8178,.T.);
#8178=EDGE_LOOP('',(#9608,#9609,#9610,#9611));
#8179=PLANE('',#8180);
#8180=AXIS2_PLACEMENT_3D('',#8181,#8182,#8183);
#8181=CARTESIAN_POINT('',(107.,5.,-0.5));
#8182=DIRECTION('',(6.42225231885094E-18,6.16790569236198E-17,-1.));
#8183=DIRECTION('',(0.,-1.,-6.16790569236198E-17));
#8184=FACE_BOUND('',#8185,.T.);
#8185=EDGE_LOOP('',(#9612));
#8186=FACE_BOUND('',#8187,.T.);
#8187=EDGE_LOOP('',(#9613,#9614,#9615,#9616,#9617,#9618,#9619,#9620,#9621,#9622,
#9623,#9624));
#8188=PLANE('',#8189);
#8189=AXIS2_PLACEMENT_3D('',#8190,#8191,#8192);
#8190=CARTESIAN_POINT('',(107.,0.,0.));
#8191=DIRECTION('',(1.,0.,-1.83697019872103E-16));
#8192=DIRECTION('',(-1.83697019872103E-16,-1.22464679914735E-16,-1.));
#8193=FACE_BOUND('',#8194,.T.);
#8194=EDGE_LOOP('',(#9625));
#8195=FACE_BOUND('',#8196,.T.);
#8196=EDGE_LOOP('',(#9626,#9627,#9628,#9629,#9630,#9631,#9632,#9633,#9634,#9635,
#9636,#9637));
#8197=PLANE('',#8198);
#8198=AXIS2_PLACEMENT_3D('',#8199,#8200,#8201);
#8199=CARTESIAN_POINT('',(10.,0.,0.));
#8200=DIRECTION('',(1.,0.,-1.83697019872103E-16));
#8201=DIRECTION('',(1.12481983699639E-32,1.,6.12323399573677E-17));
#8202=FACE_OUTER_BOUND('',#8203,.T.);
#8203=EDGE_LOOP('',(#9638));
#8204=FACE_OUTER_BOUND('',#8205,.T.);
#8205=EDGE_LOOP('',(#9639));
#8206=CYLINDRICAL_SURFACE('',#8207,10.);
#8207=AXIS2_PLACEMENT_3D('',#8208,#8209,#8210);
#8208=CARTESIAN_POINT('',(107.,-1.8052888469677E-47,-1.9655581126315E-14));
#8209=DIRECTION('',(1.,0.,-1.83697019872103E-16));
#8210=DIRECTION('',(-1.83697019872103E-16,-1.22464679914735E-16,-1.));
#8211=FACE_OUTER_BOUND('',#8212,.T.);
#8212=EDGE_LOOP('',(#9640));
#8213=FACE_OUTER_BOUND('',#8214,.T.);
#8214=EDGE_LOOP('',(#9641));
#8215=CYLINDRICAL_SURFACE('',#8216,9.);
#8216=AXIS2_PLACEMENT_3D('',#8217,#8218,#8219);
#8217=CARTESIAN_POINT('',(1.8369702411905E-316,1.E-300,1.E-300));
#8218=DIRECTION('',(1.,0.,-1.83697019872103E-16));
#8219=DIRECTION('',(1.12481983699639E-32,1.,6.12323399573677E-17));
#8220=FACE_BOUND('',#8221,.T.);
#8221=EDGE_LOOP('',(#9642));
#8222=PLANE('',#8223);
#8223=AXIS2_PLACEMENT_3D('',#8224,#8225,#8226);
#8224=CARTESIAN_POINT('',(108.,0.,0.));
#8225=DIRECTION('',(1.,0.,-1.83697019872103E-16));
#8226=DIRECTION('',(-1.83697019872103E-16,-1.22464679914735E-16,-1.));
#8227=FACE_BOUND('',#8228,.T.);
#8228=EDGE_LOOP('',(#9643));
#8229=PLANE('',#8230);
#8230=AXIS2_PLACEMENT_3D('',#8231,#8232,#8233);
#8231=CARTESIAN_POINT('',(0.,0.,0.));
#8232=DIRECTION('',(1.,0.,-1.83697019872103E-16));
#8233=DIRECTION('',(1.12481983699639E-32,1.,6.12323399573677E-17));
#8234=FACE_OUTER_BOUND('',#8235,.T.);
#8235=EDGE_LOOP('',(#9644));
#8236=FACE_BOUND('',#8237,.T.);
#8237=EDGE_LOOP('',(#9645,#9646));
#8238=CYLINDRICAL_SURFACE('',#8239,9.);
#8239=AXIS2_PLACEMENT_3D('',#8240,#8241,#8242);
#8240=CARTESIAN_POINT('',(1.8369702411905E-316,1.E-300,1.E-300));
#8241=DIRECTION('',(1.,0.,-1.83697019872103E-16));
#8242=DIRECTION('',(1.12481983699639E-32,1.,6.12323399573677E-17));
#8243=FACE_BOUND('',#8244,.T.);
#8244=EDGE_LOOP('',(#9647,#9648,#9649,#9650));
#8245=FACE_BOUND('',#8246,.T.);
#8246=EDGE_LOOP('',(#9651,#9652,#9653));
#8247=CYLINDRICAL_SURFACE('',#8248,10.);
#8248=AXIS2_PLACEMENT_3D('',#8249,#8250,#8251);
#8249=CARTESIAN_POINT('',(1.8369702411905E-316,1.E-300,1.E-300));
#8250=DIRECTION('',(1.,0.,-1.83697019872103E-16));
#8251=DIRECTION('',(1.12481983699639E-32,1.,6.12323399573677E-17));
#8252=FACE_BOUND('',#8253,.T.);
#8253=EDGE_LOOP('',(#9654,#9655,#9656,#9657,#9658,#9659,#9660,#9661));
#8254=PLANE('',#8255);
#8255=AXIS2_PLACEMENT_3D('',#8256,#8257,#8258);
#8256=CARTESIAN_POINT('',(90.,0.,0.));
#8257=DIRECTION('',(1.,0.,-1.83697019872103E-16));
#8258=DIRECTION('',(1.12481983699639E-32,1.,6.12323399573677E-17));
#8259=FACE_BOUND('',#8260,.T.);
#8260=EDGE_LOOP('',(#9662,#9663,#9664,#9665,#9666,#9667));
#8261=PLANE('',#8262);
#8262=AXIS2_PLACEMENT_3D('',#8263,#8264,#8265);
#8263=CARTESIAN_POINT('',(90.,0.,0.));
#8264=DIRECTION('',(1.,0.,-1.83697019872103E-16));
#8265=DIRECTION('',(1.12481983699639E-32,1.,6.12323399573677E-17));
#8266=FACE_BOUND('',#8267,.T.);
#8267=EDGE_LOOP('',(#9668,#9669));
#8268=FACE_BOUND('',#8269,.T.);
#8269=EDGE_LOOP('',(#9670,#9671));
#8270=PLANE('',#8271);
#8271=AXIS2_PLACEMENT_3D('',#8272,#8273,#8274);
#8272=CARTESIAN_POINT('',(0.,0.,0.));
#8273=DIRECTION('',(-1.,0.,1.83697019872103E-16));
#8274=DIRECTION('',(-1.12481983699639E-32,-1.,-6.12323399573677E-17));
#8275=FACE_BOUND('',#8276,.T.);
#8276=EDGE_LOOP('',(#9672,#9673,#9674,#9675,#9676,#9677,#9678,#9679));
#8277=FACE_BOUND('',#8278,.T.);
#8278=EDGE_LOOP('',(#9680));
#8279=PLANE('',#8280);
#8280=AXIS2_PLACEMENT_3D('',#8281,#8282,#8283);
#8281=CARTESIAN_POINT('',(91.,0.,0.));
#8282=DIRECTION('',(1.,0.,-1.83697019872103E-16));
#8283=DIRECTION('',(1.12481983699639E-32,1.,6.12323399573677E-17));
#8284=FACE_BOUND('',#8285,.T.);
#8285=EDGE_LOOP('',(#9681,#9682,#9683));
#8286=FACE_BOUND('',#8287,.T.);
#8287=EDGE_LOOP('',(#9684,#9685));
#8288=TOROIDAL_SURFACE('',#8289,9.,1.);
#8289=AXIS2_PLACEMENT_3D('',#8290,#8291,#8292);
#8290=CARTESIAN_POINT('',(1.8369702411905E-316,1.E-300,1.E-300));
#8291=DIRECTION('',(-1.,0.,1.83697019872103E-16));
#8292=DIRECTION('',(1.12481983699639E-33,-1.,6.12323399573677E-18));
#8293=FACE_BOUND('',#8294,.T.);
#8294=EDGE_LOOP('',(#9686,#9687,#9688,#9689,#9690));
#8295=PLANE('',#8296);
#8296=AXIS2_PLACEMENT_3D('',#8297,#8298,#8299);
#8297=CARTESIAN_POINT('',(90.,-20.,-10.));
#8298=DIRECTION('',(0.,4.44089209850063E-17,-1.));
#8299=DIRECTION('',(0.,1.,4.44089209850063E-17));
#8300=FACE_BOUND('',#8301,.T.);
#8301=EDGE_LOOP('',(#9691,#9692,#9693,#9694));
#8302=PLANE('',#8303);
#8303=AXIS2_PLACEMENT_3D('',#8304,#8305,#8306);
#8304=CARTESIAN_POINT('',(90.,-20.,9.99999999999998));
#8305=DIRECTION('',(0.,-1.,0.));
#8306=DIRECTION('',(0.,0.,-1.));
#8307=FACE_BOUND('',#8308,.T.);
#8308=EDGE_LOOP('',(#9695,#9696,#9697,#9698,#9699));
#8309=PLANE('',#8310);
#8310=AXIS2_PLACEMENT_3D('',#8311,#8312,#8313);
#8311=CARTESIAN_POINT('',(90.,20.,9.99999999999998));
#8312=DIRECTION('',(0.,-4.44089209850063E-17,1.));
#8313=DIRECTION('',(0.,-1.,-4.44089209850063E-17));
#8314=FACE_BOUND('',#8315,.T.);
#8315=EDGE_LOOP('',(#9700,#9701,#9702,#9703));
#8316=PLANE('',#8317);
#8317=AXIS2_PLACEMENT_3D('',#8318,#8319,#8320);
#8318=CARTESIAN_POINT('',(90.,20.,-10.));
#8319=DIRECTION('',(0.,1.,0.));
#8320=DIRECTION('',(0.,0.,1.));
#8321=FACE_BOUND('',#8322,.T.);
#8322=EDGE_LOOP('',(#9704,#9705));
#8323=FACE_BOUND('',#8324,.T.);
#8324=EDGE_LOOP('',(#9706,#9707));
#8325=CYLINDRICAL_SURFACE('',#8326,1.);
#8326=AXIS2_PLACEMENT_3D('',#8327,#8328,#8329);
#8327=CARTESIAN_POINT('',(-1.,8.53959946505512E-16,-5.));
#8328=DIRECTION('',(-1.,0.,1.83697019872103E-16));
#8329=DIRECTION('',(-1.12481983699639E-32,-1.,-6.12323399573677E-17));
#8330=FACE_BOUND('',#8331,.T.);
#8331=EDGE_LOOP('',(#9708,#9709));
#8332=FACE_BOUND('',#8333,.T.);
#8333=EDGE_LOOP('',(#9710,#9711));
#8334=PLANE('',#8335);
#8335=AXIS2_PLACEMENT_3D('',#8336,#8337,#8338);
#8336=CARTESIAN_POINT('',(-1.,0.,0.));
#8337=DIRECTION('',(-1.,0.,1.83697019872103E-16));
#8338=DIRECTION('',(-1.12481983699639E-32,-1.,-6.12323399573677E-17));
#8339=FACE_BOUND('',#8340,.T.);
#8340=EDGE_LOOP('',(#9712,#9713));
#8341=FACE_BOUND('',#8342,.T.);
#8342=EDGE_LOOP('',(#9714,#9715));
#8343=DEGENERATE_TOROIDAL_SURFACE('',#8344,1.,1.,.T.);
#8344=AXIS2_PLACEMENT_3D('',#8345,#8346,#8347);
#8345=CARTESIAN_POINT('',(-10.,8.53959946505512E-16,-5.));
#8346=DIRECTION('',(-1.,0.,1.83697019872103E-16));
#8347=DIRECTION('',(-1.68722975549459E-32,-1.,-9.18485099360515E-17));
#8348=FACE_BOUND('',#8349,.T.);
#8349=EDGE_LOOP('',(#9716,#9717));
#8350=FACE_BOUND('',#8351,.T.);
#8351=EDGE_LOOP('',(#9718,#9719));
#8352=TOROIDAL_SURFACE('',#8353,3.,1.);
#8353=AXIS2_PLACEMENT_3D('',#8354,#8355,#8356);
#8354=CARTESIAN_POINT('',(-2.,8.53959946505512E-16,-5.));
#8355=DIRECTION('',(-1.,0.,1.83697019872103E-16));
#8356=DIRECTION('',(1.68722975549459E-32,-1.,9.18485099360515E-17));
#8357=FACE_BOUND('',#8358,.T.);
#8358=EDGE_LOOP('',(#9720,#9721));
#8359=FACE_BOUND('',#8360,.T.);
#8360=EDGE_LOOP('',(#9722,#9723));
#8361=CYLINDRICAL_SURFACE('',#8362,2.);
#8362=AXIS2_PLACEMENT_3D('',#8363,#8364,#8365);
#8363=CARTESIAN_POINT('',(-1.,8.53959946505512E-16,-5.));
#8364=DIRECTION('',(-1.,0.,1.83697019872103E-16));
#8365=DIRECTION('',(-1.12481983699639E-32,-1.,-6.12323399573677E-17));
#8366=FACE_BOUND('',#8367,.T.);
#8367=EDGE_LOOP('',(#9724,#9725,#9726,#9727));
#8368=CYLINDRICAL_SURFACE('',#8369,5.);
#8369=AXIS2_PLACEMENT_3D('',#8370,#8371,#8372);
#8370=CARTESIAN_POINT('',(83.,15.,-5.00000000000002));
#8371=DIRECTION('',(-1.,0.,0.));
#8372=DIRECTION('',(0.,1.,0.));
#8373=FACE_BOUND('',#8374,.T.);
#8374=EDGE_LOOP('',(#9728,#9729,#9730,#9731));
#8375=CYLINDRICAL_SURFACE('',#8376,5.);
#8376=AXIS2_PLACEMENT_3D('',#8377,#8378,#8379);
#8377=CARTESIAN_POINT('',(83.,-15.,-5.00000000000002));
#8378=DIRECTION('',(-1.,0.,0.));
#8379=DIRECTION('',(0.,0.,-1.));
#8380=FACE_BOUND('',#8381,.T.);
#8381=EDGE_LOOP('',(#9732,#9733,#9734,#9735));
#8382=CYLINDRICAL_SURFACE('',#8383,5.);
#8383=AXIS2_PLACEMENT_3D('',#8384,#8385,#8386);
#8384=CARTESIAN_POINT('',(83.,-15.,4.99999999999998));
#8385=DIRECTION('',(-1.,0.,0.));
#8386=DIRECTION('',(0.,-1.,0.));
#8387=FACE_BOUND('',#8388,.T.);
#8388=EDGE_LOOP('',(#9736,#9737,#9738,#9739));
#8389=CYLINDRICAL_SURFACE('',#8390,5.);
#8390=AXIS2_PLACEMENT_3D('',#8391,#8392,#8393);
#8391=CARTESIAN_POINT('',(83.,15.,4.99999999999998));
#8392=DIRECTION('',(-1.,0.,0.));
#8393=DIRECTION('',(0.,0.,1.));
#8394=FACE_BOUND('',#8395,.T.);
#8395=EDGE_LOOP('',(#9740,#9741));
#8396=FACE_BOUND('',#8397,.T.);
#8397=EDGE_LOOP('',(#9742,#9743));
#8398=TOROIDAL_SURFACE('',#8399,8.,1.);
#8399=AXIS2_PLACEMENT_3D('',#8400,#8401,#8402);
#8400=CARTESIAN_POINT('',(1.,1.E-300,-1.83697019872103E-16));
#8401=DIRECTION('',(1.,0.,-1.83697019872103E-16));
#8402=DIRECTION('',(2.1246596921043E-32,1.,1.15661086586139E-16));
#8403=FACE_BOUND('',#8404,.T.);
#8404=EDGE_LOOP('',(#9744,#9745));
#8405=FACE_BOUND('',#8406,.T.);
#8406=EDGE_LOOP('',(#9746,#9747));
#8407=TOROIDAL_SURFACE('',#8408,2.,1.);
#8408=AXIS2_PLACEMENT_3D('',#8409,#8410,#8411);
#8409=CARTESIAN_POINT('',(-1.,8.53959946505512E-16,-5.));
#8410=DIRECTION('',(-1.,0.,1.83697019872103E-16));
#8411=DIRECTION('',(3.37445951098918E-32,-1.,1.83697019872103E-16));
#8412=FACE_BOUND('',#8413,.T.);
#8413=EDGE_LOOP('',(#9748,#9749,#9750,#9751));
#8414=CYLINDRICAL_SURFACE('',#8415,72.);
#8415=AXIS2_PLACEMENT_3D('',#8416,#8417,#8418);
#8416=CARTESIAN_POINT('',(2.20436427954729E-316,1.2E-300,1.2E-300));
#8417=DIRECTION('',(1.,0.,-1.83697019872103E-16));
#8418=DIRECTION('',(1.12481983699639E-32,1.,6.12323399573677E-17));
#8419=FACE_BOUND('',#8420,.T.);
#8420=EDGE_LOOP('',(#9752,#9753,#9754,#9755));
#8421=CYLINDRICAL_SURFACE('',#8422,72.);
#8422=AXIS2_PLACEMENT_3D('',#8423,#8424,#8425);
#8423=CARTESIAN_POINT('',(2.20436427954729E-316,1.2E-300,1.2E-300));
#8424=DIRECTION('',(1.,0.,-1.83697019872103E-16));
#8425=DIRECTION('',(1.12481983699639E-32,1.,6.12323399573677E-17));
#8426=FACE_BOUND('',#8427,.T.);
#8427=EDGE_LOOP('',(#9756,#9757,#9758,#9759,#9760,#9761,#9762,#9763));
#8428=PLANE('',#8429);
#8429=AXIS2_PLACEMENT_3D('',#8430,#8431,#8432);
#8430=CARTESIAN_POINT('',(230.,0.,0.));
#8431=DIRECTION('',(1.,0.,-1.83697019872103E-16));
#8432=DIRECTION('',(1.12481983699639E-32,1.,6.12323399573677E-17));
#8433=FACE_BOUND('',#8434,.T.);
#8434=EDGE_LOOP('',(#9764,#9765,#9766,#9767,#9768,#9769,#9770,#9771));
#8435=PLANE('',#8436);
#8436=AXIS2_PLACEMENT_3D('',#8437,#8438,#8439);
#8437=CARTESIAN_POINT('',(0.,0.,0.));
#8438=DIRECTION('',(1.,0.,-1.83697019872103E-16));
#8439=DIRECTION('',(1.12481983699639E-32,1.,6.12323399573677E-17));
#8440=FACE_BOUND('',#8441,.T.);
#8441=EDGE_LOOP('',(#9772,#9773,#9774,#9775));
#8442=PLANE('',#8443);
#8443=AXIS2_PLACEMENT_3D('',#8444,#8445,#8446);
#8444=CARTESIAN_POINT('',(231.,-64.2475680473612,32.5));
#8445=DIRECTION('',(0.,1.,0.));
#8446=DIRECTION('',(0.,0.,-1.));
#8447=FACE_BOUND('',#8448,.T.);
#8448=EDGE_LOOP('',(#9776,#9777,#9778,#9779));
#8449=PLANE('',#8450);
#8450=AXIS2_PLACEMENT_3D('',#8451,#8452,#8453);
#8451=CARTESIAN_POINT('',(231.,-64.2475680473612,-17.5));
#8452=DIRECTION('',(0.,1.,0.));
#8453=DIRECTION('',(0.,0.,-1.));
#8454=FACE_BOUND('',#8455,.T.);
#8455=EDGE_LOOP('',(#9780,#9781,#9782,#9783));
#8456=PLANE('',#8457);
#8457=AXIS2_PLACEMENT_3D('',#8458,#8459,#8460);
#8458=CARTESIAN_POINT('',(231.,64.2475680473612,-32.5));
#8459=DIRECTION('',(0.,-1.,0.));
#8460=DIRECTION('',(0.,0.,1.));
#8461=FACE_BOUND('',#8462,.T.);
#8462=EDGE_LOOP('',(#9784,#9785,#9786,#9787));
#8463=PLANE('',#8464);
#8464=AXIS2_PLACEMENT_3D('',#8465,#8466,#8467);
#8465=CARTESIAN_POINT('',(231.,64.2475680473612,-7.50000000000003));
#8466=DIRECTION('',(0.,-1.,0.));
#8467=DIRECTION('',(0.,0.,1.));
#8468=FACE_BOUND('',#8469,.T.);
#8469=EDGE_LOOP('',(#9788,#9789,#9790,#9791));
#8470=PLANE('',#8471);
#8471=AXIS2_PLACEMENT_3D('',#8472,#8473,#8474);
#8472=CARTESIAN_POINT('',(231.,-64.2475680473612,-7.50000000000004));
#8473=DIRECTION('',(1.84556554742883E-16,-6.22094035637933E-17,1.));
#8474=DIRECTION('',(0.,1.,6.22094035637933E-17));
#8475=FACE_BOUND('',#8476,.T.);
#8476=EDGE_LOOP('',(#9792,#9793,#9794,#9795));
#8477=PLANE('',#8478);
#8478=AXIS2_PLACEMENT_3D('',#8479,#8480,#8481);
#8479=CARTESIAN_POINT('',(231.,64.2475680473612,-17.5));
#8480=DIRECTION('',(-1.84556554742883E-16,2.76486238061303E-17,-1.));
#8481=DIRECTION('',(0.,-1.,-2.76486238061303E-17));
#8482=FACE_BOUND('',#8483,.T.);
#8483=EDGE_LOOP('',(#9796,#9797,#9798,#9799));
#8484=PLANE('',#8485);
#8485=AXIS2_PLACEMENT_3D('',#8486,#8487,#8488);
#8486=CARTESIAN_POINT('',(0.,39.1075134967818,25.0596922421722));
#8487=DIRECTION('',(1.77635683940025E-16,-8.88178419700125E-17,1.));
#8488=DIRECTION('',(-1.97215226305253E-32,-1.,-8.88178419700125E-17));
#8489=FACE_BOUND('',#8490,.T.);
#8490=EDGE_LOOP('',(#9800,#9801,#9802,#9803));
#8491=PLANE('',#8492);
#8492=AXIS2_PLACEMENT_3D('',#8493,#8494,#8495);
#8493=CARTESIAN_POINT('',(0.,-40.8924865032182,25.0596922421722));
#8494=DIRECTION('',(0.,-1.,0.));
#8495=DIRECTION('',(-1.83697019872103E-16,0.,-1.));
#8496=FACE_BOUND('',#8497,.T.);
#8497=EDGE_LOOP('',(#9804,#9805,#9806,#9807));
#8498=PLANE('',#8499);
#8499=AXIS2_PLACEMENT_3D('',#8500,#8501,#8502);
#8500=CARTESIAN_POINT('',(0.,-40.8924865032182,-14.9403077578278));
#8501=DIRECTION('',(-1.95399252334028E-16,4.44089209850063E-17,-1.));
#8502=DIRECTION('',(9.86076131526265E-33,1.,4.44089209850063E-17));
#8503=FACE_BOUND('',#8504,.T.);
#8504=EDGE_LOOP('',(#9808,#9809,#9810,#9811));
#8505=PLANE('',#8506);
#8506=AXIS2_PLACEMENT_3D('',#8507,#8508,#8509);
#8507=CARTESIAN_POINT('',(0.,39.1075134967818,-14.9403077578278));
#8508=DIRECTION('',(0.,1.,0.));
#8509=DIRECTION('',(1.83697019872103E-16,0.,1.));
#8510=FACE_BOUND('',#8511,.T.);
#8511=EDGE_LOOP('',(#9812,#9813,#9814,#9815));
#8512=PLANE('',#8513);
#8513=AXIS2_PLACEMENT_3D('',#8514,#8515,#8516);
#8514=CARTESIAN_POINT('',(100.,0.,0.));
#8515=DIRECTION('',(1.,0.,-1.83697019872103E-16));
#8516=DIRECTION('',(1.12481983699639E-32,1.,6.12323399573677E-17));
#8517=FACE_BOUND('',#8518,.T.);
#8518=EDGE_LOOP('',(#9816,#9817,#9818,#9819));
#8519=PLANE('',#8520);
#8520=AXIS2_PLACEMENT_3D('',#8521,#8522,#8523);
#8521=CARTESIAN_POINT('',(0.,0.,0.));
#8522=DIRECTION('',(1.,0.,-1.83697019872103E-16));
#8523=DIRECTION('',(1.12481983699639E-32,1.,6.12323399573677E-17));
#8524=FACE_BOUND('',#8525,.T.);
#8525=EDGE_LOOP('',(#9820,#9821,#9822,#9823));
#8526=PLANE('',#8527);
#8527=AXIS2_PLACEMENT_3D('',#8528,#8529,#8530);
#8528=CARTESIAN_POINT('',(0.,37.2614317843503,21.8553454118373));
#8529=DIRECTION('',(1.95399252334028E-16,-8.88178419700125E-17,1.));
#8530=DIRECTION('',(-1.97215226305253E-32,-1.,-8.88178419700125E-17));
#8531=FACE_BOUND('',#8532,.T.);
#8532=EDGE_LOOP('',(#9824,#9825,#9826,#9827));
#8533=PLANE('',#8534);
#8534=AXIS2_PLACEMENT_3D('',#8535,#8536,#8537);
#8535=CARTESIAN_POINT('',(0.,-42.7385682156497,21.8553454118373));
#8536=DIRECTION('',(0.,-1.,0.));
#8537=DIRECTION('',(-1.83697019872103E-16,0.,-1.));
#8538=FACE_BOUND('',#8539,.T.);
#8539=EDGE_LOOP('',(#9828,#9829,#9830,#9831));
#8540=PLANE('',#8541);
#8541=AXIS2_PLACEMENT_3D('',#8542,#8543,#8544);
#8542=CARTESIAN_POINT('',(0.,-42.7385682156497,-18.1446545881627));
#8543=DIRECTION('',(-1.77635683940025E-16,8.88178419700125E-17,-1.));
#8544=DIRECTION('',(9.86076131526265E-33,1.,8.88178419700125E-17));
#8545=FACE_BOUND('',#8546,.T.);
#8546=EDGE_LOOP('',(#9832,#9833,#9834,#9835));
#8547=PLANE('',#8548);
#8548=AXIS2_PLACEMENT_3D('',#8549,#8550,#8551);
#8549=CARTESIAN_POINT('',(0.,37.2614317843503,-18.1446545881627));
#8550=DIRECTION('',(0.,1.,0.));
#8551=DIRECTION('',(1.83697019872103E-16,0.,1.));
#8552=FACE_BOUND('',#8553,.T.);
#8553=EDGE_LOOP('',(#9836,#9837,#9838,#9839));
#8554=PLANE('',#8555);
#8555=AXIS2_PLACEMENT_3D('',#8556,#8557,#8558);
#8556=CARTESIAN_POINT('',(200.,0.,0.));
#8557=DIRECTION('',(1.,0.,-1.83697019872103E-16));
#8558=DIRECTION('',(1.12481983699639E-32,1.,6.12323399573677E-17));
#8559=FACE_BOUND('',#8560,.T.);
#8560=EDGE_LOOP('',(#9840,#9841,#9842,#9843));
#8561=PLANE('',#8562);
#8562=AXIS2_PLACEMENT_3D('',#8563,#8564,#8565);
#8563=CARTESIAN_POINT('',(0.,0.,0.));
#8564=DIRECTION('',(1.,0.,-1.83697019872103E-16));
#8565=DIRECTION('',(1.12481983699639E-32,1.,6.12323399573677E-17));
#8566=ORIENTED_EDGE('',*,*,#9844,.T.);
#8567=ORIENTED_EDGE('',*,*,#9845,.T.);
#8568=ORIENTED_EDGE('',*,*,#9846,.T.);
#8569=ORIENTED_EDGE('',*,*,#9847,.T.);
#8570=ORIENTED_EDGE('',*,*,#9845,.F.);
#8571=ORIENTED_EDGE('',*,*,#9847,.F.);
#8572=ORIENTED_EDGE('',*,*,#9844,.F.);
#8573=ORIENTED_EDGE('',*,*,#9848,.F.);
#8574=ORIENTED_EDGE('',*,*,#9846,.F.);
#8575=ORIENTED_EDGE('',*,*,#9849,.F.);
#8576=ORIENTED_EDGE('',*,*,#9848,.T.);
#8577=ORIENTED_EDGE('',*,*,#9849,.T.);
#8578=ORIENTED_EDGE('',*,*,#9850,.F.);
#8579=ORIENTED_EDGE('',*,*,#9851,.T.);
#8580=ORIENTED_EDGE('',*,*,#9852,.T.);
#8581=ORIENTED_EDGE('',*,*,#9853,.T.);
#8582=ORIENTED_EDGE('',*,*,#9854,.T.);
#8583=ORIENTED_EDGE('',*,*,#9855,.T.);
#8584=ORIENTED_EDGE('',*,*,#9856,.T.);
#8585=ORIENTED_EDGE('',*,*,#9857,.T.);
#8586=ORIENTED_EDGE('',*,*,#9858,.T.);
#8587=ORIENTED_EDGE('',*,*,#9859,.T.);
#8588=ORIENTED_EDGE('',*,*,#9860,.T.);
#8589=ORIENTED_EDGE('',*,*,#9861,.T.);
#8590=ORIENTED_EDGE('',*,*,#9862,.T.);
#8591=ORIENTED_EDGE('',*,*,#9863,.T.);
#8592=ORIENTED_EDGE('',*,*,#9859,.F.);
#8593=ORIENTED_EDGE('',*,*,#9858,.F.);
#8594=ORIENTED_EDGE('',*,*,#9857,.F.);
#8595=ORIENTED_EDGE('',*,*,#9862,.F.);
#8596=ORIENTED_EDGE('',*,*,#9861,.F.);
#8597=ORIENTED_EDGE('',*,*,#9860,.F.);
#8598=ORIENTED_EDGE('',*,*,#9853,.F.);
#8599=ORIENTED_EDGE('',*,*,#9852,.F.);
#8600=ORIENTED_EDGE('',*,*,#9851,.F.);
#8601=ORIENTED_EDGE('',*,*,#9856,.F.);
#8602=ORIENTED_EDGE('',*,*,#9855,.F.);
#8603=ORIENTED_EDGE('',*,*,#9854,.F.);
#8604=ORIENTED_EDGE('',*,*,#9850,.T.);
#8605=ORIENTED_EDGE('',*,*,#9864,.T.);
#8606=ORIENTED_EDGE('',*,*,#9865,.T.);
#8607=ORIENTED_EDGE('',*,*,#9863,.F.);
#8608=ORIENTED_EDGE('',*,*,#9864,.F.);
#8609=ORIENTED_EDGE('',*,*,#9866,.T.);
#8610=ORIENTED_EDGE('',*,*,#9865,.F.);
#8611=ORIENTED_EDGE('',*,*,#9867,.T.);
#8612=ORIENTED_EDGE('',*,*,#9868,.F.);
#8613=ORIENTED_EDGE('',*,*,#9869,.F.);
#8614=ORIENTED_EDGE('',*,*,#9866,.F.);
#8615=ORIENTED_EDGE('',*,*,#9868,.T.);
#8616=ORIENTED_EDGE('',*,*,#9867,.F.);
#8617=ORIENTED_EDGE('',*,*,#9869,.T.);
#8618=ORIENTED_EDGE('',*,*,#9870,.F.);
#8619=ORIENTED_EDGE('',*,*,#9871,.T.);
#8620=ORIENTED_EDGE('',*,*,#9872,.T.);
#8621=ORIENTED_EDGE('',*,*,#9873,.T.);
#8622=ORIENTED_EDGE('',*,*,#9874,.T.);
#8623=ORIENTED_EDGE('',*,*,#9875,.T.);
#8624=ORIENTED_EDGE('',*,*,#9876,.T.);
#8625=ORIENTED_EDGE('',*,*,#9877,.T.);
#8626=ORIENTED_EDGE('',*,*,#9878,.T.);
#8627=ORIENTED_EDGE('',*,*,#9879,.T.);
#8628=ORIENTED_EDGE('',*,*,#9880,.T.);
#8629=ORIENTED_EDGE('',*,*,#9881,.T.);
#8630=ORIENTED_EDGE('',*,*,#9882,.T.);
#8631=ORIENTED_EDGE('',*,*,#9883,.T.);
#8632=ORIENTED_EDGE('',*,*,#9884,.T.);
#8633=ORIENTED_EDGE('',*,*,#9885,.T.);
#8634=ORIENTED_EDGE('',*,*,#9886,.T.);
#8635=ORIENTED_EDGE('',*,*,#9887,.T.);
#8636=ORIENTED_EDGE('',*,*,#9888,.T.);
#8637=ORIENTED_EDGE('',*,*,#9889,.T.);
#8638=ORIENTED_EDGE('',*,*,#9890,.T.);
#8639=ORIENTED_EDGE('',*,*,#9891,.T.);
#8640=ORIENTED_EDGE('',*,*,#9892,.T.);
#8641=ORIENTED_EDGE('',*,*,#9892,.F.);
#8642=ORIENTED_EDGE('',*,*,#9877,.F.);
#8643=ORIENTED_EDGE('',*,*,#9890,.F.);
#8644=ORIENTED_EDGE('',*,*,#9876,.F.);
#8645=ORIENTED_EDGE('',*,*,#9888,.F.);
#8646=ORIENTED_EDGE('',*,*,#9875,.F.);
#8647=ORIENTED_EDGE('',*,*,#9886,.F.);
#8648=ORIENTED_EDGE('',*,*,#9874,.F.);
#8649=ORIENTED_EDGE('',*,*,#9884,.F.);
#8650=ORIENTED_EDGE('',*,*,#9873,.F.);
#8651=ORIENTED_EDGE('',*,*,#9882,.F.);
#8652=ORIENTED_EDGE('',*,*,#9872,.F.);
#8653=ORIENTED_EDGE('',*,*,#9880,.F.);
#8654=ORIENTED_EDGE('',*,*,#9871,.F.);
#8655=ORIENTED_EDGE('',*,*,#9893,.F.);
#8656=ORIENTED_EDGE('',*,*,#9870,.T.);
#8657=ORIENTED_EDGE('',*,*,#9894,.F.);
#8658=ORIENTED_EDGE('',*,*,#9878,.F.);
#8659=ORIENTED_EDGE('',*,*,#9895,.F.);
#8660=ORIENTED_EDGE('',*,*,#9879,.F.);
#8661=ORIENTED_EDGE('',*,*,#9896,.F.);
#8662=ORIENTED_EDGE('',*,*,#9881,.F.);
#8663=ORIENTED_EDGE('',*,*,#9897,.F.);
#8664=ORIENTED_EDGE('',*,*,#9883,.F.);
#8665=ORIENTED_EDGE('',*,*,#9898,.F.);
#8666=ORIENTED_EDGE('',*,*,#9885,.F.);
#8667=ORIENTED_EDGE('',*,*,#9899,.F.);
#8668=ORIENTED_EDGE('',*,*,#9887,.F.);
#8669=ORIENTED_EDGE('',*,*,#9900,.F.);
#8670=ORIENTED_EDGE('',*,*,#9889,.F.);
#8671=ORIENTED_EDGE('',*,*,#9901,.F.);
#8672=ORIENTED_EDGE('',*,*,#9891,.F.);
#8673=ORIENTED_EDGE('',*,*,#9902,.F.);
#8674=ORIENTED_EDGE('',*,*,#9893,.T.);
#8675=ORIENTED_EDGE('',*,*,#9903,.T.);
#8676=ORIENTED_EDGE('',*,*,#9894,.T.);
#8677=ORIENTED_EDGE('',*,*,#9904,.T.);
#8678=ORIENTED_EDGE('',*,*,#9905,.F.);
#8679=ORIENTED_EDGE('',*,*,#9906,.T.);
#8680=ORIENTED_EDGE('',*,*,#9907,.T.);
#8681=ORIENTED_EDGE('',*,*,#9908,.T.);
#8682=ORIENTED_EDGE('',*,*,#9909,.T.);
#8683=ORIENTED_EDGE('',*,*,#9910,.T.);
#8684=ORIENTED_EDGE('',*,*,#9911,.T.);
#8685=ORIENTED_EDGE('',*,*,#9912,.T.);
#8686=ORIENTED_EDGE('',*,*,#9913,.T.);
#8687=ORIENTED_EDGE('',*,*,#9904,.F.);
#8688=ORIENTED_EDGE('',*,*,#9902,.T.);
#8689=ORIENTED_EDGE('',*,*,#9914,.F.);
#8690=ORIENTED_EDGE('',*,*,#9903,.F.);
#8691=ORIENTED_EDGE('',*,*,#9915,.F.);
#8692=ORIENTED_EDGE('',*,*,#9916,.T.);
#8693=ORIENTED_EDGE('',*,*,#9909,.F.);
#8694=ORIENTED_EDGE('',*,*,#9914,.T.);
#8695=ORIENTED_EDGE('',*,*,#9915,.T.);
#8696=ORIENTED_EDGE('',*,*,#9910,.F.);
#8697=ORIENTED_EDGE('',*,*,#9895,.T.);
#8698=ORIENTED_EDGE('',*,*,#9908,.F.);
#8699=ORIENTED_EDGE('',*,*,#9896,.T.);
#8700=ORIENTED_EDGE('',*,*,#9911,.F.);
#8701=ORIENTED_EDGE('',*,*,#9897,.T.);
#8702=ORIENTED_EDGE('',*,*,#9907,.F.);
#8703=ORIENTED_EDGE('',*,*,#9898,.T.);
#8704=ORIENTED_EDGE('',*,*,#9912,.F.);
#8705=ORIENTED_EDGE('',*,*,#9899,.T.);
#8706=ORIENTED_EDGE('',*,*,#9906,.F.);
#8707=ORIENTED_EDGE('',*,*,#9900,.T.);
#8708=ORIENTED_EDGE('',*,*,#9913,.F.);
#8709=ORIENTED_EDGE('',*,*,#9901,.T.);
#8710=ORIENTED_EDGE('',*,*,#9916,.F.);
#8711=ORIENTED_EDGE('',*,*,#9905,.T.);
#8712=ORIENTED_EDGE('',*,*,#9917,.F.);
#8713=ORIENTED_EDGE('',*,*,#9918,.T.);
#8714=ORIENTED_EDGE('',*,*,#9919,.F.);
#8715=ORIENTED_EDGE('',*,*,#9920,.F.);
#8716=ORIENTED_EDGE('',*,*,#9921,.T.);
#8717=ORIENTED_EDGE('',*,*,#9922,.T.);
#8718=ORIENTED_EDGE('',*,*,#9923,.T.);
#8719=ORIENTED_EDGE('',*,*,#9924,.F.);
#8720=ORIENTED_EDGE('',*,*,#9925,.T.);
#8721=ORIENTED_EDGE('',*,*,#9926,.T.);
#8722=ORIENTED_EDGE('',*,*,#9927,.T.);
#8723=ORIENTED_EDGE('',*,*,#9928,.F.);
#8724=ORIENTED_EDGE('',*,*,#9929,.T.);
#8725=ORIENTED_EDGE('',*,*,#9930,.T.);
#8726=ORIENTED_EDGE('',*,*,#9931,.T.);
#8727=ORIENTED_EDGE('',*,*,#9932,.F.);
#8728=ORIENTED_EDGE('',*,*,#9933,.T.);
#8729=ORIENTED_EDGE('',*,*,#9934,.T.);
#8730=ORIENTED_EDGE('',*,*,#9935,.T.);
#8731=ORIENTED_EDGE('',*,*,#9936,.F.);
#8732=ORIENTED_EDGE('',*,*,#9937,.T.);
#8733=ORIENTED_EDGE('',*,*,#9938,.T.);
#8734=ORIENTED_EDGE('',*,*,#9939,.T.);
#8735=ORIENTED_EDGE('',*,*,#9940,.F.);
#8736=ORIENTED_EDGE('',*,*,#9941,.T.);
#8737=ORIENTED_EDGE('',*,*,#9942,.T.);
#8738=ORIENTED_EDGE('',*,*,#9943,.F.);
#8739=ORIENTED_EDGE('',*,*,#9944,.F.);
#8740=ORIENTED_EDGE('',*,*,#9945,.T.);
#8741=ORIENTED_EDGE('',*,*,#9924,.T.);
#8742=ORIENTED_EDGE('',*,*,#9946,.T.);
#8743=ORIENTED_EDGE('',*,*,#9947,.T.);
#8744=ORIENTED_EDGE('',*,*,#9920,.T.);
#8745=ORIENTED_EDGE('',*,*,#9919,.T.);
#8746=ORIENTED_EDGE('',*,*,#9948,.T.);
#8747=ORIENTED_EDGE('',*,*,#9949,.T.);
#8748=ORIENTED_EDGE('',*,*,#9940,.T.);
#8749=ORIENTED_EDGE('',*,*,#9950,.T.);
#8750=ORIENTED_EDGE('',*,*,#9951,.T.);
#8751=ORIENTED_EDGE('',*,*,#9936,.T.);
#8752=ORIENTED_EDGE('',*,*,#9952,.T.);
#8753=ORIENTED_EDGE('',*,*,#9953,.T.);
#8754=ORIENTED_EDGE('',*,*,#9932,.T.);
#8755=ORIENTED_EDGE('',*,*,#9954,.T.);
#8756=ORIENTED_EDGE('',*,*,#9955,.T.);
#8757=ORIENTED_EDGE('',*,*,#9928,.T.);
#8758=ORIENTED_EDGE('',*,*,#9956,.T.);
#8759=ORIENTED_EDGE('',*,*,#9942,.F.);
#8760=ORIENTED_EDGE('',*,*,#9957,.T.);
#8761=ORIENTED_EDGE('',*,*,#9958,.T.);
#8762=ORIENTED_EDGE('',*,*,#9938,.F.);
#8763=ORIENTED_EDGE('',*,*,#9959,.T.);
#8764=ORIENTED_EDGE('',*,*,#9960,.T.);
#8765=ORIENTED_EDGE('',*,*,#9934,.F.);
#8766=ORIENTED_EDGE('',*,*,#9961,.T.);
#8767=ORIENTED_EDGE('',*,*,#9962,.T.);
#8768=ORIENTED_EDGE('',*,*,#9930,.F.);
#8769=ORIENTED_EDGE('',*,*,#9963,.T.);
#8770=ORIENTED_EDGE('',*,*,#9964,.T.);
#8771=ORIENTED_EDGE('',*,*,#9926,.F.);
#8772=ORIENTED_EDGE('',*,*,#9965,.T.);
#8773=ORIENTED_EDGE('',*,*,#9966,.T.);
#8774=ORIENTED_EDGE('',*,*,#9922,.F.);
#8775=ORIENTED_EDGE('',*,*,#9967,.T.);
#8776=ORIENTED_EDGE('',*,*,#9968,.T.);
#8777=ORIENTED_EDGE('',*,*,#9947,.F.);
#8778=ORIENTED_EDGE('',*,*,#9969,.F.);
#8779=ORIENTED_EDGE('',*,*,#9967,.F.);
#8780=ORIENTED_EDGE('',*,*,#9921,.F.);
#8781=ORIENTED_EDGE('',*,*,#9948,.F.);
#8782=ORIENTED_EDGE('',*,*,#9918,.F.);
#8783=ORIENTED_EDGE('',*,*,#9958,.F.);
#8784=ORIENTED_EDGE('',*,*,#9970,.T.);
#8785=ORIENTED_EDGE('',*,*,#9949,.F.);
#8786=ORIENTED_EDGE('',*,*,#9970,.F.);
#8787=ORIENTED_EDGE('',*,*,#9957,.F.);
#8788=ORIENTED_EDGE('',*,*,#9941,.F.);
#8789=ORIENTED_EDGE('',*,*,#9950,.F.);
#8790=ORIENTED_EDGE('',*,*,#9939,.F.);
#8791=ORIENTED_EDGE('',*,*,#9960,.F.);
#8792=ORIENTED_EDGE('',*,*,#9971,.T.);
#8793=ORIENTED_EDGE('',*,*,#9951,.F.);
#8794=ORIENTED_EDGE('',*,*,#9971,.F.);
#8795=ORIENTED_EDGE('',*,*,#9959,.F.);
#8796=ORIENTED_EDGE('',*,*,#9937,.F.);
#8797=ORIENTED_EDGE('',*,*,#9952,.F.);
#8798=ORIENTED_EDGE('',*,*,#9935,.F.);
#8799=ORIENTED_EDGE('',*,*,#9962,.F.);
#8800=ORIENTED_EDGE('',*,*,#9972,.T.);
#8801=ORIENTED_EDGE('',*,*,#9953,.F.);
#8802=ORIENTED_EDGE('',*,*,#9972,.F.);
#8803=ORIENTED_EDGE('',*,*,#9961,.F.);
#8804=ORIENTED_EDGE('',*,*,#9933,.F.);
#8805=ORIENTED_EDGE('',*,*,#9954,.F.);
#8806=ORIENTED_EDGE('',*,*,#9931,.F.);
#8807=ORIENTED_EDGE('',*,*,#9964,.F.);
#8808=ORIENTED_EDGE('',*,*,#9973,.T.);
#8809=ORIENTED_EDGE('',*,*,#9955,.F.);
#8810=ORIENTED_EDGE('',*,*,#9973,.F.);
#8811=ORIENTED_EDGE('',*,*,#9963,.F.);
#8812=ORIENTED_EDGE('',*,*,#9929,.F.);
#8813=ORIENTED_EDGE('',*,*,#9956,.F.);
#8814=ORIENTED_EDGE('',*,*,#9927,.F.);
#8815=ORIENTED_EDGE('',*,*,#9966,.F.);
#8816=ORIENTED_EDGE('',*,*,#9974,.T.);
#8817=ORIENTED_EDGE('',*,*,#9945,.F.);
#8818=ORIENTED_EDGE('',*,*,#9974,.F.);
#8819=ORIENTED_EDGE('',*,*,#9965,.F.);
#8820=ORIENTED_EDGE('',*,*,#9925,.F.);
#8821=ORIENTED_EDGE('',*,*,#9946,.F.);
#8822=ORIENTED_EDGE('',*,*,#9923,.F.);
#8823=ORIENTED_EDGE('',*,*,#9968,.F.);
#8824=ORIENTED_EDGE('',*,*,#9969,.T.);
#8825=ORIENTED_EDGE('',*,*,#9975,.T.);
#8826=ORIENTED_EDGE('',*,*,#9976,.T.);
#8827=ORIENTED_EDGE('',*,*,#9917,.T.);
#8828=ORIENTED_EDGE('',*,*,#9976,.F.);
#8829=ORIENTED_EDGE('',*,*,#9975,.F.);
#8830=ORIENTED_EDGE('',*,*,#9977,.F.);
#8831=ORIENTED_EDGE('',*,*,#9978,.F.);
#8832=ORIENTED_EDGE('',*,*,#9979,.F.);
#8833=ORIENTED_EDGE('',*,*,#9980,.F.);
#8834=ORIENTED_EDGE('',*,*,#9981,.F.);
#8835=ORIENTED_EDGE('',*,*,#9982,.F.);
#8836=ORIENTED_EDGE('',*,*,#9944,.T.);
#8837=ORIENTED_EDGE('',*,*,#9943,.T.);
#8838=ORIENTED_EDGE('',*,*,#9983,.F.);
#8839=ORIENTED_EDGE('',*,*,#9984,.F.);
#8840=ORIENTED_EDGE('',*,*,#9985,.F.);
#8841=ORIENTED_EDGE('',*,*,#9986,.F.);
#8842=ORIENTED_EDGE('',*,*,#9987,.F.);
#8843=ORIENTED_EDGE('',*,*,#9988,.F.);
#8844=ORIENTED_EDGE('',*,*,#9989,.F.);
#8845=ORIENTED_EDGE('',*,*,#9990,.F.);
#8846=ORIENTED_EDGE('',*,*,#9991,.F.);
#8847=ORIENTED_EDGE('',*,*,#9992,.F.);
#8848=ORIENTED_EDGE('',*,*,#9993,.T.);
#8849=ORIENTED_EDGE('',*,*,#9994,.T.);
#8850=ORIENTED_EDGE('',*,*,#9995,.F.);
#8851=ORIENTED_EDGE('',*,*,#9996,.T.);
#8852=ORIENTED_EDGE('',*,*,#9988,.T.);
#8853=ORIENTED_EDGE('',*,*,#9997,.T.);
#8854=ORIENTED_EDGE('',*,*,#9998,.T.);
#8855=ORIENTED_EDGE('',*,*,#9983,.T.);
#8856=ORIENTED_EDGE('',*,*,#9996,.F.);
#8857=ORIENTED_EDGE('',*,*,#9999,.F.);
#8858=ORIENTED_EDGE('',*,*,#10000,.T.);
#8859=ORIENTED_EDGE('',*,*,#10001,.F.);
#8860=ORIENTED_EDGE('',*,*,#10002,.F.);
#8861=ORIENTED_EDGE('',*,*,#9985,.T.);
#8862=ORIENTED_EDGE('',*,*,#9984,.T.);
#8863=ORIENTED_EDGE('',*,*,#9999,.T.);
#8864=ORIENTED_EDGE('',*,*,#9995,.T.);
#8865=ORIENTED_EDGE('',*,*,#10003,.T.);
#8866=ORIENTED_EDGE('',*,*,#9997,.F.);
#8867=ORIENTED_EDGE('',*,*,#9987,.T.);
#8868=ORIENTED_EDGE('',*,*,#9986,.T.);
#8869=ORIENTED_EDGE('',*,*,#10002,.T.);
#8870=ORIENTED_EDGE('',*,*,#10004,.F.);
#8871=ORIENTED_EDGE('',*,*,#9992,.T.);
#8872=ORIENTED_EDGE('',*,*,#10005,.T.);
#8873=ORIENTED_EDGE('',*,*,#10006,.F.);
#8874=ORIENTED_EDGE('',*,*,#10007,.F.);
#8875=ORIENTED_EDGE('',*,*,#10008,.T.);
#8876=ORIENTED_EDGE('',*,*,#9989,.T.);
#8877=ORIENTED_EDGE('',*,*,#10008,.F.);
#8878=ORIENTED_EDGE('',*,*,#10009,.F.);
#8879=ORIENTED_EDGE('',*,*,#9990,.T.);
#8880=ORIENTED_EDGE('',*,*,#10009,.T.);
#8881=ORIENTED_EDGE('',*,*,#10007,.T.);
#8882=ORIENTED_EDGE('',*,*,#10010,.F.);
#8883=ORIENTED_EDGE('',*,*,#10011,.F.);
#8884=ORIENTED_EDGE('',*,*,#9991,.T.);
#8885=ORIENTED_EDGE('',*,*,#10011,.T.);
#8886=ORIENTED_EDGE('',*,*,#10012,.F.);
#8887=ORIENTED_EDGE('',*,*,#10005,.F.);
#8888=ORIENTED_EDGE('',*,*,#9982,.T.);
#8889=ORIENTED_EDGE('',*,*,#10013,.T.);
#8890=ORIENTED_EDGE('',*,*,#10014,.F.);
#8891=ORIENTED_EDGE('',*,*,#10015,.F.);
#8892=ORIENTED_EDGE('',*,*,#10016,.T.);
#8893=ORIENTED_EDGE('',*,*,#9977,.T.);
#8894=ORIENTED_EDGE('',*,*,#10016,.F.);
#8895=ORIENTED_EDGE('',*,*,#10017,.F.);
#8896=ORIENTED_EDGE('',*,*,#9979,.T.);
#8897=ORIENTED_EDGE('',*,*,#9978,.T.);
#8898=ORIENTED_EDGE('',*,*,#10017,.T.);
#8899=ORIENTED_EDGE('',*,*,#10015,.T.);
#8900=ORIENTED_EDGE('',*,*,#10018,.F.);
#8901=ORIENTED_EDGE('',*,*,#10019,.F.);
#8902=ORIENTED_EDGE('',*,*,#9981,.T.);
#8903=ORIENTED_EDGE('',*,*,#9980,.T.);
#8904=ORIENTED_EDGE('',*,*,#10019,.T.);
#8905=ORIENTED_EDGE('',*,*,#10020,.F.);
#8906=ORIENTED_EDGE('',*,*,#10013,.F.);
#8907=ORIENTED_EDGE('',*,*,#9993,.F.);
#8908=ORIENTED_EDGE('',*,*,#10021,.F.);
#8909=ORIENTED_EDGE('',*,*,#10000,.F.);
#8910=ORIENTED_EDGE('',*,*,#9994,.F.);
#8911=ORIENTED_EDGE('',*,*,#10021,.T.);
#8912=ORIENTED_EDGE('',*,*,#9998,.F.);
#8913=ORIENTED_EDGE('',*,*,#10003,.F.);
#8914=ORIENTED_EDGE('',*,*,#10022,.F.);
#8915=ORIENTED_EDGE('',*,*,#10022,.T.);
#8916=ORIENTED_EDGE('',*,*,#10004,.T.);
#8917=ORIENTED_EDGE('',*,*,#10001,.T.);
#8918=ORIENTED_EDGE('',*,*,#10006,.T.);
#8919=ORIENTED_EDGE('',*,*,#10012,.T.);
#8920=ORIENTED_EDGE('',*,*,#10010,.T.);
#8921=ORIENTED_EDGE('',*,*,#10014,.T.);
#8922=ORIENTED_EDGE('',*,*,#10020,.T.);
#8923=ORIENTED_EDGE('',*,*,#10018,.T.);
#8924=ORIENTED_EDGE('',*,*,#10023,.F.);
#8925=ORIENTED_EDGE('',*,*,#10024,.F.);
#8926=ORIENTED_EDGE('',*,*,#10025,.T.);
#8927=ORIENTED_EDGE('',*,*,#10026,.T.);
#8928=ORIENTED_EDGE('',*,*,#10027,.F.);
#8929=ORIENTED_EDGE('',*,*,#10028,.F.);
#8930=ORIENTED_EDGE('',*,*,#10029,.T.);
#8931=ORIENTED_EDGE('',*,*,#10030,.F.);
#8932=ORIENTED_EDGE('',*,*,#10031,.F.);
#8933=ORIENTED_EDGE('',*,*,#10032,.T.);
#8934=ORIENTED_EDGE('',*,*,#10033,.T.);
#8935=ORIENTED_EDGE('',*,*,#10034,.F.);
#8936=ORIENTED_EDGE('',*,*,#10035,.F.);
#8937=ORIENTED_EDGE('',*,*,#10036,.T.);
#8938=ORIENTED_EDGE('',*,*,#10037,.F.);
#8939=ORIENTED_EDGE('',*,*,#10038,.F.);
#8940=ORIENTED_EDGE('',*,*,#10039,.F.);
#8941=ORIENTED_EDGE('',*,*,#10040,.F.);
#8942=ORIENTED_EDGE('',*,*,#10041,.T.);
#8943=ORIENTED_EDGE('',*,*,#10042,.T.);
#8944=ORIENTED_EDGE('',*,*,#10043,.T.);
#8945=ORIENTED_EDGE('',*,*,#10044,.T.);
#8946=ORIENTED_EDGE('',*,*,#10045,.T.);
#8947=ORIENTED_EDGE('',*,*,#10046,.F.);
#8948=ORIENTED_EDGE('',*,*,#10047,.F.);
#8949=ORIENTED_EDGE('',*,*,#10048,.F.);
#8950=ORIENTED_EDGE('',*,*,#10049,.F.);
#8951=ORIENTED_EDGE('',*,*,#10050,.T.);
#8952=ORIENTED_EDGE('',*,*,#10050,.F.);
#8953=ORIENTED_EDGE('',*,*,#10029,.F.);
#8954=ORIENTED_EDGE('',*,*,#10043,.F.);
#8955=ORIENTED_EDGE('',*,*,#10036,.F.);
#8956=ORIENTED_EDGE('',*,*,#10051,.F.);
#8957=ORIENTED_EDGE('',*,*,#10052,.T.);
#8958=ORIENTED_EDGE('',*,*,#10053,.F.);
#8959=ORIENTED_EDGE('',*,*,#10054,.T.);
#8960=ORIENTED_EDGE('',*,*,#10055,.T.);
#8961=ORIENTED_EDGE('',*,*,#10056,.F.);
#8962=ORIENTED_EDGE('',*,*,#10057,.T.);
#8963=ORIENTED_EDGE('',*,*,#10058,.F.);
#8964=ORIENTED_EDGE('',*,*,#10059,.F.);
#8965=ORIENTED_EDGE('',*,*,#10060,.F.);
#8966=ORIENTED_EDGE('',*,*,#10061,.T.);
#8967=ORIENTED_EDGE('',*,*,#10062,.F.);
#8968=ORIENTED_EDGE('',*,*,#10063,.T.);
#8969=ORIENTED_EDGE('',*,*,#10064,.F.);
#8970=ORIENTED_EDGE('',*,*,#10065,.F.);
#8971=ORIENTED_EDGE('',*,*,#10066,.F.);
#8972=ORIENTED_EDGE('',*,*,#10067,.T.);
#8973=ORIENTED_EDGE('',*,*,#10068,.F.);
#8974=ORIENTED_EDGE('',*,*,#10049,.T.);
#8975=ORIENTED_EDGE('',*,*,#10069,.F.);
#8976=ORIENTED_EDGE('',*,*,#10026,.F.);
#8977=ORIENTED_EDGE('',*,*,#10070,.F.);
#8978=ORIENTED_EDGE('',*,*,#10052,.F.);
#8979=ORIENTED_EDGE('',*,*,#10071,.F.);
#8980=ORIENTED_EDGE('',*,*,#10040,.T.);
#8981=ORIENTED_EDGE('',*,*,#10072,.F.);
#8982=ORIENTED_EDGE('',*,*,#10033,.F.);
#8983=ORIENTED_EDGE('',*,*,#10073,.F.);
#8984=ORIENTED_EDGE('',*,*,#10074,.F.);
#8985=ORIENTED_EDGE('',*,*,#10075,.T.);
#8986=ORIENTED_EDGE('',*,*,#10028,.T.);
#8987=ORIENTED_EDGE('',*,*,#10076,.T.);
#8988=ORIENTED_EDGE('',*,*,#10047,.T.);
#8989=ORIENTED_EDGE('',*,*,#10077,.F.);
#8990=ORIENTED_EDGE('',*,*,#10078,.F.);
#8991=ORIENTED_EDGE('',*,*,#10079,.F.);
#8992=ORIENTED_EDGE('',*,*,#10031,.T.);
#8993=ORIENTED_EDGE('',*,*,#10080,.F.);
#8994=ORIENTED_EDGE('',*,*,#10042,.F.);
#8995=ORIENTED_EDGE('',*,*,#10081,.F.);
#8996=ORIENTED_EDGE('',*,*,#10054,.F.);
#8997=ORIENTED_EDGE('',*,*,#10082,.F.);
#8998=ORIENTED_EDGE('',*,*,#10024,.T.);
#8999=ORIENTED_EDGE('',*,*,#10083,.F.);
#9000=ORIENTED_EDGE('',*,*,#10045,.F.);
#9001=ORIENTED_EDGE('',*,*,#10084,.F.);
#9002=ORIENTED_EDGE('',*,*,#10085,.T.);
#9003=ORIENTED_EDGE('',*,*,#10086,.F.);
#9004=ORIENTED_EDGE('',*,*,#10087,.T.);
#9005=ORIENTED_EDGE('',*,*,#10088,.F.);
#9006=ORIENTED_EDGE('',*,*,#10089,.F.);
#9007=ORIENTED_EDGE('',*,*,#10090,.F.);
#9008=ORIENTED_EDGE('',*,*,#10091,.T.);
#9009=ORIENTED_EDGE('',*,*,#10092,.F.);
#9010=ORIENTED_EDGE('',*,*,#10093,.T.);
#9011=ORIENTED_EDGE('',*,*,#10094,.F.);
#9012=ORIENTED_EDGE('',*,*,#10095,.F.);
#9013=ORIENTED_EDGE('',*,*,#10096,.T.);
#9014=ORIENTED_EDGE('',*,*,#10074,.T.);
#9015=ORIENTED_EDGE('',*,*,#10097,.F.);
#9016=ORIENTED_EDGE('',*,*,#10078,.T.);
#9017=ORIENTED_EDGE('',*,*,#10098,.T.);
#9018=ORIENTED_EDGE('',*,*,#10099,.T.);
#9019=ORIENTED_EDGE('',*,*,#10035,.T.);
#9020=ORIENTED_EDGE('',*,*,#10100,.T.);
#9021=ORIENTED_EDGE('',*,*,#10038,.T.);
#9022=ORIENTED_EDGE('',*,*,#10101,.F.);
#9023=ORIENTED_EDGE('',*,*,#10067,.F.);
#9024=ORIENTED_EDGE('',*,*,#10102,.F.);
#9025=ORIENTED_EDGE('',*,*,#10085,.F.);
#9026=ORIENTED_EDGE('',*,*,#10103,.T.);
#9027=ORIENTED_EDGE('',*,*,#10055,.F.);
#9028=ORIENTED_EDGE('',*,*,#10103,.F.);
#9029=ORIENTED_EDGE('',*,*,#10104,.T.);
#9030=ORIENTED_EDGE('',*,*,#10060,.T.);
#9031=ORIENTED_EDGE('',*,*,#10105,.F.);
#9032=ORIENTED_EDGE('',*,*,#10092,.T.);
#9033=ORIENTED_EDGE('',*,*,#10104,.F.);
#9034=ORIENTED_EDGE('',*,*,#10091,.F.);
#9035=ORIENTED_EDGE('',*,*,#10106,.F.);
#9036=ORIENTED_EDGE('',*,*,#10061,.F.);
#9037=ORIENTED_EDGE('',*,*,#10107,.T.);
#9038=ORIENTED_EDGE('',*,*,#10106,.T.);
#9039=ORIENTED_EDGE('',*,*,#10090,.T.);
#9040=ORIENTED_EDGE('',*,*,#10108,.F.);
#9041=ORIENTED_EDGE('',*,*,#10062,.T.);
#9042=ORIENTED_EDGE('',*,*,#10108,.T.);
#9043=ORIENTED_EDGE('',*,*,#10089,.T.);
#9044=ORIENTED_EDGE('',*,*,#10109,.F.);
#9045=ORIENTED_EDGE('',*,*,#10063,.F.);
#9046=ORIENTED_EDGE('',*,*,#10088,.T.);
#9047=ORIENTED_EDGE('',*,*,#10110,.T.);
#9048=ORIENTED_EDGE('',*,*,#10064,.T.);
#9049=ORIENTED_EDGE('',*,*,#10109,.T.);
#9050=ORIENTED_EDGE('',*,*,#10111,.T.);
#9051=ORIENTED_EDGE('',*,*,#10065,.T.);
#9052=ORIENTED_EDGE('',*,*,#10110,.F.);
#9053=ORIENTED_EDGE('',*,*,#10087,.F.);
#9054=ORIENTED_EDGE('',*,*,#10102,.T.);
#9055=ORIENTED_EDGE('',*,*,#10066,.T.);
#9056=ORIENTED_EDGE('',*,*,#10111,.F.);
#9057=ORIENTED_EDGE('',*,*,#10086,.T.);
#9058=ORIENTED_EDGE('',*,*,#10112,.F.);
#9059=ORIENTED_EDGE('',*,*,#10095,.T.);
#9060=ORIENTED_EDGE('',*,*,#10113,.F.);
#9061=ORIENTED_EDGE('',*,*,#10057,.F.);
#9062=ORIENTED_EDGE('',*,*,#10114,.T.);
#9063=ORIENTED_EDGE('',*,*,#10058,.T.);
#9064=ORIENTED_EDGE('',*,*,#10113,.T.);
#9065=ORIENTED_EDGE('',*,*,#10094,.T.);
#9066=ORIENTED_EDGE('',*,*,#10105,.T.);
#9067=ORIENTED_EDGE('',*,*,#10059,.T.);
#9068=ORIENTED_EDGE('',*,*,#10114,.F.);
#9069=ORIENTED_EDGE('',*,*,#10093,.F.);
#9070=ORIENTED_EDGE('',*,*,#10098,.F.);
#9071=ORIENTED_EDGE('',*,*,#10107,.F.);
#9072=ORIENTED_EDGE('',*,*,#10053,.T.);
#9073=ORIENTED_EDGE('',*,*,#10070,.T.);
#9074=ORIENTED_EDGE('',*,*,#10025,.F.);
#9075=ORIENTED_EDGE('',*,*,#10082,.T.);
#9076=ORIENTED_EDGE('',*,*,#10097,.T.);
#9077=ORIENTED_EDGE('',*,*,#10073,.T.);
#9078=ORIENTED_EDGE('',*,*,#10032,.F.);
#9079=ORIENTED_EDGE('',*,*,#10079,.T.);
#9080=ORIENTED_EDGE('',*,*,#10051,.T.);
#9081=ORIENTED_EDGE('',*,*,#10081,.T.);
#9082=ORIENTED_EDGE('',*,*,#10041,.F.);
#9083=ORIENTED_EDGE('',*,*,#10071,.T.);
#9084=ORIENTED_EDGE('',*,*,#10069,.T.);
#9085=ORIENTED_EDGE('',*,*,#10048,.T.);
#9086=ORIENTED_EDGE('',*,*,#10076,.F.);
#9087=ORIENTED_EDGE('',*,*,#10027,.T.);
#9088=ORIENTED_EDGE('',*,*,#10072,.T.);
#9089=ORIENTED_EDGE('',*,*,#10039,.T.);
#9090=ORIENTED_EDGE('',*,*,#10100,.F.);
#9091=ORIENTED_EDGE('',*,*,#10034,.T.);
#9092=ORIENTED_EDGE('',*,*,#10083,.T.);
#9093=ORIENTED_EDGE('',*,*,#10023,.T.);
#9094=ORIENTED_EDGE('',*,*,#10075,.F.);
#9095=ORIENTED_EDGE('',*,*,#10046,.T.);
#9096=ORIENTED_EDGE('',*,*,#10080,.T.);
#9097=ORIENTED_EDGE('',*,*,#10030,.T.);
#9098=ORIENTED_EDGE('',*,*,#10099,.F.);
#9099=ORIENTED_EDGE('',*,*,#10037,.T.);
#9100=ORIENTED_EDGE('',*,*,#10044,.F.);
#9101=ORIENTED_EDGE('',*,*,#10068,.T.);
#9102=ORIENTED_EDGE('',*,*,#10101,.T.);
#9103=ORIENTED_EDGE('',*,*,#10084,.T.);
#9104=ORIENTED_EDGE('',*,*,#10112,.T.);
#9105=ORIENTED_EDGE('',*,*,#10056,.T.);
#9106=ORIENTED_EDGE('',*,*,#10096,.F.);
#9107=ORIENTED_EDGE('',*,*,#10077,.T.);
#9108=ORIENTED_EDGE('',*,*,#10115,.F.);
#9109=ORIENTED_EDGE('',*,*,#10116,.T.);
#9110=ORIENTED_EDGE('',*,*,#10117,.T.);
#9111=ORIENTED_EDGE('',*,*,#10118,.T.);
#9112=ORIENTED_EDGE('',*,*,#10119,.T.);
#9113=ORIENTED_EDGE('',*,*,#10120,.T.);
#9114=ORIENTED_EDGE('',*,*,#10121,.T.);
#9115=ORIENTED_EDGE('',*,*,#10122,.T.);
#9116=ORIENTED_EDGE('',*,*,#10123,.T.);
#9117=ORIENTED_EDGE('',*,*,#10124,.T.);
#9118=ORIENTED_EDGE('',*,*,#10125,.T.);
#9119=ORIENTED_EDGE('',*,*,#10125,.F.);
#9120=ORIENTED_EDGE('',*,*,#10118,.F.);
#9121=ORIENTED_EDGE('',*,*,#10123,.F.);
#9122=ORIENTED_EDGE('',*,*,#10117,.F.);
#9123=ORIENTED_EDGE('',*,*,#10121,.F.);
#9124=ORIENTED_EDGE('',*,*,#10116,.F.);
#9125=ORIENTED_EDGE('',*,*,#10126,.F.);
#9126=ORIENTED_EDGE('',*,*,#10115,.T.);
#9127=ORIENTED_EDGE('',*,*,#10127,.F.);
#9128=ORIENTED_EDGE('',*,*,#10119,.F.);
#9129=ORIENTED_EDGE('',*,*,#10128,.F.);
#9130=ORIENTED_EDGE('',*,*,#10120,.F.);
#9131=ORIENTED_EDGE('',*,*,#10129,.F.);
#9132=ORIENTED_EDGE('',*,*,#10122,.F.);
#9133=ORIENTED_EDGE('',*,*,#10130,.F.);
#9134=ORIENTED_EDGE('',*,*,#10124,.F.);
#9135=ORIENTED_EDGE('',*,*,#10131,.F.);
#9136=ORIENTED_EDGE('',*,*,#10126,.T.);
#9137=ORIENTED_EDGE('',*,*,#10132,.T.);
#9138=ORIENTED_EDGE('',*,*,#10127,.T.);
#9139=ORIENTED_EDGE('',*,*,#10133,.T.);
#9140=ORIENTED_EDGE('',*,*,#10134,.F.);
#9141=ORIENTED_EDGE('',*,*,#10135,.T.);
#9142=ORIENTED_EDGE('',*,*,#10136,.T.);
#9143=ORIENTED_EDGE('',*,*,#10137,.T.);
#9144=ORIENTED_EDGE('',*,*,#10138,.T.);
#9145=ORIENTED_EDGE('',*,*,#10133,.F.);
#9146=ORIENTED_EDGE('',*,*,#10131,.T.);
#9147=ORIENTED_EDGE('',*,*,#10139,.F.);
#9148=ORIENTED_EDGE('',*,*,#10132,.F.);
#9149=ORIENTED_EDGE('',*,*,#10140,.F.);
#9150=ORIENTED_EDGE('',*,*,#10141,.T.);
#9151=ORIENTED_EDGE('',*,*,#10136,.F.);
#9152=ORIENTED_EDGE('',*,*,#10139,.T.);
#9153=ORIENTED_EDGE('',*,*,#10140,.T.);
#9154=ORIENTED_EDGE('',*,*,#10137,.F.);
#9155=ORIENTED_EDGE('',*,*,#10128,.T.);
#9156=ORIENTED_EDGE('',*,*,#10135,.F.);
#9157=ORIENTED_EDGE('',*,*,#10129,.T.);
#9158=ORIENTED_EDGE('',*,*,#10138,.F.);
#9159=ORIENTED_EDGE('',*,*,#10130,.T.);
#9160=ORIENTED_EDGE('',*,*,#10141,.F.);
#9161=ORIENTED_EDGE('',*,*,#10134,.T.);
#9162=ORIENTED_EDGE('',*,*,#10142,.T.);
#9163=ORIENTED_EDGE('',*,*,#10143,.F.);
#9164=ORIENTED_EDGE('',*,*,#10142,.F.);
#9165=ORIENTED_EDGE('',*,*,#10143,.T.);
#9166=ORIENTED_EDGE('',*,*,#10144,.F.);
#9167=ORIENTED_EDGE('',*,*,#10145,.F.);
#9168=ORIENTED_EDGE('',*,*,#10145,.T.);
#9169=ORIENTED_EDGE('',*,*,#10146,.F.);
#9170=ORIENTED_EDGE('',*,*,#10147,.F.);
#9171=ORIENTED_EDGE('',*,*,#10144,.T.);
#9172=ORIENTED_EDGE('',*,*,#10146,.T.);
#9173=ORIENTED_EDGE('',*,*,#10147,.T.);
#9174=ORIENTED_EDGE('',*,*,#10148,.F.);
#9175=ORIENTED_EDGE('',*,*,#10149,.F.);
#9176=ORIENTED_EDGE('',*,*,#10148,.T.);
#9177=ORIENTED_EDGE('',*,*,#10149,.T.);
#9178=ORIENTED_EDGE('',*,*,#10150,.F.);
#9179=ORIENTED_EDGE('',*,*,#10151,.T.);
#9180=ORIENTED_EDGE('',*,*,#10152,.F.);
#9181=ORIENTED_EDGE('',*,*,#10153,.F.);
#9182=ORIENTED_EDGE('',*,*,#10154,.T.);
#9183=ORIENTED_EDGE('',*,*,#10155,.T.);
#9184=ORIENTED_EDGE('',*,*,#10156,.T.);
#9185=ORIENTED_EDGE('',*,*,#10157,.F.);
#9186=ORIENTED_EDGE('',*,*,#10158,.T.);
#9187=ORIENTED_EDGE('',*,*,#10159,.T.);
#9188=ORIENTED_EDGE('',*,*,#10160,.T.);
#9189=ORIENTED_EDGE('',*,*,#10161,.F.);
#9190=ORIENTED_EDGE('',*,*,#10162,.T.);
#9191=ORIENTED_EDGE('',*,*,#10163,.T.);
#9192=ORIENTED_EDGE('',*,*,#10164,.T.);
#9193=ORIENTED_EDGE('',*,*,#10165,.F.);
#9194=ORIENTED_EDGE('',*,*,#10166,.T.);
#9195=ORIENTED_EDGE('',*,*,#10167,.T.);
#9196=ORIENTED_EDGE('',*,*,#10168,.T.);
#9197=ORIENTED_EDGE('',*,*,#10169,.F.);
#9198=ORIENTED_EDGE('',*,*,#10170,.T.);
#9199=ORIENTED_EDGE('',*,*,#10171,.T.);
#9200=ORIENTED_EDGE('',*,*,#10172,.T.);
#9201=ORIENTED_EDGE('',*,*,#10173,.F.);
#9202=ORIENTED_EDGE('',*,*,#10174,.T.);
#9203=ORIENTED_EDGE('',*,*,#10175,.T.);
#9204=ORIENTED_EDGE('',*,*,#10176,.F.);
#9205=ORIENTED_EDGE('',*,*,#10177,.F.);
#9206=ORIENTED_EDGE('',*,*,#10178,.T.);
#9207=ORIENTED_EDGE('',*,*,#10157,.T.);
#9208=ORIENTED_EDGE('',*,*,#10179,.T.);
#9209=ORIENTED_EDGE('',*,*,#10180,.T.);
#9210=ORIENTED_EDGE('',*,*,#10153,.T.);
#9211=ORIENTED_EDGE('',*,*,#10152,.T.);
#9212=ORIENTED_EDGE('',*,*,#10181,.T.);
#9213=ORIENTED_EDGE('',*,*,#10182,.T.);
#9214=ORIENTED_EDGE('',*,*,#10173,.T.);
#9215=ORIENTED_EDGE('',*,*,#10183,.T.);
#9216=ORIENTED_EDGE('',*,*,#10184,.T.);
#9217=ORIENTED_EDGE('',*,*,#10169,.T.);
#9218=ORIENTED_EDGE('',*,*,#10185,.T.);
#9219=ORIENTED_EDGE('',*,*,#10186,.T.);
#9220=ORIENTED_EDGE('',*,*,#10165,.T.);
#9221=ORIENTED_EDGE('',*,*,#10187,.T.);
#9222=ORIENTED_EDGE('',*,*,#10188,.T.);
#9223=ORIENTED_EDGE('',*,*,#10161,.T.);
#9224=ORIENTED_EDGE('',*,*,#10189,.T.);
#9225=ORIENTED_EDGE('',*,*,#10175,.F.);
#9226=ORIENTED_EDGE('',*,*,#10190,.T.);
#9227=ORIENTED_EDGE('',*,*,#10191,.T.);
#9228=ORIENTED_EDGE('',*,*,#10171,.F.);
#9229=ORIENTED_EDGE('',*,*,#10192,.T.);
#9230=ORIENTED_EDGE('',*,*,#10193,.T.);
#9231=ORIENTED_EDGE('',*,*,#10167,.F.);
#9232=ORIENTED_EDGE('',*,*,#10194,.T.);
#9233=ORIENTED_EDGE('',*,*,#10195,.T.);
#9234=ORIENTED_EDGE('',*,*,#10163,.F.);
#9235=ORIENTED_EDGE('',*,*,#10196,.T.);
#9236=ORIENTED_EDGE('',*,*,#10197,.T.);
#9237=ORIENTED_EDGE('',*,*,#10159,.F.);
#9238=ORIENTED_EDGE('',*,*,#10198,.T.);
#9239=ORIENTED_EDGE('',*,*,#10199,.T.);
#9240=ORIENTED_EDGE('',*,*,#10155,.F.);
#9241=ORIENTED_EDGE('',*,*,#10200,.T.);
#9242=ORIENTED_EDGE('',*,*,#10201,.T.);
#9243=ORIENTED_EDGE('',*,*,#10180,.F.);
#9244=ORIENTED_EDGE('',*,*,#10202,.F.);
#9245=ORIENTED_EDGE('',*,*,#10200,.F.);
#9246=ORIENTED_EDGE('',*,*,#10154,.F.);
#9247=ORIENTED_EDGE('',*,*,#10181,.F.);
#9248=ORIENTED_EDGE('',*,*,#10151,.F.);
#9249=ORIENTED_EDGE('',*,*,#10191,.F.);
#9250=ORIENTED_EDGE('',*,*,#10203,.T.);
#9251=ORIENTED_EDGE('',*,*,#10182,.F.);
#9252=ORIENTED_EDGE('',*,*,#10203,.F.);
#9253=ORIENTED_EDGE('',*,*,#10190,.F.);
#9254=ORIENTED_EDGE('',*,*,#10174,.F.);
#9255=ORIENTED_EDGE('',*,*,#10183,.F.);
#9256=ORIENTED_EDGE('',*,*,#10172,.F.);
#9257=ORIENTED_EDGE('',*,*,#10193,.F.);
#9258=ORIENTED_EDGE('',*,*,#10204,.T.);
#9259=ORIENTED_EDGE('',*,*,#10184,.F.);
#9260=ORIENTED_EDGE('',*,*,#10204,.F.);
#9261=ORIENTED_EDGE('',*,*,#10192,.F.);
#9262=ORIENTED_EDGE('',*,*,#10170,.F.);
#9263=ORIENTED_EDGE('',*,*,#10185,.F.);
#9264=ORIENTED_EDGE('',*,*,#10168,.F.);
#9265=ORIENTED_EDGE('',*,*,#10195,.F.);
#9266=ORIENTED_EDGE('',*,*,#10205,.T.);
#9267=ORIENTED_EDGE('',*,*,#10186,.F.);
#9268=ORIENTED_EDGE('',*,*,#10205,.F.);
#9269=ORIENTED_EDGE('',*,*,#10194,.F.);
#9270=ORIENTED_EDGE('',*,*,#10166,.F.);
#9271=ORIENTED_EDGE('',*,*,#10187,.F.);
#9272=ORIENTED_EDGE('',*,*,#10164,.F.);
#9273=ORIENTED_EDGE('',*,*,#10197,.F.);
#9274=ORIENTED_EDGE('',*,*,#10206,.T.);
#9275=ORIENTED_EDGE('',*,*,#10188,.F.);
#9276=ORIENTED_EDGE('',*,*,#10206,.F.);
#9277=ORIENTED_EDGE('',*,*,#10196,.F.);
#9278=ORIENTED_EDGE('',*,*,#10162,.F.);
#9279=ORIENTED_EDGE('',*,*,#10189,.F.);
#9280=ORIENTED_EDGE('',*,*,#10160,.F.);
#9281=ORIENTED_EDGE('',*,*,#10199,.F.);
#9282=ORIENTED_EDGE('',*,*,#10207,.T.);
#9283=ORIENTED_EDGE('',*,*,#10178,.F.);
#9284=ORIENTED_EDGE('',*,*,#10207,.F.);
#9285=ORIENTED_EDGE('',*,*,#10198,.F.);
#9286=ORIENTED_EDGE('',*,*,#10158,.F.);
#9287=ORIENTED_EDGE('',*,*,#10179,.F.);
#9288=ORIENTED_EDGE('',*,*,#10156,.F.);
#9289=ORIENTED_EDGE('',*,*,#10201,.F.);
#9290=ORIENTED_EDGE('',*,*,#10202,.T.);
#9291=ORIENTED_EDGE('',*,*,#10208,.T.);
#9292=ORIENTED_EDGE('',*,*,#10209,.T.);
#9293=ORIENTED_EDGE('',*,*,#10150,.T.);
#9294=ORIENTED_EDGE('',*,*,#10209,.F.);
#9295=ORIENTED_EDGE('',*,*,#10208,.F.);
#9296=ORIENTED_EDGE('',*,*,#10210,.F.);
#9297=ORIENTED_EDGE('',*,*,#10211,.F.);
#9298=ORIENTED_EDGE('',*,*,#10212,.F.);
#9299=ORIENTED_EDGE('',*,*,#10213,.F.);
#9300=ORIENTED_EDGE('',*,*,#10214,.F.);
#9301=ORIENTED_EDGE('',*,*,#10215,.F.);
#9302=ORIENTED_EDGE('',*,*,#10177,.T.);
#9303=ORIENTED_EDGE('',*,*,#10176,.T.);
#9304=ORIENTED_EDGE('',*,*,#10216,.F.);
#9305=ORIENTED_EDGE('',*,*,#10217,.F.);
#9306=ORIENTED_EDGE('',*,*,#10218,.F.);
#9307=ORIENTED_EDGE('',*,*,#10219,.F.);
#9308=ORIENTED_EDGE('',*,*,#10220,.F.);
#9309=ORIENTED_EDGE('',*,*,#10221,.F.);
#9310=ORIENTED_EDGE('',*,*,#10222,.F.);
#9311=ORIENTED_EDGE('',*,*,#10223,.F.);
#9312=ORIENTED_EDGE('',*,*,#10224,.F.);
#9313=ORIENTED_EDGE('',*,*,#10225,.F.);
#9314=ORIENTED_EDGE('',*,*,#10221,.T.);
#9315=ORIENTED_EDGE('',*,*,#10226,.T.);
#9316=ORIENTED_EDGE('',*,*,#10227,.F.);
#9317=ORIENTED_EDGE('',*,*,#10228,.F.);
#9318=ORIENTED_EDGE('',*,*,#10229,.T.);
#9319=ORIENTED_EDGE('',*,*,#10216,.T.);
#9320=ORIENTED_EDGE('',*,*,#10229,.F.);
#9321=ORIENTED_EDGE('',*,*,#10230,.F.);
#9322=ORIENTED_EDGE('',*,*,#10218,.T.);
#9323=ORIENTED_EDGE('',*,*,#10217,.T.);
#9324=ORIENTED_EDGE('',*,*,#10230,.T.);
#9325=ORIENTED_EDGE('',*,*,#10228,.T.);
#9326=ORIENTED_EDGE('',*,*,#10231,.F.);
#9327=ORIENTED_EDGE('',*,*,#10232,.F.);
#9328=ORIENTED_EDGE('',*,*,#10220,.T.);
#9329=ORIENTED_EDGE('',*,*,#10219,.T.);
#9330=ORIENTED_EDGE('',*,*,#10232,.T.);
#9331=ORIENTED_EDGE('',*,*,#10233,.F.);
#9332=ORIENTED_EDGE('',*,*,#10226,.F.);
#9333=ORIENTED_EDGE('',*,*,#10225,.T.);
#9334=ORIENTED_EDGE('',*,*,#10234,.T.);
#9335=ORIENTED_EDGE('',*,*,#10235,.F.);
#9336=ORIENTED_EDGE('',*,*,#10236,.F.);
#9337=ORIENTED_EDGE('',*,*,#10237,.T.);
#9338=ORIENTED_EDGE('',*,*,#10222,.T.);
#9339=ORIENTED_EDGE('',*,*,#10237,.F.);
#9340=ORIENTED_EDGE('',*,*,#10238,.F.);
#9341=ORIENTED_EDGE('',*,*,#10223,.T.);
#9342=ORIENTED_EDGE('',*,*,#10238,.T.);
#9343=ORIENTED_EDGE('',*,*,#10236,.T.);
#9344=ORIENTED_EDGE('',*,*,#10239,.F.);
#9345=ORIENTED_EDGE('',*,*,#10240,.F.);
#9346=ORIENTED_EDGE('',*,*,#10224,.T.);
#9347=ORIENTED_EDGE('',*,*,#10240,.T.);
#9348=ORIENTED_EDGE('',*,*,#10241,.F.);
#9349=ORIENTED_EDGE('',*,*,#10234,.F.);
#9350=ORIENTED_EDGE('',*,*,#10215,.T.);
#9351=ORIENTED_EDGE('',*,*,#10242,.T.);
#9352=ORIENTED_EDGE('',*,*,#10243,.F.);
#9353=ORIENTED_EDGE('',*,*,#10244,.F.);
#9354=ORIENTED_EDGE('',*,*,#10245,.T.);
#9355=ORIENTED_EDGE('',*,*,#10210,.T.);
#9356=ORIENTED_EDGE('',*,*,#10245,.F.);
#9357=ORIENTED_EDGE('',*,*,#10246,.F.);
#9358=ORIENTED_EDGE('',*,*,#10212,.T.);
#9359=ORIENTED_EDGE('',*,*,#10211,.T.);
#9360=ORIENTED_EDGE('',*,*,#10246,.T.);
#9361=ORIENTED_EDGE('',*,*,#10244,.T.);
#9362=ORIENTED_EDGE('',*,*,#10247,.F.);
#9363=ORIENTED_EDGE('',*,*,#10248,.F.);
#9364=ORIENTED_EDGE('',*,*,#10214,.T.);
#9365=ORIENTED_EDGE('',*,*,#10213,.T.);
#9366=ORIENTED_EDGE('',*,*,#10248,.T.);
#9367=ORIENTED_EDGE('',*,*,#10249,.F.);
#9368=ORIENTED_EDGE('',*,*,#10242,.F.);
#9369=ORIENTED_EDGE('',*,*,#10227,.T.);
#9370=ORIENTED_EDGE('',*,*,#10233,.T.);
#9371=ORIENTED_EDGE('',*,*,#10231,.T.);
#9372=ORIENTED_EDGE('',*,*,#10235,.T.);
#9373=ORIENTED_EDGE('',*,*,#10241,.T.);
#9374=ORIENTED_EDGE('',*,*,#10239,.T.);
#9375=ORIENTED_EDGE('',*,*,#10243,.T.);
#9376=ORIENTED_EDGE('',*,*,#10249,.T.);
#9377=ORIENTED_EDGE('',*,*,#10247,.T.);
#9378=ORIENTED_EDGE('',*,*,#10250,.F.);
#9379=ORIENTED_EDGE('',*,*,#10251,.T.);
#9380=ORIENTED_EDGE('',*,*,#10252,.F.);
#9381=ORIENTED_EDGE('',*,*,#10253,.T.);
#9382=ORIENTED_EDGE('',*,*,#10254,.T.);
#9383=ORIENTED_EDGE('',*,*,#10255,.T.);
#9384=ORIENTED_EDGE('',*,*,#10256,.T.);
#9385=ORIENTED_EDGE('',*,*,#10257,.F.);
#9386=ORIENTED_EDGE('',*,*,#10252,.T.);
#9387=ORIENTED_EDGE('',*,*,#10258,.F.);
#9388=ORIENTED_EDGE('',*,*,#10250,.T.);
#9389=ORIENTED_EDGE('',*,*,#10251,.F.);
#9390=ORIENTED_EDGE('',*,*,#10259,.T.);
#9391=ORIENTED_EDGE('',*,*,#10253,.F.);
#9392=ORIENTED_EDGE('',*,*,#10260,.T.);
#9393=ORIENTED_EDGE('',*,*,#10254,.F.);
#9394=ORIENTED_EDGE('',*,*,#10261,.T.);
#9395=ORIENTED_EDGE('',*,*,#10255,.F.);
#9396=ORIENTED_EDGE('',*,*,#10262,.T.);
#9397=ORIENTED_EDGE('',*,*,#10256,.F.);
#9398=ORIENTED_EDGE('',*,*,#10263,.T.);
#9399=ORIENTED_EDGE('',*,*,#10264,.T.);
#9400=ORIENTED_EDGE('',*,*,#10258,.T.);
#9401=ORIENTED_EDGE('',*,*,#10259,.F.);
#9402=ORIENTED_EDGE('',*,*,#10265,.T.);
#9403=ORIENTED_EDGE('',*,*,#10260,.F.);
#9404=ORIENTED_EDGE('',*,*,#10266,.F.);
#9405=ORIENTED_EDGE('',*,*,#10261,.F.);
#9406=ORIENTED_EDGE('',*,*,#10267,.F.);
#9407=ORIENTED_EDGE('',*,*,#10262,.F.);
#9408=ORIENTED_EDGE('',*,*,#10268,.F.);
#9409=ORIENTED_EDGE('',*,*,#10263,.F.);
#9410=ORIENTED_EDGE('',*,*,#10269,.F.);
#9411=ORIENTED_EDGE('',*,*,#10265,.F.);
#9412=ORIENTED_EDGE('',*,*,#10270,.T.);
#9413=ORIENTED_EDGE('',*,*,#10266,.T.);
#9414=ORIENTED_EDGE('',*,*,#10271,.T.);
#9415=ORIENTED_EDGE('',*,*,#10267,.T.);
#9416=ORIENTED_EDGE('',*,*,#10272,.T.);
#9417=ORIENTED_EDGE('',*,*,#10268,.T.);
#9418=ORIENTED_EDGE('',*,*,#10273,.T.);
#9419=ORIENTED_EDGE('',*,*,#10269,.T.);
#9420=ORIENTED_EDGE('',*,*,#10274,.T.);
#9421=ORIENTED_EDGE('',*,*,#10270,.F.);
#9422=ORIENTED_EDGE('',*,*,#10275,.T.);
#9423=ORIENTED_EDGE('',*,*,#10276,.T.);
#9424=ORIENTED_EDGE('',*,*,#10277,.T.);
#9425=ORIENTED_EDGE('',*,*,#10278,.T.);
#9426=ORIENTED_EDGE('',*,*,#10271,.F.);
#9427=ORIENTED_EDGE('',*,*,#10276,.F.);
#9428=ORIENTED_EDGE('',*,*,#10272,.F.);
#9429=ORIENTED_EDGE('',*,*,#10278,.F.);
#9430=ORIENTED_EDGE('',*,*,#10273,.F.);
#9431=ORIENTED_EDGE('',*,*,#10275,.F.);
#9432=ORIENTED_EDGE('',*,*,#10274,.F.);
#9433=ORIENTED_EDGE('',*,*,#10277,.F.);
#9434=ORIENTED_EDGE('',*,*,#10264,.F.);
#9435=ORIENTED_EDGE('',*,*,#10257,.T.);
#9436=ORIENTED_EDGE('',*,*,#10279,.F.);
#9437=ORIENTED_EDGE('',*,*,#10280,.T.);
#9438=ORIENTED_EDGE('',*,*,#10281,.F.);
#9439=ORIENTED_EDGE('',*,*,#10282,.T.);
#9440=ORIENTED_EDGE('',*,*,#10283,.T.);
#9441=ORIENTED_EDGE('',*,*,#10284,.T.);
#9442=ORIENTED_EDGE('',*,*,#10285,.T.);
#9443=ORIENTED_EDGE('',*,*,#10286,.T.);
#9444=ORIENTED_EDGE('',*,*,#10287,.T.);
#9445=ORIENTED_EDGE('',*,*,#10288,.T.);
#9446=ORIENTED_EDGE('',*,*,#10289,.T.);
#9447=ORIENTED_EDGE('',*,*,#10290,.F.);
#9448=ORIENTED_EDGE('',*,*,#10291,.T.);
#9449=ORIENTED_EDGE('',*,*,#10292,.F.);
#9450=ORIENTED_EDGE('',*,*,#10279,.T.);
#9451=ORIENTED_EDGE('',*,*,#10280,.F.);
#9452=ORIENTED_EDGE('',*,*,#10293,.T.);
#9453=ORIENTED_EDGE('',*,*,#10289,.F.);
#9454=ORIENTED_EDGE('',*,*,#10294,.T.);
#9455=ORIENTED_EDGE('',*,*,#10288,.F.);
#9456=ORIENTED_EDGE('',*,*,#10295,.T.);
#9457=ORIENTED_EDGE('',*,*,#10287,.F.);
#9458=ORIENTED_EDGE('',*,*,#10296,.T.);
#9459=ORIENTED_EDGE('',*,*,#10286,.F.);
#9460=ORIENTED_EDGE('',*,*,#10297,.T.);
#9461=ORIENTED_EDGE('',*,*,#10285,.F.);
#9462=ORIENTED_EDGE('',*,*,#10298,.T.);
#9463=ORIENTED_EDGE('',*,*,#10284,.F.);
#9464=ORIENTED_EDGE('',*,*,#10299,.T.);
#9465=ORIENTED_EDGE('',*,*,#10283,.F.);
#9466=ORIENTED_EDGE('',*,*,#10300,.T.);
#9467=ORIENTED_EDGE('',*,*,#10282,.F.);
#9468=ORIENTED_EDGE('',*,*,#10301,.T.);
#9469=ORIENTED_EDGE('',*,*,#10302,.T.);
#9470=ORIENTED_EDGE('',*,*,#10292,.T.);
#9471=ORIENTED_EDGE('',*,*,#10293,.F.);
#9472=ORIENTED_EDGE('',*,*,#10303,.T.);
#9473=ORIENTED_EDGE('',*,*,#10294,.F.);
#9474=ORIENTED_EDGE('',*,*,#10304,.F.);
#9475=ORIENTED_EDGE('',*,*,#10295,.F.);
#9476=ORIENTED_EDGE('',*,*,#10305,.F.);
#9477=ORIENTED_EDGE('',*,*,#10296,.F.);
#9478=ORIENTED_EDGE('',*,*,#10306,.F.);
#9479=ORIENTED_EDGE('',*,*,#10297,.F.);
#9480=ORIENTED_EDGE('',*,*,#10307,.F.);
#9481=ORIENTED_EDGE('',*,*,#10298,.F.);
#9482=ORIENTED_EDGE('',*,*,#10308,.F.);
#9483=ORIENTED_EDGE('',*,*,#10299,.F.);
#9484=ORIENTED_EDGE('',*,*,#10309,.F.);
#9485=ORIENTED_EDGE('',*,*,#10300,.F.);
#9486=ORIENTED_EDGE('',*,*,#10310,.F.);
#9487=ORIENTED_EDGE('',*,*,#10301,.F.);
#9488=ORIENTED_EDGE('',*,*,#10311,.F.);
#9489=ORIENTED_EDGE('',*,*,#10303,.F.);
#9490=ORIENTED_EDGE('',*,*,#10312,.T.);
#9491=ORIENTED_EDGE('',*,*,#10304,.T.);
#9492=ORIENTED_EDGE('',*,*,#10313,.T.);
#9493=ORIENTED_EDGE('',*,*,#10305,.T.);
#9494=ORIENTED_EDGE('',*,*,#10314,.T.);
#9495=ORIENTED_EDGE('',*,*,#10306,.T.);
#9496=ORIENTED_EDGE('',*,*,#10315,.T.);
#9497=ORIENTED_EDGE('',*,*,#10307,.T.);
#9498=ORIENTED_EDGE('',*,*,#10316,.T.);
#9499=ORIENTED_EDGE('',*,*,#10308,.T.);
#9500=ORIENTED_EDGE('',*,*,#10317,.T.);
#9501=ORIENTED_EDGE('',*,*,#10309,.T.);
#9502=ORIENTED_EDGE('',*,*,#10318,.T.);
#9503=ORIENTED_EDGE('',*,*,#10310,.T.);
#9504=ORIENTED_EDGE('',*,*,#10319,.T.);
#9505=ORIENTED_EDGE('',*,*,#10311,.T.);
#9506=ORIENTED_EDGE('',*,*,#10320,.T.);
#9507=ORIENTED_EDGE('',*,*,#10312,.F.);
#9508=ORIENTED_EDGE('',*,*,#10321,.T.);
#9509=ORIENTED_EDGE('',*,*,#10322,.T.);
#9510=ORIENTED_EDGE('',*,*,#10323,.T.);
#9511=ORIENTED_EDGE('',*,*,#10324,.T.);
#9512=ORIENTED_EDGE('',*,*,#10325,.T.);
#9513=ORIENTED_EDGE('',*,*,#10326,.T.);
#9514=ORIENTED_EDGE('',*,*,#10327,.T.);
#9515=ORIENTED_EDGE('',*,*,#10328,.T.);
#9516=ORIENTED_EDGE('',*,*,#10313,.F.);
#9517=ORIENTED_EDGE('',*,*,#10326,.F.);
#9518=ORIENTED_EDGE('',*,*,#10314,.F.);
#9519=ORIENTED_EDGE('',*,*,#10324,.F.);
#9520=ORIENTED_EDGE('',*,*,#10315,.F.);
#9521=ORIENTED_EDGE('',*,*,#10322,.F.);
#9522=ORIENTED_EDGE('',*,*,#10316,.F.);
#9523=ORIENTED_EDGE('',*,*,#10328,.F.);
#9524=ORIENTED_EDGE('',*,*,#10317,.F.);
#9525=ORIENTED_EDGE('',*,*,#10321,.F.);
#9526=ORIENTED_EDGE('',*,*,#10318,.F.);
#9527=ORIENTED_EDGE('',*,*,#10323,.F.);
#9528=ORIENTED_EDGE('',*,*,#10319,.F.);
#9529=ORIENTED_EDGE('',*,*,#10325,.F.);
#9530=ORIENTED_EDGE('',*,*,#10320,.F.);
#9531=ORIENTED_EDGE('',*,*,#10327,.F.);
#9532=ORIENTED_EDGE('',*,*,#10291,.F.);
#9533=ORIENTED_EDGE('',*,*,#10281,.T.);
#9534=ORIENTED_EDGE('',*,*,#10302,.F.);
#9535=ORIENTED_EDGE('',*,*,#10290,.T.);
#9536=ORIENTED_EDGE('',*,*,#10329,.T.);
#9537=ORIENTED_EDGE('',*,*,#10330,.T.);
#9538=ORIENTED_EDGE('',*,*,#10331,.T.);
#9539=ORIENTED_EDGE('',*,*,#10332,.T.);
#9540=ORIENTED_EDGE('',*,*,#10333,.F.);
#9541=ORIENTED_EDGE('',*,*,#10334,.F.);
#9542=ORIENTED_EDGE('',*,*,#10333,.T.);
#9543=ORIENTED_EDGE('',*,*,#10335,.F.);
#9544=ORIENTED_EDGE('',*,*,#10336,.F.);
#9545=ORIENTED_EDGE('',*,*,#10337,.F.);
#9546=ORIENTED_EDGE('',*,*,#10329,.F.);
#9547=ORIENTED_EDGE('',*,*,#10337,.T.);
#9548=ORIENTED_EDGE('',*,*,#10338,.T.);
#9549=ORIENTED_EDGE('',*,*,#10339,.T.);
#9550=ORIENTED_EDGE('',*,*,#10330,.F.);
#9551=ORIENTED_EDGE('',*,*,#10339,.F.);
#9552=ORIENTED_EDGE('',*,*,#10340,.F.);
#9553=ORIENTED_EDGE('',*,*,#10341,.F.);
#9554=ORIENTED_EDGE('',*,*,#10331,.F.);
#9555=ORIENTED_EDGE('',*,*,#10335,.T.);
#9556=ORIENTED_EDGE('',*,*,#10332,.F.);
#9557=ORIENTED_EDGE('',*,*,#10341,.T.);
#9558=ORIENTED_EDGE('',*,*,#10342,.T.);
#9559=ORIENTED_EDGE('',*,*,#10334,.T.);
#9560=ORIENTED_EDGE('',*,*,#10340,.T.);
#9561=ORIENTED_EDGE('',*,*,#10338,.F.);
#9562=ORIENTED_EDGE('',*,*,#10336,.T.);
#9563=ORIENTED_EDGE('',*,*,#10342,.F.);
#9564=ORIENTED_EDGE('',*,*,#10343,.F.);
#9565=ORIENTED_EDGE('',*,*,#10344,.T.);
#9566=ORIENTED_EDGE('',*,*,#10345,.T.);
#9567=ORIENTED_EDGE('',*,*,#10346,.F.);
#9568=ORIENTED_EDGE('',*,*,#10347,.F.);
#9569=ORIENTED_EDGE('',*,*,#10348,.T.);
#9570=ORIENTED_EDGE('',*,*,#10349,.T.);
#9571=ORIENTED_EDGE('',*,*,#10344,.F.);
#9572=ORIENTED_EDGE('',*,*,#10350,.F.);
#9573=ORIENTED_EDGE('',*,*,#10351,.T.);
#9574=ORIENTED_EDGE('',*,*,#10352,.T.);
#9575=ORIENTED_EDGE('',*,*,#10348,.F.);
#9576=ORIENTED_EDGE('',*,*,#10353,.F.);
#9577=ORIENTED_EDGE('',*,*,#10354,.T.);
#9578=ORIENTED_EDGE('',*,*,#10355,.T.);
#9579=ORIENTED_EDGE('',*,*,#10351,.F.);
#9580=ORIENTED_EDGE('',*,*,#10356,.F.);
#9581=ORIENTED_EDGE('',*,*,#10357,.T.);
#9582=ORIENTED_EDGE('',*,*,#10358,.T.);
#9583=ORIENTED_EDGE('',*,*,#10354,.F.);
#9584=ORIENTED_EDGE('',*,*,#10359,.F.);
#9585=ORIENTED_EDGE('',*,*,#10360,.T.);
#9586=ORIENTED_EDGE('',*,*,#10361,.T.);
#9587=ORIENTED_EDGE('',*,*,#10357,.F.);
#9588=ORIENTED_EDGE('',*,*,#10362,.F.);
#9589=ORIENTED_EDGE('',*,*,#10363,.T.);
#9590=ORIENTED_EDGE('',*,*,#10364,.T.);
#9591=ORIENTED_EDGE('',*,*,#10360,.F.);
#9592=ORIENTED_EDGE('',*,*,#10365,.F.);
#9593=ORIENTED_EDGE('',*,*,#10366,.T.);
#9594=ORIENTED_EDGE('',*,*,#10367,.T.);
#9595=ORIENTED_EDGE('',*,*,#10363,.F.);
#9596=ORIENTED_EDGE('',*,*,#10368,.F.);
#9597=ORIENTED_EDGE('',*,*,#10369,.T.);
#9598=ORIENTED_EDGE('',*,*,#10370,.T.);
#9599=ORIENTED_EDGE('',*,*,#10366,.F.);
#9600=ORIENTED_EDGE('',*,*,#10371,.F.);
#9601=ORIENTED_EDGE('',*,*,#10372,.T.);
#9602=ORIENTED_EDGE('',*,*,#10373,.T.);
#9603=ORIENTED_EDGE('',*,*,#10369,.F.);
#9604=ORIENTED_EDGE('',*,*,#10374,.F.);
#9605=ORIENTED_EDGE('',*,*,#10375,.T.);
#9606=ORIENTED_EDGE('',*,*,#10376,.T.);
#9607=ORIENTED_EDGE('',*,*,#10372,.F.);
#9608=ORIENTED_EDGE('',*,*,#10377,.F.);
#9609=ORIENTED_EDGE('',*,*,#10346,.T.);
#9610=ORIENTED_EDGE('',*,*,#10378,.T.);
#9611=ORIENTED_EDGE('',*,*,#10375,.F.);
#9612=ORIENTED_EDGE('',*,*,#10379,.F.);
#9613=ORIENTED_EDGE('',*,*,#10377,.T.);
#9614=ORIENTED_EDGE('',*,*,#10374,.T.);
#9615=ORIENTED_EDGE('',*,*,#10371,.T.);
#9616=ORIENTED_EDGE('',*,*,#10368,.T.);
#9617=ORIENTED_EDGE('',*,*,#10365,.T.);
#9618=ORIENTED_EDGE('',*,*,#10362,.T.);
#9619=ORIENTED_EDGE('',*,*,#10359,.T.);
#9620=ORIENTED_EDGE('',*,*,#10356,.T.);
#9621=ORIENTED_EDGE('',*,*,#10353,.T.);
#9622=ORIENTED_EDGE('',*,*,#10350,.T.);
#9623=ORIENTED_EDGE('',*,*,#10347,.T.);
#9624=ORIENTED_EDGE('',*,*,#10343,.T.);
#9625=ORIENTED_EDGE('',*,*,#10380,.T.);
#9626=ORIENTED_EDGE('',*,*,#10345,.F.);
#9627=ORIENTED_EDGE('',*,*,#10349,.F.);
#9628=ORIENTED_EDGE('',*,*,#10352,.F.);
#9629=ORIENTED_EDGE('',*,*,#10355,.F.);
#9630=ORIENTED_EDGE('',*,*,#10358,.F.);
#9631=ORIENTED_EDGE('',*,*,#10361,.F.);
#9632=ORIENTED_EDGE('',*,*,#10364,.F.);
#9633=ORIENTED_EDGE('',*,*,#10367,.F.);
#9634=ORIENTED_EDGE('',*,*,#10370,.F.);
#9635=ORIENTED_EDGE('',*,*,#10373,.F.);
#9636=ORIENTED_EDGE('',*,*,#10376,.F.);
#9637=ORIENTED_EDGE('',*,*,#10378,.F.);
#9638=ORIENTED_EDGE('',*,*,#10381,.F.);
#9639=ORIENTED_EDGE('',*,*,#10379,.T.);
#9640=ORIENTED_EDGE('',*,*,#10380,.F.);
#9641=ORIENTED_EDGE('',*,*,#10382,.T.);
#9642=ORIENTED_EDGE('',*,*,#10381,.T.);
#9643=ORIENTED_EDGE('',*,*,#10382,.F.);
#9644=ORIENTED_EDGE('',*,*,#10383,.F.);
#9645=ORIENTED_EDGE('',*,*,#10384,.F.);
#9646=ORIENTED_EDGE('',*,*,#10385,.F.);
#9647=ORIENTED_EDGE('',*,*,#10386,.F.);
#9648=ORIENTED_EDGE('',*,*,#10387,.F.);
#9649=ORIENTED_EDGE('',*,*,#10388,.F.);
#9650=ORIENTED_EDGE('',*,*,#10389,.F.);
#9651=ORIENTED_EDGE('',*,*,#10390,.F.);
#9652=ORIENTED_EDGE('',*,*,#10391,.F.);
#9653=ORIENTED_EDGE('',*,*,#10392,.F.);
#9654=ORIENTED_EDGE('',*,*,#10393,.F.);
#9655=ORIENTED_EDGE('',*,*,#10394,.F.);
#9656=ORIENTED_EDGE('',*,*,#10389,.T.);
#9657=ORIENTED_EDGE('',*,*,#10388,.T.);
#9658=ORIENTED_EDGE('',*,*,#10387,.T.);
#9659=ORIENTED_EDGE('',*,*,#10395,.F.);
#9660=ORIENTED_EDGE('',*,*,#10396,.F.);
#9661=ORIENTED_EDGE('',*,*,#10397,.F.);
#9662=ORIENTED_EDGE('',*,*,#10398,.F.);
#9663=ORIENTED_EDGE('',*,*,#10399,.F.);
#9664=ORIENTED_EDGE('',*,*,#10400,.F.);
#9665=ORIENTED_EDGE('',*,*,#10401,.F.);
#9666=ORIENTED_EDGE('',*,*,#10386,.T.);
#9667=ORIENTED_EDGE('',*,*,#10402,.F.);
#9668=ORIENTED_EDGE('',*,*,#10403,.T.);
#9669=ORIENTED_EDGE('',*,*,#10404,.T.);
#9670=ORIENTED_EDGE('',*,*,#10405,.T.);
#9671=ORIENTED_EDGE('',*,*,#10406,.T.);
#9672=ORIENTED_EDGE('',*,*,#10407,.F.);
#9673=ORIENTED_EDGE('',*,*,#10408,.T.);
#9674=ORIENTED_EDGE('',*,*,#10409,.F.);
#9675=ORIENTED_EDGE('',*,*,#10410,.T.);
#9676=ORIENTED_EDGE('',*,*,#10411,.F.);
#9677=ORIENTED_EDGE('',*,*,#10412,.T.);
#9678=ORIENTED_EDGE('',*,*,#10413,.F.);
#9679=ORIENTED_EDGE('',*,*,#10414,.T.);
#9680=ORIENTED_EDGE('',*,*,#10383,.T.);
#9681=ORIENTED_EDGE('',*,*,#10392,.T.);
#9682=ORIENTED_EDGE('',*,*,#10391,.T.);
#9683=ORIENTED_EDGE('',*,*,#10390,.T.);
#9684=ORIENTED_EDGE('',*,*,#10415,.F.);
#9685=ORIENTED_EDGE('',*,*,#10416,.F.);
#9686=ORIENTED_EDGE('',*,*,#10417,.F.);
#9687=ORIENTED_EDGE('',*,*,#10395,.T.);
#9688=ORIENTED_EDGE('',*,*,#10401,.T.);
#9689=ORIENTED_EDGE('',*,*,#10418,.T.);
#9690=ORIENTED_EDGE('',*,*,#10412,.F.);
#9691=ORIENTED_EDGE('',*,*,#10419,.F.);
#9692=ORIENTED_EDGE('',*,*,#10397,.T.);
#9693=ORIENTED_EDGE('',*,*,#10420,.T.);
#9694=ORIENTED_EDGE('',*,*,#10410,.F.);
#9695=ORIENTED_EDGE('',*,*,#10421,.F.);
#9696=ORIENTED_EDGE('',*,*,#10402,.T.);
#9697=ORIENTED_EDGE('',*,*,#10394,.T.);
#9698=ORIENTED_EDGE('',*,*,#10422,.T.);
#9699=ORIENTED_EDGE('',*,*,#10408,.F.);
#9700=ORIENTED_EDGE('',*,*,#10423,.T.);
#9701=ORIENTED_EDGE('',*,*,#10414,.F.);
#9702=ORIENTED_EDGE('',*,*,#10424,.F.);
#9703=ORIENTED_EDGE('',*,*,#10399,.T.);
#9704=ORIENTED_EDGE('',*,*,#10425,.F.);
#9705=ORIENTED_EDGE('',*,*,#10426,.F.);
#9706=ORIENTED_EDGE('',*,*,#10427,.F.);
#9707=ORIENTED_EDGE('',*,*,#10428,.F.);
#9708=ORIENTED_EDGE('',*,*,#10415,.T.);
#9709=ORIENTED_EDGE('',*,*,#10416,.T.);
#9710=ORIENTED_EDGE('',*,*,#10429,.F.);
#9711=ORIENTED_EDGE('',*,*,#10430,.F.);
#9712=ORIENTED_EDGE('',*,*,#10431,.T.);
#9713=ORIENTED_EDGE('',*,*,#10432,.T.);
#9714=ORIENTED_EDGE('',*,*,#10428,.T.);
#9715=ORIENTED_EDGE('',*,*,#10427,.T.);
#9716=ORIENTED_EDGE('',*,*,#10429,.T.);
#9717=ORIENTED_EDGE('',*,*,#10430,.T.);
#9718=ORIENTED_EDGE('',*,*,#10433,.F.);
#9719=ORIENTED_EDGE('',*,*,#10434,.F.);
#9720=ORIENTED_EDGE('',*,*,#10434,.T.);
#9721=ORIENTED_EDGE('',*,*,#10433,.T.);
#9722=ORIENTED_EDGE('',*,*,#10432,.F.);
#9723=ORIENTED_EDGE('',*,*,#10431,.F.);
#9724=ORIENTED_EDGE('',*,*,#10418,.F.);
#9725=ORIENTED_EDGE('',*,*,#10400,.T.);
#9726=ORIENTED_EDGE('',*,*,#10424,.T.);
#9727=ORIENTED_EDGE('',*,*,#10413,.T.);
#9728=ORIENTED_EDGE('',*,*,#10420,.F.);
#9729=ORIENTED_EDGE('',*,*,#10396,.T.);
#9730=ORIENTED_EDGE('',*,*,#10417,.T.);
#9731=ORIENTED_EDGE('',*,*,#10411,.T.);
#9732=ORIENTED_EDGE('',*,*,#10422,.F.);
#9733=ORIENTED_EDGE('',*,*,#10393,.T.);
#9734=ORIENTED_EDGE('',*,*,#10419,.T.);
#9735=ORIENTED_EDGE('',*,*,#10409,.T.);
#9736=ORIENTED_EDGE('',*,*,#10423,.F.);
#9737=ORIENTED_EDGE('',*,*,#10398,.T.);
#9738=ORIENTED_EDGE('',*,*,#10421,.T.);
#9739=ORIENTED_EDGE('',*,*,#10407,.T.);
#9740=ORIENTED_EDGE('',*,*,#10385,.T.);
#9741=ORIENTED_EDGE('',*,*,#10384,.T.);
#9742=ORIENTED_EDGE('',*,*,#10404,.F.);
#9743=ORIENTED_EDGE('',*,*,#10403,.F.);
#9744=ORIENTED_EDGE('',*,*,#10405,.F.);
#9745=ORIENTED_EDGE('',*,*,#10406,.F.);
#9746=ORIENTED_EDGE('',*,*,#10426,.T.);
#9747=ORIENTED_EDGE('',*,*,#10425,.T.);
#9748=ORIENTED_EDGE('',*,*,#10435,.T.);
#9749=ORIENTED_EDGE('',*,*,#10436,.T.);
#9750=ORIENTED_EDGE('',*,*,#10437,.F.);
#9751=ORIENTED_EDGE('',*,*,#10438,.F.);
#9752=ORIENTED_EDGE('',*,*,#10439,.T.);
#9753=ORIENTED_EDGE('',*,*,#10440,.T.);
#9754=ORIENTED_EDGE('',*,*,#10441,.F.);
#9755=ORIENTED_EDGE('',*,*,#10442,.F.);
#9756=ORIENTED_EDGE('',*,*,#10443,.T.);
#9757=ORIENTED_EDGE('',*,*,#10444,.T.);
#9758=ORIENTED_EDGE('',*,*,#10438,.T.);
#9759=ORIENTED_EDGE('',*,*,#10445,.T.);
#9760=ORIENTED_EDGE('',*,*,#10446,.T.);
#9761=ORIENTED_EDGE('',*,*,#10447,.T.);
#9762=ORIENTED_EDGE('',*,*,#10442,.T.);
#9763=ORIENTED_EDGE('',*,*,#10448,.T.);
#9764=ORIENTED_EDGE('',*,*,#10449,.T.);
#9765=ORIENTED_EDGE('',*,*,#10450,.T.);
#9766=ORIENTED_EDGE('',*,*,#10440,.F.);
#9767=ORIENTED_EDGE('',*,*,#10451,.T.);
#9768=ORIENTED_EDGE('',*,*,#10452,.T.);
#9769=ORIENTED_EDGE('',*,*,#10453,.T.);
#9770=ORIENTED_EDGE('',*,*,#10436,.F.);
#9771=ORIENTED_EDGE('',*,*,#10454,.T.);
#9772=ORIENTED_EDGE('',*,*,#10444,.F.);
#9773=ORIENTED_EDGE('',*,*,#10455,.T.);
#9774=ORIENTED_EDGE('',*,*,#10454,.F.);
#9775=ORIENTED_EDGE('',*,*,#10435,.F.);
#9776=ORIENTED_EDGE('',*,*,#10445,.F.);
#9777=ORIENTED_EDGE('',*,*,#10437,.T.);
#9778=ORIENTED_EDGE('',*,*,#10453,.F.);
#9779=ORIENTED_EDGE('',*,*,#10456,.F.);
#9780=ORIENTED_EDGE('',*,*,#10447,.F.);
#9781=ORIENTED_EDGE('',*,*,#10457,.T.);
#9782=ORIENTED_EDGE('',*,*,#10451,.F.);
#9783=ORIENTED_EDGE('',*,*,#10439,.F.);
#9784=ORIENTED_EDGE('',*,*,#10448,.F.);
#9785=ORIENTED_EDGE('',*,*,#10441,.T.);
#9786=ORIENTED_EDGE('',*,*,#10450,.F.);
#9787=ORIENTED_EDGE('',*,*,#10458,.F.);
#9788=ORIENTED_EDGE('',*,*,#10443,.F.);
#9789=ORIENTED_EDGE('',*,*,#10458,.T.);
#9790=ORIENTED_EDGE('',*,*,#10449,.F.);
#9791=ORIENTED_EDGE('',*,*,#10455,.F.);
#9792=ORIENTED_EDGE('',*,*,#10446,.F.);
#9793=ORIENTED_EDGE('',*,*,#10456,.T.);
#9794=ORIENTED_EDGE('',*,*,#10452,.F.);
#9795=ORIENTED_EDGE('',*,*,#10457,.F.);
#9796=ORIENTED_EDGE('',*,*,#10459,.T.);
#9797=ORIENTED_EDGE('',*,*,#10460,.T.);
#9798=ORIENTED_EDGE('',*,*,#10461,.F.);
#9799=ORIENTED_EDGE('',*,*,#10462,.F.);
#9800=ORIENTED_EDGE('',*,*,#10463,.T.);
#9801=ORIENTED_EDGE('',*,*,#10464,.T.);
#9802=ORIENTED_EDGE('',*,*,#10465,.F.);
#9803=ORIENTED_EDGE('',*,*,#10460,.F.);
#9804=ORIENTED_EDGE('',*,*,#10466,.T.);
#9805=ORIENTED_EDGE('',*,*,#10467,.T.);
#9806=ORIENTED_EDGE('',*,*,#10468,.F.);
#9807=ORIENTED_EDGE('',*,*,#10464,.F.);
#9808=ORIENTED_EDGE('',*,*,#10469,.T.);
#9809=ORIENTED_EDGE('',*,*,#10462,.T.);
#9810=ORIENTED_EDGE('',*,*,#10470,.F.);
#9811=ORIENTED_EDGE('',*,*,#10467,.F.);
#9812=ORIENTED_EDGE('',*,*,#10461,.T.);
#9813=ORIENTED_EDGE('',*,*,#10465,.T.);
#9814=ORIENTED_EDGE('',*,*,#10468,.T.);
#9815=ORIENTED_EDGE('',*,*,#10470,.T.);
#9816=ORIENTED_EDGE('',*,*,#10469,.F.);
#9817=ORIENTED_EDGE('',*,*,#10466,.F.);
#9818=ORIENTED_EDGE('',*,*,#10463,.F.);
#9819=ORIENTED_EDGE('',*,*,#10459,.F.);
#9820=ORIENTED_EDGE('',*,*,#10471,.T.);
#9821=ORIENTED_EDGE('',*,*,#10472,.T.);
#9822=ORIENTED_EDGE('',*,*,#10473,.F.);
#9823=ORIENTED_EDGE('',*,*,#10474,.F.);
#9824=ORIENTED_EDGE('',*,*,#10475,.T.);
#9825=ORIENTED_EDGE('',*,*,#10476,.T.);
#9826=ORIENTED_EDGE('',*,*,#10477,.F.);
#9827=ORIENTED_EDGE('',*,*,#10472,.F.);
#9828=ORIENTED_EDGE('',*,*,#10478,.T.);
#9829=ORIENTED_EDGE('',*,*,#10479,.T.);
#9830=ORIENTED_EDGE('',*,*,#10480,.F.);
#9831=ORIENTED_EDGE('',*,*,#10476,.F.);
#9832=ORIENTED_EDGE('',*,*,#10481,.T.);
#9833=ORIENTED_EDGE('',*,*,#10474,.T.);
#9834=ORIENTED_EDGE('',*,*,#10482,.F.);
#9835=ORIENTED_EDGE('',*,*,#10479,.F.);
#9836=ORIENTED_EDGE('',*,*,#10473,.T.);
#9837=ORIENTED_EDGE('',*,*,#10477,.T.);
#9838=ORIENTED_EDGE('',*,*,#10480,.T.);
#9839=ORIENTED_EDGE('',*,*,#10482,.T.);
#9840=ORIENTED_EDGE('',*,*,#10481,.F.);
#9841=ORIENTED_EDGE('',*,*,#10478,.F.);
#9842=ORIENTED_EDGE('',*,*,#10475,.F.);
#9843=ORIENTED_EDGE('',*,*,#10471,.F.);
#9844=EDGE_CURVE('',#10483,#10483,#10484,.T.);
#9845=EDGE_CURVE('',#10485,#10485,#10486,.T.);
#9846=EDGE_CURVE('',#10487,#10487,#10488,.T.);
#9847=EDGE_CURVE('',#10489,#10489,#10490,.F.);
#9848=EDGE_CURVE('',#10491,#10491,#10492,.T.);
#9849=EDGE_CURVE('',#10493,#10493,#10494,.F.);
#9850=EDGE_CURVE('',#10495,#10495,#10496,.T.);
#9851=EDGE_CURVE('',#10497,#10498,#10499,.T.);
#9852=EDGE_CURVE('',#10498,#10500,#10501,.T.);
#9853=EDGE_CURVE('',#10500,#10497,#10502,.T.);
#9854=EDGE_CURVE('',#10503,#10504,#10505,.F.);
#9855=EDGE_CURVE('',#10504,#10506,#10507,.F.);
#9856=EDGE_CURVE('',#10506,#10503,#10508,.F.);
#9857=EDGE_CURVE('',#10509,#10510,#10511,.T.);
#9858=EDGE_CURVE('',#10510,#10512,#10513,.T.);
#9859=EDGE_CURVE('',#10512,#10509,#10514,.T.);
#9860=EDGE_CURVE('',#10515,#10516,#10517,.F.);
#9861=EDGE_CURVE('',#10516,#10518,#10519,.F.);
#9862=EDGE_CURVE('',#10518,#10515,#10520,.F.);
#9863=EDGE_CURVE('',#10521,#10521,#10522,.T.);
#9864=EDGE_CURVE('',#10523,#10523,#10524,.F.);
#9865=EDGE_CURVE('',#10525,#10525,#10526,.T.);
#9866=EDGE_CURVE('',#10527,#10527,#10528,.F.);
#9867=EDGE_CURVE('',#10529,#10529,#10530,.T.);
#9868=EDGE_CURVE('',#10531,#10531,#10532,.F.);
#9869=EDGE_CURVE('',#10533,#10533,#10534,.T.);
#9870=EDGE_CURVE('',#10535,#10535,#10536,.T.);
#9871=EDGE_CURVE('',#10537,#10537,#10538,.T.);
#9872=EDGE_CURVE('',#10539,#10539,#10540,.T.);
#9873=EDGE_CURVE('',#10541,#10541,#10542,.T.);
#9874=EDGE_CURVE('',#10543,#10543,#10544,.T.);
#9875=EDGE_CURVE('',#10545,#10545,#10546,.T.);
#9876=EDGE_CURVE('',#10547,#10547,#10548,.T.);
#9877=EDGE_CURVE('',#10549,#10549,#10550,.T.);
#9878=EDGE_CURVE('',#10551,#10551,#10552,.T.);
#9879=EDGE_CURVE('',#10553,#10553,#10554,.T.);
#9880=EDGE_CURVE('',#10555,#10555,#10556,.F.);
#9881=EDGE_CURVE('',#10557,#10557,#10558,.T.);
#9882=EDGE_CURVE('',#10559,#10559,#10560,.F.);
#9883=EDGE_CURVE('',#10561,#10561,#10562,.T.);
#9884=EDGE_CURVE('',#10563,#10563,#10564,.F.);
#9885=EDGE_CURVE('',#10565,#10565,#10566,.T.);
#9886=EDGE_CURVE('',#10567,#10567,#10568,.F.);
#9887=EDGE_CURVE('',#10569,#10569,#10570,.T.);
#9888=EDGE_CURVE('',#10571,#10571,#10572,.F.);
#9889=EDGE_CURVE('',#10573,#10573,#10574,.T.);
#9890=EDGE_CURVE('',#10575,#10575,#10576,.F.);
#9891=EDGE_CURVE('',#10577,#10577,#10578,.T.);
#9892=EDGE_CURVE('',#10579,#10579,#10580,.F.);
#9893=EDGE_CURVE('',#10581,#10581,#10582,.T.);
#9894=EDGE_CURVE('',#10583,#10583,#10584,.F.);
#9895=EDGE_CURVE('',#10585,#10585,#10586,.F.);
#9896=EDGE_CURVE('',#10587,#10587,#10588,.F.);
#9897=EDGE_CURVE('',#10589,#10589,#10590,.F.);
#9898=EDGE_CURVE('',#10591,#10591,#10592,.F.);
#9899=EDGE_CURVE('',#10593,#10593,#10594,.F.);
#9900=EDGE_CURVE('',#10595,#10595,#10596,.F.);
#9901=EDGE_CURVE('',#10597,#10597,#10598,.F.);
#9902=EDGE_CURVE('',#10599,#10599,#10600,.T.);
#9903=EDGE_CURVE('',#10601,#10601,#10602,.T.);
#9904=EDGE_CURVE('',#10603,#10603,#10604,.T.);
#9905=EDGE_CURVE('',#10605,#10605,#10606,.T.);
#9906=EDGE_CURVE('',#10607,#10607,#10608,.F.);
#9907=EDGE_CURVE('',#10609,#10609,#10610,.F.);
#9908=EDGE_CURVE('',#10611,#10611,#10612,.F.);
#9909=EDGE_CURVE('',#10613,#10613,#10614,.F.);
#9910=EDGE_CURVE('',#10615,#10615,#10616,.F.);
#9911=EDGE_CURVE('',#10617,#10617,#10618,.F.);
#9912=EDGE_CURVE('',#10619,#10619,#10620,.F.);
#9913=EDGE_CURVE('',#10621,#10621,#10622,.F.);
#9914=EDGE_CURVE('',#10623,#10623,#10624,.F.);
#9915=EDGE_CURVE('',#10625,#10625,#10626,.T.);
#9916=EDGE_CURVE('',#10627,#10627,#10628,.T.);
#9917=EDGE_CURVE('',#10629,#10629,#10630,.F.);
#9918=EDGE_CURVE('',#10631,#10632,#10633,.F.);
#9919=EDGE_CURVE('',#10634,#10632,#10635,.T.);
#9920=EDGE_CURVE('',#10636,#10634,#10637,.T.);
#9921=EDGE_CURVE('',#10636,#10638,#10639,.T.);
#9922=EDGE_CURVE('',#10638,#10640,#10641,.F.);
#9923=EDGE_CURVE('',#10640,#10642,#10643,.F.);
#9924=EDGE_CURVE('',#10644,#10642,#10645,.T.);
#9925=EDGE_CURVE('',#10644,#10646,#10647,.T.);
#9926=EDGE_CURVE('',#10646,#10648,#10649,.F.);
#9927=EDGE_CURVE('',#10648,#10650,#10651,.F.);
#9928=EDGE_CURVE('',#10652,#10650,#10653,.T.);
#9929=EDGE_CURVE('',#10652,#10654,#10655,.T.);
#9930=EDGE_CURVE('',#10654,#10656,#10657,.F.);
#9931=EDGE_CURVE('',#10656,#10658,#10659,.F.);
#9932=EDGE_CURVE('',#10660,#10658,#10661,.T.);
#9933=EDGE_CURVE('',#10660,#10662,#10663,.T.);
#9934=EDGE_CURVE('',#10662,#10664,#10665,.F.);
#9935=EDGE_CURVE('',#10664,#10666,#10667,.F.);
#9936=EDGE_CURVE('',#10668,#10666,#10669,.T.);
#9937=EDGE_CURVE('',#10668,#10670,#10671,.T.);
#9938=EDGE_CURVE('',#10670,#10672,#10673,.F.);
#9939=EDGE_CURVE('',#10672,#10674,#10675,.F.);
#9940=EDGE_CURVE('',#10676,#10674,#10677,.T.);
#9941=EDGE_CURVE('',#10676,#10678,#10679,.T.);
#9942=EDGE_CURVE('',#10678,#10631,#10680,.F.);
#9943=EDGE_CURVE('',#10681,#10682,#10683,.T.);
#9944=EDGE_CURVE('',#10682,#10681,#10684,.T.);
#9945=EDGE_CURVE('',#10685,#10644,#10686,.T.);
#9946=EDGE_CURVE('',#10642,#10687,#10688,.T.);
#9947=EDGE_CURVE('',#10687,#10636,#10689,.T.);
#9948=EDGE_CURVE('',#10632,#10690,#10691,.T.);
#9949=EDGE_CURVE('',#10690,#10676,#10692,.T.);
#9950=EDGE_CURVE('',#10674,#10693,#10694,.T.);
#9951=EDGE_CURVE('',#10693,#10668,#10695,.T.);
#9952=EDGE_CURVE('',#10666,#10696,#10697,.T.);
#9953=EDGE_CURVE('',#10696,#10660,#10698,.T.);
#9954=EDGE_CURVE('',#10658,#10699,#10700,.T.);
#9955=EDGE_CURVE('',#10699,#10652,#10701,.T.);
#9956=EDGE_CURVE('',#10650,#10685,#10702,.T.);
#9957=EDGE_CURVE('',#10678,#10703,#10704,.T.);
#9958=EDGE_CURVE('',#10703,#10631,#10705,.T.);
#9959=EDGE_CURVE('',#10670,#10706,#10707,.T.);
#9960=EDGE_CURVE('',#10706,#10672,#10708,.T.);
#9961=EDGE_CURVE('',#10662,#10709,#10710,.T.);
#9962=EDGE_CURVE('',#10709,#10664,#10711,.T.);
#9963=EDGE_CURVE('',#10654,#10712,#10713,.T.);
#9964=EDGE_CURVE('',#10712,#10656,#10714,.T.);
#9965=EDGE_CURVE('',#10646,#10715,#10716,.T.);
#9966=EDGE_CURVE('',#10715,#10648,#10717,.T.);
#9967=EDGE_CURVE('',#10638,#10718,#10719,.T.);
#9968=EDGE_CURVE('',#10718,#10640,#10720,.T.);
#9969=EDGE_CURVE('',#10718,#10687,#10721,.T.);
#9970=EDGE_CURVE('',#10703,#10690,#10722,.T.);
#9971=EDGE_CURVE('',#10706,#10693,#10723,.T.);
#9972=EDGE_CURVE('',#10709,#10696,#10724,.T.);
#9973=EDGE_CURVE('',#10712,#10699,#10725,.T.);
#9974=EDGE_CURVE('',#10715,#10685,#10726,.T.);
#9975=EDGE_CURVE('',#10727,#10728,#10729,.T.);
#9976=EDGE_CURVE('',#10728,#10727,#10730,.T.);
#9977=EDGE_CURVE('',#10731,#10732,#10733,.T.);
#9978=EDGE_CURVE('',#10734,#10731,#10735,.T.);
#9979=EDGE_CURVE('',#10736,#10734,#10737,.T.);
#9980=EDGE_CURVE('',#10738,#10736,#10739,.F.);
#9981=EDGE_CURVE('',#10740,#10738,#10741,.F.);
#9982=EDGE_CURVE('',#10732,#10740,#10742,.T.);
#9983=EDGE_CURVE('',#10743,#10744,#10745,.T.);
#9984=EDGE_CURVE('',#10746,#10743,#10747,.T.);
#9985=EDGE_CURVE('',#10748,#10746,#10749,.T.);
#9986=EDGE_CURVE('',#10750,#10748,#10751,.T.);
#9987=EDGE_CURVE('',#10752,#10750,#10753,.T.);
#9988=EDGE_CURVE('',#10744,#10752,#10754,.T.);
#9989=EDGE_CURVE('',#10755,#10756,#10757,.T.);
#9990=EDGE_CURVE('',#10758,#10755,#10759,.T.);
#9991=EDGE_CURVE('',#10760,#10758,#10761,.T.);
#9992=EDGE_CURVE('',#10756,#10760,#10762,.T.);
#9993=EDGE_CURVE('',#10763,#10764,#10765,.F.);
#9994=EDGE_CURVE('',#10764,#10766,#10767,.F.);
#9995=EDGE_CURVE('',#10768,#10766,#10769,.T.);
#9996=EDGE_CURVE('',#10768,#10744,#10770,.T.);
#9997=EDGE_CURVE('',#10752,#10771,#10772,.T.);
#9998=EDGE_CURVE('',#10771,#10763,#10773,.F.);
#9999=EDGE_CURVE('',#10743,#10768,#10774,.T.);
#10000=EDGE_CURVE('',#10766,#10775,#10776,.T.);
#10001=EDGE_CURVE('',#10777,#10775,#10778,.T.);
#10002=EDGE_CURVE('',#10748,#10777,#10779,.T.);
#10003=EDGE_CURVE('',#10780,#10771,#10781,.F.);
#10004=EDGE_CURVE('',#10780,#10777,#10782,.T.);
#10005=EDGE_CURVE('',#10760,#10783,#10784,.T.);
#10006=EDGE_CURVE('',#10785,#10783,#10786,.T.);
#10007=EDGE_CURVE('',#10787,#10785,#10788,.T.);
#10008=EDGE_CURVE('',#10787,#10756,#10789,.T.);
#10009=EDGE_CURVE('',#10755,#10787,#10790,.T.);
#10010=EDGE_CURVE('',#10791,#10785,#10792,.T.);
#10011=EDGE_CURVE('',#10758,#10791,#10793,.T.);
#10012=EDGE_CURVE('',#10783,#10791,#10794,.T.);
#10013=EDGE_CURVE('',#10740,#10795,#10796,.T.);
#10014=EDGE_CURVE('',#10797,#10795,#10798,.T.);
#10015=EDGE_CURVE('',#10799,#10797,#10800,.T.);
#10016=EDGE_CURVE('',#10799,#10732,#10801,.T.);
#10017=EDGE_CURVE('',#10731,#10799,#10802,.T.);
#10018=EDGE_CURVE('',#10803,#10797,#10804,.T.);
#10019=EDGE_CURVE('',#10736,#10803,#10805,.T.);
#10020=EDGE_CURVE('',#10795,#10803,#10806,.T.);
#10021=EDGE_CURVE('',#10764,#10763,#10807,.T.);
#10022=EDGE_CURVE('',#10775,#10780,#10808,.T.);
#10023=EDGE_CURVE('',#10809,#10810,#10811,.F.);
#10024=EDGE_CURVE('',#10812,#10809,#10813,.T.);
#10025=EDGE_CURVE('',#10812,#10814,#10815,.T.);
#10026=EDGE_CURVE('',#10814,#10816,#10817,.T.);
#10027=EDGE_CURVE('',#10818,#10816,#10819,.F.);
#10028=EDGE_CURVE('',#10810,#10818,#10820,.T.);
#10029=EDGE_CURVE('',#10821,#10821,#10822,.F.);
#10030=EDGE_CURVE('',#10823,#10824,#10825,.F.);
#10031=EDGE_CURVE('',#10826,#10823,#10827,.T.);
#10032=EDGE_CURVE('',#10826,#10828,#10829,.T.);
#10033=EDGE_CURVE('',#10828,#10830,#10831,.T.);
#10034=EDGE_CURVE('',#10832,#10830,#10833,.F.);
#10035=EDGE_CURVE('',#10824,#10832,#10834,.T.);
#10036=EDGE_CURVE('',#10835,#10835,#10836,.F.);
#10037=EDGE_CURVE('',#10837,#10838,#10839,.F.);
#10038=EDGE_CURVE('',#10840,#10837,#10841,.T.);
#10039=EDGE_CURVE('',#10842,#10840,#10843,.F.);
#10040=EDGE_CURVE('',#10844,#10842,#10845,.T.);
#10041=EDGE_CURVE('',#10844,#10846,#10847,.T.);
#10042=EDGE_CURVE('',#10846,#10838,#10848,.T.);
#10043=EDGE_CURVE('',#10849,#10849,#10850,.T.);
#10044=EDGE_CURVE('',#10851,#10852,#10853,.T.);
#10045=EDGE_CURVE('',#10852,#10854,#10855,.T.);
#10046=EDGE_CURVE('',#10856,#10854,#10857,.F.);
#10047=EDGE_CURVE('',#10858,#10856,#10859,.T.);
#10048=EDGE_CURVE('',#10860,#10858,#10861,.F.);
#10049=EDGE_CURVE('',#10851,#10860,#10862,.T.);
#10050=EDGE_CURVE('',#10863,#10863,#10864,.T.);
#10051=EDGE_CURVE('',#10865,#10866,#10867,.T.);
#10052=EDGE_CURVE('',#10865,#10868,#10869,.T.);
#10053=EDGE_CURVE('',#10870,#10868,#10871,.T.);
#10054=EDGE_CURVE('',#10870,#10866,#10872,.T.);
#10055=EDGE_CURVE('',#10873,#10873,#10874,.F.);
#10056=EDGE_CURVE('',#10875,#10876,#10877,.F.);
#10057=EDGE_CURVE('',#10875,#10878,#10879,.T.);
#10058=EDGE_CURVE('',#10880,#10878,#10881,.T.);
#10059=EDGE_CURVE('',#10882,#10880,#10883,.T.);
#10060=EDGE_CURVE('',#10884,#10882,#10885,.F.);
#10061=EDGE_CURVE('',#10884,#10886,#10887,.T.);
#10062=EDGE_CURVE('',#10888,#10886,#10889,.F.);
#10063=EDGE_CURVE('',#10888,#10890,#10891,.T.);
#10064=EDGE_CURVE('',#10892,#10890,#10893,.T.);
#10065=EDGE_CURVE('',#10894,#10892,#10895,.T.);
#10066=EDGE_CURVE('',#10896,#10894,#10897,.F.);
#10067=EDGE_CURVE('',#10896,#10898,#10899,.T.);
#10068=EDGE_CURVE('',#10851,#10898,#10900,.F.);
#10069=EDGE_CURVE('',#10816,#10860,#10901,.T.);
#10070=EDGE_CURVE('',#10868,#10814,#10902,.F.);
#10071=EDGE_CURVE('',#10844,#10865,#10903,.F.);
#10072=EDGE_CURVE('',#10830,#10842,#10904,.T.);
#10073=EDGE_CURVE('',#10905,#10828,#10906,.F.);
#10074=EDGE_CURVE('',#10876,#10905,#10907,.T.);
#10075=EDGE_CURVE('',#10856,#10810,#10908,.T.);
#10076=EDGE_CURVE('',#10818,#10858,#10909,.T.);
#10077=EDGE_CURVE('',#10910,#10911,#10912,.F.);
#10078=EDGE_CURVE('',#10913,#10910,#10914,.T.);
#10079=EDGE_CURVE('',#10826,#10913,#10915,.F.);
#10080=EDGE_CURVE('',#10838,#10823,#10916,.T.);
#10081=EDGE_CURVE('',#10866,#10846,#10917,.F.);
#10082=EDGE_CURVE('',#10812,#10870,#10918,.F.);
#10083=EDGE_CURVE('',#10854,#10809,#10919,.T.);
#10084=EDGE_CURVE('',#10920,#10852,#10921,.F.);
#10085=EDGE_CURVE('',#10920,#10922,#10923,.T.);
#10086=EDGE_CURVE('',#10924,#10922,#10925,.F.);
#10087=EDGE_CURVE('',#10924,#10926,#10927,.T.);
#10088=EDGE_CURVE('',#10928,#10926,#10929,.T.);
#10089=EDGE_CURVE('',#10930,#10928,#10931,.T.);
#10090=EDGE_CURVE('',#10932,#10930,#10933,.F.);
#10091=EDGE_CURVE('',#10932,#10934,#10935,.T.);
#10092=EDGE_CURVE('',#10936,#10934,#10937,.F.);
#10093=EDGE_CURVE('',#10936,#10938,#10939,.T.);
#10094=EDGE_CURVE('',#10940,#10938,#10941,.T.);
#10095=EDGE_CURVE('',#10911,#10940,#10942,.T.);
#10096=EDGE_CURVE('',#10910,#10876,#10943,.T.);
#10097=EDGE_CURVE('',#10913,#10905,#10944,.T.);
#10098=EDGE_CURVE('',#10945,#10945,#10946,.F.);
#10099=EDGE_CURVE('',#10837,#10824,#10947,.T.);
#10100=EDGE_CURVE('',#10832,#10840,#10948,.T.);
#10101=EDGE_CURVE('',#10898,#10920,#10949,.T.);
#10102=EDGE_CURVE('',#10922,#10896,#10950,.F.);
#10103=EDGE_CURVE('',#10951,#10951,#10952,.T.);
#10104=EDGE_CURVE('',#10934,#10884,#10953,.F.);
#10105=EDGE_CURVE('',#10936,#10882,#10954,.F.);
#10106=EDGE_CURVE('',#10886,#10932,#10955,.F.);
#10107=EDGE_CURVE('',#10956,#10956,#10957,.T.);
#10108=EDGE_CURVE('',#10888,#10930,#10958,.F.);
#10109=EDGE_CURVE('',#10890,#10928,#10959,.T.);
#10110=EDGE_CURVE('',#10926,#10892,#10960,.T.);
#10111=EDGE_CURVE('',#10924,#10894,#10961,.F.);
#10112=EDGE_CURVE('',#10911,#10875,#10962,.T.);
#10113=EDGE_CURVE('',#10878,#10940,#10963,.T.);
#10114=EDGE_CURVE('',#10938,#10880,#10964,.T.);
#10115=EDGE_CURVE('',#10965,#10965,#10966,.T.);
#10116=EDGE_CURVE('',#10967,#10967,#10968,.T.);
#10117=EDGE_CURVE('',#10969,#10969,#10970,.T.);
#10118=EDGE_CURVE('',#10971,#10971,#10972,.T.);
#10119=EDGE_CURVE('',#10973,#10973,#10974,.T.);
#10120=EDGE_CURVE('',#10975,#10975,#10976,.T.);
#10121=EDGE_CURVE('',#10977,#10977,#10978,.F.);
#10122=EDGE_CURVE('',#10979,#10979,#10980,.T.);
#10123=EDGE_CURVE('',#10981,#10981,#10982,.F.);
#10124=EDGE_CURVE('',#10983,#10983,#10984,.T.);
#10125=EDGE_CURVE('',#10985,#10985,#10986,.F.);
#10126=EDGE_CURVE('',#10987,#10987,#10988,.T.);
#10127=EDGE_CURVE('',#10989,#10989,#10990,.F.);
#10128=EDGE_CURVE('',#10991,#10991,#10992,.F.);
#10129=EDGE_CURVE('',#10993,#10993,#10994,.F.);
#10130=EDGE_CURVE('',#10995,#10995,#10996,.F.);
#10131=EDGE_CURVE('',#10997,#10997,#10998,.T.);
#10132=EDGE_CURVE('',#10999,#10999,#11000,.T.);
#10133=EDGE_CURVE('',#11001,#11001,#11002,.T.);
#10134=EDGE_CURVE('',#11003,#11003,#11004,.T.);
#10135=EDGE_CURVE('',#11005,#11005,#11006,.F.);
#10136=EDGE_CURVE('',#11007,#11007,#11008,.F.);
#10137=EDGE_CURVE('',#11009,#11009,#11010,.F.);
#10138=EDGE_CURVE('',#11011,#11011,#11012,.F.);
#10139=EDGE_CURVE('',#11013,#11013,#11014,.F.);
#10140=EDGE_CURVE('',#11015,#11015,#11016,.T.);
#10141=EDGE_CURVE('',#11017,#11017,#11018,.T.);
#10142=EDGE_CURVE('',#11019,#11019,#11020,.T.);
#10143=EDGE_CURVE('',#11021,#11021,#11022,.T.);
#10144=EDGE_CURVE('',#11023,#11023,#11024,.T.);
#10145=EDGE_CURVE('',#11025,#11025,#11026,.T.);
#10146=EDGE_CURVE('',#11027,#11027,#11028,.T.);
#10147=EDGE_CURVE('',#11029,#11029,#11030,.T.);
#10148=EDGE_CURVE('',#11031,#11031,#11032,.T.);
#10149=EDGE_CURVE('',#11033,#11033,#11034,.T.);
#10150=EDGE_CURVE('',#11035,#11035,#11036,.F.);
#10151=EDGE_CURVE('',#11037,#11038,#11039,.F.);
#10152=EDGE_CURVE('',#11040,#11038,#11041,.T.);
#10153=EDGE_CURVE('',#11042,#11040,#11043,.T.);
#10154=EDGE_CURVE('',#11042,#11044,#11045,.T.);
#10155=EDGE_CURVE('',#11044,#11046,#11047,.F.);
#10156=EDGE_CURVE('',#11046,#11048,#11049,.F.);
#10157=EDGE_CURVE('',#11050,#11048,#11051,.T.);
#10158=EDGE_CURVE('',#11050,#11052,#11053,.T.);
#10159=EDGE_CURVE('',#11052,#11054,#11055,.F.);
#10160=EDGE_CURVE('',#11054,#11056,#11057,.F.);
#10161=EDGE_CURVE('',#11058,#11056,#11059,.T.);
#10162=EDGE_CURVE('',#11058,#11060,#11061,.T.);
#10163=EDGE_CURVE('',#11060,#11062,#11063,.F.);
#10164=EDGE_CURVE('',#11062,#11064,#11065,.F.);
#10165=EDGE_CURVE('',#11066,#11064,#11067,.T.);
#10166=EDGE_CURVE('',#11066,#11068,#11069,.T.);
#10167=EDGE_CURVE('',#11068,#11070,#11071,.F.);
#10168=EDGE_CURVE('',#11070,#11072,#11073,.F.);
#10169=EDGE_CURVE('',#11074,#11072,#11075,.T.);
#10170=EDGE_CURVE('',#11074,#11076,#11077,.T.);
#10171=EDGE_CURVE('',#11076,#11078,#11079,.F.);
#10172=EDGE_CURVE('',#11078,#11080,#11081,.F.);
#10173=EDGE_CURVE('',#11082,#11080,#11083,.T.);
#10174=EDGE_CURVE('',#11082,#11084,#11085,.T.);
#10175=EDGE_CURVE('',#11084,#11037,#11086,.F.);
#10176=EDGE_CURVE('',#11087,#11088,#11089,.T.);
#10177=EDGE_CURVE('',#11088,#11087,#11090,.T.);
#10178=EDGE_CURVE('',#11091,#11050,#11092,.T.);
#10179=EDGE_CURVE('',#11048,#11093,#11094,.T.);
#10180=EDGE_CURVE('',#11093,#11042,#11095,.T.);
#10181=EDGE_CURVE('',#11038,#11096,#11097,.T.);
#10182=EDGE_CURVE('',#11096,#11082,#11098,.T.);
#10183=EDGE_CURVE('',#11080,#11099,#11100,.T.);
#10184=EDGE_CURVE('',#11099,#11074,#11101,.T.);
#10185=EDGE_CURVE('',#11072,#11102,#11103,.T.);
#10186=EDGE_CURVE('',#11102,#11066,#11104,.T.);
#10187=EDGE_CURVE('',#11064,#11105,#11106,.T.);
#10188=EDGE_CURVE('',#11105,#11058,#11107,.T.);
#10189=EDGE_CURVE('',#11056,#11091,#11108,.T.);
#10190=EDGE_CURVE('',#11084,#11109,#11110,.T.);
#10191=EDGE_CURVE('',#11109,#11037,#11111,.T.);
#10192=EDGE_CURVE('',#11076,#11112,#11113,.T.);
#10193=EDGE_CURVE('',#11112,#11078,#11114,.T.);
#10194=EDGE_CURVE('',#11068,#11115,#11116,.T.);
#10195=EDGE_CURVE('',#11115,#11070,#11117,.T.);
#10196=EDGE_CURVE('',#11060,#11118,#11119,.T.);
#10197=EDGE_CURVE('',#11118,#11062,#11120,.T.);
#10198=EDGE_CURVE('',#11052,#11121,#11122,.T.);
#10199=EDGE_CURVE('',#11121,#11054,#11123,.T.);
#10200=EDGE_CURVE('',#11044,#11124,#11125,.T.);
#10201=EDGE_CURVE('',#11124,#11046,#11126,.T.);
#10202=EDGE_CURVE('',#11124,#11093,#11127,.T.);
#10203=EDGE_CURVE('',#11109,#11096,#11128,.T.);
#10204=EDGE_CURVE('',#11112,#11099,#11129,.T.);
#10205=EDGE_CURVE('',#11115,#11102,#11130,.T.);
#10206=EDGE_CURVE('',#11118,#11105,#11131,.T.);
#10207=EDGE_CURVE('',#11121,#11091,#11132,.T.);
#10208=EDGE_CURVE('',#11133,#11134,#11135,.T.);
#10209=EDGE_CURVE('',#11134,#11133,#11136,.T.);
#10210=EDGE_CURVE('',#11137,#11138,#11139,.T.);
#10211=EDGE_CURVE('',#11140,#11137,#11141,.T.);
#10212=EDGE_CURVE('',#11142,#11140,#11143,.T.);
#10213=EDGE_CURVE('',#11144,#11142,#11145,.T.);
#10214=EDGE_CURVE('',#11146,#11144,#11147,.T.);
#10215=EDGE_CURVE('',#11138,#11146,#11148,.T.);
#10216=EDGE_CURVE('',#11149,#11150,#11151,.T.);
#10217=EDGE_CURVE('',#11152,#11149,#11153,.T.);
#10218=EDGE_CURVE('',#11154,#11152,#11155,.T.);
#10219=EDGE_CURVE('',#11156,#11154,#11157,.T.);
#10220=EDGE_CURVE('',#11158,#11156,#11159,.T.);
#10221=EDGE_CURVE('',#11150,#11158,#11160,.T.);
#10222=EDGE_CURVE('',#11161,#11162,#11163,.T.);
#10223=EDGE_CURVE('',#11164,#11161,#11165,.T.);
#10224=EDGE_CURVE('',#11166,#11164,#11167,.T.);
#10225=EDGE_CURVE('',#11162,#11166,#11168,.T.);
#10226=EDGE_CURVE('',#11158,#11169,#11170,.T.);
#10227=EDGE_CURVE('',#11171,#11169,#11172,.T.);
#10228=EDGE_CURVE('',#11173,#11171,#11174,.T.);
#10229=EDGE_CURVE('',#11173,#11150,#11175,.T.);
#10230=EDGE_CURVE('',#11149,#11173,#11176,.T.);
#10231=EDGE_CURVE('',#11177,#11171,#11178,.T.);
#10232=EDGE_CURVE('',#11154,#11177,#11179,.T.);
#10233=EDGE_CURVE('',#11169,#11177,#11180,.T.);
#10234=EDGE_CURVE('',#11166,#11181,#11182,.T.);
#10235=EDGE_CURVE('',#11183,#11181,#11184,.T.);
#10236=EDGE_CURVE('',#11185,#11183,#11186,.T.);
#10237=EDGE_CURVE('',#11185,#11162,#11187,.T.);
#10238=EDGE_CURVE('',#11161,#11185,#11188,.T.);
#10239=EDGE_CURVE('',#11189,#11183,#11190,.T.);
#10240=EDGE_CURVE('',#11164,#11189,#11191,.T.);
#10241=EDGE_CURVE('',#11181,#11189,#11192,.T.);
#10242=EDGE_CURVE('',#11146,#11193,#11194,.T.);
#10243=EDGE_CURVE('',#11195,#11193,#11196,.T.);
#10244=EDGE_CURVE('',#11197,#11195,#11198,.T.);
#10245=EDGE_CURVE('',#11197,#11138,#11199,.T.);
#10246=EDGE_CURVE('',#11137,#11197,#11200,.T.);
#10247=EDGE_CURVE('',#11201,#11195,#11202,.T.);
#10248=EDGE_CURVE('',#11142,#11201,#11203,.T.);
#10249=EDGE_CURVE('',#11193,#11201,#11204,.T.);
#10250=EDGE_CURVE('',#11205,#11205,#11206,.F.);
#10251=EDGE_CURVE('',#11207,#11207,#11208,.T.);
#10252=EDGE_CURVE('',#11209,#11209,#11210,.T.);
#10253=EDGE_CURVE('',#11211,#11211,#11212,.F.);
#10254=EDGE_CURVE('',#11213,#11213,#11214,.F.);
#10255=EDGE_CURVE('',#11215,#11215,#11216,.F.);
#10256=EDGE_CURVE('',#11217,#11217,#11218,.F.);
#10257=EDGE_CURVE('',#11219,#11219,#11220,.T.);
#10258=EDGE_CURVE('',#11221,#11221,#11222,.F.);
#10259=EDGE_CURVE('',#11223,#11223,#11224,.T.);
#10260=EDGE_CURVE('',#11225,#11225,#11226,.F.);
#10261=EDGE_CURVE('',#11227,#11227,#11228,.F.);
#10262=EDGE_CURVE('',#11229,#11229,#11230,.F.);
#10263=EDGE_CURVE('',#11231,#11231,#11232,.F.);
#10264=EDGE_CURVE('',#11233,#11233,#11234,.T.);
#10265=EDGE_CURVE('',#11235,#11235,#11236,.T.);
#10266=EDGE_CURVE('',#11237,#11237,#11238,.T.);
#10267=EDGE_CURVE('',#11239,#11239,#11240,.T.);
#10268=EDGE_CURVE('',#11241,#11241,#11242,.T.);
#10269=EDGE_CURVE('',#11243,#11243,#11244,.T.);
#10270=EDGE_CURVE('',#11245,#11245,#11246,.T.);
#10271=EDGE_CURVE('',#11247,#11247,#11248,.F.);
#10272=EDGE_CURVE('',#11249,#11249,#11250,.F.);
#10273=EDGE_CURVE('',#11251,#11251,#11252,.F.);
#10274=EDGE_CURVE('',#11253,#11253,#11254,.F.);
#10275=EDGE_CURVE('',#11255,#11255,#11256,.T.);
#10276=EDGE_CURVE('',#11257,#11257,#11258,.T.);
#10277=EDGE_CURVE('',#11259,#11259,#11260,.T.);
#10278=EDGE_CURVE('',#11261,#11261,#11262,.T.);
#10279=EDGE_CURVE('',#11263,#11263,#11264,.F.);
#10280=EDGE_CURVE('',#11265,#11265,#11266,.T.);
#10281=EDGE_CURVE('',#11267,#11267,#11268,.T.);
#10282=EDGE_CURVE('',#11269,#11269,#11270,.F.);
#10283=EDGE_CURVE('',#11271,#11271,#11272,.F.);
#10284=EDGE_CURVE('',#11273,#11273,#11274,.F.);
#10285=EDGE_CURVE('',#11275,#11275,#11276,.F.);
#10286=EDGE_CURVE('',#11277,#11277,#11278,.F.);
#10287=EDGE_CURVE('',#11279,#11279,#11280,.F.);
#10288=EDGE_CURVE('',#11281,#11281,#11282,.F.);
#10289=EDGE_CURVE('',#11283,#11283,#11284,.F.);
#10290=EDGE_CURVE('',#11285,#11285,#11286,.T.);
#10291=EDGE_CURVE('',#11287,#11287,#11288,.T.);
#10292=EDGE_CURVE('',#11289,#11289,#11290,.F.);
#10293=EDGE_CURVE('',#11291,#11291,#11292,.T.);
#10294=EDGE_CURVE('',#11293,#11293,#11294,.F.);
#10295=EDGE_CURVE('',#11295,#11295,#11296,.F.);
#10296=EDGE_CURVE('',#11297,#11297,#11298,.F.);
#10297=EDGE_CURVE('',#11299,#11299,#11300,.F.);
#10298=EDGE_CURVE('',#11301,#11301,#11302,.F.);
#10299=EDGE_CURVE('',#11303,#11303,#11304,.F.);
#10300=EDGE_CURVE('',#11305,#11305,#11306,.F.);
#10301=EDGE_CURVE('',#11307,#11307,#11308,.F.);
#10302=EDGE_CURVE('',#11309,#11309,#11310,.T.);
#10303=EDGE_CURVE('',#11311,#11311,#11312,.T.);
#10304=EDGE_CURVE('',#11313,#11313,#11314,.T.);
#10305=EDGE_CURVE('',#11315,#11315,#11316,.T.);
#10306=EDGE_CURVE('',#11317,#11317,#11318,.T.);
#10307=EDGE_CURVE('',#11319,#11319,#11320,.T.);
#10308=EDGE_CURVE('',#11321,#11321,#11322,.T.);
#10309=EDGE_CURVE('',#11323,#11323,#11324,.T.);
#10310=EDGE_CURVE('',#11325,#11325,#11326,.T.);
#10311=EDGE_CURVE('',#11327,#11327,#11328,.T.);
#10312=EDGE_CURVE('',#11329,#11329,#11330,.T.);
#10313=EDGE_CURVE('',#11331,#11331,#11332,.F.);
#10314=EDGE_CURVE('',#11333,#11333,#11334,.F.);
#10315=EDGE_CURVE('',#11335,#11335,#11336,.F.);
#10316=EDGE_CURVE('',#11337,#11337,#11338,.F.);
#10317=EDGE_CURVE('',#11339,#11339,#11340,.F.);
#10318=EDGE_CURVE('',#11341,#11341,#11342,.F.);
#10319=EDGE_CURVE('',#11343,#11343,#11344,.F.);
#10320=EDGE_CURVE('',#11345,#11345,#11346,.F.);
#10321=EDGE_CURVE('',#11347,#11347,#11348,.T.);
#10322=EDGE_CURVE('',#11349,#11349,#11350,.T.);
#10323=EDGE_CURVE('',#11351,#11351,#11352,.T.);
#10324=EDGE_CURVE('',#11353,#11353,#11354,.T.);
#10325=EDGE_CURVE('',#11355,#11355,#11356,.T.);
#10326=EDGE_CURVE('',#11357,#11357,#11358,.T.);
#10327=EDGE_CURVE('',#11359,#11359,#11360,.T.);
#10328=EDGE_CURVE('',#11361,#11361,#11362,.T.);
#10329=EDGE_CURVE('',#11363,#11364,#11365,.T.);
#10330=EDGE_CURVE('',#11364,#11366,#11367,.T.);
#10331=EDGE_CURVE('',#11366,#11368,#11369,.T.);
#10332=EDGE_CURVE('',#11368,#11363,#11370,.T.);
#10333=EDGE_CURVE('',#11371,#11371,#11372,.T.);
#10334=EDGE_CURVE('',#11373,#11373,#11374,.T.);
#10335=EDGE_CURVE('',#11375,#11363,#11376,.T.);
#10336=EDGE_CURVE('',#11377,#11375,#11378,.T.);
#10337=EDGE_CURVE('',#11364,#11377,#11379,.F.);
#10338=EDGE_CURVE('',#11377,#11380,#11381,.T.);
#10339=EDGE_CURVE('',#11380,#11366,#11382,.T.);
#10340=EDGE_CURVE('',#11383,#11380,#11384,.T.);
#10341=EDGE_CURVE('',#11368,#11383,#11385,.F.);
#10342=EDGE_CURVE('',#11383,#11375,#11386,.T.);
#10343=EDGE_CURVE('',#11387,#11388,#11389,.F.);
#10344=EDGE_CURVE('',#11387,#11390,#11391,.T.);
#10345=EDGE_CURVE('',#11390,#11392,#11393,.T.);
#10346=EDGE_CURVE('',#11388,#11392,#11394,.T.);
#10347=EDGE_CURVE('',#11395,#11387,#11396,.F.);
#10348=EDGE_CURVE('',#11395,#11397,#11398,.T.);
#10349=EDGE_CURVE('',#11397,#11390,#11399,.T.);
#10350=EDGE_CURVE('',#11400,#11395,#11401,.F.);
#10351=EDGE_CURVE('',#11400,#11402,#11403,.T.);
#10352=EDGE_CURVE('',#11402,#11397,#11404,.T.);
#10353=EDGE_CURVE('',#11405,#11400,#11406,.F.);
#10354=EDGE_CURVE('',#11405,#11407,#11408,.T.);
#10355=EDGE_CURVE('',#11407,#11402,#11409,.T.);
#10356=EDGE_CURVE('',#11410,#11405,#11411,.F.);
#10357=EDGE_CURVE('',#11410,#11412,#11413,.T.);
#10358=EDGE_CURVE('',#11412,#11407,#11414,.T.);
#10359=EDGE_CURVE('',#11415,#11410,#11416,.F.);
#10360=EDGE_CURVE('',#11415,#11417,#11418,.T.);
#10361=EDGE_CURVE('',#11417,#11412,#11419,.T.);
#10362=EDGE_CURVE('',#11420,#11415,#11421,.F.);
#10363=EDGE_CURVE('',#11420,#11422,#11423,.T.);
#10364=EDGE_CURVE('',#11422,#11417,#11424,.T.);
#10365=EDGE_CURVE('',#11425,#11420,#11426,.F.);
#10366=EDGE_CURVE('',#11425,#11427,#11428,.T.);
#10367=EDGE_CURVE('',#11427,#11422,#11429,.T.);
#10368=EDGE_CURVE('',#11430,#11425,#11431,.F.);
#10369=EDGE_CURVE('',#11430,#11432,#11433,.T.);
#10370=EDGE_CURVE('',#11432,#11427,#11434,.T.);
#10371=EDGE_CURVE('',#11435,#11430,#11436,.F.);
#10372=EDGE_CURVE('',#11435,#11437,#11438,.T.);
#10373=EDGE_CURVE('',#11437,#11432,#11439,.T.);
#10374=EDGE_CURVE('',#11440,#11435,#11441,.F.);
#10375=EDGE_CURVE('',#11440,#11442,#11443,.T.);
#10376=EDGE_CURVE('',#11442,#11437,#11444,.T.);
#10377=EDGE_CURVE('',#11388,#11440,#11445,.F.);
#10378=EDGE_CURVE('',#11392,#11442,#11446,.T.);
#10379=EDGE_CURVE('',#11447,#11447,#11448,.T.);
#10380=EDGE_CURVE('',#11449,#11449,#11450,.T.);
#10381=EDGE_CURVE('',#11451,#11451,#11452,.T.);
#10382=EDGE_CURVE('',#11453,#11453,#11454,.T.);
#10383=EDGE_CURVE('',#11455,#11455,#11456,.F.);
#10384=EDGE_CURVE('',#11457,#11458,#11459,.T.);
#10385=EDGE_CURVE('',#11458,#11457,#11460,.T.);
#10386=EDGE_CURVE('',#11461,#11462,#11463,.T.);
#10387=EDGE_CURVE('',#11464,#11461,#11465,.T.);
#10388=EDGE_CURVE('',#11466,#11464,#11467,.T.);
#10389=EDGE_CURVE('',#11462,#11466,#11468,.T.);
#10390=EDGE_CURVE('',#11469,#11470,#11471,.T.);
#10391=EDGE_CURVE('',#11472,#11469,#11473,.T.);
#10392=EDGE_CURVE('',#11470,#11472,#11474,.T.);
#10393=EDGE_CURVE('',#11475,#11476,#11477,.F.);
#10394=EDGE_CURVE('',#11462,#11475,#11478,.T.);
#10395=EDGE_CURVE('',#11479,#11461,#11480,.T.);
#10396=EDGE_CURVE('',#11481,#11479,#11482,.F.);
#10397=EDGE_CURVE('',#11476,#11481,#11483,.T.);
#10398=EDGE_CURVE('',#11484,#11485,#11486,.F.);
#10399=EDGE_CURVE('',#11487,#11484,#11488,.T.);
#10400=EDGE_CURVE('',#11489,#11487,#11490,.F.);
#10401=EDGE_CURVE('',#11461,#11489,#11491,.T.);
#10402=EDGE_CURVE('',#11485,#11462,#11492,.T.);
#10403=EDGE_CURVE('',#11493,#11494,#11495,.T.);
#10404=EDGE_CURVE('',#11494,#11493,#11496,.T.);
#10405=EDGE_CURVE('',#11497,#11498,#11499,.T.);
#10406=EDGE_CURVE('',#11498,#11497,#11500,.T.);
#10407=EDGE_CURVE('',#11501,#11502,#11503,.F.);
#10408=EDGE_CURVE('',#11501,#11504,#11505,.T.);
#10409=EDGE_CURVE('',#11506,#11504,#11507,.F.);
#10410=EDGE_CURVE('',#11506,#11508,#11509,.T.);
#10411=EDGE_CURVE('',#11510,#11508,#11511,.F.);
#10412=EDGE_CURVE('',#11510,#11512,#11513,.T.);
#10413=EDGE_CURVE('',#11514,#11512,#11515,.F.);
#10414=EDGE_CURVE('',#11514,#11502,#11516,.T.);
#10415=EDGE_CURVE('',#11517,#11518,#11519,.T.);
#10416=EDGE_CURVE('',#11518,#11517,#11520,.T.);
#10417=EDGE_CURVE('',#11479,#11510,#11521,.T.);
#10418=EDGE_CURVE('',#11489,#11512,#11522,.T.);
#10419=EDGE_CURVE('',#11476,#11506,#11523,.T.);
#10420=EDGE_CURVE('',#11481,#11508,#11524,.T.);
#10421=EDGE_CURVE('',#11485,#11501,#11525,.T.);
#10422=EDGE_CURVE('',#11475,#11504,#11526,.T.);
#10423=EDGE_CURVE('',#11484,#11502,#11527,.T.);
#10424=EDGE_CURVE('',#11487,#11514,#11528,.T.);
#10425=EDGE_CURVE('',#11529,#11530,#11531,.T.);
#10426=EDGE_CURVE('',#11530,#11529,#11532,.T.);
#10427=EDGE_CURVE('',#11533,#11534,#11535,.F.);
#10428=EDGE_CURVE('',#11534,#11533,#11536,.F.);
#10429=EDGE_CURVE('',#11537,#11538,#11539,.T.);
#10430=EDGE_CURVE('',#11538,#11537,#11540,.T.);
#10431=EDGE_CURVE('',#11541,#11542,#11543,.T.);
#10432=EDGE_CURVE('',#11542,#11541,#11544,.T.);
#10433=EDGE_CURVE('',#11545,#11546,#11547,.T.);
#10434=EDGE_CURVE('',#11546,#11545,#11548,.T.);
#10435=EDGE_CURVE('',#11549,#11550,#11551,.T.);
#10436=EDGE_CURVE('',#11550,#11552,#11553,.T.);
#10437=EDGE_CURVE('',#11554,#11552,#11555,.T.);
#10438=EDGE_CURVE('',#11549,#11554,#11556,.T.);
#10439=EDGE_CURVE('',#11557,#11558,#11559,.T.);
#10440=EDGE_CURVE('',#11558,#11560,#11561,.T.);
#10441=EDGE_CURVE('',#11562,#11560,#11563,.T.);
#10442=EDGE_CURVE('',#11557,#11562,#11564,.T.);
#10443=EDGE_CURVE('',#11565,#11566,#11567,.T.);
#10444=EDGE_CURVE('',#11566,#11549,#11568,.T.);
#10445=EDGE_CURVE('',#11554,#11569,#11570,.T.);
#10446=EDGE_CURVE('',#11569,#11571,#11572,.T.);
#10447=EDGE_CURVE('',#11571,#11557,#11573,.T.);
#10448=EDGE_CURVE('',#11562,#11565,#11574,.T.);
#10449=EDGE_CURVE('',#11575,#11576,#11577,.T.);
#10450=EDGE_CURVE('',#11576,#11560,#11578,.T.);
#10451=EDGE_CURVE('',#11558,#11579,#11580,.T.);
#10452=EDGE_CURVE('',#11579,#11581,#11582,.T.);
#10453=EDGE_CURVE('',#11581,#11552,#11583,.T.);
#10454=EDGE_CURVE('',#11550,#11575,#11584,.T.);
#10455=EDGE_CURVE('',#11566,#11575,#11585,.T.);
#10456=EDGE_CURVE('',#11569,#11581,#11586,.T.);
#10457=EDGE_CURVE('',#11571,#11579,#11587,.T.);
#10458=EDGE_CURVE('',#11565,#11576,#11588,.T.);
#10459=EDGE_CURVE('',#11589,#11590,#11591,.T.);
#10460=EDGE_CURVE('',#11590,#11592,#11593,.T.);
#10461=EDGE_CURVE('',#11594,#11592,#11595,.T.);
#10462=EDGE_CURVE('',#11589,#11594,#11596,.T.);
#10463=EDGE_CURVE('',#11590,#11597,#11598,.T.);
#10464=EDGE_CURVE('',#11597,#11599,#11600,.T.);
#10465=EDGE_CURVE('',#11592,#11599,#11601,.T.);
#10466=EDGE_CURVE('',#11597,#11602,#11603,.T.);
#10467=EDGE_CURVE('',#11602,#11604,#11605,.T.);
#10468=EDGE_CURVE('',#11599,#11604,#11606,.T.);
#10469=EDGE_CURVE('',#11602,#11589,#11607,.T.);
#10470=EDGE_CURVE('',#11604,#11594,#11608,.T.);
#10471=EDGE_CURVE('',#11609,#11610,#11611,.T.);
#10472=EDGE_CURVE('',#11610,#11612,#11613,.T.);
#10473=EDGE_CURVE('',#11614,#11612,#11615,.T.);
#10474=EDGE_CURVE('',#11609,#11614,#11616,.T.);
#10475=EDGE_CURVE('',#11610,#11617,#11618,.T.);
#10476=EDGE_CURVE('',#11617,#11619,#11620,.T.);
#10477=EDGE_CURVE('',#11612,#11619,#11621,.T.);
#10478=EDGE_CURVE('',#11617,#11622,#11623,.T.);
#10479=EDGE_CURVE('',#11622,#11624,#11625,.T.);
#10480=EDGE_CURVE('',#11619,#11624,#11626,.T.);
#10481=EDGE_CURVE('',#11622,#11609,#11627,.T.);
#10482=EDGE_CURVE('',#11624,#11614,#11628,.T.);
#10483=VERTEX_POINT('',#11629);
#10484=CIRCLE('',#11630,75.);
#10485=VERTEX_POINT('',#11634);
#10486=CIRCLE('',#11635,1.5);
#10487=VERTEX_POINT('',#11639);
#10488=CIRCLE('',#11640,72.);
#10489=VERTEX_POINT('',#11644);
#10490=CIRCLE('',#11645,1.5);
#10491=VERTEX_POINT('',#11649);
#10492=CIRCLE('',#11650,75.);
#10493=VERTEX_POINT('',#11654);
#10494=CIRCLE('',#11655,72.);
#10495=VERTEX_POINT('',#11659);
#10496=CIRCLE('',#11660,72.);
#10497=VERTEX_POINT('',#11664);
#10498=VERTEX_POINT('',#11665);
#10499=CIRCLE('',#11666,72.);
#10500=VERTEX_POINT('',#11670);
#10501=CIRCLE('',#11671,72.);
#10502=CIRCLE('',#11675,72.);
#10503=VERTEX_POINT('',#11679);
#10504=VERTEX_POINT('',#11680);
#10505=CIRCLE('',#11681,72.);
#10506=VERTEX_POINT('',#11685);
#10507=CIRCLE('',#11686,72.);
#10508=CIRCLE('',#11690,72.);
#10509=VERTEX_POINT('',#11694);
#10510=VERTEX_POINT('',#11695);
#10511=CIRCLE('',#11696,72.);
#10512=VERTEX_POINT('',#11700);
#10513=CIRCLE('',#11701,72.);
#10514=CIRCLE('',#11705,72.);
#10515=VERTEX_POINT('',#11709);
#10516=VERTEX_POINT('',#11710);
#10517=CIRCLE('',#11711,72.);
#10518=VERTEX_POINT('',#11715);
#10519=CIRCLE('',#11716,72.);
#10520=CIRCLE('',#11720,72.);
#10521=VERTEX_POINT('',#11724);
#10522=CIRCLE('',#11725,72.);
#10523=VERTEX_POINT('',#11729);
#10524=CIRCLE('',#11730,67.);
#10525=VERTEX_POINT('',#11734);
#10526=CIRCLE('',#11735,75.);
#10527=VERTEX_POINT('',#11739);
#10528=CIRCLE('',#11740,67.);
#10529=VERTEX_POINT('',#11744);
#10530=CIRCLE('',#11745,75.);
#10531=VERTEX_POINT('',#11749);
#10532=CIRCLE('',#11750,62.);
#10533=VERTEX_POINT('',#11754);
#10534=CIRCLE('',#11755,73.);
#10535=VERTEX_POINT('',#11759);
#10536=CIRCLE('',#11760,29.);
#10537=VERTEX_POINT('',#11764);
#10538=CIRCLE('',#11765,4.);
#10539=VERTEX_POINT('',#11769);
#10540=CIRCLE('',#11770,4.);
#10541=VERTEX_POINT('',#11774);
#10542=CIRCLE('',#11775,4.);
#10543=VERTEX_POINT('',#11779);
#10544=CIRCLE('',#11780,4.);
#10545=VERTEX_POINT('',#11784);
#10546=CIRCLE('',#11785,4.);
#10547=VERTEX_POINT('',#11789);
#10548=CIRCLE('',#11790,4.);
#10549=VERTEX_POINT('',#11794);
#10550=CIRCLE('',#11795,4.);
#10551=VERTEX_POINT('',#11799);
#10552=CIRCLE('',#11800,4.);
#10553=VERTEX_POINT('',#11804);
#10554=CIRCLE('',#11805,5.);
#10555=VERTEX_POINT('',#11809);
#10556=CIRCLE('',#11810,4.);
#10557=VERTEX_POINT('',#11814);
#10558=CIRCLE('',#11815,5.);
#10559=VERTEX_POINT('',#11819);
#10560=CIRCLE('',#11820,4.);
#10561=VERTEX_POINT('',#11824);
#10562=CIRCLE('',#11825,5.);
#10563=VERTEX_POINT('',#11829);
#10564=CIRCLE('',#11830,4.);
#10565=VERTEX_POINT('',#11834);
#10566=CIRCLE('',#11835,5.);
#10567=VERTEX_POINT('',#11839);
#10568=CIRCLE('',#11840,4.);
#10569=VERTEX_POINT('',#11844);
#10570=CIRCLE('',#11845,5.);
#10571=VERTEX_POINT('',#11849);
#10572=CIRCLE('',#11850,4.);
#10573=VERTEX_POINT('',#11854);
#10574=CIRCLE('',#11855,5.);
#10575=VERTEX_POINT('',#11859);
#10576=CIRCLE('',#11860,4.);
#10577=VERTEX_POINT('',#11864);
#10578=CIRCLE('',#11865,5.);
#10579=VERTEX_POINT('',#11869);
#10580=CIRCLE('',#11870,4.);
#10581=VERTEX_POINT('',#11874);
#10582=CIRCLE('',#11875,30.);
#10583=VERTEX_POINT('',#11879);
#10584=CIRCLE('',#11880,4.);
#10585=VERTEX_POINT('',#11884);
#10586=CIRCLE('',#11885,5.);
#10587=VERTEX_POINT('',#11889);
#10588=CIRCLE('',#11890,5.);
#10589=VERTEX_POINT('',#11894);
#10590=CIRCLE('',#11895,5.);
#10591=VERTEX_POINT('',#11899);
#10592=CIRCLE('',#11900,5.);
#10593=VERTEX_POINT('',#11904);
#10594=CIRCLE('',#11905,5.);
#10595=VERTEX_POINT('',#11909);
#10596=CIRCLE('',#11910,5.);
#10597=VERTEX_POINT('',#11914);
#10598=CIRCLE('',#11915,5.);
#10599=VERTEX_POINT('',#11919);
#10600=CIRCLE('',#11920,30.);
#10601=VERTEX_POINT('',#11924);
#10602=CIRCLE('',#11925,5.);
#10603=VERTEX_POINT('',#11929);
#10604=CIRCLE('',#11930,29.);
#10605=VERTEX_POINT('',#11934);
#10606=CIRCLE('',#11935,7.5);
#10607=VERTEX_POINT('',#11939);
#10608=CIRCLE('',#11940,5.5);
#10609=VERTEX_POINT('',#11944);
#10610=CIRCLE('',#11945,5.5);
#10611=VERTEX_POINT('',#11949);
#10612=CIRCLE('',#11950,5.5);
#10613=VERTEX_POINT('',#11954);
#10614=CIRCLE('',#11955,5.5);
#10615=VERTEX_POINT('',#11959);
#10616=CIRCLE('',#11960,5.5);
#10617=VERTEX_POINT('',#11964);
#10618=CIRCLE('',#11965,5.5);
#10619=VERTEX_POINT('',#11969);
#10620=CIRCLE('',#11970,5.5);
#10621=VERTEX_POINT('',#11974);
#10622=CIRCLE('',#11975,5.5);
#10623=VERTEX_POINT('',#11979);
#10624=CIRCLE('',#11980,5.);
#10625=VERTEX_POINT('',#11984);
#10626=CIRCLE('',#11985,2.5);
#10627=VERTEX_POINT('',#11989);
#10628=CIRCLE('',#11990,2.5);
#10629=VERTEX_POINT('',#11994);
#10630=CIRCLE('',#11995,1.75);
#10631=VERTEX_POINT('',#11999);
#10632=VERTEX_POINT('',#12000);
#10633=LINE('',#12001,#12002);
#10634=VERTEX_POINT('',#12004);
#10635=CIRCLE('',#12005,1.75);
#10636=VERTEX_POINT('',#12009);
#10637=CIRCLE('',#12010,1.75);
#10638=VERTEX_POINT('',#12014);
#10639=LINE('',#12015,#12016);
#10640=VERTEX_POINT('',#12018);
#10641=CIRCLE('',#12019,1.75);
#10642=VERTEX_POINT('',#12023);
#10643=LINE('',#12024,#12025);
#10644=VERTEX_POINT('',#12027);
#10645=CIRCLE('',#12028,1.75);
#10646=VERTEX_POINT('',#12032);
#10647=LINE('',#12033,#12034);
#10648=VERTEX_POINT('',#12036);
#10649=CIRCLE('',#12037,1.75);
#10650=VERTEX_POINT('',#12041);
#10651=LINE('',#12042,#12043);
#10652=VERTEX_POINT('',#12045);
#10653=CIRCLE('',#12046,1.75);
#10654=VERTEX_POINT('',#12050);
#10655=LINE('',#12051,#12052);
#10656=VERTEX_POINT('',#12054);
#10657=CIRCLE('',#12055,1.75);
#10658=VERTEX_POINT('',#12059);
#10659=LINE('',#12060,#12061);
#10660=VERTEX_POINT('',#12063);
#10661=CIRCLE('',#12064,1.75);
#10662=VERTEX_POINT('',#12068);
#10663=LINE('',#12069,#12070);
#10664=VERTEX_POINT('',#12072);
#10665=CIRCLE('',#12073,1.75);
#10666=VERTEX_POINT('',#12077);
#10667=LINE('',#12078,#12079);
#10668=VERTEX_POINT('',#12081);
#10669=CIRCLE('',#12082,1.75);
#10670=VERTEX_POINT('',#12086);
#10671=LINE('',#12087,#12088);
#10672=VERTEX_POINT('',#12090);
#10673=CIRCLE('',#12091,1.75);
#10674=VERTEX_POINT('',#12095);
#10675=LINE('',#12096,#12097);
#10676=VERTEX_POINT('',#12099);
#10677=CIRCLE('',#12100,1.75);
#10678=VERTEX_POINT('',#12104);
#10679=LINE('',#12105,#12106);
#10680=CIRCLE('',#12108,1.75);
#10681=VERTEX_POINT('',#12112);
#10682=VERTEX_POINT('',#12113);
#10683=CIRCLE('',#12114,2.5);
#10684=CIRCLE('',#12118,2.5);
#10685=VERTEX_POINT('',#12122);
#10686=LINE('',#12123,#12124);
#10687=VERTEX_POINT('',#12126);
#10688=LINE('',#12127,#12128);
#10689=LINE('',#12130,#12131);
#10690=VERTEX_POINT('',#12133);
#10691=LINE('',#12134,#12135);
#10692=LINE('',#12137,#12138);
#10693=VERTEX_POINT('',#12140);
#10694=LINE('',#12141,#12142);
#10695=LINE('',#12144,#12145);
#10696=VERTEX_POINT('',#12147);
#10697=LINE('',#12148,#12149);
#10698=LINE('',#12151,#12152);
#10699=VERTEX_POINT('',#12154);
#10700=LINE('',#12155,#12156);
#10701=LINE('',#12158,#12159);
#10702=LINE('',#12161,#12162);
#10703=VERTEX_POINT('',#12164);
#10704=LINE('',#12165,#12166);
#10705=LINE('',#12168,#12169);
#10706=VERTEX_POINT('',#12171);
#10707=LINE('',#12172,#12173);
#10708=LINE('',#12175,#12176);
#10709=VERTEX_POINT('',#12178);
#10710=LINE('',#12179,#12180);
#10711=LINE('',#12182,#12183);
#10712=VERTEX_POINT('',#12185);
#10713=LINE('',#12186,#12187);
#10714=LINE('',#12189,#12190);
#10715=VERTEX_POINT('',#12192);
#10716=LINE('',#12193,#12194);
#10717=LINE('',#12196,#12197);
#10718=VERTEX_POINT('',#12199);
#10719=LINE('',#12200,#12201);
#10720=LINE('',#12203,#12204);
#10721=LINE('',#12206,#12207);
#10722=LINE('',#12209,#12210);
#10723=LINE('',#12212,#12213);
#10724=LINE('',#12215,#12216);
#10725=LINE('',#12218,#12219);
#10726=LINE('',#12221,#12222);
#10727=VERTEX_POINT('',#12224);
#10728=VERTEX_POINT('',#12225);
#10729=CIRCLE('',#12226,2.5);
#10730=CIRCLE('',#12230,2.5);
#10731=VERTEX_POINT('',#12234);
#10732=VERTEX_POINT('',#12235);
#10733=LINE('',#12236,#12237);
#10734=VERTEX_POINT('',#12239);
#10735=B_SPLINE_CURVE_WITH_KNOTS('',3,
(#12240,#12241,#12242,#12243,#12244,#12245,#12246,#12247,#12248,#12249,#12250,#12251,
#12252,#12253,#12254,#12255,#12256,#12257,#12258),
.UNSPECIFIED.,.F.,.F.,
(4,1,1,1,1,1,1,1,1,1,1,1,1,1,1,1,4),
(0.,0.0775954759851899,0.149127480479527,0.214596013483013,0.276471295773262,0.338461274262765,
0.407519245261721,0.480273133902244,0.560198828161,0.62980556457197,0.693684513161179,
0.74500022318884,0.794290161810774,0.840105542051884,0.895174702402876,0.949219698039133,
1.),
.UNSPECIFIED.);
#10736=VERTEX_POINT('',#12259);
#10737=B_SPLINE_CURVE_WITH_KNOTS('',3,
(#12260,#12261,#12262,#12263,#12264,#12265,#12266),
.UNSPECIFIED.,.F.,.F.,
(4,1,1,1,4),
(0.,0.297511005789313,0.559199684034607,0.781421906256829,1.),
.UNSPECIFIED.);
#10738=VERTEX_POINT('',#12267);
#10739=B_SPLINE_CURVE_WITH_KNOTS('',3,
(#12268,#12269,#12270,#12271,#12272,#12273),
.UNSPECIFIED.,.F.,.F.,
(4,1,1,4),
(0.,0.333333333333333,0.666666666666667,1.),
.UNSPECIFIED.);
#10740=VERTEX_POINT('',#12274);
#10741=B_SPLINE_CURVE_WITH_KNOTS('',3,
(#12275,#12276,#12277,#12278,#12279,#12280,#12281,#12282,#12283,#12284,#12285,#12286,
#12287,#12288,#12289,#12290,#12291,#12292,#12293,#12294),
.UNSPECIFIED.,.F.,.F.,
(4,1,1,1,1,1,1,1,1,1,1,1,1,1,1,1,1,4),
(0.,0.0732157184673332,0.140012209145952,0.196013896547243,0.250265928089232,0.309331979252809,
0.381065481659596,0.465385057316399,0.544263571961294,0.60809843259189,0.660641894229782,
0.714218464110521,0.774041859851704,0.834495679104051,0.889181606794719,0.943657097785824,
0.979626113191246,1.),
.UNSPECIFIED.);
#10742=B_SPLINE_CURVE_WITH_KNOTS('',3,
(#12295,#12296,#12297,#12298,#12299,#12300,#12301,#12302,#12303),
.UNSPECIFIED.,.F.,.F.,
(4,1,1,1,1,1,4),
(0.,0.217805384598083,0.404401671246617,0.558316887941966,0.71072655749703,0.85746360418183,
1.),
.UNSPECIFIED.);
#10743=VERTEX_POINT('',#12304);
#10744=VERTEX_POINT('',#12305);
#10745=LINE('',#12306,#12307);
#10746=VERTEX_POINT('',#12309);
#10747=B_SPLINE_CURVE_WITH_KNOTS('',3,
(#12310,#12311,#12312,#12313,#12314,#12315,#12316,#12317,#12318,#12319,#12320,#12321,
#12322,#12323,#12324,#12325,#12326),
.UNSPECIFIED.,.F.,.F.,
(4,1,1,1,1,1,1,1,1,1,1,1,1,1,4),
(0.,0.169261286286914,0.307676801605413,0.408153349641148,0.494373497177475,0.570477217694635,
0.638164813056184,0.698566485592762,0.751226883362199,0.800437747732695,0.845645077086593,
0.889197251740243,0.935594353766123,0.972528603186042,1.),
.UNSPECIFIED.);
#10748=VERTEX_POINT('',#12327);
#10749=B_SPLINE_CURVE_WITH_KNOTS('',3,
(#12328,#12329,#12330,#12331,#12332,#12333),
.UNSPECIFIED.,.F.,.F.,
(4,1,1,4),
(0.,0.333333333333333,0.666666666666667,1.),
.UNSPECIFIED.);
#10750=VERTEX_POINT('',#12334);
#10751=B_SPLINE_CURVE_WITH_KNOTS('',3,
(#12335,#12336,#12337,#12338,#12339,#12340,#12341,#12342,#12343,#12344,#12345,#12346,
#12347,#12348,#12349),
.UNSPECIFIED.,.F.,.F.,
(4,1,1,1,1,1,1,1,1,1,1,1,4),
(0.,0.166027009579944,0.304017042012217,0.402322169935464,0.492157119899535,0.573838481709791,
0.657857520494606,0.734357721614359,0.79909798860761,0.853234983707339,0.907890133269483,
0.956811805367037,1.),
.UNSPECIFIED.);
#10752=VERTEX_POINT('',#12350);
#10753=B_SPLINE_CURVE_WITH_KNOTS('',3,
(#12351,#12352,#12353,#12354,#12355,#12356),
.UNSPECIFIED.,.F.,.F.,
(4,1,1,4),
(0.,0.333333333333333,0.666666666666667,1.),
.UNSPECIFIED.);
#10754=B_SPLINE_CURVE_WITH_KNOTS('',3,
(#12357,#12358,#12359,#12360,#12361,#12362,#12363,#12364,#12365,#12366),
.UNSPECIFIED.,.F.,.F.,
(4,1,1,1,1,1,1,4),
(0.,0.21247218770582,0.39765237736571,0.543785735670526,0.681231539472828,0.820436654590622,
0.926973656442519,1.),
.UNSPECIFIED.);
#10755=VERTEX_POINT('',#12367);
#10756=VERTEX_POINT('',#12368);
#10757=LINE('',#12369,#12370);
#10758=VERTEX_POINT('',#12372);
#10759=B_SPLINE_CURVE_WITH_KNOTS('',3,
(#12373,#12374,#12375,#12376,#12377,#12378,#12379,#12380,#12381,#12382,#12383,#12384,
#12385,#12386,#12387,#12388,#12389,#12390,#12391,#12392,#12393),
.UNSPECIFIED.,.F.,.F.,
(4,1,1,1,1,1,1,1,1,1,1,1,1,1,1,1,1,1,4),
(0.,0.0703430740554465,0.130860602843672,0.179745829059531,0.229192570006904,0.27879426686939,
0.334581825481125,0.396530828467823,0.463862737196771,0.534791903072124,0.602050047866597,
0.661824169297418,0.714520478650094,0.766310778107549,0.815612929513947,0.860669147568645,
0.906871973262885,0.953677899379338,1.),
.UNSPECIFIED.);
#10760=VERTEX_POINT('',#12394);
#10761=B_SPLINE_CURVE_WITH_KNOTS('',3,
(#12395,#12396,#12397,#12398,#12399,#12400,#12401,#12402,#12403,#12404,#12405,#12406,
#12407,#12408,#12409,#12410,#12411,#12412,#12413,#12414,#12415),
.UNSPECIFIED.,.F.,.F.,
(4,1,1,1,1,1,1,1,1,1,1,1,1,1,1,1,1,1,4),
(0.,0.065791901023879,0.12461851351622,0.183013103293553,0.237708443190481,0.292008275453856,
0.34061971411091,0.396657615711469,0.467239532579563,0.549052981276405,0.621613815962474,
0.680621965476511,0.729940353257229,0.780169747245287,0.829185351436334,0.873958392421508,
0.920110546805193,0.961711764809631,1.),
.UNSPECIFIED.);
#10762=B_SPLINE_CURVE_WITH_KNOTS('',3,
(#12416,#12417,#12418,#12419,#12420,#12421,#12422,#12423,#12424),
.UNSPECIFIED.,.F.,.F.,
(4,1,1,1,1,1,4),
(0.,0.21780432626492,0.404399735521509,0.558314807028094,0.710724548657379,0.857462472734123,
1.),
.UNSPECIFIED.);
#10763=VERTEX_POINT('',#12425);
#10764=VERTEX_POINT('',#12426);
#10765=B_SPLINE_CURVE_WITH_KNOTS('',3,
(#12427,#12428,#12429,#12430,#12431,#12432,#12433,#12434),
.UNSPECIFIED.,.F.,.F.,
(4,2,2,4),
(0.,0.334149755535045,0.694521888501637,1.),
.UNSPECIFIED.);
#10766=VERTEX_POINT('',#12435);
#10767=B_SPLINE_CURVE_WITH_KNOTS('',3,
(#12436,#12437,#12438,#12439,#12440,#12441,#12442,#12443,#12444,#12445,#12446,#12447,
#12448,#12449,#12450,#12451,#12452),
.UNSPECIFIED.,.F.,.F.,
(4,1,1,1,1,1,1,1,1,1,1,1,1,1,4),
(0.,0.149962806878238,0.279755500036758,0.391060590763185,0.480066911525866,0.575940859747215,
0.683595033415442,0.799435900685755,0.896363551659167,0.95137187390715,0.97411385053718,
0.981508310662793,0.98879152705561,0.994560491140427,1.),
.UNSPECIFIED.);
#10768=VERTEX_POINT('',#12453);
#10769=B_SPLINE_CURVE_WITH_KNOTS('',3,
(#12454,#12455,#12456,#12457,#12458,#12459),
.UNSPECIFIED.,.F.,.F.,
(4,2,4),
(0.,0.460536925253669,1.),
.UNSPECIFIED.);
#10770=B_SPLINE_CURVE_WITH_KNOTS('',3,
(#12460,#12461,#12462,#12463,#12464,#12465,#12466,#12467,#12468,#12469,#12470,#12471,
#12472,#12473),
.UNSPECIFIED.,.F.,.F.,
(4,1,1,1,1,1,1,1,1,1,1,4),
(0.,0.0911971266073106,0.182394253214621,0.273591379821931,0.364788506429242,0.455985633036551,
0.547182759643862,0.638379886251172,0.729577012858479,0.820774139465793,0.911971266073106,
1.),
.UNSPECIFIED.);
#10771=VERTEX_POINT('',#12474);
#10772=B_SPLINE_CURVE_WITH_KNOTS('',3,
(#12475,#12476,#12477,#12478,#12479,#12480),
.UNSPECIFIED.,.F.,.F.,
(4,2,4),
(0.,0.45769715547624,1.),
.UNSPECIFIED.);
#10773=B_SPLINE_CURVE_WITH_KNOTS('',3,
(#12481,#12482,#12483,#12484,#12485,#12486,#12487,#12488,#12489,#12490,#12491,#12492,
#12493,#12494,#12495,#12496,#12497,#12498,#12499,#12500,#12501,#12502,#12503,#12504,
#12505,#12506),
.UNSPECIFIED.,.F.,.F.,
(4,1,1,1,1,1,1,1,1,1,1,1,1,1,1,1,1,1,1,1,1,1,1,4),
(0.,0.00819887300720697,0.0164720537106953,0.0247933782253079,0.036095215950413,
0.0505584560446714,0.0683017392788687,0.0894388939627897,0.11721771918675,0.156380242042149,
0.206640910959374,0.269303458243391,0.344825739723073,0.438464210540031,0.543641207321742,
0.651388824137667,0.734176070002545,0.793727351824607,0.834031935623253,0.874705391259423,
0.916117079528949,0.941260063489933,0.957887788704524,1.),
.UNSPECIFIED.);
#10774=B_SPLINE_CURVE_WITH_KNOTS('',3,
(#12507,#12508,#12509,#12510),
.UNSPECIFIED.,.F.,.F.,
(4,4),
(0.,1.),
.UNSPECIFIED.);
#10775=VERTEX_POINT('',#12511);
#10776=B_SPLINE_CURVE_WITH_KNOTS('',3,
(#12512,#12513,#12514,#12515,#12516,#12517,#12518,#12519,#12520,#12521,#12522,#12523,
#12524,#12525,#12526,#12527),
.UNSPECIFIED.,.F.,.F.,
(4,1,1,1,1,1,1,1,1,1,1,1,1,4),
(0.,0.0845498863338937,0.168137558838036,0.251298244801033,0.334031944222887,0.423577478766979,
0.518506931971973,0.615192071337726,0.705449172317944,0.782080741033015,0.853994430527029,
0.923097357512649,0.973525687518288,1.),
.UNSPECIFIED.);
#10777=VERTEX_POINT('',#12528);
#10778=B_SPLINE_CURVE_WITH_KNOTS('',3,
(#12529,#12530,#12531,#12532,#12533,#12534),
.UNSPECIFIED.,.F.,.F.,
(4,1,1,4),
(0.,0.347865935672589,0.695731871345169,1.),
.UNSPECIFIED.);
#10779=B_SPLINE_CURVE_WITH_KNOTS('',3,
(#12535,#12536,#12537,#12538,#12539,#12540),
.UNSPECIFIED.,.F.,.F.,
(4,2,4),
(0.,0.4466769668388,1.),
.UNSPECIFIED.);
#10780=VERTEX_POINT('',#12541);
#10781=B_SPLINE_CURVE_WITH_KNOTS('',3,
(#12542,#12543,#12544,#12545,#12546,#12547,#12548,#12549,#12550,#12551,#12552,#12553,
#12554,#12555,#12556,#12557,#12558),
.UNSPECIFIED.,.F.,.F.,
(4,1,1,1,1,1,1,1,1,1,1,1,1,1,4),
(0.,0.111072429278967,0.212267743286573,0.294918471587179,0.366094634546263,0.423715318244179,
0.476115337434487,0.536029387353009,0.604751813127298,0.682413169496256,0.758393532840967,
0.832305957907192,0.897899893452292,0.954100374107665,1.),
.UNSPECIFIED.);
#10782=B_SPLINE_CURVE_WITH_KNOTS('',3,
(#12559,#12560,#12561,#12562,#12563),
.UNSPECIFIED.,.F.,.F.,
(4,1,4),
(0.,0.307547192468448,1.),
.UNSPECIFIED.);
#10783=VERTEX_POINT('',#12564);
#10784=B_SPLINE_CURVE_WITH_KNOTS('',3,
(#12565,#12566,#12567,#12568,#12569,#12570),
.UNSPECIFIED.,.F.,.F.,
(4,2,4),
(0.,0.443904164036297,1.),
.UNSPECIFIED.);
#10785=VERTEX_POINT('',#12571);
#10786=B_SPLINE_CURVE_WITH_KNOTS('',3,
(#12572,#12573,#12574,#12575,#12576,#12577,#12578,#12579,#12580,#12581,#12582,#12583,
#12584,#12585,#12586,#12587,#12588,#12589,#12590,#12591,#12592,#12593,#12594,#12595,
#12596,#12597),
.UNSPECIFIED.,.F.,.F.,
(4,1,1,1,1,1,1,1,1,1,1,1,1,1,1,1,1,1,1,1,1,1,1,4),
(0.,0.0434782608695606,0.0869565217391209,0.130434782608682,0.173913043478242,0.217391304347802,
0.260869565217363,0.304347826086923,0.347826086956482,0.391304347826044,0.434782608695606,
0.478260869565165,0.521739130434727,0.565217391304285,0.608695652173847,0.652173913043406,
0.695652173912968,0.73913043478253,0.782608695652089,0.82608695652165,0.869565217391209,
0.913043478260771,0.95652173913033,1.),
.UNSPECIFIED.);
#10787=VERTEX_POINT('',#12598);
#10788=B_SPLINE_CURVE_WITH_KNOTS('',3,
(#12599,#12600,#12601,#12602,#12603,#12604),
.UNSPECIFIED.,.F.,.F.,
(4,2,4),
(0.,0.446795542591441,1.),
.UNSPECIFIED.);
#10789=B_SPLINE_CURVE_WITH_KNOTS('',3,
(#12605,#12606,#12607,#12608,#12609,#12610,#12611,#12612,#12613,#12614,#12615,#12616,
#12617,#12618),
.UNSPECIFIED.,.F.,.F.,
(4,1,1,1,1,1,1,1,1,1,1,4),
(0.,0.0911971266073031,0.182394253214606,0.273591379821909,0.364788506429212,0.455985633036514,
0.547182759643817,0.63837988625112,0.72957701285842,0.820774139465725,0.911971266073031,
1.),
.UNSPECIFIED.);
#10790=B_SPLINE_CURVE_WITH_KNOTS('',3,
(#12619,#12620,#12621,#12622),
.UNSPECIFIED.,.F.,.F.,
(4,4),
(0.,1.),
.UNSPECIFIED.);
#10791=VERTEX_POINT('',#12623);
#10792=B_SPLINE_CURVE_WITH_KNOTS('',3,
(#12624,#12625,#12626,#12627,#12628,#12629,#12630,#12631,#12632),
.UNSPECIFIED.,.F.,.F.,
(4,1,1,1,1,1,4),
(0.,0.166666666666666,0.333333333333334,0.5,0.666666666666666,0.833333333333333,
1.),
.UNSPECIFIED.);
#10793=B_SPLINE_CURVE_WITH_KNOTS('',3,
(#12633,#12634,#12635,#12636,#12637,#12638),
.UNSPECIFIED.,.F.,.F.,
(4,2,4),
(0.,0.446676966841809,1.),
.UNSPECIFIED.);
#10794=B_SPLINE_CURVE_WITH_KNOTS('',3,
(#12639,#12640,#12641,#12642,#12643,#12644),
.UNSPECIFIED.,.F.,.F.,
(4,1,1,4),
(0.,0.333333333333333,0.666666666666668,1.),
.UNSPECIFIED.);
#10795=VERTEX_POINT('',#12645);
#10796=B_SPLINE_CURVE_WITH_KNOTS('',3,
(#12646,#12647,#12648,#12649,#12650,#12651),
.UNSPECIFIED.,.F.,.F.,
(4,2,4),
(0.,0.443904164036297,1.),
.UNSPECIFIED.);
#10797=VERTEX_POINT('',#12652);
#10798=B_SPLINE_CURVE_WITH_KNOTS('',3,
(#12653,#12654,#12655,#12656,#12657,#12658,#12659,#12660,#12661,#12662,#12663,#12664,
#12665,#12666,#12667,#12668,#12669,#12670,#12671,#12672,#12673,#12674,#12675,#12676,
#12677,#12678),
.UNSPECIFIED.,.F.,.F.,
(4,1,1,1,1,1,1,1,1,1,1,1,1,1,1,1,1,1,1,1,1,1,1,4),
(0.,0.0434782608695604,0.0869565217391205,0.130434782608681,0.173913043478241,0.217391304347801,
0.260869565217362,0.304347826086922,0.347826086956481,0.391304347826043,0.434782608695604,
0.478260869565163,0.521739130434725,0.565217391304283,0.608695652173845,0.652173913043403,
0.695652173912965,0.739130434782527,0.782608695652085,0.826086956521647,0.869565217391205,
0.913043478260767,0.956521739130326,1.),
.UNSPECIFIED.);
#10799=VERTEX_POINT('',#12679);
#10800=B_SPLINE_CURVE_WITH_KNOTS('',3,
(#12680,#12681,#12682,#12683,#12684,#12685),
.UNSPECIFIED.,.F.,.F.,
(4,2,4),
(0.,0.446795542591441,1.),
.UNSPECIFIED.);
#10801=B_SPLINE_CURVE_WITH_KNOTS('',3,
(#12686,#12687,#12688,#12689,#12690,#12691,#12692,#12693,#12694,#12695,#12696,#12697,
#12698,#12699),
.UNSPECIFIED.,.F.,.F.,
(4,1,1,1,1,1,1,1,1,1,1,4),
(0.,0.0911971284579109,0.182394256915821,0.273591385373732,0.364788513831643,0.455985642289553,
0.547182770747464,0.638379899205374,0.729577027663282,0.820774156121196,0.911971284579109,
1.),
.UNSPECIFIED.);
#10802=B_SPLINE_CURVE_WITH_KNOTS('',3,
(#12700,#12701,#12702,#12703),
.UNSPECIFIED.,.F.,.F.,
(4,4),
(0.,1.),
.UNSPECIFIED.);
#10803=VERTEX_POINT('',#12704);
#10804=B_SPLINE_CURVE_WITH_KNOTS('',3,
(#12705,#12706,#12707,#12708,#12709,#12710,#12711,#12712,#12713),
.UNSPECIFIED.,.F.,.F.,
(4,1,1,1,1,1,4),
(0.,0.166666666666666,0.333333333333334,0.5,0.666666666666666,0.833333333333333,
1.),
.UNSPECIFIED.);
#10805=B_SPLINE_CURVE_WITH_KNOTS('',3,
(#12714,#12715,#12716,#12717,#12718,#12719),
.UNSPECIFIED.,.F.,.F.,
(4,2,4),
(0.,0.446676966841808,1.),
.UNSPECIFIED.);
#10806=B_SPLINE_CURVE_WITH_KNOTS('',3,
(#12720,#12721,#12722,#12723,#12724,#12725),
.UNSPECIFIED.,.F.,.F.,
(4,1,1,4),
(0.,0.33333333333333,0.666666666666661,1.),
.UNSPECIFIED.);
#10807=LINE('',#12726,#12727);
#10808=LINE('',#12729,#12730);
#10809=VERTEX_POINT('',#12732);
#10810=VERTEX_POINT('',#12733);
#10811=LINE('',#12734,#12735);
#10812=VERTEX_POINT('',#12737);
#10813=LINE('',#12738,#12739);
#10814=VERTEX_POINT('',#12741);
#10815=LINE('',#12742,#12743);
#10816=VERTEX_POINT('',#12745);
#10817=LINE('',#12746,#12747);
#10818=VERTEX_POINT('',#12749);
#10819=LINE('',#12750,#12751);
#10820=LINE('',#12753,#12754);
#10821=VERTEX_POINT('',#12756);
#10822=CIRCLE('',#12757,2.5);
#10823=VERTEX_POINT('',#12761);
#10824=VERTEX_POINT('',#12762);
#10825=LINE('',#12763,#12764);
#10826=VERTEX_POINT('',#12766);
#10827=LINE('',#12767,#12768);
#10828=VERTEX_POINT('',#12770);
#10829=LINE('',#12771,#12772);
#10830=VERTEX_POINT('',#12774);
#10831=LINE('',#12775,#12776);
#10832=VERTEX_POINT('',#12778);
#10833=LINE('',#12779,#12780);
#10834=LINE('',#12782,#12783);
#10835=VERTEX_POINT('',#12785);
#10836=CIRCLE('',#12786,2.5);
#10837=VERTEX_POINT('',#12790);
#10838=VERTEX_POINT('',#12791);
#10839=LINE('',#12792,#12793);
#10840=VERTEX_POINT('',#12795);
#10841=LINE('',#12796,#12797);
#10842=VERTEX_POINT('',#12799);
#10843=LINE('',#12800,#12801);
#10844=VERTEX_POINT('',#12803);
#10845=LINE('',#12804,#12805);
#10846=VERTEX_POINT('',#12807);
#10847=LINE('',#12808,#12809);
#10848=LINE('',#12811,#12812);
#10849=VERTEX_POINT('',#12814);
#10850=CIRCLE('',#12815,2.5);
#10851=VERTEX_POINT('',#12819);
#10852=VERTEX_POINT('',#12820);
#10853=LINE('',#12821,#12822);
#10854=VERTEX_POINT('',#12824);
#10855=LINE('',#12825,#12826);
#10856=VERTEX_POINT('',#12828);
#10857=LINE('',#12829,#12830);
#10858=VERTEX_POINT('',#12832);
#10859=LINE('',#12833,#12834);
#10860=VERTEX_POINT('',#12836);
#10861=LINE('',#12837,#12838);
#10862=LINE('',#12840,#12841);
#10863=VERTEX_POINT('',#12843);
#10864=CIRCLE('',#12844,2.5);
#10865=VERTEX_POINT('',#12848);
#10866=VERTEX_POINT('',#12849);
#10867=LINE('',#12850,#12851);
#10868=VERTEX_POINT('',#12853);
#10869=LINE('',#12854,#12855);
#10870=VERTEX_POINT('',#12857);
#10871=LINE('',#12858,#12859);
#10872=LINE('',#12861,#12862);
#10873=VERTEX_POINT('',#12864);
#10874=CIRCLE('',#12865,2.5);
#10875=VERTEX_POINT('',#12869);
#10876=VERTEX_POINT('',#12870);
#10877=LINE('',#12871,#12872);
#10878=VERTEX_POINT('',#12874);
#10879=LINE('',#12875,#12876);
#10880=VERTEX_POINT('',#12878);
#10881=LINE('',#12879,#12880);
#10882=VERTEX_POINT('',#12882);
#10883=LINE('',#12883,#12884);
#10884=VERTEX_POINT('',#12886);
#10885=LINE('',#12887,#12888);
#10886=VERTEX_POINT('',#12890);
#10887=LINE('',#12891,#12892);
#10888=VERTEX_POINT('',#12894);
#10889=LINE('',#12895,#12896);
#10890=VERTEX_POINT('',#12898);
#10891=LINE('',#12899,#12900);
#10892=VERTEX_POINT('',#12902);
#10893=LINE('',#12903,#12904);
#10894=VERTEX_POINT('',#12906);
#10895=LINE('',#12907,#12908);
#10896=VERTEX_POINT('',#12910);
#10897=LINE('',#12911,#12912);
#10898=VERTEX_POINT('',#12914);
#10899=LINE('',#12915,#12916);
#10900=LINE('',#12918,#12919);
#10901=LINE('',#12921,#12922);
#10902=LINE('',#12924,#12925);
#10903=LINE('',#12927,#12928);
#10904=LINE('',#12930,#12931);
#10905=VERTEX_POINT('',#12933);
#10906=LINE('',#12934,#12935);
#10907=LINE('',#12937,#12938);
#10908=LINE('',#12940,#12941);
#10909=LINE('',#12943,#12944);
#10910=VERTEX_POINT('',#12946);
#10911=VERTEX_POINT('',#12947);
#10912=LINE('',#12948,#12949);
#10913=VERTEX_POINT('',#12951);
#10914=LINE('',#12952,#12953);
#10915=LINE('',#12955,#12956);
#10916=LINE('',#12958,#12959);
#10917=LINE('',#12961,#12962);
#10918=LINE('',#12964,#12965);
#10919=LINE('',#12967,#12968);
#10920=VERTEX_POINT('',#12970);
#10921=LINE('',#12971,#12972);
#10922=VERTEX_POINT('',#12974);
#10923=LINE('',#12975,#12976);
#10924=VERTEX_POINT('',#12978);
#10925=LINE('',#12979,#12980);
#10926=VERTEX_POINT('',#12982);
#10927=LINE('',#12983,#12984);
#10928=VERTEX_POINT('',#12986);
#10929=LINE('',#12987,#12988);
#10930=VERTEX_POINT('',#12990);
#10931=LINE('',#12991,#12992);
#10932=VERTEX_POINT('',#12994);
#10933=LINE('',#12995,#12996);
#10934=VERTEX_POINT('',#12998);
#10935=LINE('',#12999,#13000);
#10936=VERTEX_POINT('',#13002);
#10937=LINE('',#13003,#13004);
#10938=VERTEX_POINT('',#13006);
#10939=LINE('',#13007,#13008);
#10940=VERTEX_POINT('',#13010);
#10941=LINE('',#13011,#13012);
#10942=LINE('',#13014,#13015);
#10943=LINE('',#13017,#13018);
#10944=LINE('',#13020,#13021);
#10945=VERTEX_POINT('',#13023);
#10946=CIRCLE('',#13024,2.5);
#10947=LINE('',#13028,#13029);
#10948=LINE('',#13031,#13032);
#10949=LINE('',#13034,#13035);
#10950=LINE('',#13037,#13038);
#10951=VERTEX_POINT('',#13040);
#10952=CIRCLE('',#13041,2.5);
#10953=LINE('',#13045,#13046);
#10954=LINE('',#13048,#13049);
#10955=LINE('',#13051,#13052);
#10956=VERTEX_POINT('',#13054);
#10957=CIRCLE('',#13055,2.5);
#10958=LINE('',#13059,#13060);
#10959=LINE('',#13062,#13063);
#10960=LINE('',#13065,#13066);
#10961=LINE('',#13068,#13069);
#10962=LINE('',#13071,#13072);
#10963=LINE('',#13074,#13075);
#10964=LINE('',#13077,#13078);
#10965=VERTEX_POINT('',#13080);
#10966=CIRCLE('',#13081,16.5);
#10967=VERTEX_POINT('',#13085);
#10968=CIRCLE('',#13086,4.);
#10969=VERTEX_POINT('',#13090);
#10970=CIRCLE('',#13091,4.);
#10971=VERTEX_POINT('',#13095);
#10972=CIRCLE('',#13096,4.);
#10973=VERTEX_POINT('',#13100);
#10974=CIRCLE('',#13101,4.);
#10975=VERTEX_POINT('',#13105);
#10976=CIRCLE('',#13106,5.);
#10977=VERTEX_POINT('',#13110);
#10978=CIRCLE('',#13111,4.);
#10979=VERTEX_POINT('',#13115);
#10980=CIRCLE('',#13116,5.);
#10981=VERTEX_POINT('',#13120);
#10982=CIRCLE('',#13121,4.);
#10983=VERTEX_POINT('',#13125);
#10984=CIRCLE('',#13126,5.);
#10985=VERTEX_POINT('',#13130);
#10986=CIRCLE('',#13131,4.);
#10987=VERTEX_POINT('',#13135);
#10988=CIRCLE('',#13136,17.5);
#10989=VERTEX_POINT('',#13140);
#10990=CIRCLE('',#13141,4.);
#10991=VERTEX_POINT('',#13145);
#10992=CIRCLE('',#13146,5.);
#10993=VERTEX_POINT('',#13150);
#10994=CIRCLE('',#13151,5.);
#10995=VERTEX_POINT('',#13155);
#10996=CIRCLE('',#13156,5.);
#10997=VERTEX_POINT('',#13160);
#10998=CIRCLE('',#13161,17.5);
#10999=VERTEX_POINT('',#13165);
#11000=CIRCLE('',#13166,5.);
#11001=VERTEX_POINT('',#13170);
#11002=CIRCLE('',#13171,16.5);
#11003=VERTEX_POINT('',#13175);
#11004=CIRCLE('',#13176,4.);
#11005=VERTEX_POINT('',#13180);
#11006=CIRCLE('',#13181,5.5);
#11007=VERTEX_POINT('',#13185);
#11008=CIRCLE('',#13186,5.5);
#11009=VERTEX_POINT('',#13190);
#11010=CIRCLE('',#13191,5.5);
#11011=VERTEX_POINT('',#13195);
#11012=CIRCLE('',#13196,5.5);
#11013=VERTEX_POINT('',#13200);
#11014=CIRCLE('',#13201,5.);
#11015=VERTEX_POINT('',#13205);
#11016=CIRCLE('',#13206,2.5);
#11017=VERTEX_POINT('',#13210);
#11018=CIRCLE('',#13211,2.5);
#11019=VERTEX_POINT('',#13215);
#11020=CIRCLE('',#13216,3.);
#11021=VERTEX_POINT('',#13220);
#11022=CIRCLE('',#13221,5.);
#11023=VERTEX_POINT('',#13225);
#11024=CIRCLE('',#13226,5.);
#11025=VERTEX_POINT('',#13230);
#11026=CIRCLE('',#13231,2.5);
#11027=VERTEX_POINT('',#13235);
#11028=CIRCLE('',#13236,2.5);
#11029=VERTEX_POINT('',#13240);
#11030=CIRCLE('',#13241,3.);
#11031=VERTEX_POINT('',#13245);
#11032=CIRCLE('',#13246,2.5);
#11033=VERTEX_POINT('',#13250);
#11034=CIRCLE('',#13251,2.5);
#11035=VERTEX_POINT('',#13255);
#11036=CIRCLE('',#13256,1.75);
#11037=VERTEX_POINT('',#13260);
#11038=VERTEX_POINT('',#13261);
#11039=LINE('',#13262,#13263);
#11040=VERTEX_POINT('',#13265);
#11041=CIRCLE('',#13266,1.75);
#11042=VERTEX_POINT('',#13270);
#11043=CIRCLE('',#13271,1.75);
#11044=VERTEX_POINT('',#13275);
#11045=LINE('',#13276,#13277);
#11046=VERTEX_POINT('',#13279);
#11047=CIRCLE('',#13280,1.75);
#11048=VERTEX_POINT('',#13284);
#11049=LINE('',#13285,#13286);
#11050=VERTEX_POINT('',#13288);
#11051=CIRCLE('',#13289,1.75);
#11052=VERTEX_POINT('',#13293);
#11053=LINE('',#13294,#13295);
#11054=VERTEX_POINT('',#13297);
#11055=CIRCLE('',#13298,1.75);
#11056=VERTEX_POINT('',#13302);
#11057=LINE('',#13303,#13304);
#11058=VERTEX_POINT('',#13306);
#11059=CIRCLE('',#13307,1.75);
#11060=VERTEX_POINT('',#13311);
#11061=LINE('',#13312,#13313);
#11062=VERTEX_POINT('',#13315);
#11063=CIRCLE('',#13316,1.75);
#11064=VERTEX_POINT('',#13320);
#11065=LINE('',#13321,#13322);
#11066=VERTEX_POINT('',#13324);
#11067=CIRCLE('',#13325,1.75);
#11068=VERTEX_POINT('',#13329);
#11069=LINE('',#13330,#13331);
#11070=VERTEX_POINT('',#13333);
#11071=CIRCLE('',#13334,1.75);
#11072=VERTEX_POINT('',#13338);
#11073=LINE('',#13339,#13340);
#11074=VERTEX_POINT('',#13342);
#11075=CIRCLE('',#13343,1.75);
#11076=VERTEX_POINT('',#13347);
#11077=LINE('',#13348,#13349);
#11078=VERTEX_POINT('',#13351);
#11079=CIRCLE('',#13352,1.75);
#11080=VERTEX_POINT('',#13356);
#11081=LINE('',#13357,#13358);
#11082=VERTEX_POINT('',#13360);
#11083=CIRCLE('',#13361,1.75);
#11084=VERTEX_POINT('',#13365);
#11085=LINE('',#13366,#13367);
#11086=CIRCLE('',#13369,1.75);
#11087=VERTEX_POINT('',#13373);
#11088=VERTEX_POINT('',#13374);
#11089=CIRCLE('',#13375,2.5);
#11090=CIRCLE('',#13379,2.5);
#11091=VERTEX_POINT('',#13383);
#11092=LINE('',#13384,#13385);
#11093=VERTEX_POINT('',#13387);
#11094=LINE('',#13388,#13389);
#11095=LINE('',#13391,#13392);
#11096=VERTEX_POINT('',#13394);
#11097=LINE('',#13395,#13396);
#11098=LINE('',#13398,#13399);
#11099=VERTEX_POINT('',#13401);
#11100=LINE('',#13402,#13403);
#11101=LINE('',#13405,#13406);
#11102=VERTEX_POINT('',#13408);
#11103=LINE('',#13409,#13410);
#11104=LINE('',#13412,#13413);
#11105=VERTEX_POINT('',#13415);
#11106=LINE('',#13416,#13417);
#11107=LINE('',#13419,#13420);
#11108=LINE('',#13422,#13423);
#11109=VERTEX_POINT('',#13425);
#11110=LINE('',#13426,#13427);
#11111=LINE('',#13429,#13430);
#11112=VERTEX_POINT('',#13432);
#11113=LINE('',#13433,#13434);
#11114=LINE('',#13436,#13437);
#11115=VERTEX_POINT('',#13439);
#11116=LINE('',#13440,#13441);
#11117=LINE('',#13443,#13444);
#11118=VERTEX_POINT('',#13446);
#11119=LINE('',#13447,#13448);
#11120=LINE('',#13450,#13451);
#11121=VERTEX_POINT('',#13453);
#11122=LINE('',#13454,#13455);
#11123=LINE('',#13457,#13458);
#11124=VERTEX_POINT('',#13460);
#11125=LINE('',#13461,#13462);
#11126=LINE('',#13464,#13465);
#11127=LINE('',#13467,#13468);
#11128=LINE('',#13470,#13471);
#11129=LINE('',#13473,#13474);
#11130=LINE('',#13476,#13477);
#11131=LINE('',#13479,#13480);
#11132=LINE('',#13482,#13483);
#11133=VERTEX_POINT('',#13485);
#11134=VERTEX_POINT('',#13486);
#11135=CIRCLE('',#13487,2.5);
#11136=CIRCLE('',#13491,2.5);
#11137=VERTEX_POINT('',#13495);
#11138=VERTEX_POINT('',#13496);
#11139=LINE('',#13497,#13498);
#11140=VERTEX_POINT('',#13500);
#11141=B_SPLINE_CURVE_WITH_KNOTS('',3,
(#13501,#13502,#13503,#13504,#13505,#13506,#13507,#13508,#13509,#13510,#13511,#13512,
#13513,#13514,#13515,#13516,#13517,#13518,#13519,#13520,#13521,#13522,#13523,#13524,
#13525,#13526,#13527,#13528),
.UNSPECIFIED.,.F.,.F.,
(4,1,1,1,1,1,1,1,1,1,1,1,1,1,1,1,1,1,1,1,1,1,1,1,1,4),
(0.,0.0734003773315683,0.13874825801452,0.201431934093653,0.254958915636141,0.310013413063141,
0.364242810822805,0.42265979886479,0.483803298217672,0.549277453354343,0.609050928464116,
0.661789729332236,0.700136909000921,0.733197095528501,0.761133648328616,0.785523473985696,
0.808773080235273,0.830205832738399,0.85086423418718,0.870748284581618,0.890924473523168,
0.911490517727226,0.933163602488209,0.957522361257264,0.980040222192667,1.),
.UNSPECIFIED.);
#11142=VERTEX_POINT('',#13529);
#11143=B_SPLINE_CURVE_WITH_KNOTS('',3,
(#13530,#13531,#13532,#13533,#13534,#13535,#13536,#13537,#13538,#13539),
.UNSPECIFIED.,.F.,.F.,
(4,1,1,1,1,1,1,4),
(0.,0.252085745110539,0.46802287660497,0.628075012442471,0.758446911813,0.868785199685764,
0.945988277606048,1.),
.UNSPECIFIED.);
#11144=VERTEX_POINT('',#13540);
#11145=B_SPLINE_CURVE_WITH_KNOTS('',3,
(#13541,#13542,#13543,#13544,#13545,#13546,#13547,#13548,#13549),
.UNSPECIFIED.,.F.,.F.,
(4,1,1,1,1,1,4),
(0.,0.145800900591109,0.283881106045025,0.425203748068674,0.585417418301878,0.780670546181295,
1.),
.UNSPECIFIED.);
#11146=VERTEX_POINT('',#13550);
#11147=B_SPLINE_CURVE_WITH_KNOTS('',3,
(#13551,#13552,#13553,#13554,#13555,#13556,#13557,#13558,#13559,#13560,#13561,#13562,
#13563,#13564,#13565,#13566,#13567,#13568,#13569,#13570,#13571,#13572,#13573,#13574,
#13575,#13576,#13577,#13578,#13579,#13580,#13581),
.UNSPECIFIED.,.F.,.F.,
(4,1,1,1,1,1,1,1,1,1,1,1,1,1,1,1,1,1,1,1,1,1,1,1,1,1,1,1,4),
(0.,0.0523475340721345,0.0986384975060926,0.138992494290657,0.173284742580767,0.207571813014598,
0.241482596644038,0.273755566947103,0.305042686350353,0.332581254242593,0.357757578990867,
0.379809903389913,0.403131355361503,0.431520338843803,0.465086648615515,0.510370060939131,
0.569043319937071,0.634582859755084,0.693270577004166,0.735875236581094,0.767560110124821,
0.793981834854814,0.818900497813713,0.84475860810022,0.873755610021854,0.905891503578615,
0.94380588339846,0.975175382205589,1.),
.UNSPECIFIED.);
#11148=B_SPLINE_CURVE_WITH_KNOTS('',3,
(#13582,#13583,#13584,#13585,#13586,#13587,#13588,#13589,#13590,#13591),
.UNSPECIFIED.,.F.,.F.,
(4,1,1,1,1,1,1,4),
(0.,0.182284394790484,0.342088128070817,0.47967739036312,0.612721295492156,0.739151377155474,
0.865950940662143,1.),
.UNSPECIFIED.);
#11149=VERTEX_POINT('',#13592);
#11150=VERTEX_POINT('',#13593);
#11151=LINE('',#13594,#13595);
#11152=VERTEX_POINT('',#13597);
#11153=B_SPLINE_CURVE_WITH_KNOTS('',3,
(#13598,#13599,#13600,#13601,#13602,#13603,#13604,#13605,#13606,#13607,#13608,#13609,
#13610,#13611,#13612,#13613,#13614,#13615,#13616,#13617,#13618,#13619),
.UNSPECIFIED.,.F.,.F.,
(4,1,1,1,1,1,1,1,1,1,1,1,1,1,1,1,1,1,1,4),
(0.,0.132460089571243,0.242794729666223,0.331003920284942,0.39365407024648,0.451986627362907,
0.504926613038143,0.555907618453107,0.604867566234772,0.651353316558433,0.692629667924201,
0.729642699369294,0.762390813660549,0.793609212297852,0.823227103613333,0.854407657985036,
0.88715087541296,0.927160127974713,0.964776502837059,1.),
.UNSPECIFIED.);
#11154=VERTEX_POINT('',#13620);
#11155=B_SPLINE_CURVE_WITH_KNOTS('',3,
(#13621,#13622,#13623,#13624,#13625,#13626),
.UNSPECIFIED.,.F.,.F.,
(4,1,1,4),
(0.,0.333333333333333,0.666666666666667,1.),
.UNSPECIFIED.);
#11156=VERTEX_POINT('',#13627);
#11157=B_SPLINE_CURVE_WITH_KNOTS('',3,
(#13628,#13629,#13630,#13631,#13632,#13633,#13634,#13635,#13636,#13637,#13638,#13639,
#13640,#13641,#13642,#13643,#13644,#13645,#13646,#13647,#13648,#13649,#13650),
.UNSPECIFIED.,.F.,.F.,
(4,1,1,1,1,1,1,1,1,1,1,1,1,1,1,1,1,1,1,1,4),
(0.,0.145073336147532,0.267714366735648,0.357445190184824,0.430367397963061,0.484098077911541,
0.529115131609785,0.569639712507774,0.606399933243036,0.639395793815572,0.670016805647776,
0.699917768260938,0.730158918109837,0.762727460519836,0.798184440893223,0.836788476752424,
0.874998963740762,0.912254856455948,0.950108569006533,0.979356950187884,1.),
.UNSPECIFIED.);
#11158=VERTEX_POINT('',#13651);
#11159=B_SPLINE_CURVE_WITH_KNOTS('',3,
(#13652,#13653,#13654,#13655,#13656,#13657,#13658,#13659,#13660,#13661,#13662,#13663,
#13664,#13665,#13666,#13667,#13668,#13669,#13670),
.UNSPECIFIED.,.F.,.F.,
(4,1,1,1,1,1,1,1,1,1,1,1,1,1,1,1,4),
(0.,0.0979379428311589,0.184293472637495,0.255859026764807,0.312634605213095,0.364554226139771,
0.414689173822913,0.463039448262522,0.51212381271664,0.56375789082912,0.617941682599962,
0.6783515504569,0.743536964119992,0.810681661334746,0.882079882996693,0.94424724180028,
1.),
.UNSPECIFIED.);
#11160=B_SPLINE_CURVE_WITH_KNOTS('',3,
(#13671,#13672,#13673,#13674,#13675,#13676,#13677,#13678,#13679,#13680),
.UNSPECIFIED.,.F.,.F.,
(4,1,1,1,1,1,1,4),
(0.,0.181609000082558,0.34143015103509,0.478961180678631,0.612113684464517,0.738191959062469,
0.865296745237974,1.),
.UNSPECIFIED.);
#11161=VERTEX_POINT('',#13681);
#11162=VERTEX_POINT('',#13682);
#11163=LINE('',#13683,#13684);
#11164=VERTEX_POINT('',#13686);
#11165=B_SPLINE_CURVE_WITH_KNOTS('',3,
(#13687,#13688,#13689,#13690,#13691,#13692,#13693,#13694,#13695,#13696,#13697,#13698,
#13699,#13700,#13701,#13702,#13703,#13704,#13705,#13706,#13707,#13708,#13709,#13710,
#13711,#13712,#13713,#13714,#13715),
.UNSPECIFIED.,.F.,.F.,
(4,1,1,1,1,1,1,1,1,1,1,1,1,1,1,1,1,1,1,1,1,1,1,1,1,1,4),
(0.,0.0446239202209267,0.0842660148299828,0.118926283827168,0.148529311413706,0.180387414464271,
0.214500592978866,0.256031396729327,0.300470071915359,0.351733479848057,0.405063378153118,
0.461348675738134,0.518311843000664,0.572183154378134,0.619578203933445,0.65767265865528,
0.68990735250746,0.721357804431744,0.753354274195491,0.786375471582789,0.819637045271045,
0.852993736795556,0.883405191899121,0.911255002529571,0.938718047627305,0.968299713450781,
1.),
.UNSPECIFIED.);
#11166=VERTEX_POINT('',#13716);
#11167=B_SPLINE_CURVE_WITH_KNOTS('',3,
(#13717,#13718,#13719,#13720,#13721,#13722,#13723,#13724,#13725,#13726,#13727,#13728,
#13729,#13730,#13731,#13732,#13733,#13734,#13735,#13736,#13737,#13738,#13739,#13740,
#13741,#13742,#13743,#13744,#13745,#13746,#13747,#13748,#13749),
.UNSPECIFIED.,.F.,.F.,
(4,1,1,1,1,1,1,1,1,1,1,1,1,1,1,1,1,1,1,1,1,1,1,1,1,1,1,1,1,1,4),
(0.,0.0461684825060176,0.0869953060304939,0.12258407525183,0.152803335926912,0.182994747037283,
0.212817144089315,0.241179243139374,0.268698041136909,0.292932550100581,0.315105508217136,
0.334496477927759,0.354983751825227,0.379828231716158,0.415180830330497,0.46154965356407,
0.515502121733364,0.5709907627178,0.621373442106264,0.664518048936926,0.702578320368869,
0.736307594824353,0.768009661142103,0.794920637045892,0.821595677898291,0.848034783699299,
0.875438022141931,0.903431183160435,0.936096222179467,0.968285827792656,1.),
.UNSPECIFIED.);
#11168=B_SPLINE_CURVE_WITH_KNOTS('',3,
(#13750,#13751,#13752,#13753,#13754,#13755,#13756,#13757,#13758,#13759),
.UNSPECIFIED.,.F.,.F.,
(4,1,1,1,1,1,1,4),
(0.,0.182284451986323,0.3420882041425,0.479677469797123,0.61272136919586,0.739151455112172,
0.865950989776547,1.),
.UNSPECIFIED.);
#11169=VERTEX_POINT('',#13760);
#11170=B_SPLINE_CURVE_WITH_KNOTS('',3,
(#13761,#13762,#13763,#13764,#13765,#13766),
.UNSPECIFIED.,.F.,.F.,
(4,2,4),
(0.,0.358350749202066,1.),
.UNSPECIFIED.);
#11171=VERTEX_POINT('',#13767);
#11172=B_SPLINE_CURVE_WITH_KNOTS('',3,
(#13768,#13769,#13770,#13771,#13772,#13773,#13774,#13775,#13776,#13777,#13778,#13779,
#13780,#13781,#13782,#13783,#13784,#13785,#13786,#13787,#13788,#13789,#13790,#13791,
#13792,#13793),
.UNSPECIFIED.,.F.,.F.,
(4,1,1,1,1,1,1,1,1,1,1,1,1,1,1,1,1,1,1,1,1,1,1,4),
(0.,0.0434782608695653,0.0869565217391303,0.130434782608696,0.173913043478261,0.217391304347826,
0.260869565217391,0.304347826086956,0.34782608695652,0.391304347826087,0.434782608695653,
0.478260869565217,0.521739130434783,0.565217391304347,0.608695652173913,0.652173913043477,
0.695652173913043,0.73913043478261,0.782608695652173,0.82608695652174,0.869565217391303,
0.91304347826087,0.956521739130434,1.),
.UNSPECIFIED.);
#11173=VERTEX_POINT('',#13794);
#11174=B_SPLINE_CURVE_WITH_KNOTS('',3,
(#13795,#13796,#13797,#13798,#13799,#13800),
.UNSPECIFIED.,.F.,.F.,
(4,2,4),
(0.,0.364746375308683,1.),
.UNSPECIFIED.);
#11175=B_SPLINE_CURVE_WITH_KNOTS('',3,
(#13801,#13802,#13803,#13804,#13805,#13806,#13807,#13808,#13809,#13810,#13811,#13812,
#13813,#13814),
.UNSPECIFIED.,.F.,.F.,
(4,1,1,1,1,1,1,1,1,1,1,4),
(0.,0.091197126305119,0.182394252610237,0.273591378915356,0.364788505220476,0.455985631525594,
0.547182757830713,0.638379884135831,0.729577010440947,0.820774136746069,0.91197126305119,
1.),
.UNSPECIFIED.);
#11176=B_SPLINE_CURVE_WITH_KNOTS('',3,
(#13815,#13816,#13817,#13818),
.UNSPECIFIED.,.F.,.F.,
(4,4),
(0.,1.),
.UNSPECIFIED.);
#11177=VERTEX_POINT('',#13819);
#11178=B_SPLINE_CURVE_WITH_KNOTS('',3,
(#13820,#13821,#13822,#13823,#13824,#13825,#13826,#13827,#13828),
.UNSPECIFIED.,.F.,.F.,
(4,1,1,1,1,1,4),
(0.,0.166666666666666,0.333333333333334,0.5,0.666666666666666,0.833333333333333,
1.),
.UNSPECIFIED.);
#11179=B_SPLINE_CURVE_WITH_KNOTS('',3,
(#13829,#13830,#13831,#13832,#13833,#13834),
.UNSPECIFIED.,.F.,.F.,
(4,2,4),
(0.,0.364530419048163,1.),
.UNSPECIFIED.);
#11180=B_SPLINE_CURVE_WITH_KNOTS('',3,
(#13835,#13836,#13837,#13838,#13839,#13840),
.UNSPECIFIED.,.F.,.F.,
(4,1,1,4),
(0.,0.333333333333333,0.666666666666668,1.),
.UNSPECIFIED.);
#11181=VERTEX_POINT('',#13841);
#11182=B_SPLINE_CURVE_WITH_KNOTS('',3,
(#13842,#13843,#13844,#13845,#13846,#13847),
.UNSPECIFIED.,.F.,.F.,
(4,2,4),
(0.,0.358350749202065,1.),
.UNSPECIFIED.);
#11183=VERTEX_POINT('',#13848);
#11184=B_SPLINE_CURVE_WITH_KNOTS('',3,
(#13849,#13850,#13851,#13852,#13853,#13854,#13855,#13856,#13857,#13858,#13859,#13860,
#13861,#13862,#13863,#13864,#13865,#13866,#13867,#13868,#13869,#13870,#13871,#13872,
#13873,#13874),
.UNSPECIFIED.,.F.,.F.,
(4,1,1,1,1,1,1,1,1,1,1,1,1,1,1,1,1,1,1,1,1,1,1,4),
(0.,0.0434782608696211,0.0869565217391836,0.130434782608746,0.173913043478309,0.217391304347872,
0.260869565217434,0.304347826086997,0.347826086956558,0.391304347826122,0.434782608695686,
0.478260869565247,0.521739130434811,0.565217391304372,0.608695652173936,0.652173913043497,
0.695652173913061,0.739130434782625,0.782608695652186,0.82608695652175,0.869565217391311,
0.913043478260875,0.956521739130436,1.),
.UNSPECIFIED.);
#11185=VERTEX_POINT('',#13875);
#11186=B_SPLINE_CURVE_WITH_KNOTS('',3,
(#13876,#13877,#13878,#13879,#13880,#13881),
.UNSPECIFIED.,.F.,.F.,
(4,2,4),
(0.,0.364746375308683,1.),
.UNSPECIFIED.);
#11187=B_SPLINE_CURVE_WITH_KNOTS('',3,
(#13882,#13883,#13884,#13885,#13886,#13887,#13888,#13889,#13890,#13891,#13892,#13893,
#13894,#13895),
.UNSPECIFIED.,.F.,.F.,
(4,1,1,1,1,1,1,1,1,1,1,4),
(0.,0.091197126305119,0.182394252610237,0.273591378915356,0.364788505220475,0.455985631525594,
0.547182757830713,0.638379884135831,0.729577010440947,0.820774136746068,0.91197126305119,
1.),
.UNSPECIFIED.);
#11188=B_SPLINE_CURVE_WITH_KNOTS('',3,
(#13896,#13897,#13898,#13899),
.UNSPECIFIED.,.F.,.F.,
(4,4),
(0.,1.),
.UNSPECIFIED.);
#11189=VERTEX_POINT('',#13900);
#11190=B_SPLINE_CURVE_WITH_KNOTS('',3,
(#13901,#13902,#13903,#13904,#13905,#13906,#13907,#13908,#13909),
.UNSPECIFIED.,.F.,.F.,
(4,1,1,1,1,1,4),
(0.,0.166666666666666,0.333333333333334,0.5,0.666666666666666,0.833333333333333,
1.),
.UNSPECIFIED.);
#11191=B_SPLINE_CURVE_WITH_KNOTS('',3,
(#13910,#13911,#13912,#13913,#13914,#13915),
.UNSPECIFIED.,.F.,.F.,
(4,2,4),
(0.,0.364530419048163,1.),
.UNSPECIFIED.);
#11192=B_SPLINE_CURVE_WITH_KNOTS('',3,
(#13916,#13917,#13918,#13919,#13920,#13921),
.UNSPECIFIED.,.F.,.F.,
(4,1,1,4),
(0.,0.333333333333333,0.666666666666668,1.),
.UNSPECIFIED.);
#11193=VERTEX_POINT('',#13922);
#11194=B_SPLINE_CURVE_WITH_KNOTS('',3,
(#13923,#13924,#13925,#13926,#13927,#13928),
.UNSPECIFIED.,.F.,.F.,
(4,2,4),
(0.,0.358350749202065,1.),
.UNSPECIFIED.);
#11195=VERTEX_POINT('',#13929);
#11196=B_SPLINE_CURVE_WITH_KNOTS('',3,
(#13930,#13931,#13932,#13933,#13934,#13935,#13936,#13937,#13938,#13939,#13940,#13941,
#13942,#13943,#13944,#13945,#13946,#13947,#13948,#13949,#13950,#13951,#13952,#13953,
#13954,#13955),
.UNSPECIFIED.,.F.,.F.,
(4,1,1,1,1,1,1,1,1,1,1,1,1,1,1,1,1,1,1,1,1,1,1,4),
(0.,0.0434782608695653,0.0869565217391303,0.130434782608696,0.173913043478261,0.217391304347826,
0.260869565217391,0.304347826086956,0.34782608695652,0.391304347826087,0.434782608695653,
0.478260869565217,0.521739130434783,0.565217391304347,0.608695652173913,0.652173913043477,
0.695652173913043,0.73913043478261,0.782608695652173,0.82608695652174,0.869565217391303,
0.91304347826087,0.956521739130434,1.),
.UNSPECIFIED.);
#11197=VERTEX_POINT('',#13956);
#11198=B_SPLINE_CURVE_WITH_KNOTS('',3,
(#13957,#13958,#13959,#13960,#13961,#13962),
.UNSPECIFIED.,.F.,.F.,
(4,2,4),
(0.,0.364746375308683,1.),
.UNSPECIFIED.);
#11199=B_SPLINE_CURVE_WITH_KNOTS('',3,
(#13963,#13964,#13965,#13966,#13967,#13968,#13969,#13970,#13971,#13972,#13973,#13974,
#13975,#13976),
.UNSPECIFIED.,.F.,.F.,
(4,1,1,1,1,1,1,1,1,1,1,4),
(0.,0.0911971281557063,0.182394256311412,0.273591384467118,0.364788512622825,0.45598564077853,
0.547182768934237,0.638379897089942,0.729577025245645,0.820774153401354,0.911971281557063,
1.),
.UNSPECIFIED.);
#11200=B_SPLINE_CURVE_WITH_KNOTS('',3,
(#13977,#13978,#13979,#13980),
.UNSPECIFIED.,.F.,.F.,
(4,4),
(0.,1.),
.UNSPECIFIED.);
#11201=VERTEX_POINT('',#13981);
#11202=B_SPLINE_CURVE_WITH_KNOTS('',3,
(#13982,#13983,#13984,#13985,#13986,#13987,#13988,#13989,#13990),
.UNSPECIFIED.,.F.,.F.,
(4,1,1,1,1,1,4),
(0.,0.166666666666666,0.333333333333332,0.499999999999998,0.666666666666663,0.833333333333329,
1.),
.UNSPECIFIED.);
#11203=B_SPLINE_CURVE_WITH_KNOTS('',3,
(#13991,#13992,#13993,#13994,#13995,#13996),
.UNSPECIFIED.,.F.,.F.,
(4,2,4),
(0.,0.364530419048163,1.),
.UNSPECIFIED.);
#11204=B_SPLINE_CURVE_WITH_KNOTS('',3,
(#13997,#13998,#13999,#14000,#14001,#14002),
.UNSPECIFIED.,.F.,.F.,
(4,1,1,4),
(0.,0.333333333333333,0.666666666666668,1.),
.UNSPECIFIED.);
#11205=VERTEX_POINT('',#14003);
#11206=CIRCLE('',#14004,2.5);
#11207=VERTEX_POINT('',#14008);
#11208=CIRCLE('',#14009,16.5);
#11209=VERTEX_POINT('',#14013);
#11210=CIRCLE('',#14014,4.);
#11211=VERTEX_POINT('',#14018);
#11212=CIRCLE('',#14019,5.5);
#11213=VERTEX_POINT('',#14023);
#11214=CIRCLE('',#14024,5.5);
#11215=VERTEX_POINT('',#14028);
#11216=CIRCLE('',#14029,5.5);
#11217=VERTEX_POINT('',#14033);
#11218=CIRCLE('',#14034,5.5);
#11219=VERTEX_POINT('',#14038);
#11220=CIRCLE('',#14039,4.);
#11221=VERTEX_POINT('',#14043);
#11222=CIRCLE('',#14044,2.5);
#11223=VERTEX_POINT('',#14048);
#11224=CIRCLE('',#14049,17.5);
#11225=VERTEX_POINT('',#14053);
#11226=CIRCLE('',#14054,5.);
#11227=VERTEX_POINT('',#14058);
#11228=CIRCLE('',#14059,5.);
#11229=VERTEX_POINT('',#14063);
#11230=CIRCLE('',#14064,5.);
#11231=VERTEX_POINT('',#14068);
#11232=CIRCLE('',#14069,5.);
#11233=VERTEX_POINT('',#14073);
#11234=CIRCLE('',#14074,3.);
#11235=VERTEX_POINT('',#14078);
#11236=CIRCLE('',#14079,17.5);
#11237=VERTEX_POINT('',#14083);
#11238=CIRCLE('',#14084,5.);
#11239=VERTEX_POINT('',#14088);
#11240=CIRCLE('',#14089,5.);
#11241=VERTEX_POINT('',#14093);
#11242=CIRCLE('',#14094,5.);
#11243=VERTEX_POINT('',#14098);
#11244=CIRCLE('',#14099,5.);
#11245=VERTEX_POINT('',#14103);
#11246=CIRCLE('',#14104,16.5);
#11247=VERTEX_POINT('',#14108);
#11248=CIRCLE('',#14109,4.);
#11249=VERTEX_POINT('',#14113);
#11250=CIRCLE('',#14114,4.);
#11251=VERTEX_POINT('',#14118);
#11252=CIRCLE('',#14119,4.);
#11253=VERTEX_POINT('',#14123);
#11254=CIRCLE('',#14124,4.);
#11255=VERTEX_POINT('',#14128);
#11256=CIRCLE('',#14129,4.);
#11257=VERTEX_POINT('',#14133);
#11258=CIRCLE('',#14134,4.);
#11259=VERTEX_POINT('',#14138);
#11260=CIRCLE('',#14139,4.);
#11261=VERTEX_POINT('',#14143);
#11262=CIRCLE('',#14144,4.);
#11263=VERTEX_POINT('',#14148);
#11264=CIRCLE('',#14149,2.5);
#11265=VERTEX_POINT('',#14153);
#11266=CIRCLE('',#14154,29.);
#11267=VERTEX_POINT('',#14158);
#11268=CIRCLE('',#14159,6.);
#11269=VERTEX_POINT('',#14163);
#11270=CIRCLE('',#14164,5.5);
#11271=VERTEX_POINT('',#14168);
#11272=CIRCLE('',#14169,5.5);
#11273=VERTEX_POINT('',#14173);
#11274=CIRCLE('',#14174,5.5);
#11275=VERTEX_POINT('',#14178);
#11276=CIRCLE('',#14179,5.5);
#11277=VERTEX_POINT('',#14183);
#11278=CIRCLE('',#14184,5.5);
#11279=VERTEX_POINT('',#14188);
#11280=CIRCLE('',#14189,5.5);
#11281=VERTEX_POINT('',#14193);
#11282=CIRCLE('',#14194,5.5);
#11283=VERTEX_POINT('',#14198);
#11284=CIRCLE('',#14199,5.5);
#11285=VERTEX_POINT('',#14203);
#11286=CIRCLE('',#14204,5.);
#11287=VERTEX_POINT('',#14208);
#11288=CIRCLE('',#14209,5.);
#11289=VERTEX_POINT('',#14213);
#11290=CIRCLE('',#14214,2.5);
#11291=VERTEX_POINT('',#14218);
#11292=CIRCLE('',#14219,30.);
#11293=VERTEX_POINT('',#14223);
#11294=CIRCLE('',#14224,5.);
#11295=VERTEX_POINT('',#14228);
#11296=CIRCLE('',#14229,5.);
#11297=VERTEX_POINT('',#14233);
#11298=CIRCLE('',#14234,5.);
#11299=VERTEX_POINT('',#14238);
#11300=CIRCLE('',#14239,5.);
#11301=VERTEX_POINT('',#14243);
#11302=CIRCLE('',#14244,5.);
#11303=VERTEX_POINT('',#14248);
#11304=CIRCLE('',#14249,5.);
#11305=VERTEX_POINT('',#14253);
#11306=CIRCLE('',#14254,5.);
#11307=VERTEX_POINT('',#14258);
#11308=CIRCLE('',#14259,5.);
#11309=VERTEX_POINT('',#14263);
#11310=CIRCLE('',#14264,4.);
#11311=VERTEX_POINT('',#14268);
#11312=CIRCLE('',#14269,30.);
#11313=VERTEX_POINT('',#14273);
#11314=CIRCLE('',#14274,5.);
#11315=VERTEX_POINT('',#14278);
#11316=CIRCLE('',#14279,5.);
#11317=VERTEX_POINT('',#14283);
#11318=CIRCLE('',#14284,5.);
#11319=VERTEX_POINT('',#14288);
#11320=CIRCLE('',#14289,5.);
#11321=VERTEX_POINT('',#14293);
#11322=CIRCLE('',#14294,5.);
#11323=VERTEX_POINT('',#14298);
#11324=CIRCLE('',#14299,5.);
#11325=VERTEX_POINT('',#14303);
#11326=CIRCLE('',#14304,5.);
#11327=VERTEX_POINT('',#14308);
#11328=CIRCLE('',#14309,5.);
#11329=VERTEX_POINT('',#14313);
#11330=CIRCLE('',#14314,29.);
#11331=VERTEX_POINT('',#14318);
#11332=CIRCLE('',#14319,4.);
#11333=VERTEX_POINT('',#14323);
#11334=CIRCLE('',#14324,4.);
#11335=VERTEX_POINT('',#14328);
#11336=CIRCLE('',#14329,4.);
#11337=VERTEX_POINT('',#14333);
#11338=CIRCLE('',#14334,4.);
#11339=VERTEX_POINT('',#14338);
#11340=CIRCLE('',#14339,4.);
#11341=VERTEX_POINT('',#14343);
#11342=CIRCLE('',#14344,4.);
#11343=VERTEX_POINT('',#14348);
#11344=CIRCLE('',#14349,4.);
#11345=VERTEX_POINT('',#14353);
#11346=CIRCLE('',#14354,4.);
#11347=VERTEX_POINT('',#14358);
#11348=CIRCLE('',#14359,4.);
#11349=VERTEX_POINT('',#14363);
#11350=CIRCLE('',#14364,4.);
#11351=VERTEX_POINT('',#14368);
#11352=CIRCLE('',#14369,4.);
#11353=VERTEX_POINT('',#14373);
#11354=CIRCLE('',#14374,4.);
#11355=VERTEX_POINT('',#14378);
#11356=CIRCLE('',#14379,4.);
#11357=VERTEX_POINT('',#14383);
#11358=CIRCLE('',#14384,4.);
#11359=VERTEX_POINT('',#14388);
#11360=CIRCLE('',#14389,4.);
#11361=VERTEX_POINT('',#14393);
#11362=CIRCLE('',#14394,4.);
#11363=VERTEX_POINT('',#14398);
#11364=VERTEX_POINT('',#14399);
#11365=LINE('',#14400,#14401);
#11366=VERTEX_POINT('',#14403);
#11367=CIRCLE('',#14404,10.);
#11368=VERTEX_POINT('',#14408);
#11369=LINE('',#14409,#14410);
#11370=CIRCLE('',#14412,10.);
#11371=VERTEX_POINT('',#14416);
#11372=CIRCLE('',#14417,2.5);
#11373=VERTEX_POINT('',#14421);
#11374=CIRCLE('',#14422,2.5);
#11375=VERTEX_POINT('',#14426);
#11376=LINE('',#14427,#14428);
#11377=VERTEX_POINT('',#14430);
#11378=LINE('',#14431,#14432);
#11379=LINE('',#14434,#14435);
#11380=VERTEX_POINT('',#14437);
#11381=CIRCLE('',#14438,10.);
#11382=LINE('',#14442,#14443);
#11383=VERTEX_POINT('',#14445);
#11384=LINE('',#14446,#14447);
#11385=LINE('',#14449,#14450);
#11386=CIRCLE('',#14452,10.);
#11387=VERTEX_POINT('',#14456);
#11388=VERTEX_POINT('',#14457);
#11389=LINE('',#14458,#14459);
#11390=VERTEX_POINT('',#14461);
#11391=LINE('',#14462,#14463);
#11392=VERTEX_POINT('',#14465);
#11393=LINE('',#14466,#14467);
#11394=LINE('',#14469,#14470);
#11395=VERTEX_POINT('',#14472);
#11396=LINE('',#14473,#14474);
#11397=VERTEX_POINT('',#14476);
#11398=LINE('',#14477,#14478);
#11399=LINE('',#14480,#14481);
#11400=VERTEX_POINT('',#14483);
#11401=LINE('',#14484,#14485);
#11402=VERTEX_POINT('',#14487);
#11403=LINE('',#14488,#14489);
#11404=LINE('',#14491,#14492);
#11405=VERTEX_POINT('',#14494);
#11406=LINE('',#14495,#14496);
#11407=VERTEX_POINT('',#14498);
#11408=LINE('',#14499,#14500);
#11409=LINE('',#14502,#14503);
#11410=VERTEX_POINT('',#14505);
#11411=LINE('',#14506,#14507);
#11412=VERTEX_POINT('',#14509);
#11413=LINE('',#14510,#14511);
#11414=LINE('',#14513,#14514);
#11415=VERTEX_POINT('',#14516);
#11416=LINE('',#14517,#14518);
#11417=VERTEX_POINT('',#14520);
#11418=LINE('',#14521,#14522);
#11419=LINE('',#14524,#14525);
#11420=VERTEX_POINT('',#14527);
#11421=LINE('',#14528,#14529);
#11422=VERTEX_POINT('',#14531);
#11423=LINE('',#14532,#14533);
#11424=LINE('',#14535,#14536);
#11425=VERTEX_POINT('',#14538);
#11426=LINE('',#14539,#14540);
#11427=VERTEX_POINT('',#14542);
#11428=LINE('',#14543,#14544);
#11429=LINE('',#14546,#14547);
#11430=VERTEX_POINT('',#14549);
#11431=LINE('',#14550,#14551);
#11432=VERTEX_POINT('',#14553);
#11433=LINE('',#14554,#14555);
#11434=LINE('',#14557,#14558);
#11435=VERTEX_POINT('',#14560);
#11436=LINE('',#14561,#14562);
#11437=VERTEX_POINT('',#14564);
#11438=LINE('',#14565,#14566);
#11439=LINE('',#14568,#14569);
#11440=VERTEX_POINT('',#14571);
#11441=LINE('',#14572,#14573);
#11442=VERTEX_POINT('',#14575);
#11443=LINE('',#14576,#14577);
#11444=LINE('',#14579,#14580);
#11445=LINE('',#14582,#14583);
#11446=LINE('',#14585,#14586);
#11447=VERTEX_POINT('',#14588);
#11448=CIRCLE('',#14589,10.);
#11449=VERTEX_POINT('',#14593);
#11450=CIRCLE('',#14594,9.);
#11451=VERTEX_POINT('',#14598);
#11452=CIRCLE('',#14599,10.);
#11453=VERTEX_POINT('',#14603);
#11454=CIRCLE('',#14604,9.);
#11455=VERTEX_POINT('',#14608);
#11456=CIRCLE('',#14609,9.);
#11457=VERTEX_POINT('',#14613);
#11458=VERTEX_POINT('',#14614);
#11459=CIRCLE('',#14615,9.);
#11460=CIRCLE('',#14619,9.);
#11461=VERTEX_POINT('',#14623);
#11462=VERTEX_POINT('',#14624);
#11463=CIRCLE('',#14625,10.);
#11464=VERTEX_POINT('',#14629);
#11465=CIRCLE('',#14630,10.);
#11466=VERTEX_POINT('',#14634);
#11467=CIRCLE('',#14635,10.);
#11468=CIRCLE('',#14639,10.);
#11469=VERTEX_POINT('',#14643);
#11470=VERTEX_POINT('',#14644);
#11471=CIRCLE('',#14645,10.);
#11472=VERTEX_POINT('',#14649);
#11473=CIRCLE('',#14650,10.);
#11474=CIRCLE('',#14654,10.);
#11475=VERTEX_POINT('',#14658);
#11476=VERTEX_POINT('',#14659);
#11477=CIRCLE('',#14660,5.);
#11478=LINE('',#14664,#14665);
#11479=VERTEX_POINT('',#14667);
#11480=LINE('',#14668,#14669);
#11481=VERTEX_POINT('',#14671);
#11482=CIRCLE('',#14672,5.);
#11483=LINE('',#14676,#14677);
#11484=VERTEX_POINT('',#14679);
#11485=VERTEX_POINT('',#14680);
#11486=CIRCLE('',#14681,5.);
#11487=VERTEX_POINT('',#14685);
#11488=LINE('',#14686,#14687);
#11489=VERTEX_POINT('',#14689);
#11490=CIRCLE('',#14690,5.);
#11491=LINE('',#14694,#14695);
#11492=LINE('',#14697,#14698);
#11493=VERTEX_POINT('',#14700);
#11494=VERTEX_POINT('',#14701);
#11495=CIRCLE('',#14702,8.);
#11496=CIRCLE('',#14706,8.);
#11497=VERTEX_POINT('',#14710);
#11498=VERTEX_POINT('',#14711);
#11499=CIRCLE('',#14712,2.);
#11500=CIRCLE('',#14716,2.);
#11501=VERTEX_POINT('',#14720);
#11502=VERTEX_POINT('',#14721);
#11503=CIRCLE('',#14722,5.);
#11504=VERTEX_POINT('',#14726);
#11505=LINE('',#14727,#14728);
#11506=VERTEX_POINT('',#14730);
#11507=CIRCLE('',#14731,5.);
#11508=VERTEX_POINT('',#14735);
#11509=LINE('',#14736,#14737);
#11510=VERTEX_POINT('',#14739);
#11511=CIRCLE('',#14740,5.);
#11512=VERTEX_POINT('',#14744);
#11513=LINE('',#14745,#14746);
#11514=VERTEX_POINT('',#14748);
#11515=CIRCLE('',#14749,5.);
#11516=LINE('',#14753,#14754);
#11517=VERTEX_POINT('',#14756);
#11518=VERTEX_POINT('',#14757);
#11519=CIRCLE('',#14758,9.);
#11520=CIRCLE('',#14762,9.);
#11521=LINE('',#14766,#14767);
#11522=LINE('',#14769,#14770);
#11523=LINE('',#14772,#14773);
#11524=LINE('',#14775,#14776);
#11525=LINE('',#14778,#14779);
#11526=LINE('',#14781,#14782);
#11527=LINE('',#14784,#14785);
#11528=LINE('',#14787,#14788);
#11529=VERTEX_POINT('',#14790);
#11530=VERTEX_POINT('',#14791);
#11531=CIRCLE('',#14792,1.);
#11532=CIRCLE('',#14796,1.);
#11533=VERTEX_POINT('',#14800);
#11534=VERTEX_POINT('',#14801);
#11535=CIRCLE('',#14802,1.);
#11536=CIRCLE('',#14806,1.);
#11537=VERTEX_POINT('',#14810);
#11538=VERTEX_POINT('',#14811);
#11539=CIRCLE('',#14812,3.);
#11540=CIRCLE('',#14816,3.);
#11541=VERTEX_POINT('',#14820);
#11542=VERTEX_POINT('',#14821);
#11543=CIRCLE('',#14822,2.);
#11544=CIRCLE('',#14826,2.);
#11545=VERTEX_POINT('',#14830);
#11546=VERTEX_POINT('',#14831);
#11547=CIRCLE('',#14832,2.);
#11548=CIRCLE('',#14836,2.);
#11549=VERTEX_POINT('',#14840);
#11550=VERTEX_POINT('',#14841);
#11551=LINE('',#14842,#14843);
#11552=VERTEX_POINT('',#14845);
#11553=CIRCLE('',#14846,72.);
#11554=VERTEX_POINT('',#14850);
#11555=LINE('',#14851,#14852);
#11556=CIRCLE('',#14854,72.);
#11557=VERTEX_POINT('',#14858);
#11558=VERTEX_POINT('',#14859);
#11559=LINE('',#14860,#14861);
#11560=VERTEX_POINT('',#14863);
#11561=CIRCLE('',#14864,72.);
#11562=VERTEX_POINT('',#14868);
#11563=LINE('',#14869,#14870);
#11564=CIRCLE('',#14872,72.);
#11565=VERTEX_POINT('',#14876);
#11566=VERTEX_POINT('',#14877);
#11567=LINE('',#14878,#14879);
#11568=LINE('',#14881,#14882);
#11569=VERTEX_POINT('',#14884);
#11570=LINE('',#14885,#14886);
#11571=VERTEX_POINT('',#14888);
#11572=LINE('',#14889,#14890);
#11573=LINE('',#14892,#14893);
#11574=LINE('',#14895,#14896);
#11575=VERTEX_POINT('',#14898);
#11576=VERTEX_POINT('',#14899);
#11577=LINE('',#14900,#14901);
#11578=LINE('',#14903,#14904);
#11579=VERTEX_POINT('',#14906);
#11580=LINE('',#14907,#14908);
#11581=VERTEX_POINT('',#14910);
#11582=LINE('',#14911,#14912);
#11583=LINE('',#14914,#14915);
#11584=LINE('',#14917,#14918);
#11585=LINE('',#14920,#14921);
#11586=LINE('',#14923,#14924);
#11587=LINE('',#14926,#14927);
#11588=LINE('',#14929,#14930);
#11589=VERTEX_POINT('',#14932);
#11590=VERTEX_POINT('',#14933);
#11591=LINE('',#14934,#14935);
#11592=VERTEX_POINT('',#14937);
#11593=LINE('',#14938,#14939);
#11594=VERTEX_POINT('',#14941);
#11595=LINE('',#14942,#14943);
#11596=LINE('',#14945,#14946);
#11597=VERTEX_POINT('',#14948);
#11598=LINE('',#14949,#14950);
#11599=VERTEX_POINT('',#14952);
#11600=LINE('',#14953,#14954);
#11601=LINE('',#14956,#14957);
#11602=VERTEX_POINT('',#14959);
#11603=LINE('',#14960,#14961);
#11604=VERTEX_POINT('',#14963);
#11605=LINE('',#14964,#14965);
#11606=LINE('',#14967,#14968);
#11607=LINE('',#14970,#14971);
#11608=LINE('',#14973,#14974);
#11609=VERTEX_POINT('',#14976);
#11610=VERTEX_POINT('',#14977);
#11611=LINE('',#14978,#14979);
#11612=VERTEX_POINT('',#14981);
#11613=LINE('',#14982,#14983);
#11614=VERTEX_POINT('',#14985);
#11615=LINE('',#14986,#14987);
#11616=LINE('',#14989,#14990);
#11617=VERTEX_POINT('',#14992);
#11618=LINE('',#14993,#14994);
#11619=VERTEX_POINT('',#14996);
#11620=LINE('',#14997,#14998);
#11621=LINE('',#15000,#15001);
#11622=VERTEX_POINT('',#15003);
#11623=LINE('',#15004,#15005);
#11624=VERTEX_POINT('',#15007);
#11625=LINE('',#15008,#15009);
#11626=LINE('',#15011,#15012);
#11627=LINE('',#15014,#15015);
#11628=LINE('',#15017,#15018);
#11629=CARTESIAN_POINT('',(4.99999999999999,9.46633086265214E-30,-75.));
#11630=AXIS2_PLACEMENT_3D('',#11631,#11632,#11633);
#11631=CARTESIAN_POINT('',(5.,0.,-3.06161699786838E-16));
#11632=DIRECTION('',(1.,0.,-6.12323399573677E-17));
#11633=DIRECTION('',(-6.12323399573677E-17,-1.22464679914735E-16,-1.));
#11634=CARTESIAN_POINT('',(5.,-51.5,1.68574629073738E-15));
#11635=AXIS2_PLACEMENT_3D('',#11636,#11637,#11638);
#11636=CARTESIAN_POINT('',(5.,-50.,1.96129182054553E-15));
#11637=DIRECTION('',(-1.,0.,6.12323399573677E-17));
#11638=DIRECTION('',(-3.74939945665464E-33,-1.,-6.12323399573676E-17));
#11639=CARTESIAN_POINT('',(-8.09870282637404E-31,-72.,-1.32261854307914E-14));
#11640=AXIS2_PLACEMENT_3D('',#11641,#11642,#11643);
#11641=CARTESIAN_POINT('',(6.12323278935071E-317,-1.E-300,1.E-300));
#11642=DIRECTION('',(-1.,0.,6.12323399573677E-17));
#11643=DIRECTION('',(-3.74939945665464E-33,-1.,-6.12323399573676E-17));
#11644=CARTESIAN_POINT('',(4.06563957465253E-32,-51.5,1.99190799052422E-15));
#11645=AXIS2_PLACEMENT_3D('',#11646,#11647,#11648);
#11646=CARTESIAN_POINT('',(1.38841484794522E-31,-50.,2.26745352033237E-15));
#11647=DIRECTION('',(-1.,0.,6.12323399573677E-17));
#11648=DIRECTION('',(-3.74939945665464E-33,-1.,-6.12323399573676E-17));
#11649=CARTESIAN_POINT('',(-260.,-1.79986057494128E-14,-75.));
#11650=AXIS2_PLACEMENT_3D('',#11651,#11652,#11653);
#11651=CARTESIAN_POINT('',(-260.,0.,1.59204083889156E-14));
#11652=DIRECTION('',(-1.,0.,6.12323399573677E-17));
#11653=DIRECTION('',(-6.12323399573677E-17,-6.43249059870654E-16,-1.));
#11654=CARTESIAN_POINT('',(-260.,-72.,2.69422295812419E-15));
#11655=AXIS2_PLACEMENT_3D('',#11656,#11657,#11658);
#11656=CARTESIAN_POINT('',(-260.,0.,1.59204083889156E-14));
#11657=DIRECTION('',(-1.,0.,6.12323399573677E-17));
#11658=DIRECTION('',(-3.74939945665465E-33,-1.,-6.12323399573677E-17));
#11659=CARTESIAN_POINT('',(10.,72.,-6.2456986756515E-15));
#11660=AXIS2_PLACEMENT_3D('',#11661,#11662,#11663);
#11661=CARTESIAN_POINT('',(10.,0.,-1.83697019872103E-15));
#11662=DIRECTION('',(1.,0.,-1.83697019872103E-16));
#11663=DIRECTION('',(1.12481983699639E-32,1.,6.12323399573677E-17));
#11664=CARTESIAN_POINT('',(8.,72.,-9.7971743931788E-16));
#11665=CARTESIAN_POINT('',(8.00000000000001,-4.40872847693047E-15,72.));
#11666=AXIS2_PLACEMENT_3D('',#11667,#11668,#11669);
#11667=CARTESIAN_POINT('',(8.,1.E-300,-1.46957615897682E-15));
#11668=DIRECTION('',(1.,0.,-1.83697019872103E-16));
#11669=DIRECTION('',(1.12481983699639E-32,1.,6.12323399573677E-17));
#11670=CARTESIAN_POINT('',(8.00000000000001,-72.,2.46265423143204E-14));
#11671=AXIS2_PLACEMENT_3D('',#11672,#11673,#11674);
#11672=CARTESIAN_POINT('',(8.,1.E-300,-1.46957615897682E-15));
#11673=DIRECTION('',(1.,0.,-1.83697019872103E-16));
#11674=DIRECTION('',(1.83697019872103E-16,-4.38256058456118E-32,1.));
#11675=AXIS2_PLACEMENT_3D('',#11676,#11677,#11678);
#11676=CARTESIAN_POINT('',(8.,1.E-300,-1.46957615897682E-15));
#11677=DIRECTION('',(1.,0.,-1.83697019872103E-16));
#11678=DIRECTION('',(1.12481983699639E-32,-1.,6.12323399573676E-17));
#11679=CARTESIAN_POINT('',(6.,72.,-5.51091059616309E-15));
#11680=CARTESIAN_POINT('',(6.00000000000001,-72.,1.65327317884892E-15));
#11681=AXIS2_PLACEMENT_3D('',#11682,#11683,#11684);
#11682=CARTESIAN_POINT('',(6.,1.E-300,-1.10218211923262E-15));
#11683=DIRECTION('',(1.,0.,-1.83697019872103E-16));
#11684=DIRECTION('',(1.12481983699639E-32,-1.,6.12323399573676E-17));
#11685=CARTESIAN_POINT('',(6.00000000000001,-1.32261854307914E-14,72.));
#11686=AXIS2_PLACEMENT_3D('',#11687,#11688,#11689);
#11687=CARTESIAN_POINT('',(6.,1.E-300,-1.10218211923262E-15));
#11688=DIRECTION('',(1.,0.,-1.83697019872103E-16));
#11689=DIRECTION('',(1.83697019872103E-16,2.44929359829471E-16,1.));
#11690=AXIS2_PLACEMENT_3D('',#11691,#11692,#11693);
#11691=CARTESIAN_POINT('',(6.,1.E-300,-1.10218211923262E-15));
#11692=DIRECTION('',(1.,0.,-1.83697019872103E-16));
#11693=DIRECTION('',(-3.37445951098918E-32,1.,-1.83697019872103E-16));
#11694=CARTESIAN_POINT('',(4.,72.,-5.14351655641888E-15));
#11695=CARTESIAN_POINT('',(4.00000000000001,-4.40872847693047E-15,72.));
#11696=AXIS2_PLACEMENT_3D('',#11697,#11698,#11699);
#11697=CARTESIAN_POINT('',(4.,1.E-300,-7.34788079488412E-16));
#11698=DIRECTION('',(1.,0.,-1.83697019872103E-16));
#11699=DIRECTION('',(-3.37445951098918E-32,1.,-1.83697019872103E-16));
#11700=CARTESIAN_POINT('',(4.00000000000001,-72.,2.49939363540646E-14));
#11701=AXIS2_PLACEMENT_3D('',#11702,#11703,#11704);
#11702=CARTESIAN_POINT('',(4.,1.E-300,-7.34788079488412E-16));
#11703=DIRECTION('',(1.,0.,-1.83697019872103E-16));
#11704=DIRECTION('',(1.83697019872103E-16,2.44929359829471E-16,1.));
#11705=AXIS2_PLACEMENT_3D('',#11706,#11707,#11708);
#11706=CARTESIAN_POINT('',(4.,1.E-300,-7.34788079488412E-16));
#11707=DIRECTION('',(1.,0.,-1.83697019872103E-16));
#11708=DIRECTION('',(1.12481983699639E-32,-1.,6.12323399573676E-17));
#11709=CARTESIAN_POINT('',(2.,72.,-2.44929359829467E-16));
#11710=CARTESIAN_POINT('',(2.00000000000001,-72.,2.51776333739367E-14));
#11711=AXIS2_PLACEMENT_3D('',#11712,#11713,#11714);
#11712=CARTESIAN_POINT('',(2.,1.E-300,-3.67394039744206E-16));
#11713=DIRECTION('',(1.,0.,-1.83697019872103E-16));
#11714=DIRECTION('',(1.12481983699639E-32,-1.,6.12323399573676E-17));
#11715=CARTESIAN_POINT('',(2.00000000000001,-1.32261854307914E-14,72.));
#11716=AXIS2_PLACEMENT_3D('',#11717,#11718,#11719);
#11717=CARTESIAN_POINT('',(2.,1.E-300,-3.67394039744206E-16));
#11718=DIRECTION('',(1.,0.,-1.83697019872103E-16));
#11719=DIRECTION('',(1.83697019872103E-16,-4.38256058456118E-32,1.));
#11720=AXIS2_PLACEMENT_3D('',#11721,#11722,#11723);
#11721=CARTESIAN_POINT('',(2.,1.E-300,-3.67394039744206E-16));
#11722=DIRECTION('',(1.,0.,-1.83697019872103E-16));
#11723=DIRECTION('',(1.12481983699639E-32,1.,6.12323399573677E-17));
#11724=CARTESIAN_POINT('',(-8.09870282637403E-31,72.,-4.40872847693047E-15));
#11725=AXIS2_PLACEMENT_3D('',#11726,#11727,#11728);
#11726=CARTESIAN_POINT('',(1.8369702411905E-316,1.E-300,1.E-300));
#11727=DIRECTION('',(1.,0.,-1.83697019872103E-16));
#11728=DIRECTION('',(1.12481983699639E-32,1.,6.12323399573677E-17));
#11729=CARTESIAN_POINT('',(10.,67.,-5.93953697586466E-15));
#11730=AXIS2_PLACEMENT_3D('',#11731,#11732,#11733);
#11731=CARTESIAN_POINT('',(10.,0.,-1.83697019872103E-15));
#11732=DIRECTION('',(1.,0.,-1.83697019872103E-16));
#11733=DIRECTION('',(1.12481983699639E-32,1.,6.12323399573677E-17));
#11734=CARTESIAN_POINT('',(-2.81204959249098E-31,75.,-4.59242549680257E-15));
#11735=AXIS2_PLACEMENT_3D('',#11736,#11737,#11738);
#11736=CARTESIAN_POINT('',(7.25119829448536E-316,3.94736842105263E-300,3.94736842105263E-300));
#11737=DIRECTION('',(1.,0.,-1.83697019872103E-16));
#11738=DIRECTION('',(1.12481983699639E-32,1.,6.12323399573677E-17));
#11739=CARTESIAN_POINT('',(5.,67.,-5.02105187650414E-15));
#11740=AXIS2_PLACEMENT_3D('',#11741,#11742,#11743);
#11741=CARTESIAN_POINT('',(5.,1.E-300,-9.18485099360515E-16));
#11742=DIRECTION('',(1.,0.,-1.83697019872103E-16));
#11743=DIRECTION('',(1.12481983699639E-32,1.,6.12323399573677E-17));
#11744=CARTESIAN_POINT('',(-3.,75.,-4.04133443718626E-15));
#11745=AXIS2_PLACEMENT_3D('',#11746,#11747,#11748);
#11746=CARTESIAN_POINT('',(-3.,3.94736842105263E-300,5.51091059616309E-16));
#11747=DIRECTION('',(1.,0.,-1.83697019872103E-16));
#11748=DIRECTION('',(1.12481983699639E-32,1.,6.12323399573677E-17));
#11749=CARTESIAN_POINT('',(-2.32462766312588E-31,62.,-3.79640507735679E-15));
#11750=AXIS2_PLACEMENT_3D('',#11751,#11752,#11753);
#11751=CARTESIAN_POINT('',(1.8369702411905E-316,1.E-300,1.E-300));
#11752=DIRECTION('',(1.,0.,-1.83697019872103E-16));
#11753=DIRECTION('',(1.12481983699639E-32,1.,6.12323399573677E-17));
#11754=CARTESIAN_POINT('',(-5.,73.,-3.55147571752732E-15));
#11755=AXIS2_PLACEMENT_3D('',#11756,#11757,#11758);
#11756=CARTESIAN_POINT('',(-5.,0.,9.18485099360515E-16));
#11757=DIRECTION('',(1.,0.,-1.83697019872103E-16));
#11758=DIRECTION('',(1.12481983699639E-32,1.,6.12323399573677E-17));
#11759=CARTESIAN_POINT('',(-1.08732584242985E-31,29.,-1.77573785876366E-15));
#11760=AXIS2_PLACEMENT_3D('',#11761,#11762,#11763);
#11761=CARTESIAN_POINT('',(3.67394043297444E-316,2.E-300,2.E-300));
#11762=DIRECTION('',(1.,0.,-1.83697019872103E-16));
#11763=DIRECTION('',(1.12481983699639E-32,1.,6.12323399573677E-17));
#11764=CARTESIAN_POINT('',(-3.11744180244778E-15,-16.9705627484772,-16.9705627484772));
#11765=AXIS2_PLACEMENT_3D('',#11766,#11767,#11768);
#11766=CARTESIAN_POINT('',(-2.59786816870649E-15,-14.142135623731,-14.142135623731));
#11767=DIRECTION('',(1.,0.,-1.83697019872103E-16));
#11768=DIRECTION('',(-1.29893408435324E-16,-0.707106781186547,-0.707106781186547));
#11769=CARTESIAN_POINT('',(-4.40872847693047E-15,-3.42901103761259E-15,-24.));
#11770=AXIS2_PLACEMENT_3D('',#11771,#11772,#11773);
#11771=CARTESIAN_POINT('',(-3.67394039744206E-15,-2.44929359829471E-15,-20.));
#11772=DIRECTION('',(1.,0.,-1.83697019872103E-16));
#11773=DIRECTION('',(-1.83697019872103E-16,-1.22464679914735E-16,-1.));
#11774=CARTESIAN_POINT('',(-3.11744180244778E-15,16.9705627484772,-16.9705627484772));
#11775=AXIS2_PLACEMENT_3D('',#11776,#11777,#11778);
#11776=CARTESIAN_POINT('',(-2.59786816870649E-15,14.142135623731,-14.142135623731));
#11777=DIRECTION('',(1.,0.,-1.83697019872103E-16));
#11778=DIRECTION('',(-1.29893408435324E-16,0.707106781186547,-0.707106781186547));
#11779=CARTESIAN_POINT('',(-4.72920004646331E-31,24.,-3.42901103761259E-15));
#11780=AXIS2_PLACEMENT_3D('',#11781,#11782,#11783);
#11781=CARTESIAN_POINT('',(-4.49927934798558E-31,20.,-2.44929359829471E-15));
#11782=DIRECTION('',(1.,0.,-1.83697019872103E-16));
#11783=DIRECTION('',(-2.24963967399278E-32,1.,-1.22464679914735E-16));
#11784=CARTESIAN_POINT('',(3.11744180244778E-15,16.9705627484772,16.9705627484772));
#11785=AXIS2_PLACEMENT_3D('',#11786,#11787,#11788);
#11786=CARTESIAN_POINT('',(2.59786816870649E-15,14.142135623731,14.142135623731));
#11787=DIRECTION('',(1.,0.,-1.83697019872103E-16));
#11788=DIRECTION('',(1.29893408435324E-16,0.707106781186547,0.707106781186547));
#11789=CARTESIAN_POINT('',(4.40872847693047E-15,3.42901103761259E-15,24.));
#11790=AXIS2_PLACEMENT_3D('',#11791,#11792,#11793);
#11791=CARTESIAN_POINT('',(3.67394039744206E-15,2.44929359829471E-15,20.));
#11792=DIRECTION('',(1.,0.,-1.83697019872103E-16));
#11793=DIRECTION('',(1.83697019872103E-16,1.22464679914735E-16,1.));
#11794=CARTESIAN_POINT('',(3.11744180244778E-15,-16.9705627484772,16.9705627484772));
#11795=AXIS2_PLACEMENT_3D('',#11796,#11797,#11798);
#11796=CARTESIAN_POINT('',(2.59786816870649E-15,-14.142135623731,14.142135623731));
#11797=DIRECTION('',(1.,0.,-1.83697019872103E-16));
#11798=DIRECTION('',(1.29893408435324E-16,-0.707106781186547,0.707106781186547));
#11799=CARTESIAN_POINT('',(2.51457600149784E-31,-24.,1.95943487863576E-15));
#11800=AXIS2_PLACEMENT_3D('',#11801,#11802,#11803);
#11801=CARTESIAN_POINT('',(2.24963967399278E-31,-20.,1.22464679914735E-15));
#11802=DIRECTION('',(1.,0.,-1.83697019872103E-16));
#11803=DIRECTION('',(1.12481983699639E-32,-1.,6.12323399573677E-17));
#11804=CARTESIAN_POINT('',(1.,-10.6066017177983,-10.6066017177982));
#11805=AXIS2_PLACEMENT_3D('',#11806,#11807,#11808);
#11806=CARTESIAN_POINT('',(1.,-14.142135623731,-14.1421356237309));
#11807=DIRECTION('',(1.,1.29893408435324E-16,-1.29893408435324E-16));
#11808=DIRECTION('',(-1.07775327411441E-33,0.707106781186548,0.707106781186548));
#11809=CARTESIAN_POINT('',(1.,-16.9705627484772,-16.9705627484772));
#11810=AXIS2_PLACEMENT_3D('',#11811,#11812,#11813);
#11811=CARTESIAN_POINT('',(1.,-14.142135623731,-14.142135623731));
#11812=DIRECTION('',(1.,1.29893408435324E-16,-1.29893408435324E-16));
#11813=DIRECTION('',(1.07775327411441E-33,-0.707106781186548,-0.707106781186548));
#11814=CARTESIAN_POINT('',(1.,-1.65327317884892E-15,-15.));
#11815=AXIS2_PLACEMENT_3D('',#11816,#11817,#11818);
#11816=CARTESIAN_POINT('',(1.,-2.2655965784226E-15,-20.));
#11817=DIRECTION('',(1.,1.83697019872103E-16,0.));
#11818=DIRECTION('',(-3.79565899710177E-64,0.,1.));
#11819=CARTESIAN_POINT('',(1.,-3.24531401774049E-15,-24.));
#11820=AXIS2_PLACEMENT_3D('',#11821,#11822,#11823);
#11821=CARTESIAN_POINT('',(1.,-2.2655965784226E-15,-20.));
#11822=DIRECTION('',(1.,1.83697019872103E-16,0.));
#11823=DIRECTION('',(2.24963967399278E-32,-1.22464679914735E-16,-1.));
#11824=CARTESIAN_POINT('',(1.,10.6066017177982,-10.6066017177983));
#11825=AXIS2_PLACEMENT_3D('',#11826,#11827,#11828);
#11826=CARTESIAN_POINT('',(1.,14.1421356237309,-14.142135623731));
#11827=DIRECTION('',(1.,1.29893408435324E-16,1.29893408435324E-16));
#11828=DIRECTION('',(-1.07775327411441E-33,-0.707106781186548,0.707106781186548));
#11829=CARTESIAN_POINT('',(1.,16.9705627484772,-16.9705627484772));
#11830=AXIS2_PLACEMENT_3D('',#11831,#11832,#11833);
#11831=CARTESIAN_POINT('',(1.,14.142135623731,-14.142135623731));
#11832=DIRECTION('',(1.,1.29893408435324E-16,1.29893408435324E-16));
#11833=DIRECTION('',(1.07775327411441E-33,0.707106781186548,-0.707106781186548));
#11834=CARTESIAN_POINT('',(1.,15.,-1.65327317884892E-15));
#11835=AXIS2_PLACEMENT_3D('',#11836,#11837,#11838);
#11836=CARTESIAN_POINT('',(1.,20.,-2.2655965784226E-15));
#11837=DIRECTION('',(1.,0.,1.83697019872103E-16));
#11838=DIRECTION('',(-3.79565899710177E-64,-1.,0.));
#11839=CARTESIAN_POINT('',(1.,24.,-3.24531401774049E-15));
#11840=AXIS2_PLACEMENT_3D('',#11841,#11842,#11843);
#11841=CARTESIAN_POINT('',(1.,20.,-2.2655965784226E-15));
#11842=DIRECTION('',(1.,0.,1.83697019872103E-16));
#11843=DIRECTION('',(2.24963967399278E-32,1.,-1.22464679914735E-16));
#11844=CARTESIAN_POINT('',(1.,10.6066017177983,10.6066017177982));
#11845=AXIS2_PLACEMENT_3D('',#11846,#11847,#11848);
#11846=CARTESIAN_POINT('',(1.,14.142135623731,14.1421356237309));
#11847=DIRECTION('',(1.,-1.29893408435324E-16,1.29893408435324E-16));
#11848=DIRECTION('',(-1.07775327411441E-33,-0.707106781186548,-0.707106781186548));
#11849=CARTESIAN_POINT('',(1.,16.9705627484772,16.9705627484772));
#11850=AXIS2_PLACEMENT_3D('',#11851,#11852,#11853);
#11851=CARTESIAN_POINT('',(1.,14.142135623731,14.142135623731));
#11852=DIRECTION('',(1.,-1.29893408435324E-16,1.29893408435324E-16));
#11853=DIRECTION('',(1.07775327411441E-33,0.707106781186548,0.707106781186548));
#11854=CARTESIAN_POINT('',(1.,1.65327317884892E-15,15.));
#11855=AXIS2_PLACEMENT_3D('',#11856,#11857,#11858);
#11856=CARTESIAN_POINT('',(1.,2.2655965784226E-15,20.));
#11857=DIRECTION('',(1.,-1.83697019872103E-16,0.));
#11858=DIRECTION('',(-3.79565899710177E-64,0.,-1.));
#11859=CARTESIAN_POINT('',(1.,3.24531401774049E-15,24.));
#11860=AXIS2_PLACEMENT_3D('',#11861,#11862,#11863);
#11861=CARTESIAN_POINT('',(1.,2.2655965784226E-15,20.));
#11862=DIRECTION('',(1.,-1.83697019872103E-16,0.));
#11863=DIRECTION('',(2.24963967399278E-32,1.22464679914735E-16,1.));
#11864=CARTESIAN_POINT('',(1.,-10.6066017177982,10.6066017177983));
#11865=AXIS2_PLACEMENT_3D('',#11866,#11867,#11868);
#11866=CARTESIAN_POINT('',(1.,-14.1421356237309,14.142135623731));
#11867=DIRECTION('',(1.,-1.29893408435324E-16,-1.29893408435324E-16));
#11868=DIRECTION('',(-1.07775327411441E-33,0.707106781186548,-0.707106781186548));
#11869=CARTESIAN_POINT('',(1.,-16.9705627484772,16.9705627484772));
#11870=AXIS2_PLACEMENT_3D('',#11871,#11872,#11873);
#11871=CARTESIAN_POINT('',(1.,-14.142135623731,14.142135623731));
#11872=DIRECTION('',(1.,-1.29893408435324E-16,-1.29893408435324E-16));
#11873=DIRECTION('',(1.07775327411441E-33,-0.707106781186548,0.707106781186548));
#11874=CARTESIAN_POINT('',(1.,30.,-2.02066721859313E-15));
#11875=AXIS2_PLACEMENT_3D('',#11876,#11877,#11878);
#11876=CARTESIAN_POINT('',(1.,2.E-300,-1.83697019872103E-16));
#11877=DIRECTION('',(1.,0.,-1.83697019872103E-16));
#11878=DIRECTION('',(1.12481983699639E-32,1.,6.12323399573677E-17));
#11879=CARTESIAN_POINT('',(1.,-24.,1.77573785876366E-15));
#11880=AXIS2_PLACEMENT_3D('',#11881,#11882,#11883);
#11881=CARTESIAN_POINT('',(1.,-20.,1.04094977927525E-15));
#11882=DIRECTION('',(1.,0.,-1.83697019872103E-16));
#11883=DIRECTION('',(1.12481983699639E-32,-1.,6.12323399573677E-17));
#11884=CARTESIAN_POINT('',(4.5,-10.6066017177983,-10.6066017177983));
#11885=AXIS2_PLACEMENT_3D('',#11886,#11887,#11888);
#11886=CARTESIAN_POINT('',(4.5,-14.142135623731,-14.142135623731));
#11887=DIRECTION('',(1.,1.23259516440783E-32,-1.83697019872103E-16));
#11888=DIRECTION('',(1.29893408435324E-16,0.707106781186548,0.707106781186547));
#11889=CARTESIAN_POINT('',(4.5,-8.87949847253688E-16,-15.));
#11890=AXIS2_PLACEMENT_3D('',#11891,#11892,#11893);
#11891=CARTESIAN_POINT('',(4.5,-2.2655965784226E-15,-20.));
#11892=DIRECTION('',(1.,0.,-1.83697019872103E-16));
#11893=DIRECTION('',(1.83697019872103E-16,1.77541418727622E-16,1.));
#11894=CARTESIAN_POINT('',(4.5,10.6066017177983,-10.6066017177983));
#11895=AXIS2_PLACEMENT_3D('',#11896,#11897,#11898);
#11896=CARTESIAN_POINT('',(4.5,14.142135623731,-14.142135623731));
#11897=DIRECTION('',(1.,0.,-1.83697019872103E-16));
#11898=DIRECTION('',(1.29893408435324E-16,-0.707106781186548,0.707106781186548));
#11899=CARTESIAN_POINT('',(4.5,15.,-6.85380878123785E-16));
#11900=AXIS2_PLACEMENT_3D('',#11901,#11902,#11903);
#11901=CARTESIAN_POINT('',(4.5,20.,-2.90853614797497E-15));
#11902=DIRECTION('',(1.,0.,-1.83697019872103E-16));
#11903=DIRECTION('',(7.11195724801447E-32,-1.,3.87156920290056E-16));
#11904=CARTESIAN_POINT('',(4.5,10.6066017177983,10.6066017177983));
#11905=AXIS2_PLACEMENT_3D('',#11906,#11907,#11908);
#11906=CARTESIAN_POINT('',(4.5,14.142135623731,14.142135623731));
#11907=DIRECTION('',(1.,1.23259516440783E-32,-1.83697019872103E-16));
#11908=DIRECTION('',(-1.29893408435324E-16,-0.707106781186548,-0.707106781186547));
#11909=CARTESIAN_POINT('',(4.5,1.01835213000527E-15,15.));
#11910=AXIS2_PLACEMENT_3D('',#11911,#11912,#11913);
#11911=CARTESIAN_POINT('',(4.5,2.2655965784226E-15,20.));
#11912=DIRECTION('',(1.,0.,-1.83697019872103E-16));
#11913=DIRECTION('',(-1.83697019872103E-16,-1.25380505626991E-16,-1.));
#11914=CARTESIAN_POINT('',(4.5,-10.6066017177983,10.6066017177983));
#11915=AXIS2_PLACEMENT_3D('',#11916,#11917,#11918);
#11916=CARTESIAN_POINT('',(4.5,-14.142135623731,14.142135623731));
#11917=DIRECTION('',(1.,1.23259516440783E-32,-1.83697019872103E-16));
#11918=DIRECTION('',(-1.29893408435324E-16,0.707106781186547,-0.707106781186548));
#11919=CARTESIAN_POINT('',(4.,30.,-7.34788079488411E-16));
#11920=AXIS2_PLACEMENT_3D('',#11921,#11922,#11923);
#11921=CARTESIAN_POINT('',(4.,-6.842277657836E-49,-7.34788079488411E-16));
#11922=DIRECTION('',(1.,1.3684555315672E-48,-1.83697019872103E-16));
#11923=DIRECTION('',(3.37445951098918E-32,1.,1.83697019872103E-16));
#11924=CARTESIAN_POINT('',(1.,-15.,7.34788079488412E-16));
#11925=AXIS2_PLACEMENT_3D('',#11926,#11927,#11928);
#11926=CARTESIAN_POINT('',(1.,-20.,1.04094977927525E-15));
#11927=DIRECTION('',(1.,0.,-1.83697019872103E-16));
#11928=DIRECTION('',(1.12481983699639E-32,1.,6.12323399573677E-17));
#11929=CARTESIAN_POINT('',(5.,29.,-3.26572479772626E-16));
#11930=AXIS2_PLACEMENT_3D('',#11931,#11932,#11933);
#11931=CARTESIAN_POINT('',(5.,-1.09476442525376E-47,-9.18485099360515E-16));
#11932=DIRECTION('',(1.,0.,-1.83697019872103E-16));
#11933=DIRECTION('',(1.12481983699639E-32,1.,6.12323399573677E-17));
#11934=CARTESIAN_POINT('',(5.,7.5,-7.65404249467094E-16));
#11935=AXIS2_PLACEMENT_3D('',#11936,#11937,#11938);
#11936=CARTESIAN_POINT('',(5.,0.,-9.18485099360515E-16));
#11937=DIRECTION('',(1.,0.,-1.83697019872103E-16));
#11938=DIRECTION('',(1.12481983699639E-32,1.,6.12323399573677E-17));
#11939=CARTESIAN_POINT('',(5.,9.07793738415574E-16,14.5));
#11940=AXIS2_PLACEMENT_3D('',#11941,#11942,#11943);
#11941=CARTESIAN_POINT('',(5.,2.2655965784226E-15,20.));
#11942=DIRECTION('',(1.,0.,-1.83697019872103E-16));
#11943=DIRECTION('',(-1.83697019872103E-16,-1.22464679914735E-16,-1.));
#11944=CARTESIAN_POINT('',(5.,14.5,1.91692973305204E-17));
#11945=AXIS2_PLACEMENT_3D('',#11946,#11947,#11948);
#11946=CARTESIAN_POINT('',(5.,20.,-3.00038465791102E-15));
#11947=DIRECTION('',(1.,0.,-1.83697019872103E-16));
#11948=DIRECTION('',(9.28260627767774E-32,-1.,5.0532154980743E-16));
#11949=CARTESIAN_POINT('',(5.,-5.33973861194385E-16,-14.5));
#11950=AXIS2_PLACEMENT_3D('',#11951,#11952,#11953);
#11951=CARTESIAN_POINT('',(5.,-2.2655965784226E-15,-20.));
#11952=DIRECTION('',(1.,0.,-1.83697019872103E-16));
#11953=DIRECTION('',(1.83697019872103E-16,2.22044604925031E-16,1.));
#11954=CARTESIAN_POINT('',(5.,-14.5,-3.0616169978684E-17));
#11955=AXIS2_PLACEMENT_3D('',#11956,#11957,#11958);
#11956=CARTESIAN_POINT('',(5.,-20.,3.06161699786838E-16));
#11957=DIRECTION('',(1.,0.,-1.83697019872103E-16));
#11958=DIRECTION('',(1.12481983699639E-32,1.,6.12323399573677E-17));
#11959=CARTESIAN_POINT('',(5.,-10.253048327205,-10.253048327205));
#11960=AXIS2_PLACEMENT_3D('',#11961,#11962,#11963);
#11961=CARTESIAN_POINT('',(5.,-14.142135623731,-14.142135623731));
#11962=DIRECTION('',(1.,0.,-1.83697019872103E-16));
#11963=DIRECTION('',(1.29893408435324E-16,0.707106781186548,0.707106781186547));
#11964=CARTESIAN_POINT('',(5.,10.253048327205,-10.253048327205));
#11965=AXIS2_PLACEMENT_3D('',#11966,#11967,#11968);
#11966=CARTESIAN_POINT('',(5.,14.142135623731,-14.142135623731));
#11967=DIRECTION('',(1.,0.,-1.83697019872103E-16));
#11968=DIRECTION('',(1.29893408435324E-16,-0.707106781186547,0.707106781186548));
#11969=CARTESIAN_POINT('',(5.00000000000002,10.253048327205,10.2530483272049));
#11970=AXIS2_PLACEMENT_3D('',#11971,#11972,#11973);
#11971=CARTESIAN_POINT('',(5.,14.142135623731,14.1421356237309));
#11972=DIRECTION('',(1.,0.,-1.83697019872103E-16));
#11973=DIRECTION('',(-1.29893408435324E-16,-0.707106781186548,-0.707106781186547));
#11974=CARTESIAN_POINT('',(5.,-10.253048327205,10.253048327205));
#11975=AXIS2_PLACEMENT_3D('',#11976,#11977,#11978);
#11976=CARTESIAN_POINT('',(5.,-14.142135623731,14.142135623731));
#11977=DIRECTION('',(1.,0.,-1.83697019872103E-16));
#11978=DIRECTION('',(-1.29893408435324E-16,0.707106781186547,-0.707106781186548));
#11979=CARTESIAN_POINT('',(4.5,-15.,9.18485099360513E-17));
#11980=AXIS2_PLACEMENT_3D('',#11981,#11982,#11983);
#11981=CARTESIAN_POINT('',(4.5,-20.,3.9801020972289E-16));
#11982=DIRECTION('',(1.,0.,-1.83697019872103E-16));
#11983=DIRECTION('',(1.12481983699639E-32,1.,6.12323399573676E-17));
#11984=CARTESIAN_POINT('',(35.,2.5,-6.58247654541702E-15));
#11985=AXIS2_PLACEMENT_3D('',#11986,#11987,#11988);
#11986=CARTESIAN_POINT('',(35.,0.,-6.4293956955236E-15));
#11987=DIRECTION('',(1.,0.,-1.83697019872103E-16));
#11988=DIRECTION('',(1.12481983699639E-32,1.,6.12323399573676E-17));
#11989=CARTESIAN_POINT('',(10.,2.5,-1.83697019872103E-15));
#11990=AXIS2_PLACEMENT_3D('',#11991,#11992,#11993);
#11991=CARTESIAN_POINT('',(10.,1.E-300,-1.83697019872103E-15));
#11992=DIRECTION('',(1.,0.,-1.83697019872103E-16));
#11993=DIRECTION('',(1.1248198369964E-32,1.,6.12323399573677E-17));
#11994=CARTESIAN_POINT('',(2.5,1.75,-5.66399144605651E-16));
#11995=AXIS2_PLACEMENT_3D('',#11996,#11997,#11998);
#11996=CARTESIAN_POINT('',(2.5,0.,-4.59242549680257E-16));
#11997=DIRECTION('',(1.,0.,-1.83697019872103E-16));
#11998=DIRECTION('',(1.12481983699639E-32,1.,6.12323399573677E-17));
#11999=CARTESIAN_POINT('',(0.5,1.73205080759147,0.249999999843469));
#12000=CARTESIAN_POINT('',(-2.5,1.73205080759147,0.249999999843469));
#12001=CARTESIAN_POINT('',(-2.5,1.73205080759147,0.249999999843469));
#12002=VECTOR('',#12003,1.);
#12003=DIRECTION('',(1.,0.,-1.94289029309402E-16));
#12004=CARTESIAN_POINT('',(-2.5,1.75,5.66399144605651E-16));
#12005=AXIS2_PLACEMENT_3D('',#12006,#12007,#12008);
#12006=CARTESIAN_POINT('',(-2.5,0.,4.59242549680257E-16));
#12007=DIRECTION('',(1.,-1.3684555315672E-48,-1.83697019872103E-16));
#12008=DIRECTION('',(1.12481983699639E-32,1.,6.12323399573677E-17));
#12009=CARTESIAN_POINT('',(-2.5,1.73205080759147,-0.249999999843468));
#12010=AXIS2_PLACEMENT_3D('',#12011,#12012,#12013);
#12011=CARTESIAN_POINT('',(-2.5,0.,4.59242549680257E-16));
#12012=DIRECTION('',(1.,0.,-1.83697019872103E-16));
#12013=DIRECTION('',(-2.62424313938695E-17,0.989743318623697,-0.142857142767697));
#12014=CARTESIAN_POINT('',(0.5,1.73205080759147,-0.249999999843469));
#12015=CARTESIAN_POINT('',(-2.5,1.73205080759147,-0.249999999843468));
#12016=VECTOR('',#12017,1.);
#12017=DIRECTION('',(1.,0.,-1.94289029309402E-16));
#12018=CARTESIAN_POINT('',(0.5,1.0825317545534,-1.37500000013947));
#12019=AXIS2_PLACEMENT_3D('',#12020,#12021,#12022);
#12020=CARTESIAN_POINT('',(0.5,0.,-9.18485099360515E-17));
#12021=DIRECTION('',(1.,-1.23259516440783E-32,-1.83697019872103E-16));
#12022=DIRECTION('',(-1.44333372771292E-16,0.618589574030515,-0.785714285793981));
#12023=CARTESIAN_POINT('',(-2.5,1.0825317545534,-1.37500000013947));
#12024=CARTESIAN_POINT('',(-2.5,1.0825317545534,-1.37500000013947));
#12025=VECTOR('',#12026,1.);
#12026=DIRECTION('',(1.,0.,-2.22044604925031E-16));
#12027=CARTESIAN_POINT('',(-2.5,0.649519052922685,-1.62499999996628));
#12028=AXIS2_PLACEMENT_3D('',#12029,#12030,#12031);
#12029=CARTESIAN_POINT('',(-2.5,0.,4.59242549680257E-16));
#12030=DIRECTION('',(1.,0.,-1.83697019872103E-16));
#12031=DIRECTION('',(-1.70575804163414E-16,0.371153744527248,-0.928571428552162));
#12032=CARTESIAN_POINT('',(0.5,0.649519052922687,-1.62499999996628));
#12033=CARTESIAN_POINT('',(-2.5,0.649519052922688,-1.62499999996628));
#12034=VECTOR('',#12035,1.);
#12035=DIRECTION('',(1.,0.,-1.48029736616687E-16));
#12036=CARTESIAN_POINT('',(0.5,-0.649519052798135,-1.62500000001607));
#12037=AXIS2_PLACEMENT_3D('',#12038,#12039,#12040);
#12038=CARTESIAN_POINT('',(0.5,0.,-9.18485099360515E-17));
#12039=DIRECTION('',(1.,0.,-1.83697019872103E-16));
#12040=DIRECTION('',(-1.70575804168639E-16,-0.371153744456077,-0.928571428580609));
#12041=CARTESIAN_POINT('',(-2.5,-0.649519052798134,-1.62500000001607));
#12042=CARTESIAN_POINT('',(-2.5,-0.649519052793291,-1.62500000000768));
#12043=VECTOR('',#12044,1.);
#12044=DIRECTION('',(1.,0.,-1.48029736616687E-16));
#12045=CARTESIAN_POINT('',(-2.5,-1.08253175487108,-1.37499999988936));
#12046=AXIS2_PLACEMENT_3D('',#12047,#12048,#12049);
#12047=CARTESIAN_POINT('',(-2.5,0.,4.59242549680257E-16));
#12048=DIRECTION('',(1.,0.,-1.83697019872103E-16));
#12049=DIRECTION('',(-1.44333372745039E-16,-0.618589574212044,-0.785714285651064));
#12050=CARTESIAN_POINT('',(0.5,-1.08253175487108,-1.37499999988936));
#12051=CARTESIAN_POINT('',(-2.5,-1.08253175486624,-1.37499999988097));
#12052=VECTOR('',#12053,1.);
#12053=DIRECTION('',(1.,0.,-1.48029736616687E-16));
#12054=CARTESIAN_POINT('',(0.5,-1.73205080756269,-0.250000000042842));
#12055=AXIS2_PLACEMENT_3D('',#12056,#12057,#12058);
#12056=CARTESIAN_POINT('',(0.5,0.,-9.18485099360515E-17));
#12057=DIRECTION('',(1.,3.08148791101958E-33,-1.83697019872103E-16));
#12058=DIRECTION('',(-2.62424314147974E-17,-0.989743318607254,-0.142857142881623));
#12059=CARTESIAN_POINT('',(-2.5,-1.73205080756269,-0.250000000042842));
#12060=CARTESIAN_POINT('',(-2.5,-1.73205080756269,-0.250000000042841));
#12061=VECTOR('',#12062,1.);
#12062=DIRECTION('',(1.,0.,-1.85037170770859E-16));
#12063=CARTESIAN_POINT('',(-2.5,-1.73205080754333,0.250000000177018));
#12064=AXIS2_PLACEMENT_3D('',#12065,#12066,#12067);
#12065=CARTESIAN_POINT('',(-2.5,0.,4.59242549680257E-16));
#12066=DIRECTION('',(1.,-6.16297582203915E-33,-1.83697019872103E-16));
#12067=DIRECTION('',(2.6242431428882E-17,-0.989743318596187,0.142857142958296));
#12068=CARTESIAN_POINT('',(0.5,-1.73205080754333,0.250000000177018));
#12069=CARTESIAN_POINT('',(-2.5,-1.73205080754333,0.250000000177018));
#12070=VECTOR('',#12071,1.);
#12071=DIRECTION('',(1.,0.,-1.85037170770859E-16));
#12072=CARTESIAN_POINT('',(0.5,-1.08253175439064,1.37500000026761));
#12073=AXIS2_PLACEMENT_3D('',#12074,#12075,#12076);
#12074=CARTESIAN_POINT('',(0.5,0.,-9.18485099360515E-17));
#12075=DIRECTION('',(1.,1.23259516440783E-32,-1.83697019872103E-16));
#12076=DIRECTION('',(1.44333372784744E-16,-0.618589573937506,0.785714285867207));
#12077=CARTESIAN_POINT('',(-2.5,-1.08253175439064,1.37500000026761));
#12078=CARTESIAN_POINT('',(-2.5,-1.08253175439064,1.37500000026761));
#12079=VECTOR('',#12080,1.);
#12080=DIRECTION('',(1.,0.,-1.48029736616688E-16));
#12081=CARTESIAN_POINT('',(-2.5,-0.649519053240927,1.62499999983908));
#12082=AXIS2_PLACEMENT_3D('',#12083,#12084,#12085);
#12083=CARTESIAN_POINT('',(-2.5,0.,4.59242549680257E-16));
#12084=DIRECTION('',(1.,0.,-1.83697019872103E-16));
#12085=DIRECTION('',(1.70575804150061E-16,-0.371153744709101,0.928571428479474));
#12086=CARTESIAN_POINT('',(0.5,-0.649519053240926,1.62499999983908));
#12087=CARTESIAN_POINT('',(-2.5,-0.649519053240927,1.62499999983908));
#12088=VECTOR('',#12089,1.);
#12089=DIRECTION('',(1.,-7.40148683083438E-17,-2.22044604925031E-16));
#12090=CARTESIAN_POINT('',(0.5,0.649519053366367,1.62499999978894));
#12091=AXIS2_PLACEMENT_3D('',#12092,#12093,#12094);
#12092=CARTESIAN_POINT('',(0.5,0.,-9.18485099360515E-17));
#12093=DIRECTION('',(1.,0.,-1.83697019872103E-16));
#12094=DIRECTION('',(1.70575804144798E-16,0.371153744780781,0.928571428450823));
#12095=CARTESIAN_POINT('',(-2.5,0.649519053366365,1.62499999978894));
#12096=CARTESIAN_POINT('',(-2.5,0.649519053356718,1.62499999977223));
#12097=VECTOR('',#12098,1.);
#12098=DIRECTION('',(1.,0.,-1.48029736616687E-16));
#12099=CARTESIAN_POINT('',(-2.5,1.08253175449678,1.37500000018405));
#12100=AXIS2_PLACEMENT_3D('',#12101,#12102,#12103);
#12101=CARTESIAN_POINT('',(-2.5,0.,4.59242549680257E-16));
#12102=DIRECTION('',(1.,0.,-1.83697019872103E-16));
#12103=DIRECTION('',(1.44333372775972E-16,0.61858957399816,0.785714285819454));
#12104=CARTESIAN_POINT('',(0.5,1.08253175449678,1.37500000018405));
#12105=CARTESIAN_POINT('',(-2.5,1.08253175448713,1.37500000016733));
#12106=VECTOR('',#12107,1.);
#12107=DIRECTION('',(1.,7.40148683083437E-17,-2.22044604925031E-16));
#12108=AXIS2_PLACEMENT_3D('',#12109,#12110,#12111);
#12109=CARTESIAN_POINT('',(0.5,0.,-9.18485099360515E-17));
#12110=DIRECTION('',(1.,3.08148791101958E-33,-1.83697019872103E-16));
#12111=DIRECTION('',(2.62424313938693E-17,0.989743318623698,0.142857142767696));
#12112=CARTESIAN_POINT('',(-2.5,-2.30488611432322,-0.968245836551854));
#12113=CARTESIAN_POINT('',(-2.5,2.5,6.12323399573677E-16));
#12114=AXIS2_PLACEMENT_3D('',#12115,#12116,#12117);
#12115=CARTESIAN_POINT('',(-2.5,0.,4.59242549680257E-16));
#12116=DIRECTION('',(1.,0.,-1.83697019872103E-16));
#12117=DIRECTION('',(-7.11455498712588E-17,-0.921954445729289,-0.387298334620741));
#12118=AXIS2_PLACEMENT_3D('',#12119,#12120,#12121);
#12119=CARTESIAN_POINT('',(-2.5,0.,4.59242549680257E-16));
#12120=DIRECTION('',(1.,0.,-1.83697019872103E-16));
#12121=DIRECTION('',(1.1248198369964E-32,1.,6.12323399573677E-17));
#12122=CARTESIAN_POINT('',(-2.5,-3.87338845388925E-11,-2.00000000000404));
#12123=CARTESIAN_POINT('',(-2.5,-3.87336752651874E-11,-2.00000000000404));
#12124=VECTOR('',#12125,1.);
#12125=DIRECTION('',(0.,0.86602540380367,0.499999999966691));
#12126=CARTESIAN_POINT('',(-2.5,1.73205080759147,-1.00000000005746));
#12127=CARTESIAN_POINT('',(-2.5,1.0825317545534,-1.37500000013947));
#12128=VECTOR('',#12129,1.);
#12129=DIRECTION('',(5.9211894629781E-16,0.86602540380367,0.499999999966691));
#12130=CARTESIAN_POINT('',(-2.5,1.73205080759147,-1.00000000005746));
#12131=VECTOR('',#12132,1.);
#12132=DIRECTION('',(0.,-2.96059473148903E-16,1.));
#12133=CARTESIAN_POINT('',(-2.5,1.73205080759147,0.999999999968947));
#12134=CARTESIAN_POINT('',(-2.5,1.73205080759147,0.249999999843469));
#12135=VECTOR('',#12136,1.);
#12136=DIRECTION('',(0.,2.96059473183843E-16,1.));
#12137=CARTESIAN_POINT('',(-2.5,1.73205080758182,0.999999999952232));
#12138=VECTOR('',#12139,1.);
#12139=DIRECTION('',(5.9211894620656E-16,-0.866025403745705,0.500000000067089));
#12140=CARTESIAN_POINT('',(-2.5,7.71944148760592E-11,2.00000000011632));
#12141=CARTESIAN_POINT('',(-2.5,0.649519053356715,1.62499999977223));
#12142=VECTOR('',#12143,1.);
#12143=DIRECTION('',(0.,-0.866025403745705,0.500000000067088));
#12144=CARTESIAN_POINT('',(-2.5,7.71936949533327E-11,2.00000000011632));
#12145=VECTOR('',#12146,1.);
#12146=DIRECTION('',(0.,-0.866025403784303,-0.500000000000235));
#12147=CARTESIAN_POINT('',(-2.5,-1.73205080751428,1.00000000010265));
#12148=CARTESIAN_POINT('',(-2.5,-1.08253175439064,1.37500000026761));
#12149=VECTOR('',#12150,1.);
#12150=DIRECTION('',(0.,-0.866025403784303,-0.500000000000235));
#12151=CARTESIAN_POINT('',(-2.5,-1.73205080751428,1.00000000010265));
#12152=VECTOR('',#12153,1.);
#12153=DIRECTION('',(0.,-3.87334608869631E-11,-1.));
#12154=CARTESIAN_POINT('',(-2.5,-1.73205080759174,-0.999999999923751));
#12155=CARTESIAN_POINT('',(-2.5,-1.73205080756269,-0.250000000042842));
#12156=VECTOR('',#12157,1.);
#12157=DIRECTION('',(0.,-3.87334608892729E-11,-1.));
#12158=CARTESIAN_POINT('',(-2.5,-1.7320508075869,-0.999999999915365));
#12159=VECTOR('',#12160,1.);
#12160=DIRECTION('',(0.,0.866025403765072,-0.500000000033544));
#12161=CARTESIAN_POINT('',(-2.5,-0.649519052793291,-1.62500000000768));
#12162=VECTOR('',#12163,1.);
#12163=DIRECTION('',(0.,0.866025403765072,-0.500000000033544));
#12164=CARTESIAN_POINT('',(0.5,1.73205080759147,0.999999999968946));
#12165=CARTESIAN_POINT('',(0.5,1.08253175448713,1.37500000016733));
#12166=VECTOR('',#12167,1.);
#12167=DIRECTION('',(0.,0.866025403745705,-0.500000000067088));
#12168=CARTESIAN_POINT('',(0.5,1.73205080759147,0.999999999968946));
#12169=VECTOR('',#12170,1.);
#12170=DIRECTION('',(-2.96059473183844E-16,0.,-1.));
#12171=CARTESIAN_POINT('',(0.5,7.71944148760592E-11,2.00000000011632));
#12172=CARTESIAN_POINT('',(0.5,-0.649519053240926,1.62499999983908));
#12173=VECTOR('',#12174,1.);
#12174=DIRECTION('',(0.,0.866025403784303,0.500000000000235));
#12175=CARTESIAN_POINT('',(0.5,6.75451031250158E-11,2.00000000009961));
#12176=VECTOR('',#12177,1.);
#12177=DIRECTION('',(0.,0.866025403745705,-0.500000000067088));
#12178=CARTESIAN_POINT('',(0.5,-1.73205080751428,1.00000000010265));
#12179=CARTESIAN_POINT('',(0.5,-1.73205080754333,0.250000000177018));
#12180=VECTOR('',#12181,1.);
#12181=DIRECTION('',(2.96059473262732E-16,3.87334608869632E-11,1.));
#12182=CARTESIAN_POINT('',(0.5,-1.73205080751428,1.00000000010265));
#12183=VECTOR('',#12184,1.);
#12184=DIRECTION('',(0.,0.866025403784303,0.500000000000235));
#12185=CARTESIAN_POINT('',(0.5,-1.73205080759174,-0.999999999923751));
#12186=CARTESIAN_POINT('',(0.5,-1.08253175486624,-1.37499999988097));
#12187=VECTOR('',#12188,1.);
#12188=DIRECTION('',(0.,-0.866025403765072,0.500000000033544));
#12189=CARTESIAN_POINT('',(0.5,-1.73205080759174,-0.999999999923751));
#12190=VECTOR('',#12191,1.);
#12191=DIRECTION('',(1.48029736640193E-16,3.87331648297996E-11,1.));
#12192=CARTESIAN_POINT('',(0.5,-3.87338845388925E-11,-2.00000000000404));
#12193=CARTESIAN_POINT('',(0.5,0.649519052922688,-1.62499999996628));
#12194=VECTOR('',#12195,1.);
#12195=DIRECTION('',(-1.48029736591921E-16,-0.86602540380367,-0.499999999966691));
#12196=CARTESIAN_POINT('',(0.5,-3.3892137068854E-11,-1.99999999999565));
#12197=VECTOR('',#12198,1.);
#12198=DIRECTION('',(1.48029736631366E-16,-0.866025403765072,0.500000000033544));
#12199=CARTESIAN_POINT('',(0.5,1.73205080759147,-1.00000000005746));
#12200=CARTESIAN_POINT('',(0.5,1.73205080759147,-0.249999999843469));
#12201=VECTOR('',#12202,1.);
#12202=DIRECTION('',(-2.22044604861677E-16,2.96059473148903E-16,-1.));
#12203=CARTESIAN_POINT('',(0.5,1.73205080759147,-1.00000000005746));
#12204=VECTOR('',#12205,1.);
#12205=DIRECTION('',(-1.48029736574452E-16,-0.86602540380367,-0.499999999966691));
#12206=CARTESIAN_POINT('',(0.5,1.73205080759147,-1.00000000005746));
#12207=VECTOR('',#12208,1.);
#12208=DIRECTION('',(-1.,7.40148683083437E-17,2.22044604925031E-16));
#12209=CARTESIAN_POINT('',(0.5,1.73205080758182,0.999999999952232));
#12210=VECTOR('',#12211,1.);
#12211=DIRECTION('',(-1.,0.,1.48029736616687E-16));
#12212=CARTESIAN_POINT('',(0.5,6.75444660711724E-11,2.00000000009961));
#12213=VECTOR('',#12214,1.);
#12214=DIRECTION('',(-1.,-1.60246890456166E-17,0.));
#12215=CARTESIAN_POINT('',(0.5,-1.73205080751428,1.00000000010265));
#12216=VECTOR('',#12217,1.);
#12217=DIRECTION('',(-1.,0.,2.22044604925031E-16));
#12218=CARTESIAN_POINT('',(0.5,-1.7320508075869,-0.999999999915365));
#12219=VECTOR('',#12220,1.);
#12220=DIRECTION('',(-1.,0.,7.40148683083437E-17));
#12221=CARTESIAN_POINT('',(0.5,-3.38920065149352E-11,-1.99999999999565));
#12222=VECTOR('',#12223,1.);
#12223=DIRECTION('',(-1.,1.10666330085274E-17,7.40148683083437E-17));
#12224=CARTESIAN_POINT('',(2.5,2.5,-3.06161699786838E-16));
#12225=CARTESIAN_POINT('',(2.5,-2.30488611432322,-0.968245836551855));
#12226=AXIS2_PLACEMENT_3D('',#12227,#12228,#12229);
#12227=CARTESIAN_POINT('',(2.5,0.,-4.59242549680257E-16));
#12228=DIRECTION('',(1.,0.,-1.83697019872103E-16));
#12229=DIRECTION('',(1.12481983699639E-32,1.,6.12323399573677E-17));
#12230=AXIS2_PLACEMENT_3D('',#12231,#12232,#12233);
#12231=CARTESIAN_POINT('',(2.5,0.,-4.59242549680257E-16));
#12232=DIRECTION('',(1.,0.,-1.83697019872103E-16));
#12233=DIRECTION('',(-7.11455498712588E-17,-0.921954445729289,-0.387298334620741));
#12234=CARTESIAN_POINT('',(1.16941688124015,0.671164609606621,-2.40822301019062));
#12235=CARTESIAN_POINT('',(1.75467775692163,0.671164615787431,-2.40822301375912));
#12236=CARTESIAN_POINT('',(1.16941688124015,0.67116460960662,-2.40822301019062));
#12237=VECTOR('',#12238,1.);
#12238=DIRECTION('',(1.,-1.89697119824114E-16,7.58788479296456E-16));
#12239=CARTESIAN_POINT('',(-1.66311891479775,-2.30497637572102,-0.968219763761195));
#12240=CARTESIAN_POINT('',(-1.66294315963548,-2.30506663711882,-0.968193690970537));
#12241=CARTESIAN_POINT('',(-1.62380677934272,-2.26088961892161,-1.07335602885113));
#12242=CARTESIAN_POINT('',(-1.54142381942357,-2.16301004160032,-1.26720815669368));
#12243=CARTESIAN_POINT('',(-1.40462602707439,-1.99178392813161,-1.51984402669597));
#12244=CARTESIAN_POINT('',(-1.26298204335202,-1.81238337866875,-1.72851803789373));
#12245=CARTESIAN_POINT('',(-1.11627395089877,-1.62674354697682,-1.9037942992176));
#12246=CARTESIAN_POINT('',(-0.956344330833361,-1.4255048750666,-2.05909530013258));
#12247=CARTESIAN_POINT('',(-0.777297956109493,-1.20313706021247,-2.19696327261558));
#12248=CARTESIAN_POINT('',(-0.571359269624384,-0.95354226995544,-2.31676861305946));
#12249=CARTESIAN_POINT('',(-0.353645939633423,-0.699734256025963,-2.40512157248537));
#12250=CARTESIAN_POINT('',(-0.134044451758445,-0.457304733871456,-2.46156438354488));
#12251=CARTESIAN_POINT('',(0.0641806153512543,-0.251543266085649,-2.48968635206625));
#12252=CARTESIAN_POINT('',(0.24665824246316,-0.0726835672940546,-2.50028782652228));
#12253=CARTESIAN_POINT('',(0.413136891058968,0.0826487859142992,-2.4994831548166));
#12254=CARTESIAN_POINT('',(0.587935211012081,0.237246644223351,-2.49009165307972));
#12255=CARTESIAN_POINT('',(0.773019228924234,0.390760966536462,-2.47167320381774));
#12256=CARTESIAN_POINT('',(0.970407679017833,0.539170866994114,-2.44339973301091));
#12257=CARTESIAN_POINT('',(1.10387928279055,0.629177841076522,-2.41992454543295));
#12258=CARTESIAN_POINT('',(1.16941881412487,0.671161809729475,-2.40822379050651));
#12259=CARTESIAN_POINT('',(-1.76815547390547,-2.41635036211444,-0.641288490623128));
#12260=CARTESIAN_POINT('',(-1.76815547372294,-2.41635036205318,-0.641288490311095));
#12261=CARTESIAN_POINT('',(-1.75882984452166,-2.40732666984424,-0.675289415426042));
#12262=CARTESIAN_POINT('',(-1.74070980449076,-2.38922935670823,-0.738070780957376));
#12263=CARTESIAN_POINT('',(-1.7137700978218,-2.36094795444971,-0.823408350260291));
#12264=CARTESIAN_POINT('',(-1.68823791239546,-2.33324987901363,-0.898694632324269));
#12265=CARTESIAN_POINT('',(-1.67146927521797,-2.31469088852944,-0.945283390094781));
#12266=CARTESIAN_POINT('',(-1.66294315963548,-2.30506663711882,-0.968193690970537));
#12267=CARTESIAN_POINT('',(-1.39179331450421,-2.30580724925201,-0.967362291763085));
#12268=CARTESIAN_POINT('',(-1.76815547407935,-2.4163503619443,-0.641288490721348));
#12269=CARTESIAN_POINT('',(-1.72626656002951,-2.4064672164658,-0.678527802668559));
#12270=CARTESIAN_POINT('',(-1.6424237472573,-2.38530114487557,-0.7519695351102));
#12271=CARTESIAN_POINT('',(-1.51665485631377,-2.34899452830115,-0.860015651845218));
#12272=CARTESIAN_POINT('',(-1.43277383665338,-2.32155433001714,-0.931185936657673));
#12273=CARTESIAN_POINT('',(-1.39072707687581,-2.30672838459145,-0.966478745996781));
#12274=CARTESIAN_POINT('',(1.72339703436949,0.163404148728286,-2.49465410111552));
#12275=CARTESIAN_POINT('',(-1.39072707687581,-2.30672838459145,-0.966478745996781));
#12276=CARTESIAN_POINT('',(-1.31139968346697,-2.27875705905617,-1.03306381903824));
#12277=CARTESIAN_POINT('',(-1.16039806686772,-2.21991587858151,-1.15900620944753));
#12278=CARTESIAN_POINT('',(-0.95099351507771,-2.12103387186159,-1.32915082234897));
#12279=CARTESIAN_POINT('',(-0.763123625840116,-2.01966836742997,-1.47696954261632));
#12280=CARTESIAN_POINT('',(-0.584295819193299,-1.91338776956794,-1.6120364747179));
#12281=CARTESIAN_POINT('',(-0.388618257163292,-1.78756007983195,-1.75138791506917));
#12282=CARTESIAN_POINT('',(-0.161271524765398,-1.62903922338576,-1.90136513364015));
#12283=CARTESIAN_POINT('',(0.0861172299833214,-1.4402871850507,-2.04859697757252));
#12284=CARTESIAN_POINT('',(0.322865584335342,-1.24241775501688,-2.17310472297304));
#12285=CARTESIAN_POINT('',(0.52384152432156,-1.06104637920625,-2.26604531653827));
#12286=CARTESIAN_POINT('',(0.696129022739626,-0.895825367578263,-2.33617449045438));
#12287=CARTESIAN_POINT('',(0.863135588057063,-0.728720291147325,-2.39446857142603));
#12288=CARTESIAN_POINT('',(1.03741419703752,-0.549342734233527,-2.44291055260875));
#12289=CARTESIAN_POINT('',(1.21329636610667,-0.365922879130266,-2.4773797688123));
#12290=CARTESIAN_POINT('',(1.38494600128014,-0.186964171878823,-2.49715861311532));
#12291=CARTESIAN_POINT('',(1.5324933911414,-0.033973978409466,-2.50270113363837));
#12292=CARTESIAN_POINT('',(1.64542284870778,0.0826370606809066,-2.50007304601484));
#12293=CARTESIAN_POINT('',(1.70265133147139,0.141988033937455,-2.49605689358612));
#12294=CARTESIAN_POINT('',(1.72339703435843,0.1634041487443,-2.49465410110764));
#12295=CARTESIAN_POINT('',(1.75467775500422,0.671164613519698,-2.40822301038567));
#12296=CARTESIAN_POINT('',(1.77615764654882,0.638432978549928,-2.41780920289285));
#12297=CARTESIAN_POINT('',(1.80770161775234,0.571851780407129,-2.4343226027851));
#12298=CARTESIAN_POINT('',(1.827214553171,0.471959194924892,-2.45569640214922));
#12299=CARTESIAN_POINT('',(1.82571394570169,0.381618698607286,-2.47119468625278));
#12300=CARTESIAN_POINT('',(1.80781312265626,0.299989688611657,-2.48230528194424));
#12301=CARTESIAN_POINT('',(1.7738717321898,0.225471207421537,-2.49030025404351));
#12302=CARTESIAN_POINT('',(1.74173454651484,0.182412347870255,-2.49307843429987));
#12303=CARTESIAN_POINT('',(1.72339703438054,0.163404148717666,-2.49465410110938));
#12304=CARTESIAN_POINT('',(1.16941688124015,1.75,1.78535710713571));
#12305=CARTESIAN_POINT('',(1.75467776260765,1.75,1.78535710713566));
#12306=CARTESIAN_POINT('',(1.16941688124015,1.75,1.78535710713571));
#12307=VECTOR('',#12308,1.);
#12308=DIRECTION('',(1.,0.,-7.58788471924554E-16));
#12309=CARTESIAN_POINT('',(-0.81503395000334,2.5,-3.36154218321711E-18));
#12310=CARTESIAN_POINT('',(-0.814768967430048,2.49997685255976,-0.000186205568288138));
#12311=CARTESIAN_POINT('',(-0.723088420690591,2.4964095991226,0.130724594235311));
#12312=CARTESIAN_POINT('',(-0.549447157488661,2.48276127233971,0.36265869549297));
#12313=CARTESIAN_POINT('',(-0.304737250906258,2.41784207210376,0.651945712588329));
#12314=CARTESIAN_POINT('',(-0.0998935400420334,2.34711630996639,0.868413922384358));
#12315=CARTESIAN_POINT('',(0.0715948130220296,2.278419988257,1.03304850686147));
#12316=CARTESIAN_POINT('',(0.226018169958197,2.21080303155141,1.16922841738843));
#12317=CARTESIAN_POINT('',(0.365851847012823,2.1456690653012,1.28371019304732));
#12318=CARTESIAN_POINT('',(0.492188507178373,2.084994824341,1.38028135538446));
#12319=CARTESIAN_POINT('',(0.607287042800132,2.02783992495552,1.46270933082336));
#12320=CARTESIAN_POINT('',(0.713537982801001,1.97493606013448,1.53416108158785));
#12321=CARTESIAN_POINT('',(0.814944560457017,1.92418415545648,1.59779865509745));
#12322=CARTESIAN_POINT('',(0.915824036736472,1.87359598402809,1.65662639421066));
#12323=CARTESIAN_POINT('',(1.0122364248131,1.82623704254031,1.70866563791346));
#12324=CARTESIAN_POINT('',(1.09775706864697,1.78458876591652,1.75155056924276));
#12325=CARTESIAN_POINT('',(1.14794144322561,1.76034375311231,1.77537696449398));
#12326=CARTESIAN_POINT('',(1.16941881412486,1.75000207571195,1.78535507252892));
#12327=CARTESIAN_POINT('',(-1.76815547391532,1.76354730543507,-1.77197655283004));
#12328=CARTESIAN_POINT('',(-1.76815547372295,1.76354730479057,-1.77197655282623));
#12329=CARTESIAN_POINT('',(-1.70390383214001,1.92653908192961,-1.59908966274988));
#12330=CARTESIAN_POINT('',(-1.54557548138399,2.21246464117544,-1.23413121752051));
#12331=CARTESIAN_POINT('',(-1.21933287821904,2.45355365512376,-0.611987576901953));
#12332=CARTESIAN_POINT('',(-0.954797763733742,2.4951518811286,-0.198856445183302));
#12333=CARTESIAN_POINT('',(-0.814768967525208,2.49997685267759,-0.000186205718354988));
#12334=CARTESIAN_POINT('',(0.308333493360547,2.5,-2.09720793750506E-16));
#12335=CARTESIAN_POINT('',(0.309813724892374,2.49993353899481,-0.00148342178784589));
#12336=CARTESIAN_POINT('',(0.197635085419414,2.49737413597265,-0.113306142130711));
#12337=CARTESIAN_POINT('',(-0.00968500328941407,2.48715212721512,-0.316217435072385));
#12338=CARTESIAN_POINT('',(-0.28649313467256,2.43586640062948,-0.577796122668022));
#12339=CARTESIAN_POINT('',(-0.511019684454819,2.37601693095225,-0.784586660093168));
#12340=CARTESIAN_POINT('',(-0.696776623818703,2.31387578914911,-0.95197404938135));
#12341=CARTESIAN_POINT('',(-0.872955733565625,2.24479645104033,-1.10585149433749));
#12342=CARTESIAN_POINT('',(-1.04073499487656,2.17024655283345,-1.24613366670322));
#12343=CARTESIAN_POINT('',(-1.19817397002263,2.09341029837995,-1.37115568605802));
#12344=CARTESIAN_POINT('',(-1.33527332644742,2.02126499568892,-1.474562360292));
#12345=CARTESIAN_POINT('',(-1.4579204655525,1.95317041236967,-1.56308968826135));
#12346=CARTESIAN_POINT('',(-1.56922819084633,1.88823034213999,-1.64031331918567));
#12347=CARTESIAN_POINT('',(-1.67268511631579,1.82411031193086,-1.70945422881608));
#12348=CARTESIAN_POINT('',(-1.73765476448467,1.78288670204517,-1.75203057718564));
#12349=CARTESIAN_POINT('',(-1.76815547567773,1.76354730785618,-1.77197655465547));
#12350=CARTESIAN_POINT('',(1.72339703436949,2.0787317508587,1.3888391944405));
#12351=CARTESIAN_POINT('',(1.72339703435842,2.07873175084215,1.38883919445015));
#12352=CARTESIAN_POINT('',(1.5650741392578,2.16785062965858,1.25235512566117));
#12353=CARTESIAN_POINT('',(1.2499371512392,2.32778492706093,0.966465649395211));
#12354=CARTESIAN_POINT('',(0.785417431548344,2.46954914899335,0.485211660263012));
#12355=CARTESIAN_POINT('',(0.470311129700974,2.49861529066135,0.158727878011381));
#12356=CARTESIAN_POINT('',(0.309813726852737,2.4999335390799,-0.00148341983551128));
#12357=CARTESIAN_POINT('',(1.75467775648652,1.75000000030937,1.78535710905121));
#12358=CARTESIAN_POINT('',(1.77563831755033,1.77405573633998,1.76237108853187));
#12359=CARTESIAN_POINT('',(1.80685830755935,1.82080160828729,1.71392335306732));
#12360=CARTESIAN_POINT('',(1.82656865053722,1.88745814445792,1.64025682417948));
#12361=CARTESIAN_POINT('',(1.82628568361013,1.94333273109998,1.57338652265608));
#12362=CARTESIAN_POINT('',(1.81180601844189,1.99094522527661,1.51259480325176));
#12363=CARTESIAN_POINT('',(1.7856267371727,2.03030263817651,1.45913118813774));
#12364=CARTESIAN_POINT('',(1.75417401217967,2.05900745044037,1.41814865232324));
#12365=CARTESIAN_POINT('',(1.7328229520034,2.07327982583978,1.39691707409684));
#12366=CARTESIAN_POINT('',(1.72339703431791,2.07873175088003,1.38883919437222));
#12367=CARTESIAN_POINT('',(1.16941688124015,-2.42116460960662,0.622865903054912));
#12368=CARTESIAN_POINT('',(1.75467776260767,-2.42116460960655,0.622865903054952));
#12369=CARTESIAN_POINT('',(1.16941688124015,-2.42116460960662,0.622865903054913));
#12370=VECTOR('',#12371,1.);
#12371=DIRECTION('',(1.,1.51757694384905E-15,0.));
#12372=CARTESIAN_POINT('',(-1.76815547390546,0.652803057023014,2.41326504334638));
#12373=CARTESIAN_POINT('',(-1.76815547372295,0.652803057262616,2.41326504313732));
#12374=CARTESIAN_POINT('',(-1.73736879728369,0.542011026261273,2.43948366224258));
#12375=CARTESIAN_POINT('',(-1.67415531802758,0.336888085442314,2.48543968359582));
#12376=CARTESIAN_POINT('',(-1.56862688833681,0.0546859851845605,2.50343942230382));
#12377=CARTESIAN_POINT('',(-1.46430335486827,-0.190066995197761,2.49625285962443));
#12378=CARTESIAN_POINT('',(-1.35736565701588,-0.412475453974266,2.46894207034097));
#12379=CARTESIAN_POINT('',(-1.23614127117257,-0.636879329362125,2.42118284948292));
#12380=CARTESIAN_POINT('',(-1.09523101329747,-0.868226736285644,2.34899903059868));
#12381=CARTESIAN_POINT('',(-0.928487985515955,-1.10901824628592,2.24601582213388));
#12382=CARTESIAN_POINT('',(-0.736901909103296,-1.34920262229676,2.11092298757647));
#12383=CARTESIAN_POINT('',(-0.528762944017673,-1.57198546961927,1.95029947890669));
#12384=CARTESIAN_POINT('',(-0.317761930966315,-1.76225864528368,1.7789097371508));
#12385=CARTESIAN_POINT('',(-0.117420244334016,-1.91398270901691,1.61299597732313));
#12386=CARTESIAN_POINT('',(0.0726832466902397,-2.03522245869062,1.4557070731157));
#12387=CARTESIAN_POINT('',(0.256602066561357,-2.13431009184492,1.30493745758558));
#12388=CARTESIAN_POINT('',(0.436132930746282,-2.21597636687062,1.15970432972028));
#12389=CARTESIAN_POINT('',(0.61305471720619,-2.28387352575072,1.01988262533305));
#12390=CARTESIAN_POINT('',(0.791612106625899,-2.34090249090478,0.883868230954528));
#12391=CARTESIAN_POINT('',(0.977150809368555,-2.38678633269958,0.75006223203521));
#12392=CARTESIAN_POINT('',(1.10511082408324,-2.41076363374764,0.664612264478798));
#12393=CARTESIAN_POINT('',(1.16941881412487,-2.42116388544143,0.622868717977593));
#12394=CARTESIAN_POINT('',(1.72339703436949,-2.24213589958521,1.10581490667529));
#12395=CARTESIAN_POINT('',(1.72339703435843,-2.2421358995864,1.10581490665748));
#12396=CARTESIAN_POINT('',(1.64835538768344,-2.20723140715025,1.17474011211036));
#12397=CARTESIAN_POINT('',(1.50685700924409,-2.13911301791737,1.30497984339296));
#12398=CARTESIAN_POINT('',(1.2993414398482,-2.01809502728494,1.48385809241815));
#12399=CARTESIAN_POINT('',(1.10617673623321,-1.89018658774306,1.64303490177623));
#12400=CARTESIAN_POINT('',(0.918876146874761,-1.75261217183601,1.78763022363244));
#12401=CARTESIAN_POINT('',(0.742248654059488,-1.61303332209682,1.9132792651392));
#12402=CARTESIAN_POINT('',(0.562708043599959,-1.46460976989341,2.02877587300478));
#12403=CARTESIAN_POINT('',(0.362082114386787,-1.29452320197699,2.14241320959455));
#12404=CARTESIAN_POINT('',(0.1199356420284,-1.08396848345096,2.25789744501724));
#12405=CARTESIAN_POINT('',(-0.144316267285624,-0.847695746311059,2.35680749826039));
#12406=CARTESIAN_POINT('',(-0.396159504651281,-0.61613438648823,2.426205025689));
#12407=CARTESIAN_POINT('',(-0.609479644939258,-0.415533272547203,2.4674503803044));
#12408=CARTESIAN_POINT('',(-0.796638914620656,-0.237353390051513,2.49104830486537));
#12409=CARTESIAN_POINT('',(-0.972484803849806,-0.0702641583633994,2.50166500814057));
#12410=CARTESIAN_POINT('',(-1.14438230568029,0.0909974959201777,2.50110614243917));
#12411=CARTESIAN_POINT('',(-1.31264099706907,0.245940801814689,2.49064188962886));
#12412=CARTESIAN_POINT('',(-1.47272643950534,0.390581971982388,2.47143604756339));
#12413=CARTESIAN_POINT('',(-1.62564015815127,0.526524743691209,2.44555473791602));
#12414=CARTESIAN_POINT('',(-1.72205561642373,0.611946936786651,2.42403860124176));
#12415=CARTESIAN_POINT('',(-1.76815547407935,0.652803056852884,2.41326504324816));
#12416=CARTESIAN_POINT('',(1.75467775372996,-2.4211646144166,0.622865900635104));
#12417=CARTESIAN_POINT('',(1.7761575443589,-2.41310071958297,0.656005266145562));
#12418=CARTESIAN_POINT('',(1.80770140705774,-2.39411124506386,0.721922637575433));
#12419=CARTESIAN_POINT('',(1.82721444637385,-2.36267537310215,0.819118663989796));
#12420=CARTESIAN_POINT('',(1.82571406999113,-2.33092712537851,0.905104816709222));
#12421=CARTESIAN_POINT('',(1.80781344173564,-2.2997346441711,0.981353106065992));
#12422=CARTESIAN_POINT('',(1.77387206358061,-2.26939909475372,1.04988589779422));
#12423=CARTESIAN_POINT('',(1.74173469279621,-2.25027549664132,1.08856535238455));
#12424=CARTESIAN_POINT('',(1.72339703438054,-2.24213589957459,1.10581490668142));
#12425=CARTESIAN_POINT('',(0.360085837680969,62.3100521346149,2.87267386130885));
#12426=CARTESIAN_POINT('',(0.357147678421674,62.3100521346149,2.87267386130885));
#12427=CARTESIAN_POINT('',(0.357147678421658,62.3100521346157,2.87267386130882));
#12428=CARTESIAN_POINT('',(0.357489631525073,62.3100989069924,2.87267241046012));
#12429=CARTESIAN_POINT('',(0.357831584628488,62.310145679369,2.87267095961143));
#12430=CARTESIAN_POINT('',(0.35852403765477,62.3101827402945,2.87266981000563));
#12431=CARTESIAN_POINT('',(0.358876647146764,62.310177002721,2.87266998798142));
#12432=CARTESIAN_POINT('',(0.359515055613341,62.3101342724217,2.87267131344751));
#12433=CARTESIAN_POINT('',(0.359800446647139,62.310093203519,2.87267258737816));
#12434=CARTESIAN_POINT('',(0.360085837680938,62.3100521346163,2.8726738613088));
#12435=CARTESIAN_POINT('',(0.218915001408975,63.1109439176939,2.67545807842066));
#12436=CARTESIAN_POINT('',(0.218915001316183,63.110943921371,2.67545807695479));
#12437=CARTESIAN_POINT('',(0.219903570448233,63.0712565913899,2.68892835727831));
#12438=CARTESIAN_POINT('',(0.224062722400525,62.9971939538672,2.71422682422515));
#12439=CARTESIAN_POINT('',(0.23566108469857,62.893612085023,2.748286392276));
#12440=CARTESIAN_POINT('',(0.249972325273015,62.8065369564432,2.77591229604915));
#12441=CARTESIAN_POINT('',(0.265495799963309,62.7282593505019,2.79842810347983));
#12442=CARTESIAN_POINT('',(0.28226033968542,62.6504924685028,2.81795148033488));
#12443=CARTESIAN_POINT('',(0.300908399143275,62.5648061871288,2.83584882653321));
#12444=CARTESIAN_POINT('',(0.319969859601153,62.4783563631248,2.85086923789385));
#12445=CARTESIAN_POINT('',(0.336262658194871,62.4058765833493,2.86137499639755));
#12446=CARTESIAN_POINT('',(0.347187582536547,62.3585834863592,2.86729082542693));
#12447=CARTESIAN_POINT('',(0.352555197607269,62.3355037593706,2.86993258466015));
#12448=CARTESIAN_POINT('',(0.354898788046859,62.3253507806214,2.87105094227803));
#12449=CARTESIAN_POINT('',(0.355848240925386,62.3197466779839,2.87165095155808));
#12450=CARTESIAN_POINT('',(0.356756969479841,62.3146784614829,2.87219026891081));
#12451=CARTESIAN_POINT('',(0.357107663258875,62.3115727991268,2.87251583784401));
#12452=CARTESIAN_POINT('',(0.35715610211018,62.3100523931871,2.87267383414664));
#12453=CARTESIAN_POINT('',(1.34869050161762,1.75,1.87679882716569));
#12454=CARTESIAN_POINT('',(1.34869050161762,1.75,1.8767988271657));
#12455=CARTESIAN_POINT('',(1.23189463718369,11.1650303218486,3.19590885423676));
#12456=CARTESIAN_POINT('',(1.10587752166904,20.6803490617579,4.36028796628927));
#12457=CARTESIAN_POINT('',(0.746146723316784,40.9168391827373,4.8958333857968));
#12458=CARTESIAN_POINT('',(0.479650389049809,52.0603511499119,3.74340381637003));
#12459=CARTESIAN_POINT('',(0.218915001409096,63.1109439176897,2.67545807842118));
#12460=CARTESIAN_POINT('',(1.34869050161762,1.75,1.87679882716569));
#12461=CARTESIAN_POINT('',(1.36096970437716,1.75,1.88280632110785));
#12462=CARTESIAN_POINT('',(1.38627030279596,1.75,1.89330414184651));
#12463=CARTESIAN_POINT('',(1.42587084890172,1.75,1.90426000490856));
#12464=CARTESIAN_POINT('',(1.46651876215664,1.75,1.91025836127474));
#12465=CARTESIAN_POINT('',(1.50759590414753,1.75,1.91120799822289));
#12466=CARTESIAN_POINT('',(1.54847759000358,1.75,1.90709447218369));
#12467=CARTESIAN_POINT('',(1.58854211233433,1.75,1.89798034015237));
#12468=CARTESIAN_POINT('',(1.62718018940695,1.75,1.88400420520153));
#12469=CARTESIAN_POINT('',(1.6638042325275,1.75,1.86537860951853));
#12470=CARTESIAN_POINT('',(1.6978572813368,1.75,1.84238680194274));
#12471=CARTESIAN_POINT('',(1.72846288541715,1.75,1.81569120764699));
#12472=CARTESIAN_POINT('',(1.74645566194739,1.75,1.7956773056808));
#12473=CARTESIAN_POINT('',(1.75467775980099,1.75,1.78535710484822));
#12474=CARTESIAN_POINT('',(0.448030435034376,63.1020198626016,2.67899917286484));
#12475=CARTESIAN_POINT('',(1.72339703438004,2.07873174783009,1.38883919395157));
#12476=CARTESIAN_POINT('',(1.72493777020779,11.3864218740047,2.85375425490695));
#12477=CARTESIAN_POINT('',(1.69790103501836,20.78690180857,4.14834058708668));
#12478=CARTESIAN_POINT('',(1.3242141589616,40.9161468370728,4.87795136212661));
#12479=CARTESIAN_POINT('',(0.878123995321078,52.0545826130898,3.73385616283273));
#12480=CARTESIAN_POINT('',(0.448030435229516,63.1020198626016,2.67899917287272));
#12481=CARTESIAN_POINT('',(0.360078131899503,62.3100518927427,2.87267388631783));
#12482=CARTESIAN_POINT('',(0.360049138525215,62.3123100541018,2.87243921948694));
#12483=CARTESIAN_POINT('',(0.360307083760003,62.3168129250593,2.87196618364153));
#12484=CARTESIAN_POINT('',(0.361270871391961,62.3235245093051,2.87124577921362));
#12485=CARTESIAN_POINT('',(0.362430993779883,62.3310505934687,2.87042082770625));
#12486=CARTESIAN_POINT('',(0.363933644755828,62.3402378545673,2.86938901901188));
#12487=CARTESIAN_POINT('',(0.365879859485245,62.3519427090905,2.86803307361389));
#12488=CARTESIAN_POINT('',(0.368288465835693,62.3662920214262,2.86630732917646));
#12489=CARTESIAN_POINT('',(0.371302366708659,62.3842029691178,2.86405747982646));
#12490=CARTESIAN_POINT('',(0.375278440341595,62.407851706982,2.86092768103781));
#12491=CARTESIAN_POINT('',(0.380534726899294,62.4392924495172,2.85647623814173));
#12492=CARTESIAN_POINT('',(0.387263828683787,62.4800287914301,2.85020442780819));
#12493=CARTESIAN_POINT('',(0.395414406480379,62.5304116294422,2.84165620778813));
#12494=CARTESIAN_POINT('',(0.405071349292256,62.5922410503978,2.82996987166382));
#12495=CARTESIAN_POINT('',(0.415812194534118,62.6651843187827,2.81444008520647));
#12496=CARTESIAN_POINT('',(0.426640697626346,62.7463666828707,2.79484712835662));
#12497=CARTESIAN_POINT('',(0.435508468763925,62.8242399827317,2.77364318000248));
#12498=CARTESIAN_POINT('',(0.441481111738968,62.889727567316,2.75396717203408));
#12499=CARTESIAN_POINT('',(0.44483822370948,62.9373293142643,2.73864805306223));
#12500=CARTESIAN_POINT('',(0.446798970265838,62.9738267841377,2.72634903613906));
#12501=CARTESIAN_POINT('',(0.448023560648331,63.0055199225942,2.71527572594548));
#12502=CARTESIAN_POINT('',(0.448622857823677,63.0332005370551,2.70525314254224));
#12503=CARTESIAN_POINT('',(0.448756817322013,63.0546176627439,2.69727623615709));
#12504=CARTESIAN_POINT('',(0.448667638954813,63.0761787813128,2.6891044556511));
#12505=CARTESIAN_POINT('',(0.448373672334864,63.0912408466762,2.68325637150904));
#12506=CARTESIAN_POINT('',(0.448030435094303,63.1020198662437,2.67899917134168));
#12507=CARTESIAN_POINT('',(1.16941825259442,1.75,1.78535448671357));
#12508=CARTESIAN_POINT('',(1.22866199583293,1.75,1.81682932899801));
#12509=CARTESIAN_POINT('',(1.28843017643175,1.75,1.84731698330375));
#12510=CARTESIAN_POINT('',(1.34869050161762,1.75,1.8767988271657));
#12511=CARTESIAN_POINT('',(0.0922890115021566,65.,-0.111261069915179));
#12512=CARTESIAN_POINT('',(0.218915001386223,63.1109439165727,2.67545807648257));
#12513=CARTESIAN_POINT('',(0.215966279542406,63.2037036149578,2.63489506482707));
#12514=CARTESIAN_POINT('',(0.21034838348799,63.388083732518,2.55510203175841));
#12515=CARTESIAN_POINT('',(0.202294466130758,63.6457264084458,2.40264523578247));
#12516=CARTESIAN_POINT('',(0.194759188416904,63.886319005823,2.22782062998691));
#12517=CARTESIAN_POINT('',(0.187366295081369,64.1139131696533,2.0248145620022));
#12518=CARTESIAN_POINT('',(0.179715613496804,64.3290228356823,1.78924189118715));
#12519=CARTESIAN_POINT('',(0.171243612318723,64.5267175587038,1.51812556629003));
#12520=CARTESIAN_POINT('',(0.161584780393396,64.6927526705753,1.22533074442786));
#12521=CARTESIAN_POINT('',(0.150727387519762,64.8165045440682,0.936142489846824));
#12522=CARTESIAN_POINT('',(0.13880890488697,64.9021171447584,0.664227705792523));
#12523=CARTESIAN_POINT('',(0.125915143302253,64.9575571461966,0.411077706395517));
#12524=CARTESIAN_POINT('',(0.112648331363374,64.9884229982991,0.185210216289209));
#12525=CARTESIAN_POINT('',(0.101111167216631,64.996584954259,0.0118849358187236));
#12526=CARTESIAN_POINT('',(0.0945846756506579,64.9991254418561,-0.0797064219206308));
#12527=CARTESIAN_POINT('',(0.0922890036167632,65.0000000001521,-0.111261069340899));
#12528=CARTESIAN_POINT('',(-0.174391184360317,65.,-2.49391012564953));
#12529=CARTESIAN_POINT('',(-0.174391184360317,65.,-2.49391012564953));
#12530=CARTESIAN_POINT('',(-0.132899418477532,65.,-2.21894908960782));
#12531=CARTESIAN_POINT('',(-0.0572447084247126,65.,-1.6679210971778));
#12532=CARTESIAN_POINT('',(0.0303512919178656,65.,-0.873292503681615));
#12533=CARTESIAN_POINT('',(0.07451221126023,65.,-0.353833712127867));
#12534=CARTESIAN_POINT('',(0.0922890036132578,65.,-0.111261069348889));
#12535=CARTESIAN_POINT('',(-1.76815547408921,1.76354730543507,-1.77197655263359));
#12536=CARTESIAN_POINT('',(-2.03800711870587,11.174132735359,-4.69597685382158));
#12537=CARTESIAN_POINT('',(-2.24137479206568,20.6584993902402,-7.26182825845433));
#12538=CARTESIAN_POINT('',(-1.85894533197905,41.5718244624305,-8.30414381638755));
#12539=CARTESIAN_POINT('',(-0.975561343034566,53.3316969885152,-5.1776093079953));
#12540=CARTESIAN_POINT('',(-0.174391184474224,65.,-2.49391012561943));
#12541=CARTESIAN_POINT('',(0.275625268576658,65.,-0.111261069921792));
#12542=CARTESIAN_POINT('',(0.448030434839233,63.1020198626016,2.67899917285695));
#12543=CARTESIAN_POINT('',(0.443609557182226,63.2238701922855,2.62631041625462));
#12544=CARTESIAN_POINT('',(0.435437150762726,63.4560883656275,2.52290630822726));
#12545=CARTESIAN_POINT('',(0.425774694859031,63.7527930578886,2.33042200033335));
#12546=CARTESIAN_POINT('',(0.417989911308901,63.9907689549425,2.13884328729261));
#12547=CARTESIAN_POINT('',(0.411566261410308,64.1721561975937,1.96217751746007));
#12548=CARTESIAN_POINT('',(0.405747044150206,64.3153899187438,1.79978525017813));
#12549=CARTESIAN_POINT('',(0.399770973317975,64.4396853114331,1.63837523601384));
#12550=CARTESIAN_POINT('',(0.392625479891108,64.5599192423232,1.45864582010743));
#12551=CARTESIAN_POINT('',(0.383011787066129,64.6811063979107,1.24326694725211));
#12552=CARTESIAN_POINT('',(0.370312362053928,64.7907731150946,1.00081554814188));
#12553=CARTESIAN_POINT('',(0.354159414895503,64.879718619777,0.74377804571101));
#12554=CARTESIAN_POINT('',(0.335447896309237,64.9418195491828,0.494193892149935));
#12555=CARTESIAN_POINT('',(0.315201831539523,64.9791342264267,0.263521981595657));
#12556=CARTESIAN_POINT('',(0.295357182681252,64.9967339441175,0.0648248085831863));
#12557=CARTESIAN_POINT('',(0.281932521700931,64.999898921799,-0.0566207109120361));
#12558=CARTESIAN_POINT('',(0.275621101884373,65.0000000037983,-0.111260588622894));
#12559=CARTESIAN_POINT('',(0.275621101847119,65.,-0.111260588915433));
#12560=CARTESIAN_POINT('',(0.24707286195377,65.,-0.35840776215966));
#12561=CARTESIAN_POINT('',(0.136541386518996,65.,-1.15996971210261));
#12562=CARTESIAN_POINT('',(-0.0312821173295558,65.,-1.95233917102264));
#12563=CARTESIAN_POINT('',(-0.174391184474224,65.,-2.49391012561943));
#12564=CARTESIAN_POINT('',(0.374308335648081,-34.6640813690494,55.0422182850196));
#12565=CARTESIAN_POINT('',(1.72339703438054,-2.2421358995746,1.10581490668144));
#12566=CARTESIAN_POINT('',(1.72493777020193,-8.16463461917174,8.43405347526601));
#12567=CARTESIAN_POINT('',(1.69790103499982,-13.9860192367828,15.9278147394978));
#12568=CARTESIAN_POINT('',(1.31260295931551,-25.0148643963755,33.525772418676));
#12569=CARTESIAN_POINT('',(0.826206091470121,-29.7815448164372,44.3877563086647));
#12570=CARTESIAN_POINT('',(0.374308336066486,-34.6640813690637,55.0422182850113));
#12571=CARTESIAN_POINT('',(0.174391184360307,-34.6597895235678,55.0446961831637));
#12572=CARTESIAN_POINT('',(0.174391184360307,-34.6597895235678,55.0446961831637));
#12573=CARTESIAN_POINT('',(0.174345428716668,-34.6636956151523,55.0424410001359));
#12574=CARTESIAN_POINT('',(0.174865183069473,-34.6715131432966,55.0379275481574));
#12575=CARTESIAN_POINT('',(0.177464356376336,-34.6830411741699,55.0312718364295));
#12576=CARTESIAN_POINT('',(0.181835551018416,-34.6941601507891,55.0248522922852));
#12577=CARTESIAN_POINT('',(0.187898848266755,-34.7046667915362,55.0187862804217));
#12578=CARTESIAN_POINT('',(0.195543392745137,-34.7143690014229,55.0131847069318));
#12579=CARTESIAN_POINT('',(0.204629419071871,-34.723089395225,55.0081499852228));
#12580=CARTESIAN_POINT('',(0.214990807228057,-34.7306685376571,55.0037741652993));
#12581=CARTESIAN_POINT('',(0.226438119724275,-34.736967859126,55.0001372503536));
#12582=CARTESIAN_POINT('',(0.238762065092884,-34.7418721889883,54.9973057341874));
#12583=CARTESIAN_POINT('',(0.251737324367892,-34.745291861275,54.9953313854721));
#12584=CARTESIAN_POINT('',(0.26512667059678,-34.7471643540414,54.9942503012693));
#12585=CARTESIAN_POINT('',(0.278685306066071,-34.7474554324611,54.9940822470654));
#12586=CARTESIAN_POINT('',(0.292165337943364,-34.7461597747406,54.9948302953991));
#12587=CARTESIAN_POINT('',(0.305320310507477,-34.7433010694188,54.9964807696862));
#12588=CARTESIAN_POINT('',(0.317909711103806,-34.7389315822689,54.9990034942684));
#12589=CARTESIAN_POINT('',(0.329703367442703,-34.7331312007187,55.0023523461178));
#12590=CARTESIAN_POINT('',(0.340485655843841,-34.726005973282,55.0064660980964));
#12591=CARTESIAN_POINT('',(0.350059443491333,-34.7176861706142,55.0112695384063));
#12592=CARTESIAN_POINT('',(0.358249692607684,-34.7083239039839,55.0166748455655));
#12593=CARTESIAN_POINT('',(0.364906660709485,-34.6980903434257,55.0225831945086));
#12594=CARTESIAN_POINT('',(0.369908638217707,-34.6871725911953,55.0288865616977));
#12595=CARTESIAN_POINT('',(0.373164174179871,-34.6757702499259,55.035469706499));
#12596=CARTESIAN_POINT('',(0.37413055565443,-34.6679846263246,55.039964738381));
#12597=CARTESIAN_POINT('',(0.374308336066486,-34.6640813690637,55.0422182850113));
#12598=CARTESIAN_POINT('',(1.34869050161762,-2.50035546211833,0.577145043039921));
#12599=CARTESIAN_POINT('',(1.34869050161762,-2.50035546211833,0.577145043039919));
#12600=CARTESIAN_POINT('',(1.23189463718369,-8.35025341687293,8.07124546562602));
#12601=CARTESIAN_POINT('',(1.10587752166904,-14.116294677501,15.7295636634673));
#12602=CARTESIAN_POINT('',(0.735083053059744,-25.0237907464338,33.5178683551547));
#12603=CARTESIAN_POINT('',(0.449028425678812,-29.7898761245059,44.3829462257086));
#12604=CARTESIAN_POINT('',(0.174391184360306,-34.6597895235678,55.0446961831637));
#12605=CARTESIAN_POINT('',(1.34869050161762,-2.50035546211833,0.577145043039923));
#12606=CARTESIAN_POINT('',(1.36096970437716,-2.50555810448531,0.574141296068849));
#12607=CARTESIAN_POINT('',(1.38627030279596,-2.51464948392937,0.568892385699517));
#12608=CARTESIAN_POINT('',(1.42587084890172,-2.52413753966149,0.563414454168491));
#12609=CARTESIAN_POINT('',(1.46651876215664,-2.52933226865556,0.560415275985398));
#12610=CARTESIAN_POINT('',(1.50759590414753,-2.53015467837703,0.559940457511323));
#12611=CARTESIAN_POINT('',(1.54847759000358,-2.52659226032795,0.561997220530925));
#12612=CARTESIAN_POINT('',(1.58854211233433,-2.51869919045538,0.566554286546586));
#12613=CARTESIAN_POINT('',(1.62718018940695,-2.50659550254123,0.573542354022007));
#12614=CARTESIAN_POINT('',(1.6638042325275,-2.49046526351914,0.582855151863505));
#12615=CARTESIAN_POINT('',(1.6978572813368,-2.47055377407958,0.594351055651401));
#12616=CARTESIAN_POINT('',(1.72846288541716,-2.44743471125033,0.607698852799278));
#12617=CARTESIAN_POINT('',(1.7464556619474,-2.43010216371875,0.617705803782378));
#12618=CARTESIAN_POINT('',(1.75467775980101,-2.42116460762557,0.622865904198675));
#12619=CARTESIAN_POINT('',(1.16941825259442,-2.42116234025448,0.622867213265988));
#12620=CARTESIAN_POINT('',(1.22866199583293,-2.44842035325291,0.607129792123765));
#12621=CARTESIAN_POINT('',(1.28843017643175,-2.47482343638348,0.591885964970899));
#12622=CARTESIAN_POINT('',(1.34869050161762,-2.50035546211833,0.577145043039922));
#12623=CARTESIAN_POINT('',(-0.174391184360317,-30.3402104764323,57.5386063088133));
#12624=CARTESIAN_POINT('',(-0.174391184360317,-30.3402104764322,57.5386063088133));
#12625=CARTESIAN_POINT('',(-0.132899418477532,-30.5783337186953,57.4011257907924));
#12626=CARTESIAN_POINT('',(-0.0572447084247126,-31.055537958336,57.1256117945774));
#12627=CARTESIAN_POINT('',(0.0341702854363278,-31.7737091464522,56.7109754657943));
#12628=CARTESIAN_POINT('',(0.103453274549029,-32.4937350356791,56.2952683248256));
#12629=CARTESIAN_POINT('',(0.150555046523446,-33.2151041838271,55.8787856529573));
#12630=CARTESIAN_POINT('',(0.175442144393535,-33.9373041945838,55.4618232823382));
#12631=CARTESIAN_POINT('',(0.177211975200612,-34.4189827839669,55.1837260190949));
#12632=CARTESIAN_POINT('',(0.174391184360306,-34.6597895235678,55.0446961831637));
#12633=CARTESIAN_POINT('',(-1.76815547407935,0.652803056852884,2.41326504324816));
#12634=CARTESIAN_POINT('',(-2.03800711870092,-1.52023111662494,12.0250712407598));
#12635=CARTESIAN_POINT('',(-2.24137479206775,-4.04032194532699,21.5216994051392));
#12636=CARTESIAN_POINT('',(-1.85894533197905,-13.5943127295442,40.154327974326));
#12637=CARTESIAN_POINT('',(-0.975561343034566,-22.1819073026629,48.7754090729859));
#12638=CARTESIAN_POINT('',(-0.174391184474224,-30.3402104764583,57.5386063087982));
#12639=CARTESIAN_POINT('',(0.374308335648081,-34.6640813690494,55.0422182850196));
#12640=CARTESIAN_POINT('',(0.396386447103173,-34.1793454659874,55.3220806891383));
#12641=CARTESIAN_POINT('',(0.384941130328536,-33.2079752526397,55.8829015432974));
#12642=CARTESIAN_POINT('',(0.201137595489869,-31.7595636446486,56.7191423750684));
#12643=CARTESIAN_POINT('',(-0.0312821173295558,-30.8092246810909,57.2678208314998));
#12644=CARTESIAN_POINT('',(-0.174391184474224,-30.3402104764583,57.5386063087982));
#12645=CARTESIAN_POINT('',(0.374308335648081,-30.3359186309506,-57.5410842069574));
#12646=CARTESIAN_POINT('',(1.72339703438054,0.163404148717656,-2.49465410110941));
#12647=CARTESIAN_POINT('',(1.72493777020193,-3.22178725687092,-11.2878077304536));
#12648=CARTESIAN_POINT('',(1.69790103499982,-6.8008825727859,-20.0761553266207));
#12649=CARTESIAN_POINT('',(1.31260295931551,-16.5267383978814,-38.4263942488221));
#12650=CARTESIAN_POINT('',(0.826206091470121,-23.5501521720781,-47.9854525293117));
#12651=CARTESIAN_POINT('',(0.374308336066486,-30.3359186309363,-57.5410842069657));
#12652=CARTESIAN_POINT('',(0.174391184360307,-30.3402104764323,-57.5386063088133));
#12653=CARTESIAN_POINT('',(0.174391184360307,-30.3402104764323,-57.5386063088133));
#12654=CARTESIAN_POINT('',(0.174345428716668,-30.3363043848477,-57.5408614918411));
#12655=CARTESIAN_POINT('',(0.174865183069473,-30.3284868567034,-57.5453749438196));
#12656=CARTESIAN_POINT('',(0.177464356376336,-30.3169588258301,-57.5520306555475));
#12657=CARTESIAN_POINT('',(0.181835551018416,-30.3058398492109,-57.5584501996917));
#12658=CARTESIAN_POINT('',(0.187898848266755,-30.2953332084638,-57.5645162115554));
#12659=CARTESIAN_POINT('',(0.195543392745137,-30.2856309985771,-57.5701177850452));
#12660=CARTESIAN_POINT('',(0.204629419071871,-30.276910604775,-57.5751525067543));
#12661=CARTESIAN_POINT('',(0.214990807228057,-30.2693314623429,-57.5795283266777));
#12662=CARTESIAN_POINT('',(0.226438119724275,-30.263032140874,-57.5831652416234));
#12663=CARTESIAN_POINT('',(0.238762065092884,-30.2581278110117,-57.5859967577896));
#12664=CARTESIAN_POINT('',(0.251737324367892,-30.254708138725,-57.5879711065049));
#12665=CARTESIAN_POINT('',(0.26512667059678,-30.2528356459586,-57.5890521907076));
#12666=CARTESIAN_POINT('',(0.278685306066071,-30.252544567539,-57.5892202449116));
#12667=CARTESIAN_POINT('',(0.292165337943364,-30.2538402252594,-57.5884721965779));
#12668=CARTESIAN_POINT('',(0.305320310507477,-30.2566989305812,-57.5868217222908));
#12669=CARTESIAN_POINT('',(0.317909711103806,-30.2610684177311,-57.5842989977086));
#12670=CARTESIAN_POINT('',(0.329703367442703,-30.2668687992813,-57.5809501458592));
#12671=CARTESIAN_POINT('',(0.340485655843841,-30.273994026718,-57.5768363938806));
#12672=CARTESIAN_POINT('',(0.350059443491333,-30.2823138293858,-57.5720329535707));
#12673=CARTESIAN_POINT('',(0.358249692607684,-30.2916760960161,-57.5666276464115));
#12674=CARTESIAN_POINT('',(0.364906660709485,-30.3019096565743,-57.5607192974685));
#12675=CARTESIAN_POINT('',(0.369908638217707,-30.3128274088047,-57.5544159302793));
#12676=CARTESIAN_POINT('',(0.373164174179871,-30.3242297500741,-57.547832785478));
#12677=CARTESIAN_POINT('',(0.37413055565443,-30.3320153736754,-57.543337753596));
#12678=CARTESIAN_POINT('',(0.374308336066486,-30.3359186309363,-57.5410842069657));
#12679=CARTESIAN_POINT('',(1.34869050161762,0.75035546211833,-2.45394387020561));
#12680=CARTESIAN_POINT('',(1.34869050161762,0.750355462118334,-2.45394387020562));
#12681=CARTESIAN_POINT('',(1.23189463718369,-2.81477690497563,-11.2671543198628));
#12682=CARTESIAN_POINT('',(1.10587752166904,-6.56405438425684,-20.0898516297566));
#12683=CARTESIAN_POINT('',(0.735083053059744,-16.5154301030496,-38.430172662975));
#12684=CARTESIAN_POINT('',(0.449028425678812,-23.5418208640094,-47.9902626122679));
#12685=CARTESIAN_POINT('',(0.174391184360306,-30.3402104764323,-57.5386063088133));
#12686=CARTESIAN_POINT('',(1.34869050161762,0.750355462118328,-2.45394387020562));
#12687=CARTESIAN_POINT('',(1.36096970437716,0.755558104485314,-2.45694761717669));
#12688=CARTESIAN_POINT('',(1.38627030279596,0.76464948392937,-2.46219652754602));
#12689=CARTESIAN_POINT('',(1.42587084890172,0.77413753966149,-2.46767445907705));
#12690=CARTESIAN_POINT('',(1.46651876215664,0.779332268655557,-2.47067363726014));
#12691=CARTESIAN_POINT('',(1.50759590414753,0.780154678377031,-2.47114845573422));
#12692=CARTESIAN_POINT('',(1.54847759000358,0.776592260327946,-2.46909169271461));
#12693=CARTESIAN_POINT('',(1.58854211233433,0.768699190455377,-2.46453462669895));
#12694=CARTESIAN_POINT('',(1.62718018940695,0.756595502541231,-2.45754655922353));
#12695=CARTESIAN_POINT('',(1.6638042325275,0.740465263519135,-2.44823376138203));
#12696=CARTESIAN_POINT('',(1.6978572813368,0.720553774079579,-2.43673785759414));
#12697=CARTESIAN_POINT('',(1.72846288312053,0.697434712985172,-2.42339006144787));
#12698=CARTESIAN_POINT('',(1.74645565787303,0.680102167643618,-2.41338311172918));
#12699=CARTESIAN_POINT('',(1.75467775411494,0.671164613806425,-2.40822301261538));
#12700=CARTESIAN_POINT('',(1.16941825259443,0.671162340254476,-2.40822169997955));
#12701=CARTESIAN_POINT('',(1.22866199583294,0.698420353252915,-2.42395912112178));
#12702=CARTESIAN_POINT('',(1.28843017643175,0.724823436383477,-2.43920294827464));
#12703=CARTESIAN_POINT('',(1.34869050161762,0.750355462118335,-2.45394387020562));
#12704=CARTESIAN_POINT('',(-0.174391184360317,-34.6597895235678,-55.0446961831637));
#12705=CARTESIAN_POINT('',(-0.174391184360317,-34.6597895235678,-55.0446961831637));
#12706=CARTESIAN_POINT('',(-0.132899418477532,-34.4216662813048,-55.1821767011846));
#12707=CARTESIAN_POINT('',(-0.0572447084247126,-33.944462041664,-55.4576906973996));
#12708=CARTESIAN_POINT('',(0.0341702854363278,-33.2262908535478,-55.8723270261827));
#12709=CARTESIAN_POINT('',(0.103453274549029,-32.506264964321,-56.2880341671513));
#12710=CARTESIAN_POINT('',(0.150555046523446,-31.7848958161729,-56.7045168390197));
#12711=CARTESIAN_POINT('',(0.175442144393535,-31.0626958054163,-57.1214792096388));
#12712=CARTESIAN_POINT('',(0.177211975200612,-30.5810172160331,-57.3995764728821));
#12713=CARTESIAN_POINT('',(0.174391184360306,-30.3402104764323,-57.5386063088133));
#12714=CARTESIAN_POINT('',(-1.76815547407935,-2.41635036194431,-0.641288490721353));
#12715=CARTESIAN_POINT('',(-2.03800711870092,-9.65390161850318,-7.32909438700068));
#12716=CARTESIAN_POINT('',(-2.24137479206775,-16.6181774447995,-14.2598711466905));
#12717=CARTESIAN_POINT('',(-1.85894533197905,-27.9775117328864,-31.8501841579384));
#12718=CARTESIAN_POINT('',(-0.975561343034566,-31.1497896858523,-43.5977997649906));
#12719=CARTESIAN_POINT('',(-0.174391184474224,-34.6597895235417,-55.0446961831788));
#12720=CARTESIAN_POINT('',(0.374308335648081,-30.3359186309506,-57.5410842069574));
#12721=CARTESIAN_POINT('',(0.396386447103173,-30.8206545340126,-57.2612218028387));
#12722=CARTESIAN_POINT('',(0.384941130328536,-31.7920247473603,-56.7004009486796));
#12723=CARTESIAN_POINT('',(0.201137595489869,-33.2404363553514,-55.8641601169086));
#12724=CARTESIAN_POINT('',(-0.0312821173295558,-34.1907753189091,-55.3154816604772));
#12725=CARTESIAN_POINT('',(-0.174391184474224,-34.6597895235417,-55.0446961831788));
#12726=CARTESIAN_POINT('',(0.357147678421674,62.3100521346149,2.87267386130885));
#12727=VECTOR('',#12728,1.);
#12728=DIRECTION('',(1.,2.41832614590996E-12,0.));
#12729=CARTESIAN_POINT('',(0.0922890115021566,65.0000000000008,-0.111261069922336));
#12730=VECTOR('',#12731,1.);
#12731=DIRECTION('',(1.,0.,-2.27087451700975E-16));
#12732=CARTESIAN_POINT('',(18.5,62.,5.));
#12733=CARTESIAN_POINT('',(20.,62.,3.5));
#12734=CARTESIAN_POINT('',(20.,62.,3.5));
#12735=VECTOR('',#12736,1.);
#12736=DIRECTION('',(-0.707106781186546,0.,0.707106781186549));
#12737=CARTESIAN_POINT('',(11.5,62.,5.));
#12738=CARTESIAN_POINT('',(11.5,62.,5.));
#12739=VECTOR('',#12740,1.);
#12740=DIRECTION('',(1.,0.,0.));
#12741=CARTESIAN_POINT('',(11.5,62.,-5.));
#12742=CARTESIAN_POINT('',(11.5,62.,5.));
#12743=VECTOR('',#12744,1.);
#12744=DIRECTION('',(0.,-7.105427357601E-16,-1.));
#12745=CARTESIAN_POINT('',(18.5,62.,-5.));
#12746=CARTESIAN_POINT('',(11.5,62.,-5.));
#12747=VECTOR('',#12748,1.);
#12748=DIRECTION('',(1.,0.,0.));
#12749=CARTESIAN_POINT('',(20.,62.,-3.5));
#12750=CARTESIAN_POINT('',(18.5,62.,-5.));
#12751=VECTOR('',#12752,1.);
#12752=DIRECTION('',(0.70710678118655,-3.34953057852538E-15,0.707106781186545));
#12753=CARTESIAN_POINT('',(20.,62.,3.5));
#12754=VECTOR('',#12755,1.);
#12755=DIRECTION('',(0.,0.,-1.));
#12756=CARTESIAN_POINT('',(15.,62.,-2.5));
#12757=AXIS2_PLACEMENT_3D('',#12758,#12759,#12760);
#12758=CARTESIAN_POINT('',(15.,62.,-8.88178419700125E-16));
#12759=DIRECTION('',(0.,-1.,0.));
#12760=DIRECTION('',(0.,0.,-1.));
#12761=CARTESIAN_POINT('',(18.5,34.,5.));
#12762=CARTESIAN_POINT('',(20.,34.,3.5));
#12763=CARTESIAN_POINT('',(20.,34.,3.5));
#12764=VECTOR('',#12765,1.);
#12765=DIRECTION('',(-0.707106781186546,0.,0.707106781186549));
#12766=CARTESIAN_POINT('',(11.5,34.,5.));
#12767=CARTESIAN_POINT('',(11.5,34.,5.));
#12768=VECTOR('',#12769,1.);
#12769=DIRECTION('',(1.,0.,-2.53765262771464E-16));
#12770=CARTESIAN_POINT('',(11.5,34.,-5.));
#12771=CARTESIAN_POINT('',(11.5,34.,5.));
#12772=VECTOR('',#12773,1.);
#12773=DIRECTION('',(0.,0.,-1.));
#12774=CARTESIAN_POINT('',(18.5,34.,-5.));
#12775=CARTESIAN_POINT('',(11.5,34.,-5.));
#12776=VECTOR('',#12777,1.);
#12777=DIRECTION('',(1.,0.,0.));
#12778=CARTESIAN_POINT('',(20.,34.,-3.5));
#12779=CARTESIAN_POINT('',(18.5,34.,-5.));
#12780=VECTOR('',#12781,1.);
#12781=DIRECTION('',(0.707106781186546,0.,0.707106781186549));
#12782=CARTESIAN_POINT('',(20.,34.,3.5));
#12783=VECTOR('',#12784,1.);
#12784=DIRECTION('',(0.,0.,-1.));
#12785=CARTESIAN_POINT('',(15.,34.,-2.5));
#12786=AXIS2_PLACEMENT_3D('',#12787,#12788,#12789);
#12787=CARTESIAN_POINT('',(15.,34.,-8.88178419700125E-16));
#12788=DIRECTION('',(0.,-1.,0.));
#12789=DIRECTION('',(0.,0.,-1.));
#12790=CARTESIAN_POINT('',(20.,42.,3.5));
#12791=CARTESIAN_POINT('',(18.5,42.,5.));
#12792=CARTESIAN_POINT('',(18.5,42.,5.));
#12793=VECTOR('',#12794,1.);
#12794=DIRECTION('',(0.707106781186547,0.,-0.707106781186548));
#12795=CARTESIAN_POINT('',(20.,42.,-3.5));
#12796=CARTESIAN_POINT('',(20.,42.,-3.5));
#12797=VECTOR('',#12798,1.);
#12798=DIRECTION('',(0.,0.,1.));
#12799=CARTESIAN_POINT('',(18.5,42.,-5.));
#12800=CARTESIAN_POINT('',(20.,42.,-3.5));
#12801=VECTOR('',#12802,1.);
#12802=DIRECTION('',(-0.707106781186547,0.,-0.707106781186548));
#12803=CARTESIAN_POINT('',(11.5,42.,-5.));
#12804=CARTESIAN_POINT('',(11.5,42.,-5.));
#12805=VECTOR('',#12806,1.);
#12806=DIRECTION('',(1.,0.,-1.26882631385732E-16));
#12807=CARTESIAN_POINT('',(11.5,42.,5.));
#12808=CARTESIAN_POINT('',(11.5,42.,-5.));
#12809=VECTOR('',#12810,1.);
#12810=DIRECTION('',(0.,0.,1.));
#12811=CARTESIAN_POINT('',(11.5,42.,5.));
#12812=VECTOR('',#12813,1.);
#12813=DIRECTION('',(1.,0.,0.));
#12814=CARTESIAN_POINT('',(15.,42.,-2.5));
#12815=AXIS2_PLACEMENT_3D('',#12816,#12817,#12818);
#12816=CARTESIAN_POINT('',(15.,42.,-8.88178419700125E-16));
#12817=DIRECTION('',(0.,-1.,0.));
#12818=DIRECTION('',(0.,0.,-1.));
#12819=CARTESIAN_POINT('',(7.,70.,-5.));
#12820=CARTESIAN_POINT('',(7.,70.,5.00000000000001));
#12821=CARTESIAN_POINT('',(6.99999999999999,70.,-5.));
#12822=VECTOR('',#12823,1.);
#12823=DIRECTION('',(-4.44089209850062E-16,1.4210854715202E-15,1.));
#12824=CARTESIAN_POINT('',(18.5,70.,5.));
#12825=CARTESIAN_POINT('',(7.,70.,5.));
#12826=VECTOR('',#12827,1.);
#12827=DIRECTION('',(1.,0.,-7.72329060608805E-17));
#12828=CARTESIAN_POINT('',(20.,70.,3.5));
#12829=CARTESIAN_POINT('',(18.5,70.,5.));
#12830=VECTOR('',#12831,1.);
#12831=DIRECTION('',(0.707106781186547,6.69906115705077E-15,-0.707106781186548));
#12832=CARTESIAN_POINT('',(20.,70.,-3.5));
#12833=CARTESIAN_POINT('',(20.,70.,-3.5));
#12834=VECTOR('',#12835,1.);
#12835=DIRECTION('',(0.,0.,1.));
#12836=CARTESIAN_POINT('',(18.5,70.,-5.));
#12837=CARTESIAN_POINT('',(20.,70.,-3.5));
#12838=VECTOR('',#12839,1.);
#12839=DIRECTION('',(-0.707106781186546,0.,-0.707106781186549));
#12840=CARTESIAN_POINT('',(7.,70.,-5.));
#12841=VECTOR('',#12842,1.);
#12842=DIRECTION('',(1.,0.,-1.54465812121761E-16));
#12843=CARTESIAN_POINT('',(15.,70.,-2.5));
#12844=AXIS2_PLACEMENT_3D('',#12845,#12846,#12847);
#12845=CARTESIAN_POINT('',(15.,70.,-8.88178419700125E-16));
#12846=DIRECTION('',(2.52435489670724E-31,-1.,1.4210854715202E-15));
#12847=DIRECTION('',(0.,-1.4210854715202E-15,-1.));
#12848=CARTESIAN_POINT('',(10.,43.5,-5.));
#12849=CARTESIAN_POINT('',(10.,43.5,5.));
#12850=CARTESIAN_POINT('',(10.,43.5,-5.));
#12851=VECTOR('',#12852,1.);
#12852=DIRECTION('',(1.77635683940025E-16,0.,1.));
#12853=CARTESIAN_POINT('',(10.,60.5,-5.));
#12854=CARTESIAN_POINT('',(10.,43.5,-5.));
#12855=VECTOR('',#12856,1.);
#12856=DIRECTION('',(0.,1.,0.));
#12857=CARTESIAN_POINT('',(10.,60.5,5.));
#12858=CARTESIAN_POINT('',(10.,60.5,5.));
#12859=VECTOR('',#12860,1.);
#12860=DIRECTION('',(-3.5527136788005E-16,0.,-1.));
#12861=CARTESIAN_POINT('',(10.,60.5,5.));
#12862=VECTOR('',#12863,1.);
#12863=DIRECTION('',(0.,-1.,0.));
#12864=CARTESIAN_POINT('',(10.,54.5,-4.59242549680259E-16));
#12865=AXIS2_PLACEMENT_3D('',#12866,#12867,#12868);
#12866=CARTESIAN_POINT('',(10.,52.,-3.06161699786838E-16));
#12867=DIRECTION('',(1.,0.,-1.83697019872103E-16));
#12868=DIRECTION('',(1.12481983699639E-32,1.,6.12323399573677E-17));
#12869=CARTESIAN_POINT('',(3.,-40.,-5.00000000000001));
#12870=CARTESIAN_POINT('',(10.,-33.,-5.00000000000001));
#12871=CARTESIAN_POINT('',(9.99999999999999,-33.,-5.00000000000001));
#12872=VECTOR('',#12873,1.);
#12873=DIRECTION('',(-0.707106781186548,-0.707106781186547,1.79439138135288E-16));
#12874=CARTESIAN_POINT('',(-10.,-40.,-5.));
#12875=CARTESIAN_POINT('',(3.,-40.,-5.));
#12876=VECTOR('',#12877,1.);
#12877=DIRECTION('',(-1.,0.,1.36642833800019E-16));
#12878=CARTESIAN_POINT('',(-10.,-31.,-5.));
#12879=CARTESIAN_POINT('',(-10.,-31.,-5.));
#12880=VECTOR('',#12881,1.);
#12881=DIRECTION('',(0.,-1.,-9.86864910777917E-17));
#12882=CARTESIAN_POINT('',(-5.,-31.,-5.));
#12883=CARTESIAN_POINT('',(-5.,-31.,-5.));
#12884=VECTOR('',#12885,1.);
#12885=DIRECTION('',(-1.,0.,0.));
#12886=CARTESIAN_POINT('',(-9.18485099360515E-16,-26.,-5.));
#12887=CARTESIAN_POINT('',(-5.,-31.,-5.));
#12888=VECTOR('',#12889,1.);
#12889=DIRECTION('',(0.707106781186548,0.707106781186547,-2.51214793389404E-16));
#12890=CARTESIAN_POINT('',(-9.18485099360514E-16,26.,-5.));
#12891=CARTESIAN_POINT('',(-9.18485099360515E-16,-26.,-5.));
#12892=VECTOR('',#12893,1.);
#12893=DIRECTION('',(1.89630025293512E-32,1.,3.41607084500048E-17));
#12894=CARTESIAN_POINT('',(-5.,31.,-5.));
#12895=CARTESIAN_POINT('',(-1.95862388081478E-15,26.,-5.));
#12896=VECTOR('',#12897,1.);
#12897=DIRECTION('',(-0.707106781186547,0.707106781186548,2.51214793389404E-16));
#12898=CARTESIAN_POINT('',(-10.,31.,-5.));
#12899=CARTESIAN_POINT('',(-5.,31.,-5.));
#12900=VECTOR('',#12901,1.);
#12901=DIRECTION('',(-1.,0.,1.77635683940025E-16));
#12902=CARTESIAN_POINT('',(-10.,34.,-5.));
#12903=CARTESIAN_POINT('',(-10.,34.,-5.));
#12904=VECTOR('',#12905,1.);
#12905=DIRECTION('',(0.,-1.,0.));
#12906=CARTESIAN_POINT('',(-5.,34.,-5.));
#12907=CARTESIAN_POINT('',(-5.,34.,-5.));
#12908=VECTOR('',#12909,1.);
#12909=DIRECTION('',(-1.,0.,0.));
#12910=CARTESIAN_POINT('',(-9.18485099360514E-16,39.,-5.));
#12911=CARTESIAN_POINT('',(-5.,34.,-5.));
#12912=VECTOR('',#12913,1.);
#12913=DIRECTION('',(0.707106781186548,0.707106781186547,-1.25607396694702E-16));
#12914=CARTESIAN_POINT('',(-2.98079918544068E-15,63.,-4.99999999999999));
#12915=CARTESIAN_POINT('',(-9.18485099360514E-16,39.,-5.));
#12916=VECTOR('',#12917,1.);
#12917=DIRECTION('',(2.46519032881566E-32,1.,3.70074341541719E-17));
#12918=CARTESIAN_POINT('',(-1.29614414021944E-14,63.,-4.99999999999999));
#12919=VECTOR('',#12920,1.);
#12920=DIRECTION('',(0.707106781186548,0.707106781186547,-5.38317414405866E-16));
#12921=CARTESIAN_POINT('',(18.5,62.,-5.));
#12922=VECTOR('',#12923,1.);
#12923=DIRECTION('',(0.,1.,0.));
#12924=CARTESIAN_POINT('',(11.5,62.,-5.));
#12925=VECTOR('',#12926,1.);
#12926=DIRECTION('',(-0.707106781186552,-0.707106781186543,0.));
#12927=CARTESIAN_POINT('',(10.,43.5,-5.));
#12928=VECTOR('',#12929,1.);
#12929=DIRECTION('',(0.707106781186548,-0.707106781186548,0.));
#12930=CARTESIAN_POINT('',(18.5,34.,-5.));
#12931=VECTOR('',#12932,1.);
#12932=DIRECTION('',(0.,1.,1.11022302462516E-16));
#12933=CARTESIAN_POINT('',(10.,32.5,-5.));
#12934=CARTESIAN_POINT('',(11.5,34.,-5.));
#12935=VECTOR('',#12936,1.);
#12936=DIRECTION('',(-0.707106781186548,-0.707106781186547,0.));
#12937=CARTESIAN_POINT('',(10.,-33.,-5.));
#12938=VECTOR('',#12939,1.);
#12939=DIRECTION('',(0.,1.,2.71199517465687E-17));
#12940=CARTESIAN_POINT('',(20.,70.,3.5));
#12941=VECTOR('',#12942,1.);
#12942=DIRECTION('',(0.,-1.,-1.11022302462516E-16));
#12943=CARTESIAN_POINT('',(20.,62.,-3.5));
#12944=VECTOR('',#12945,1.);
#12945=DIRECTION('',(0.,1.,1.11022302462516E-16));
#12946=CARTESIAN_POINT('',(10.,-33.,5.));
#12947=CARTESIAN_POINT('',(3.,-40.,5.));
#12948=CARTESIAN_POINT('',(3.,-40.,5.));
#12949=VECTOR('',#12950,1.);
#12950=DIRECTION('',(0.707106781186548,0.707106781186547,0.));
#12951=CARTESIAN_POINT('',(10.,32.5,5.));
#12952=CARTESIAN_POINT('',(10.,32.5,5.));
#12953=VECTOR('',#12954,1.);
#12954=DIRECTION('',(0.,-1.,-2.71199517465687E-17));
#12955=CARTESIAN_POINT('',(10.,32.5,5.));
#12956=VECTOR('',#12957,1.);
#12957=DIRECTION('',(0.707106781186548,0.707106781186547,0.));
#12958=CARTESIAN_POINT('',(18.5,42.,5.));
#12959=VECTOR('',#12960,1.);
#12960=DIRECTION('',(0.,-1.,-1.11022302462516E-16));
#12961=CARTESIAN_POINT('',(11.5,42.,5.));
#12962=VECTOR('',#12963,1.);
#12963=DIRECTION('',(-0.707106781186548,0.707106781186547,0.));
#12964=CARTESIAN_POINT('',(10.,60.5,5.));
#12965=VECTOR('',#12966,1.);
#12966=DIRECTION('',(0.707106781186552,0.707106781186543,0.));
#12967=CARTESIAN_POINT('',(18.5,70.,5.));
#12968=VECTOR('',#12969,1.);
#12969=DIRECTION('',(0.,-1.,-1.11022302462516E-16));
#12970=CARTESIAN_POINT('',(-1.46009291305995E-15,63.,5.00000000000001));
#12971=CARTESIAN_POINT('',(6.99999999999999,70.,5.));
#12972=VECTOR('',#12973,1.);
#12973=DIRECTION('',(-0.707106781186544,-0.707106781186551,5.38317414405862E-16));
#12974=CARTESIAN_POINT('',(9.18485099360515E-16,39.,5.));
#12975=CARTESIAN_POINT('',(9.18485099360516E-16,63.,5.));
#12976=VECTOR('',#12977,1.);
#12977=DIRECTION('',(8.21730109605221E-33,-1.,-3.70074341541719E-17));
#12978=CARTESIAN_POINT('',(-5.,34.,5.));
#12979=CARTESIAN_POINT('',(1.95862388081478E-15,39.,5.));
#12980=VECTOR('',#12981,1.);
#12981=DIRECTION('',(-0.707106781186546,-0.707106781186548,-1.25607396694701E-16));
#12982=CARTESIAN_POINT('',(-10.,34.,5.));
#12983=CARTESIAN_POINT('',(-5.,34.,5.));
#12984=VECTOR('',#12985,1.);
#12985=DIRECTION('',(-1.,0.,1.77635683940025E-16));
#12986=CARTESIAN_POINT('',(-10.,31.,5.));
#12987=CARTESIAN_POINT('',(-10.,31.,5.));
#12988=VECTOR('',#12989,1.);
#12989=DIRECTION('',(0.,1.,0.));
#12990=CARTESIAN_POINT('',(-5.,31.,5.));
#12991=CARTESIAN_POINT('',(-5.,31.,5.));
#12992=VECTOR('',#12993,1.);
#12993=DIRECTION('',(-1.,0.,0.));
#12994=CARTESIAN_POINT('',(9.18485099360515E-16,26.,5.));
#12995=CARTESIAN_POINT('',(-5.,31.,5.));
#12996=VECTOR('',#12997,1.);
#12997=DIRECTION('',(0.707106781186547,-0.707106781186548,-2.51214793389404E-16));
#12998=CARTESIAN_POINT('',(9.18485099360514E-16,-26.,5.));
#12999=CARTESIAN_POINT('',(9.18485099360515E-16,26.,5.));
#13000=VECTOR('',#13001,1.);
#13001=DIRECTION('',(-1.5170402023481E-32,-1.,-3.41607084500048E-17));
#13002=CARTESIAN_POINT('',(-5.,-31.,5.));
#13003=CARTESIAN_POINT('',(7.02549913867761E-16,-26.,5.));
#13004=VECTOR('',#13005,1.);
#13005=DIRECTION('',(-0.707106781186548,-0.707106781186547,-2.51214793389404E-16));
#13006=CARTESIAN_POINT('',(-10.,-31.,5.));
#13007=CARTESIAN_POINT('',(-5.,-31.,5.));
#13008=VECTOR('',#13009,1.);
#13009=DIRECTION('',(-1.,0.,1.77635683940025E-16));
#13010=CARTESIAN_POINT('',(-10.,-40.,5.));
#13011=CARTESIAN_POINT('',(-10.,-40.,5.));
#13012=VECTOR('',#13013,1.);
#13013=DIRECTION('',(0.,1.,9.86864910777917E-17));
#13014=CARTESIAN_POINT('',(3.,-40.,5.));
#13015=VECTOR('',#13016,1.);
#13016=DIRECTION('',(-1.,0.,6.83214169000096E-17));
#13017=CARTESIAN_POINT('',(10.,-33.,5.));
#13018=VECTOR('',#13019,1.);
#13019=DIRECTION('',(-3.5527136788005E-16,0.,-1.));
#13020=CARTESIAN_POINT('',(10.,32.5,5.));
#13021=VECTOR('',#13022,1.);
#13022=DIRECTION('',(-1.77635683940025E-16,0.,-1.));
#13023=CARTESIAN_POINT('',(10.,2.5,-1.99005104861445E-15));
#13024=AXIS2_PLACEMENT_3D('',#13025,#13026,#13027);
#13025=CARTESIAN_POINT('',(10.,0.,-1.83697019872103E-15));
#13026=DIRECTION('',(1.,0.,-1.83697019872103E-16));
#13027=DIRECTION('',(1.1248198369964E-32,1.,6.12323399573677E-17));
#13028=CARTESIAN_POINT('',(20.,42.,3.5));
#13029=VECTOR('',#13030,1.);
#13030=DIRECTION('',(0.,-1.,-5.55111512312578E-17));
#13031=CARTESIAN_POINT('',(20.,34.,-3.5));
#13032=VECTOR('',#13033,1.);
#13033=DIRECTION('',(0.,1.,0.));
#13034=CARTESIAN_POINT('',(-1.15614727959318E-14,63.,-4.99999999999999));
#13035=VECTOR('',#13036,1.);
#13036=DIRECTION('',(-3.07831778929005E-16,0.,1.));
#13037=CARTESIAN_POINT('',(1.21653682093753E-16,39.,-5.));
#13038=VECTOR('',#13039,1.);
#13039=DIRECTION('',(1.83697019872103E-16,0.,1.));
#13040=CARTESIAN_POINT('',(8.43614877747295E-32,54.5,1.37772764904077E-15));
#13041=AXIS2_PLACEMENT_3D('',#13042,#13043,#13044);
#13042=CARTESIAN_POINT('',(2.81204959249098E-31,52.,1.53080849893419E-15));
#13043=DIRECTION('',(1.,0.,-1.83697019872103E-16));
#13044=DIRECTION('',(1.1248198369964E-32,1.,6.12323399573677E-17));
#13045=CARTESIAN_POINT('',(-1.13442028485327E-15,-26.,-5.));
#13046=VECTOR('',#13047,1.);
#13047=DIRECTION('',(1.83697019872103E-16,0.,1.));
#13048=CARTESIAN_POINT('',(-5.,-31.,-5.));
#13049=VECTOR('',#13050,1.);
#13050=DIRECTION('',(0.,0.,1.));
#13051=CARTESIAN_POINT('',(-1.21653682093753E-16,26.,5.));
#13052=VECTOR('',#13053,1.);
#13053=DIRECTION('',(-1.83697019872103E-16,0.,-1.));
#13054=CARTESIAN_POINT('',(-9.3734986416366E-33,2.5,-1.53080849893419E-16));
#13055=AXIS2_PLACEMENT_3D('',#13056,#13057,#13058);
#13056=CARTESIAN_POINT('',(1.25132563751062E-47,0.,6.81189949832521E-32));
#13057=DIRECTION('',(1.,0.,-1.83697019872103E-16));
#13058=DIRECTION('',(1.12481983699639E-32,1.,6.12323399573677E-17));
#13059=CARTESIAN_POINT('',(-5.,31.,5.));
#13060=VECTOR('',#13061,1.);
#13061=DIRECTION('',(-1.77635683940025E-16,0.,-1.));
#13062=CARTESIAN_POINT('',(-10.,31.,-5.));
#13063=VECTOR('',#13064,1.);
#13064=DIRECTION('',(0.,0.,1.));
#13065=CARTESIAN_POINT('',(-10.,34.,5.));
#13066=VECTOR('',#13067,1.);
#13067=DIRECTION('',(0.,0.,-1.));
#13068=CARTESIAN_POINT('',(-5.,34.,-5.));
#13069=VECTOR('',#13070,1.);
#13070=DIRECTION('',(8.88178419700125E-17,0.,1.));
#13071=CARTESIAN_POINT('',(3.,-40.,5.));
#13072=VECTOR('',#13073,1.);
#13073=DIRECTION('',(-5.32907051820074E-16,0.,-1.));
#13074=CARTESIAN_POINT('',(-10.,-40.,-5.));
#13075=VECTOR('',#13076,1.);
#13076=DIRECTION('',(0.,0.,1.));
#13077=CARTESIAN_POINT('',(-10.,-31.,5.));
#13078=VECTOR('',#13079,1.);
#13079=DIRECTION('',(0.,0.,-1.));
#13080=CARTESIAN_POINT('',(-6.18650910348016E-32,16.5,-1.01033360929657E-15));
#13081=AXIS2_PLACEMENT_3D('',#13082,#13083,#13084);
#13082=CARTESIAN_POINT('',(3.67394043297444E-316,2.E-300,2.E-300));
#13083=DIRECTION('',(1.,0.,-1.83697019872103E-16));
#13084=DIRECTION('',(1.12481983699639E-32,1.,6.12323399573677E-17));
#13085=CARTESIAN_POINT('',(-2.57175827820944E-15,-3.12284933782575E-15,-14.));
#13086=AXIS2_PLACEMENT_3D('',#13087,#13088,#13089);
#13087=CARTESIAN_POINT('',(-1.83697019872103E-15,-2.14313189850787E-15,-10.));
#13088=DIRECTION('',(1.,0.,-1.83697019872103E-16));
#13089=DIRECTION('',(-1.83697019872103E-16,-1.22464679914735E-16,-1.));
#13090=CARTESIAN_POINT('',(-7.03879826061475E-31,14.,-3.98010209722889E-15));
#13091=AXIS2_PLACEMENT_3D('',#13092,#13093,#13094);
#13092=CARTESIAN_POINT('',(-5.06168926648376E-31,10.,-2.75545529808154E-15));
#13093=DIRECTION('',(1.,0.,-1.83697019872103E-16));
#13094=DIRECTION('',(-3.37445951098918E-32,1.,-1.83697019872103E-16));
#13095=CARTESIAN_POINT('',(2.57175827820944E-15,4.83735485663204E-15,14.));
#13096=AXIS2_PLACEMENT_3D('',#13097,#13098,#13099);
#13097=CARTESIAN_POINT('',(1.83697019872103E-15,3.36777869765522E-15,10.));
#13098=DIRECTION('',(1.,0.,-1.83697019872103E-16));
#13099=DIRECTION('',(1.83697019872103E-16,2.44929359829471E-16,1.));
#13100=CARTESIAN_POINT('',(4.6741982373831E-31,-14.,2.2655965784226E-15));
#13101=AXIS2_PLACEMENT_3D('',#13102,#13103,#13104);
#13102=CARTESIAN_POINT('',(2.81204959249098E-31,-10.,1.53080849893419E-15));
#13103=DIRECTION('',(1.,0.,-1.83697019872103E-16));
#13104=DIRECTION('',(1.12481983699639E-32,-1.,6.12323399573677E-17));
#13105=CARTESIAN_POINT('',(1.,-1.34711147906208E-15,-5.));
#13106=AXIS2_PLACEMENT_3D('',#13107,#13108,#13109);
#13107=CARTESIAN_POINT('',(1.,-1.95943487863576E-15,-10.));
#13108=DIRECTION('',(1.,1.83697019872103E-16,-1.12481983699639E-32));
#13109=DIRECTION('',(1.12481983699639E-32,2.06626051949262E-48,1.));
#13110=CARTESIAN_POINT('',(1.,-2.93915231795365E-15,-14.));
#13111=AXIS2_PLACEMENT_3D('',#13112,#13113,#13114);
#13112=CARTESIAN_POINT('',(1.,-1.95943487863577E-15,-10.));
#13113=DIRECTION('',(1.,1.83697019872103E-16,-1.12481983699639E-32));
#13114=DIRECTION('',(1.12481983699639E-32,-1.22464679914735E-16,-1.));
#13115=CARTESIAN_POINT('',(1.,5.,-1.65327317884893E-15));
#13116=AXIS2_PLACEMENT_3D('',#13117,#13118,#13119);
#13117=CARTESIAN_POINT('',(1.,10.,-2.57175827820944E-15));
#13118=DIRECTION('',(1.,2.24963967399279E-32,1.83697019872103E-16));
#13119=DIRECTION('',(1.1248198369964E-32,-1.,6.12323399573677E-17));
#13120=CARTESIAN_POINT('',(1.,14.,-3.79640507735679E-15));
#13121=AXIS2_PLACEMENT_3D('',#13122,#13123,#13124);
#13122=CARTESIAN_POINT('',(1.,10.,-2.57175827820944E-15));
#13123=DIRECTION('',(1.,2.24963967399279E-32,1.83697019872103E-16));
#13124=DIRECTION('',(1.12481983699639E-32,1.,-1.83697019872103E-16));
#13125=CARTESIAN_POINT('',(1.,1.95943487863577E-15,5.));
#13126=AXIS2_PLACEMENT_3D('',#13127,#13128,#13129);
#13127=CARTESIAN_POINT('',(1.,3.18408167778312E-15,10.));
#13128=DIRECTION('',(1.,-1.83697019872103E-16,3.37445951098918E-32));
#13129=DIRECTION('',(1.1248198369964E-32,-1.22464679914735E-16,-1.));
#13130=CARTESIAN_POINT('',(1.,4.65365783675994E-15,14.));
#13131=AXIS2_PLACEMENT_3D('',#13132,#13133,#13134);
#13132=CARTESIAN_POINT('',(1.,3.18408167778312E-15,10.));
#13133=DIRECTION('',(1.,-1.83697019872103E-16,3.37445951098918E-32));
#13134=DIRECTION('',(1.1248198369964E-32,2.44929359829471E-16,1.));
#13135=CARTESIAN_POINT('',(1.,17.5,-1.25526296912604E-15));
#13136=AXIS2_PLACEMENT_3D('',#13137,#13138,#13139);
#13137=CARTESIAN_POINT('',(1.,2.E-300,-1.83697019872103E-16));
#13138=DIRECTION('',(1.,0.,-1.83697019872103E-16));
#13139=DIRECTION('',(1.12481983699639E-32,1.,6.12323399573677E-17));
#13140=CARTESIAN_POINT('',(1.,-14.,2.0818995585505E-15));
#13141=AXIS2_PLACEMENT_3D('',#13142,#13143,#13144);
#13142=CARTESIAN_POINT('',(1.,-10.,1.34711147906209E-15));
#13143=DIRECTION('',(1.,0.,-1.83697019872103E-16));
#13144=DIRECTION('',(1.12481983699639E-32,-1.,6.12323399573677E-17));
#13145=CARTESIAN_POINT('',(4.5,-5.81788147466849E-16,-5.));
#13146=AXIS2_PLACEMENT_3D('',#13147,#13148,#13149);
#13147=CARTESIAN_POINT('',(4.5,-1.95943487863576E-15,-10.));
#13148=DIRECTION('',(1.,0.,-1.83697019872103E-16));
#13149=DIRECTION('',(1.83697019872103E-16,1.77541418727622E-16,1.));
#13150=CARTESIAN_POINT('',(4.5,5.,-7.65566085210816E-16));
#13151=AXIS2_PLACEMENT_3D('',#13152,#13153,#13154);
#13152=CARTESIAN_POINT('',(4.5,10.,-3.2146978477618E-15));
#13153=DIRECTION('',(1.,0.,-1.83697019872103E-16));
#13154=DIRECTION('',(7.64758574182227E-32,-1.,4.16315177412612E-16));
#13155=CARTESIAN_POINT('',(4.5,1.48488424396617E-15,5.));
#13156=AXIS2_PLACEMENT_3D('',#13157,#13158,#13159);
#13157=CARTESIAN_POINT('',(4.5,3.18408167778312E-15,10.));
#13158=DIRECTION('',(1.,0.,-1.83697019872103E-16));
#13159=DIRECTION('',(-1.83697019872103E-16,-1.83697019872103E-16,-1.));
#13160=CARTESIAN_POINT('',(4.,17.5,-7.34788079488411E-16));
#13161=AXIS2_PLACEMENT_3D('',#13162,#13163,#13164);
#13162=CARTESIAN_POINT('',(4.,2.E-300,-7.34788079488411E-16));
#13163=DIRECTION('',(1.,0.,-1.83697019872103E-16));
#13164=DIRECTION('',(3.37445951098918E-32,1.,1.83697019872103E-16));
#13165=CARTESIAN_POINT('',(1.,-5.,1.04094977927525E-15));
#13166=AXIS2_PLACEMENT_3D('',#13167,#13168,#13169);
#13167=CARTESIAN_POINT('',(1.,-10.,1.34711147906209E-15));
#13168=DIRECTION('',(1.,0.,-1.83697019872103E-16));
#13169=DIRECTION('',(1.1248198369964E-32,1.,6.12323399573677E-17));
#13170=CARTESIAN_POINT('',(5.,16.5,-5.81707229594992E-16));
#13171=AXIS2_PLACEMENT_3D('',#13172,#13173,#13174);
#13172=CARTESIAN_POINT('',(5.,-1.09476442525376E-47,-9.18485099360515E-16));
#13173=DIRECTION('',(1.,0.,-1.83697019872103E-16));
#13174=DIRECTION('',(1.12481983699639E-32,1.,6.12323399573677E-17));
#13175=CARTESIAN_POINT('',(5.,4.,-8.36841979417357E-16));
#13176=AXIS2_PLACEMENT_3D('',#13177,#13178,#13179);
#13177=CARTESIAN_POINT('',(5.,0.,-9.18485099360515E-16));
#13178=DIRECTION('',(1.,0.,-1.83697019872103E-16));
#13179=DIRECTION('',(1.12481983699639E-32,1.,6.12323399573677E-17));
#13180=CARTESIAN_POINT('',(5.,4.5,-1.80078793006944E-16));
#13181=AXIS2_PLACEMENT_3D('',#13182,#13183,#13184);
#13182=CARTESIAN_POINT('',(5.,10.,-3.30654635769785E-15));
#13183=DIRECTION('',(1.,0.,-1.83697019872103E-16));
#13184=DIRECTION('',(9.28260627767774E-32,-1.,5.0532154980743E-16));
#13185=CARTESIAN_POINT('',(5.,-4.5,2.75545529808155E-16));
#13186=AXIS2_PLACEMENT_3D('',#13187,#13188,#13189);
#13187=CARTESIAN_POINT('',(5.,-10.,6.12323399573677E-16));
#13188=DIRECTION('',(1.,0.,-1.83697019872103E-16));
#13189=DIRECTION('',(1.12481983699639E-32,1.,6.12323399573677E-17));
#13190=CARTESIAN_POINT('',(5.,-2.27812161407546E-16,-4.5));
#13191=AXIS2_PLACEMENT_3D('',#13192,#13193,#13194);
#13192=CARTESIAN_POINT('',(5.,-1.95943487863576E-15,-10.));
#13193=DIRECTION('',(1.,0.,-1.83697019872103E-16));
#13194=DIRECTION('',(1.83697019872103E-16,2.22044604925031E-16,1.));
#13195=CARTESIAN_POINT('',(5.,1.61245161887735E-15,4.5));
#13196=AXIS2_PLACEMENT_3D('',#13197,#13198,#13199);
#13197=CARTESIAN_POINT('',(5.,3.18408167778312E-15,10.));
#13198=DIRECTION('',(1.,0.,-1.83697019872103E-16));
#13199=DIRECTION('',(-1.83697019872103E-16,-1.22464679914735E-16,-1.));
#13200=CARTESIAN_POINT('',(4.5,-5.,3.98010209722891E-16));
#13201=AXIS2_PLACEMENT_3D('',#13202,#13203,#13204);
#13202=CARTESIAN_POINT('',(4.5,-10.,7.04171909509728E-16));
#13203=DIRECTION('',(1.,0.,-1.83697019872103E-16));
#13204=DIRECTION('',(1.12481983699639E-32,1.,6.12323399573677E-17));
#13205=CARTESIAN_POINT('',(20.,2.5,-3.82702124733548E-15));
#13206=AXIS2_PLACEMENT_3D('',#13207,#13208,#13209);
#13207=CARTESIAN_POINT('',(20.,0.,-3.67394039744206E-15));
#13208=DIRECTION('',(1.,0.,-1.83697019872103E-16));
#13209=DIRECTION('',(1.1248198369964E-32,1.,6.12323399573677E-17));
#13210=CARTESIAN_POINT('',(6.5,2.5,-1.19403062916867E-15));
#13211=AXIS2_PLACEMENT_3D('',#13212,#13213,#13214);
#13212=CARTESIAN_POINT('',(6.5,1.E-300,-1.19403062916867E-15));
#13213=DIRECTION('',(1.,0.,-1.83697019872103E-16));
#13214=DIRECTION('',(1.1248198369964E-32,1.,6.12323399573677E-17));
#13215=CARTESIAN_POINT('',(-3.,4.8985871965894E-16,2.));
#13216=AXIS2_PLACEMENT_3D('',#13217,#13218,#13219);
#13217=CARTESIAN_POINT('',(-1.E-300,-1.E-300,2.));
#13218=DIRECTION('',(0.,0.,1.));
#13219=DIRECTION('',(-1.,1.22464679914735E-16,0.));
#13220=CARTESIAN_POINT('',(-5.,8.16431199431567E-16,-2.96059473233375E-16));
#13221=AXIS2_PLACEMENT_3D('',#13222,#13223,#13224);
#13222=CARTESIAN_POINT('',(-1.E-300,-1.E-300,0.));
#13223=DIRECTION('',(0.,0.,1.));
#13224=DIRECTION('',(-1.,1.22464679914735E-16,0.));
#13225=CARTESIAN_POINT('',(-5.,8.16431199431567E-16,-2.96059473233375E-16));
#13226=AXIS2_PLACEMENT_3D('',#13227,#13228,#13229);
#13227=CARTESIAN_POINT('',(-1.E-300,-1.E-300,0.));
#13228=DIRECTION('',(0.,0.,1.));
#13229=DIRECTION('',(-1.,1.22464679914735E-16,0.));
#13230=CARTESIAN_POINT('',(1.53080849893419E-16,-2.5,0.));
#13231=AXIS2_PLACEMENT_3D('',#13232,#13233,#13234);
#13232=CARTESIAN_POINT('',(-1.E-300,-1.E-300,0.));
#13233=DIRECTION('',(0.,0.,-1.));
#13234=DIRECTION('',(-6.12323399573677E-17,-1.,0.));
#13235=CARTESIAN_POINT('',(1.53080849893419E-16,-2.5,-17.));
#13236=AXIS2_PLACEMENT_3D('',#13237,#13238,#13239);
#13237=CARTESIAN_POINT('',(-1.E-300,-1.E-300,-17.));
#13238=DIRECTION('',(0.,0.,-1.));
#13239=DIRECTION('',(-6.12323399573677E-17,-1.,0.));
#13240=CARTESIAN_POINT('',(-3.,4.8985871965894E-16,2.));
#13241=AXIS2_PLACEMENT_3D('',#13242,#13243,#13244);
#13242=CARTESIAN_POINT('',(-1.E-300,-1.E-300,2.));
#13243=DIRECTION('',(0.,0.,1.));
#13244=DIRECTION('',(-1.,1.22464679914735E-16,0.));
#13245=CARTESIAN_POINT('',(-1.53080849893419E-16,-2.5,2.));
#13246=AXIS2_PLACEMENT_3D('',#13247,#13248,#13249);
#13247=CARTESIAN_POINT('',(1.E-300,-1.E-300,2.));
#13248=DIRECTION('',(0.,0.,1.));
#13249=DIRECTION('',(6.12323399573676E-17,-1.,0.));
#13250=CARTESIAN_POINT('',(-1.53080849893419E-16,-2.5,23.));
#13251=AXIS2_PLACEMENT_3D('',#13252,#13253,#13254);
#13252=CARTESIAN_POINT('',(1.E-300,-1.E-300,23.));
#13253=DIRECTION('',(0.,0.,1.));
#13254=DIRECTION('',(6.12323399573677E-17,-1.,0.));
#13255=CARTESIAN_POINT('',(2.5,1.75,-5.66399144605651E-16));
#13256=AXIS2_PLACEMENT_3D('',#13257,#13258,#13259);
#13257=CARTESIAN_POINT('',(2.5,0.,-4.59242549680257E-16));
#13258=DIRECTION('',(1.,0.,-1.83697019872103E-16));
#13259=DIRECTION('',(1.12481983699639E-32,1.,6.12323399573677E-17));
#13260=CARTESIAN_POINT('',(0.5,1.73205080759147,0.249999999843469));
#13261=CARTESIAN_POINT('',(-2.5,1.73205080759147,0.249999999843469));
#13262=CARTESIAN_POINT('',(-2.5,1.73205080759147,0.249999999843469));
#13263=VECTOR('',#13264,1.);
#13264=DIRECTION('',(1.,0.,-1.94289029309402E-16));
#13265=CARTESIAN_POINT('',(-2.5,1.75,5.66399144605651E-16));
#13266=AXIS2_PLACEMENT_3D('',#13267,#13268,#13269);
#13267=CARTESIAN_POINT('',(-2.5,0.,4.59242549680257E-16));
#13268=DIRECTION('',(1.,-1.3684555315672E-48,-1.83697019872103E-16));
#13269=DIRECTION('',(1.12481983699639E-32,1.,6.12323399573677E-17));
#13270=CARTESIAN_POINT('',(-2.5,1.73205080759147,-0.249999999843468));
#13271=AXIS2_PLACEMENT_3D('',#13272,#13273,#13274);
#13272=CARTESIAN_POINT('',(-2.5,0.,4.59242549680257E-16));
#13273=DIRECTION('',(1.,0.,-1.83697019872103E-16));
#13274=DIRECTION('',(-2.62424313938695E-17,0.989743318623697,-0.142857142767697));
#13275=CARTESIAN_POINT('',(0.5,1.73205080759147,-0.249999999843469));
#13276=CARTESIAN_POINT('',(-2.5,1.73205080759147,-0.249999999843468));
#13277=VECTOR('',#13278,1.);
#13278=DIRECTION('',(1.,0.,-1.94289029309402E-16));
#13279=CARTESIAN_POINT('',(0.5,1.0825317545534,-1.37500000013947));
#13280=AXIS2_PLACEMENT_3D('',#13281,#13282,#13283);
#13281=CARTESIAN_POINT('',(0.5,0.,-9.18485099360515E-17));
#13282=DIRECTION('',(1.,-1.23259516440783E-32,-1.83697019872103E-16));
#13283=DIRECTION('',(-1.44333372771292E-16,0.618589574030515,-0.785714285793981));
#13284=CARTESIAN_POINT('',(-2.5,1.0825317545534,-1.37500000013947));
#13285=CARTESIAN_POINT('',(-2.5,1.0825317545534,-1.37500000013947));
#13286=VECTOR('',#13287,1.);
#13287=DIRECTION('',(1.,0.,-2.22044604925031E-16));
#13288=CARTESIAN_POINT('',(-2.5,0.649519052922685,-1.62499999996628));
#13289=AXIS2_PLACEMENT_3D('',#13290,#13291,#13292);
#13290=CARTESIAN_POINT('',(-2.5,0.,4.59242549680257E-16));
#13291=DIRECTION('',(1.,0.,-1.83697019872103E-16));
#13292=DIRECTION('',(-1.70575804163414E-16,0.371153744527248,-0.928571428552162));
#13293=CARTESIAN_POINT('',(0.5,0.649519052922687,-1.62499999996628));
#13294=CARTESIAN_POINT('',(-2.5,0.649519052922688,-1.62499999996628));
#13295=VECTOR('',#13296,1.);
#13296=DIRECTION('',(1.,0.,-1.48029736616687E-16));
#13297=CARTESIAN_POINT('',(0.5,-0.649519052798135,-1.62500000001607));
#13298=AXIS2_PLACEMENT_3D('',#13299,#13300,#13301);
#13299=CARTESIAN_POINT('',(0.5,0.,-9.18485099360515E-17));
#13300=DIRECTION('',(1.,0.,-1.83697019872103E-16));
#13301=DIRECTION('',(-1.70575804168639E-16,-0.371153744456077,-0.928571428580609));
#13302=CARTESIAN_POINT('',(-2.5,-0.649519052798134,-1.62500000001607));
#13303=CARTESIAN_POINT('',(-2.5,-0.649519052793291,-1.62500000000768));
#13304=VECTOR('',#13305,1.);
#13305=DIRECTION('',(1.,0.,-1.48029736616687E-16));
#13306=CARTESIAN_POINT('',(-2.5,-1.08253175487108,-1.37499999988936));
#13307=AXIS2_PLACEMENT_3D('',#13308,#13309,#13310);
#13308=CARTESIAN_POINT('',(-2.5,0.,4.59242549680257E-16));
#13309=DIRECTION('',(1.,0.,-1.83697019872103E-16));
#13310=DIRECTION('',(-1.44333372745039E-16,-0.618589574212044,-0.785714285651064));
#13311=CARTESIAN_POINT('',(0.5,-1.08253175487108,-1.37499999988936));
#13312=CARTESIAN_POINT('',(-2.5,-1.08253175486624,-1.37499999988097));
#13313=VECTOR('',#13314,1.);
#13314=DIRECTION('',(1.,0.,-1.48029736616687E-16));
#13315=CARTESIAN_POINT('',(0.5,-1.73205080756269,-0.250000000042842));
#13316=AXIS2_PLACEMENT_3D('',#13317,#13318,#13319);
#13317=CARTESIAN_POINT('',(0.5,0.,-9.18485099360515E-17));
#13318=DIRECTION('',(1.,3.08148791101958E-33,-1.83697019872103E-16));
#13319=DIRECTION('',(-2.62424314147974E-17,-0.989743318607254,-0.142857142881623));
#13320=CARTESIAN_POINT('',(-2.5,-1.73205080756269,-0.250000000042842));
#13321=CARTESIAN_POINT('',(-2.5,-1.73205080756269,-0.250000000042841));
#13322=VECTOR('',#13323,1.);
#13323=DIRECTION('',(1.,0.,-1.85037170770859E-16));
#13324=CARTESIAN_POINT('',(-2.5,-1.73205080754333,0.250000000177018));
#13325=AXIS2_PLACEMENT_3D('',#13326,#13327,#13328);
#13326=CARTESIAN_POINT('',(-2.5,0.,4.59242549680257E-16));
#13327=DIRECTION('',(1.,-6.16297582203915E-33,-1.83697019872103E-16));
#13328=DIRECTION('',(2.6242431428882E-17,-0.989743318596187,0.142857142958296));
#13329=CARTESIAN_POINT('',(0.5,-1.73205080754333,0.250000000177018));
#13330=CARTESIAN_POINT('',(-2.5,-1.73205080754333,0.250000000177018));
#13331=VECTOR('',#13332,1.);
#13332=DIRECTION('',(1.,0.,-1.85037170770859E-16));
#13333=CARTESIAN_POINT('',(0.5,-1.08253175439064,1.37500000026761));
#13334=AXIS2_PLACEMENT_3D('',#13335,#13336,#13337);
#13335=CARTESIAN_POINT('',(0.5,0.,-9.18485099360515E-17));
#13336=DIRECTION('',(1.,1.23259516440783E-32,-1.83697019872103E-16));
#13337=DIRECTION('',(1.44333372784744E-16,-0.618589573937506,0.785714285867207));
#13338=CARTESIAN_POINT('',(-2.5,-1.08253175439064,1.37500000026761));
#13339=CARTESIAN_POINT('',(-2.5,-1.08253175439064,1.37500000026761));
#13340=VECTOR('',#13341,1.);
#13341=DIRECTION('',(1.,0.,-1.48029736616688E-16));
#13342=CARTESIAN_POINT('',(-2.5,-0.649519053240927,1.62499999983908));
#13343=AXIS2_PLACEMENT_3D('',#13344,#13345,#13346);
#13344=CARTESIAN_POINT('',(-2.5,0.,4.59242549680257E-16));
#13345=DIRECTION('',(1.,0.,-1.83697019872103E-16));
#13346=DIRECTION('',(1.70575804150061E-16,-0.371153744709101,0.928571428479474));
#13347=CARTESIAN_POINT('',(0.5,-0.649519053240926,1.62499999983908));
#13348=CARTESIAN_POINT('',(-2.5,-0.649519053240927,1.62499999983908));
#13349=VECTOR('',#13350,1.);
#13350=DIRECTION('',(1.,-7.40148683083438E-17,-2.22044604925031E-16));
#13351=CARTESIAN_POINT('',(0.5,0.649519053366367,1.62499999978894));
#13352=AXIS2_PLACEMENT_3D('',#13353,#13354,#13355);
#13353=CARTESIAN_POINT('',(0.5,0.,-9.18485099360515E-17));
#13354=DIRECTION('',(1.,0.,-1.83697019872103E-16));
#13355=DIRECTION('',(1.70575804144798E-16,0.371153744780781,0.928571428450823));
#13356=CARTESIAN_POINT('',(-2.5,0.649519053366365,1.62499999978894));
#13357=CARTESIAN_POINT('',(-2.5,0.649519053356718,1.62499999977223));
#13358=VECTOR('',#13359,1.);
#13359=DIRECTION('',(1.,0.,-1.48029736616687E-16));
#13360=CARTESIAN_POINT('',(-2.5,1.08253175449678,1.37500000018405));
#13361=AXIS2_PLACEMENT_3D('',#13362,#13363,#13364);
#13362=CARTESIAN_POINT('',(-2.5,0.,4.59242549680257E-16));
#13363=DIRECTION('',(1.,0.,-1.83697019872103E-16));
#13364=DIRECTION('',(1.44333372775972E-16,0.61858957399816,0.785714285819454));
#13365=CARTESIAN_POINT('',(0.5,1.08253175449678,1.37500000018405));
#13366=CARTESIAN_POINT('',(-2.5,1.08253175448713,1.37500000016733));
#13367=VECTOR('',#13368,1.);
#13368=DIRECTION('',(1.,7.40148683083437E-17,-2.22044604925031E-16));
#13369=AXIS2_PLACEMENT_3D('',#13370,#13371,#13372);
#13370=CARTESIAN_POINT('',(0.5,0.,-9.18485099360515E-17));
#13371=DIRECTION('',(1.,3.08148791101958E-33,-1.83697019872103E-16));
#13372=DIRECTION('',(2.62424313938693E-17,0.989743318623698,0.142857142767696));
#13373=CARTESIAN_POINT('',(-2.5,-2.30488611432322,-0.968245836551854));
#13374=CARTESIAN_POINT('',(-2.5,2.5,6.12323399573677E-16));
#13375=AXIS2_PLACEMENT_3D('',#13376,#13377,#13378);
#13376=CARTESIAN_POINT('',(-2.5,0.,4.59242549680257E-16));
#13377=DIRECTION('',(1.,0.,-1.83697019872103E-16));
#13378=DIRECTION('',(-7.11455498712588E-17,-0.921954445729289,-0.387298334620741));
#13379=AXIS2_PLACEMENT_3D('',#13380,#13381,#13382);
#13380=CARTESIAN_POINT('',(-2.5,0.,4.59242549680257E-16));
#13381=DIRECTION('',(1.,0.,-1.83697019872103E-16));
#13382=DIRECTION('',(1.1248198369964E-32,1.,6.12323399573677E-17));
#13383=CARTESIAN_POINT('',(-2.5,-3.87338845388925E-11,-2.00000000000404));
#13384=CARTESIAN_POINT('',(-2.5,-3.87336752651874E-11,-2.00000000000404));
#13385=VECTOR('',#13386,1.);
#13386=DIRECTION('',(0.,0.86602540380367,0.499999999966691));
#13387=CARTESIAN_POINT('',(-2.5,1.73205080759147,-1.00000000005746));
#13388=CARTESIAN_POINT('',(-2.5,1.0825317545534,-1.37500000013947));
#13389=VECTOR('',#13390,1.);
#13390=DIRECTION('',(5.9211894629781E-16,0.86602540380367,0.499999999966691));
#13391=CARTESIAN_POINT('',(-2.5,1.73205080759147,-1.00000000005746));
#13392=VECTOR('',#13393,1.);
#13393=DIRECTION('',(0.,-2.96059473148903E-16,1.));
#13394=CARTESIAN_POINT('',(-2.5,1.73205080759147,0.999999999968947));
#13395=CARTESIAN_POINT('',(-2.5,1.73205080759147,0.249999999843469));
#13396=VECTOR('',#13397,1.);
#13397=DIRECTION('',(0.,2.96059473183843E-16,1.));
#13398=CARTESIAN_POINT('',(-2.5,1.73205080758182,0.999999999952232));
#13399=VECTOR('',#13400,1.);
#13400=DIRECTION('',(5.9211894620656E-16,-0.866025403745705,0.500000000067089));
#13401=CARTESIAN_POINT('',(-2.5,7.71944148760592E-11,2.00000000011632));
#13402=CARTESIAN_POINT('',(-2.5,0.649519053356715,1.62499999977223));
#13403=VECTOR('',#13404,1.);
#13404=DIRECTION('',(0.,-0.866025403745705,0.500000000067088));
#13405=CARTESIAN_POINT('',(-2.5,7.71936949533327E-11,2.00000000011632));
#13406=VECTOR('',#13407,1.);
#13407=DIRECTION('',(0.,-0.866025403784303,-0.500000000000235));
#13408=CARTESIAN_POINT('',(-2.5,-1.73205080751428,1.00000000010265));
#13409=CARTESIAN_POINT('',(-2.5,-1.08253175439064,1.37500000026761));
#13410=VECTOR('',#13411,1.);
#13411=DIRECTION('',(0.,-0.866025403784303,-0.500000000000235));
#13412=CARTESIAN_POINT('',(-2.5,-1.73205080751428,1.00000000010265));
#13413=VECTOR('',#13414,1.);
#13414=DIRECTION('',(0.,-3.87334608869631E-11,-1.));
#13415=CARTESIAN_POINT('',(-2.5,-1.73205080759174,-0.999999999923751));
#13416=CARTESIAN_POINT('',(-2.5,-1.73205080756269,-0.250000000042842));
#13417=VECTOR('',#13418,1.);
#13418=DIRECTION('',(0.,-3.87334608892729E-11,-1.));
#13419=CARTESIAN_POINT('',(-2.5,-1.7320508075869,-0.999999999915365));
#13420=VECTOR('',#13421,1.);
#13421=DIRECTION('',(0.,0.866025403765072,-0.500000000033544));
#13422=CARTESIAN_POINT('',(-2.5,-0.649519052793291,-1.62500000000768));
#13423=VECTOR('',#13424,1.);
#13424=DIRECTION('',(0.,0.866025403765072,-0.500000000033544));
#13425=CARTESIAN_POINT('',(0.5,1.73205080759147,0.999999999968946));
#13426=CARTESIAN_POINT('',(0.5,1.08253175448713,1.37500000016733));
#13427=VECTOR('',#13428,1.);
#13428=DIRECTION('',(0.,0.866025403745705,-0.500000000067088));
#13429=CARTESIAN_POINT('',(0.5,1.73205080759147,0.999999999968946));
#13430=VECTOR('',#13431,1.);
#13431=DIRECTION('',(-2.96059473183844E-16,0.,-1.));
#13432=CARTESIAN_POINT('',(0.5,7.71944148760592E-11,2.00000000011632));
#13433=CARTESIAN_POINT('',(0.5,-0.649519053240926,1.62499999983908));
#13434=VECTOR('',#13435,1.);
#13435=DIRECTION('',(0.,0.866025403784303,0.500000000000235));
#13436=CARTESIAN_POINT('',(0.5,6.75451031250158E-11,2.00000000009961));
#13437=VECTOR('',#13438,1.);
#13438=DIRECTION('',(0.,0.866025403745705,-0.500000000067088));
#13439=CARTESIAN_POINT('',(0.5,-1.73205080751428,1.00000000010265));
#13440=CARTESIAN_POINT('',(0.5,-1.73205080754333,0.250000000177018));
#13441=VECTOR('',#13442,1.);
#13442=DIRECTION('',(2.96059473262732E-16,3.87334608869632E-11,1.));
#13443=CARTESIAN_POINT('',(0.5,-1.73205080751428,1.00000000010265));
#13444=VECTOR('',#13445,1.);
#13445=DIRECTION('',(0.,0.866025403784303,0.500000000000235));
#13446=CARTESIAN_POINT('',(0.5,-1.73205080759174,-0.999999999923751));
#13447=CARTESIAN_POINT('',(0.5,-1.08253175486624,-1.37499999988097));
#13448=VECTOR('',#13449,1.);
#13449=DIRECTION('',(0.,-0.866025403765072,0.500000000033544));
#13450=CARTESIAN_POINT('',(0.5,-1.73205080759174,-0.999999999923751));
#13451=VECTOR('',#13452,1.);
#13452=DIRECTION('',(1.48029736640193E-16,3.87331648297996E-11,1.));
#13453=CARTESIAN_POINT('',(0.5,-3.87338845388925E-11,-2.00000000000404));
#13454=CARTESIAN_POINT('',(0.5,0.649519052922688,-1.62499999996628));
#13455=VECTOR('',#13456,1.);
#13456=DIRECTION('',(-1.48029736591921E-16,-0.86602540380367,-0.499999999966691));
#13457=CARTESIAN_POINT('',(0.5,-3.3892137068854E-11,-1.99999999999565));
#13458=VECTOR('',#13459,1.);
#13459=DIRECTION('',(1.48029736631366E-16,-0.866025403765072,0.500000000033544));
#13460=CARTESIAN_POINT('',(0.5,1.73205080759147,-1.00000000005746));
#13461=CARTESIAN_POINT('',(0.5,1.73205080759147,-0.249999999843469));
#13462=VECTOR('',#13463,1.);
#13463=DIRECTION('',(-2.22044604861677E-16,2.96059473148903E-16,-1.));
#13464=CARTESIAN_POINT('',(0.5,1.73205080759147,-1.00000000005746));
#13465=VECTOR('',#13466,1.);
#13466=DIRECTION('',(-1.48029736574452E-16,-0.86602540380367,-0.499999999966691));
#13467=CARTESIAN_POINT('',(0.5,1.73205080759147,-1.00000000005746));
#13468=VECTOR('',#13469,1.);
#13469=DIRECTION('',(-1.,7.40148683083437E-17,2.22044604925031E-16));
#13470=CARTESIAN_POINT('',(0.5,1.73205080758182,0.999999999952232));
#13471=VECTOR('',#13472,1.);
#13472=DIRECTION('',(-1.,0.,1.48029736616687E-16));
#13473=CARTESIAN_POINT('',(0.5,6.75444660711724E-11,2.00000000009961));
#13474=VECTOR('',#13475,1.);
#13475=DIRECTION('',(-1.,-1.60246890456166E-17,0.));
#13476=CARTESIAN_POINT('',(0.5,-1.73205080751428,1.00000000010265));
#13477=VECTOR('',#13478,1.);
#13478=DIRECTION('',(-1.,0.,2.22044604925031E-16));
#13479=CARTESIAN_POINT('',(0.5,-1.7320508075869,-0.999999999915365));
#13480=VECTOR('',#13481,1.);
#13481=DIRECTION('',(-1.,0.,7.40148683083437E-17));
#13482=CARTESIAN_POINT('',(0.5,-3.38920065149352E-11,-1.99999999999565));
#13483=VECTOR('',#13484,1.);
#13484=DIRECTION('',(-1.,1.10666330085274E-17,7.40148683083437E-17));
#13485=CARTESIAN_POINT('',(2.5,2.5,-3.06161699786838E-16));
#13486=CARTESIAN_POINT('',(2.5,-2.30488611432322,-0.968245836551855));
#13487=AXIS2_PLACEMENT_3D('',#13488,#13489,#13490);
#13488=CARTESIAN_POINT('',(2.5,0.,-4.59242549680257E-16));
#13489=DIRECTION('',(1.,0.,-1.83697019872103E-16));
#13490=DIRECTION('',(1.12481983699639E-32,1.,6.12323399573677E-17));
#13491=AXIS2_PLACEMENT_3D('',#13492,#13493,#13494);
#13492=CARTESIAN_POINT('',(2.5,0.,-4.59242549680257E-16));
#13493=DIRECTION('',(1.,0.,-1.83697019872103E-16));
#13494=DIRECTION('',(-7.11455498712588E-17,-0.921954445729289,-0.387298334620741));
#13495=CARTESIAN_POINT('',(1.16941688124015,0.671164609606622,-2.40822301019062));
#13496=CARTESIAN_POINT('',(1.75467775692163,0.671164615787431,-2.40822301375912));
#13497=CARTESIAN_POINT('',(1.16941688124015,0.67116460960662,-2.40822301019062));
#13498=VECTOR('',#13499,1.);
#13499=DIRECTION('',(1.,-1.89697119824114E-16,7.58788479296456E-16));
#13500=CARTESIAN_POINT('',(-1.62658708593061,-2.30506781485643,-0.968089802172186));
#13501=CARTESIAN_POINT('',(-1.62610475000895,-2.30524951538963,-0.967933767792539));
#13502=CARTESIAN_POINT('',(-1.57963154357092,-2.26497472502056,-1.06380694542429));
#13503=CARTESIAN_POINT('',(-1.48788561756585,-2.17791868426305,-1.23706346426103));
#13504=CARTESIAN_POINT('',(-1.34478560859201,-2.02914330530555,-1.46833742034721));
#13505=CARTESIAN_POINT('',(-1.20747332467993,-1.87509996860647,-1.65901814007345));
#13506=CARTESIAN_POINT('',(-1.07332307317334,-1.71624055262823,-1.82210574410892));
#13507=CARTESIAN_POINT('',(-0.942444464433825,-1.55367539019175,-1.96242340873704));
#13508=CARTESIAN_POINT('',(-0.804546122880111,-1.37604022746005,-2.09094785691263));
#13509=CARTESIAN_POINT('',(-0.658349714372359,-1.18293146298952,-2.20640408210499));
#13510=CARTESIAN_POINT('',(-0.498520695775082,-0.969379970783974,-2.30873340875933));
#13511=CARTESIAN_POINT('',(-0.331901442858472,-0.748884032216744,-2.38934050072781));
#13512=CARTESIAN_POINT('',(-0.165972959501091,-0.536937717689288,-2.44480322439888));
#13513=CARTESIAN_POINT('',(-0.0187199055711478,-0.358805914306211,-2.47584058615613));
#13514=CARTESIAN_POINT('',(0.10700325032144,-0.215455598263563,-2.49137152479796));
#13515=CARTESIAN_POINT('',(0.210442097409276,-0.102522331876066,-2.49757383139164));
#13516=CARTESIAN_POINT('',(0.30150911619685,-0.00735490655231592,-2.49941419002748));
#13517=CARTESIAN_POINT('',(0.383593619429926,0.0752633888562859,-2.49824053285517));
#13518=CARTESIAN_POINT('',(0.459935066906301,0.149405795679391,-2.49468915182383));
#13519=CARTESIAN_POINT('',(0.533729589510288,0.218011631938884,-2.4901964165564));
#13520=CARTESIAN_POINT('',(0.604945687048368,0.281600483751419,-2.48427091591407));
#13521=CARTESIAN_POINT('',(0.675912043388339,0.342319711950625,-2.47681221144557));
#13522=CARTESIAN_POINT('',(0.748333431268355,0.400929476509603,-2.46841376860889));
#13523=CARTESIAN_POINT('',(0.824892339831697,0.4587677038377,-2.45923970558043));
#13524=CARTESIAN_POINT('',(0.908609570288606,0.517584616851135,-2.44754529036278));
#13525=CARTESIAN_POINT('',(0.99694350356839,0.574352970974065,-2.43427345701191));
#13526=CARTESIAN_POINT('',(1.08516123719293,0.625988222290441,-2.42099044927352));
#13527=CARTESIAN_POINT('',(1.14231298677744,0.656958250217618,-2.4121812050889));
#13528=CARTESIAN_POINT('',(1.16941812348167,0.671162131814257,-2.40822262541984));
#13529=CARTESIAN_POINT('',(-1.76846052599788,-2.41779815292315,-0.635808217296673));
#13530=CARTESIAN_POINT('',(-1.76846052658394,-2.41779815273211,-0.635808214639958));
#13531=CARTESIAN_POINT('',(-1.75795288140056,-2.41024748529725,-0.66452125949226));
#13532=CARTESIAN_POINT('',(-1.73755224816031,-2.3953985719683,-0.717684174043329));
#13533=CARTESIAN_POINT('',(-1.70829958562747,-2.37298569385177,-0.788170898573207));
#13534=CARTESIAN_POINT('',(-1.68370095051607,-2.35336118255077,-0.844360648911307));
#13535=CARTESIAN_POINT('',(-1.66381085154938,-2.33703337485202,-0.888173746174801));
#13536=CARTESIAN_POINT('',(-1.64777932995311,-2.32372209437987,-0.922612542817684));
#13537=CARTESIAN_POINT('',(-1.63542557474623,-2.31351201598925,-0.948746725929591));
#13538=CARTESIAN_POINT('',(-1.62879977466712,-2.30758508810919,-0.962373992653747));
#13539=CARTESIAN_POINT('',(-1.62610475000895,-2.30524951538963,-0.967933767792539));
#13540=CARTESIAN_POINT('',(-1.27716991870063,-2.30630757807096,-0.965403661198987));
#13541=CARTESIAN_POINT('',(-1.27473508554288,-2.3077290418187,-0.962561485846119));
#13542=CARTESIAN_POINT('',(-1.29795842847256,-2.31463613771245,-0.946119308854672));
#13543=CARTESIAN_POINT('',(-1.34341405256009,-2.32731236425702,-0.914187158577436));
#13544=CARTESIAN_POINT('',(-1.41227369602914,-2.34533633675163,-0.867094111674888));
#13545=CARTESIAN_POINT('',(-1.48438575557177,-2.36271360312267,-0.81882794487671));
#13546=CARTESIAN_POINT('',(-1.56659377702533,-2.38076087970393,-0.764920272903922));
#13547=CARTESIAN_POINT('',(-1.66207168410384,-2.39920791902264,-0.703355507176399));
#13548=CARTESIAN_POINT('',(-1.73154815450343,-2.41162060096982,-0.659299694224265));
#13549=CARTESIAN_POINT('',(-1.76846052652774,-2.41779815307634,-0.635808217271195));
#13550=CARTESIAN_POINT('',(1.7218899778617,0.248923864392984,-2.48757651335004));
#13551=CARTESIAN_POINT('',(1.72188997775342,0.248923864171843,-2.48757651467045));
#13552=CARTESIAN_POINT('',(1.66497161229024,0.198191274049558,-2.49265316351591));
#13553=CARTESIAN_POINT('',(1.55900456520706,0.100852850510355,-2.50101947703664));
#13554=CARTESIAN_POINT('',(1.41453664551846,-0.0422564281446053,-2.50294879837767));
#13555=CARTESIAN_POINT('',(1.29277686600179,-0.171390872606204,-2.49744649910087));
#13556=CARTESIAN_POINT('',(1.18646945782676,-0.29000740135546,-2.48592177014652));
#13557=CARTESIAN_POINT('',(1.08912487926051,-0.403110064275732,-2.47037578240783));
#13558=CARTESIAN_POINT('',(0.995299670763574,-0.514939630036358,-2.4486771512112));
#13559=CARTESIAN_POINT('',(0.906469500448969,-0.622763761088967,-2.42349978648415));
#13560=CARTESIAN_POINT('',(0.823485725939564,-0.723647068592628,-2.39454952768117));
#13561=CARTESIAN_POINT('',(0.747915763610547,-0.815011572386476,-2.36458109285583));
#13562=CARTESIAN_POINT('',(0.680526469861781,-0.895344762942881,-2.33500521875155));
#13563=CARTESIAN_POINT('',(0.616219048981346,-0.970465699196645,-2.30445141890551));
#13564=CARTESIAN_POINT('',(0.548853162043535,-1.04722108022741,-2.27049346943262));
#13565=CARTESIAN_POINT('',(0.470284549260734,-1.1338843129898,-2.22858889032771));
#13566=CARTESIAN_POINT('',(0.369921786770545,-1.24008379301202,-2.17174751651481));
#13567=CARTESIAN_POINT('',(0.23928055046167,-1.37068640908381,-2.09274784187068));
#13568=CARTESIAN_POINT('',(0.0749652223315128,-1.52249066779293,-1.98616118104609));
#13569=CARTESIAN_POINT('',(-0.105944461245868,-1.67381540314635,-1.86048441268526));
#13570=CARTESIAN_POINT('',(-0.273729109744496,-1.80023140756079,-1.73713024776671));
#13571=CARTESIAN_POINT('',(-0.409281020280102,-1.89362962564272,-1.63370131291686));
#13572=CARTESIAN_POINT('',(-0.512550381570669,-1.95974810357372,-1.55293845967899));
#13573=CARTESIAN_POINT('',(-0.598378620454289,-2.01155611078972,-1.48484952779467));
#13574=CARTESIAN_POINT('',(-0.679131460892959,-2.05803917511846,-1.42046788653279));
#13575=CARTESIAN_POINT('',(-0.762722161829809,-2.10257582341719,-1.35319103460378));
#13576=CARTESIAN_POINT('',(-0.855278770948338,-2.14859002291249,-1.27929847758076));
#13577=CARTESIAN_POINT('',(-0.962806234168004,-2.19737672040446,-1.19473135222275));
#13578=CARTESIAN_POINT('',(-1.0744782950835,-2.24150103323464,-1.10865566379832));
#13579=CARTESIAN_POINT('',(-1.1814995420604,-2.27926870211506,-1.02937927389815));
#13580=CARTESIAN_POINT('',(-1.24611718882672,-2.29921749559149,-0.982823018578718));
#13581=CARTESIAN_POINT('',(-1.27473508554288,-2.3077290418187,-0.962561485846119));
#13582=CARTESIAN_POINT('',(1.7546777548954,0.671164613173959,-2.40822301081026));
#13583=CARTESIAN_POINT('',(1.77221305201084,0.649240409641556,-2.41465955737601));
#13584=CARTESIAN_POINT('',(1.79980330499803,0.603669690938398,-2.42626890873858));
#13585=CARTESIAN_POINT('',(1.82100814120759,0.532284178396384,-2.44304106268149));
#13586=CARTESIAN_POINT('',(1.82529630278093,0.465370256826549,-2.4565850046542));
#13587=CARTESIAN_POINT('',(1.81639951219248,0.403887104148153,-2.46740608183665));
#13588=CARTESIAN_POINT('',(1.7960628954,0.346622084981174,-2.47601330074435));
#13589=CARTESIAN_POINT('',(1.76474926484657,0.294246530649283,-2.48298844746236));
#13590=CARTESIAN_POINT('',(1.73766039474965,0.26292125102927,-2.48575743257112));
#13591=CARTESIAN_POINT('',(1.72188997771334,0.248923864178496,-2.48757651393428));
#13592=CARTESIAN_POINT('',(1.16941688124015,1.75,1.78535710713571));
#13593=CARTESIAN_POINT('',(1.75467776260761,1.75,1.78535710713571));
#13594=CARTESIAN_POINT('',(1.16941688124015,1.75,1.78535710713571));
#13595=VECTOR('',#13596,1.);
#13596=DIRECTION('',(1.,0.,-7.58788471924605E-16));
#13597=CARTESIAN_POINT('',(-0.709795535556277,2.5,-2.26935252932078E-17));
#13598=CARTESIAN_POINT('',(-0.709387211286048,2.49992055618331,-0.000267287405903861));
#13599=CARTESIAN_POINT('',(-0.642888088467337,2.49713381048157,0.102149965628975));
#13600=CARTESIAN_POINT('',(-0.517774895202198,2.4896868242038,0.287624403531292));
#13601=CARTESIAN_POINT('',(-0.341649297916156,2.44611046802327,0.53281400583529));
#13602=CARTESIAN_POINT('',(-0.196861622516068,2.39667960147768,0.718345114300335));
#13603=CARTESIAN_POINT('',(-0.0765340132368999,2.34852466960733,0.86118677189379));
#13604=CARTESIAN_POINT('',(0.0263698607613574,2.30268172071508,0.975029141289446));
#13605=CARTESIAN_POINT('',(0.125067549380586,2.25653746355214,1.076950450181));
#13606=CARTESIAN_POINT('',(0.220312212454489,2.20917763840295,1.16925703074669));
#13607=CARTESIAN_POINT('',(0.313666775373985,2.16221405788992,1.25425751756085));
#13608=CARTESIAN_POINT('',(0.402502192416391,2.11583777683702,1.33021995041917));
#13609=CARTESIAN_POINT('',(0.485419047592592,2.07258462070917,1.39691255397831));
#13610=CARTESIAN_POINT('',(0.560752266639009,2.03362760124101,1.45405011615303));
#13611=CARTESIAN_POINT('',(0.630317962005813,1.99725615832869,1.50374653016061));
#13612=CARTESIAN_POINT('',(0.696057534869662,1.96347368520122,1.54804288199313));
#13613=CARTESIAN_POINT('',(0.762184721371403,1.93083778418679,1.58988298590767));
#13614=CARTESIAN_POINT('',(0.830887542827874,1.89753016736235,1.63017229712301));
#13615=CARTESIAN_POINT('',(0.908873843291676,1.86064137609751,1.67202203579361));
#13616=CARTESIAN_POINT('',(0.993585803315291,1.8223415850664,1.71295301120601));
#13617=CARTESIAN_POINT('',(1.08245013347008,1.78498926333433,1.75161137543052));
#13618=CARTESIAN_POINT('',(1.14093694233466,1.76142245982875,1.7746473396821));
#13619=CARTESIAN_POINT('',(1.16941812348158,1.75000090567486,1.78535476891912));
#13620=CARTESIAN_POINT('',(-1.76846052599788,1.75952514457539,-1.7759705130062));
#13621=CARTESIAN_POINT('',(-1.76846052584444,1.75952514485561,-1.77597051344365));
#13622=CARTESIAN_POINT('',(-1.68413255628277,1.92339663019062,-1.60490577122506));
#13623=CARTESIAN_POINT('',(-1.47588549417401,2.20328995245283,-1.24527209668831));
#13624=CARTESIAN_POINT('',(-1.11118524379221,2.44940103601088,-0.632409184120652));
#13625=CARTESIAN_POINT('',(-0.84637536215105,2.49489069640403,-0.208045507782808));
#13626=CARTESIAN_POINT('',(-0.709387211530744,2.49992055625982,-0.000267287802459372));
#13627=CARTESIAN_POINT('',(0.352913589650032,2.5,-2.17910024584496E-16));
#13628=CARTESIAN_POINT('',(0.356644215780115,2.49967861207744,-0.00316313620494838));
#13629=CARTESIAN_POINT('',(0.265207888071851,2.49690767162855,-0.110722275174108));
#13630=CARTESIAN_POINT('',(0.0940469149774191,2.48771074924375,-0.306254449789604));
#13631=CARTESIAN_POINT('',(-0.141156857600345,2.44055266158204,-0.556448319534435));
#13632=CARTESIAN_POINT('',(-0.33236445811816,2.38732617258489,-0.74884560459535));
#13633=CARTESIAN_POINT('',(-0.479301329036572,2.337361311007,-0.889950592988698));
#13634=CARTESIAN_POINT('',(-0.597092075792575,2.29259087095778,-0.998759896440025));
#13635=CARTESIAN_POINT('',(-0.693263620246959,2.25283938950135,-1.08438796834864));
#13636=CARTESIAN_POINT('',(-0.779300381251604,2.21626515866858,-1.15839819562158));
#13637=CARTESIAN_POINT('',(-0.857298002918412,2.18128030525411,-1.22245060760227));
#13638=CARTESIAN_POINT('',(-0.929148362479397,2.14833007629413,-1.27898388443082));
#13639=CARTESIAN_POINT('',(-0.997259039755336,2.11718529529453,-1.33064173666853));
#13640=CARTESIAN_POINT('',(-1.06412082647736,2.08605590100254,-1.37905643448952));
#13641=CARTESIAN_POINT('',(-1.13318399559524,2.05357496901034,-1.42672674536764));
#13642=CARTESIAN_POINT('',(-1.20730792500118,2.01876657759774,-1.47545527977366));
#13643=CARTESIAN_POINT('',(-1.28903793227369,1.98084644183641,-1.52653875855851));
#13644=CARTESIAN_POINT('',(-1.3765566801889,1.94026891484189,-1.57789125407366));
#13645=CARTESIAN_POINT('',(-1.46633664739874,1.89868646410591,-1.62722872116893));
#13646=CARTESIAN_POINT('',(-1.55631424284152,1.85723087749161,-1.67392200332731));
#13647=CARTESIAN_POINT('',(-1.64038745399653,1.81880295952196,-1.71558020984796));
#13648=CARTESIAN_POINT('',(-1.71136516604482,1.78613909413916,-1.7494231116329));
#13649=CARTESIAN_POINT('',(-1.75175712681195,1.767322366513,-1.76822557482889));
#13650=CARTESIAN_POINT('',(-1.76846052626373,1.75952514461439,-1.77597051291816));
#13651=CARTESIAN_POINT('',(1.7218899778617,2.02984252222217,1.45936264684754));
#13652=CARTESIAN_POINT('',(1.72188997706289,2.02984252285373,1.45936264638233));
#13653=CARTESIAN_POINT('',(1.67159383624259,2.056289098909,1.42284599873099));
#13654=CARTESIAN_POINT('',(1.57775872399554,2.10572002286765,1.35223554360201));
#13655=CARTESIAN_POINT('',(1.45088951260128,2.17031702376183,1.24641476089687));
#13656=CARTESIAN_POINT('',(1.34745763915159,2.22195729346845,1.1523592121144));
#13657=CARTESIAN_POINT('',(1.2624909874055,2.2625421772091,1.06947307024025));
#13658=CARTESIAN_POINT('',(1.189346277226,2.29639371152549,0.994290864155668));
#13659=CARTESIAN_POINT('',(1.12139393419214,2.32678539251103,0.921290513094746));
#13660=CARTESIAN_POINT('',(1.05550375779017,2.35430452596505,0.847591639036784));
#13661=CARTESIAN_POINT('',(0.989942268071908,2.37987577942813,0.771781494674669));
#13662=CARTESIAN_POINT('',(0.922939599980193,2.40427449965411,0.692128653447388));
#13663=CARTESIAN_POINT('',(0.851240340442649,2.42742766575233,0.604815670118872));
#13664=CARTESIAN_POINT('',(0.774241207236565,2.44888513382384,0.509379418748143));
#13665=CARTESIAN_POINT('',(0.692239942947603,2.46786817446337,0.406778183560608));
#13666=CARTESIAN_POINT('',(0.604319441043236,2.4831708377188,0.296836710249215));
#13667=CARTESIAN_POINT('',(0.517365872347931,2.49333913797134,0.189598296833793));
#13668=CARTESIAN_POINT('',(0.434083952388815,2.49879887001565,0.0887101316630337));
#13669=CARTESIAN_POINT('',(0.381581694315523,2.49938639459686,0.0262780001064034));
#13670=CARTESIAN_POINT('',(0.356644215780106,2.49967861207743,-0.00316313620495857));
#13671=CARTESIAN_POINT('',(1.7546777599003,1.75000000067604,1.78535710497872));
#13672=CARTESIAN_POINT('',(1.77213605739291,1.76650498595409,1.76967328359631));
#13673=CARTESIAN_POINT('',(1.79970882232161,1.79922825518932,1.73605793560659));
#13674=CARTESIAN_POINT('',(1.82094944349361,1.84939433958725,1.68273538480804));
#13675=CARTESIAN_POINT('',(1.8253093973037,1.8945632061601,1.63154986628698));
#13676=CARTESIAN_POINT('',(1.81648129003403,1.93467365903381,1.58375429980782));
#13677=CARTESIAN_POINT('',(1.79621176445707,1.97078106244462,1.53844555107826));
#13678=CARTESIAN_POINT('',(1.76491251261157,2.00307613024131,1.4964732116701));
#13679=CARTESIAN_POINT('',(1.73774256212287,2.02125302949553,1.47064645156886));
#13680=CARTESIAN_POINT('',(1.72188997777549,2.02984252263383,1.45936264692448));
#13681=CARTESIAN_POINT('',(1.16941688124015,-2.42116460960662,0.622865903054912));
#13682=CARTESIAN_POINT('',(1.75467776260761,-2.42116460960662,0.622865903054912));
#13683=CARTESIAN_POINT('',(1.16941688124015,-2.42116460960662,0.622865903054913));
#13684=VECTOR('',#13685,1.);
#13685=DIRECTION('',(1.,1.51757694384921E-15,0.));
#13686=CARTESIAN_POINT('',(-1.76846052599788,0.658273008347757,2.41177873030287));
#13687=CARTESIAN_POINT('',(-1.76846052658394,0.658273010553021,2.41177872880901));
#13688=CARTESIAN_POINT('',(-1.74346064878146,0.590062741767607,2.42849187143925));
#13689=CARTESIAN_POINT('',(-1.69221824972172,0.462624663286784,2.45953953426553));
#13690=CARTESIAN_POINT('',(-1.61235352259089,0.282455602248888,2.48623284912428));
#13691=CARTESIAN_POINT('',(-1.53938866174946,0.126753975683783,2.49875733742397));
#13692=CARTESIAN_POINT('',(-1.46769204195157,-0.0193566650058603,2.50046920985698));
#13693=CARTESIAN_POINT('',(-1.39551546501341,-0.159692425755159,2.49645220879337));
#13694=CARTESIAN_POINT('',(-1.31031362835062,-0.317677226843138,2.48153407060728));
#13695=CARTESIAN_POINT('',(-1.21214472884336,-0.490280584267206,2.45387554456448));
#13696=CARTESIAN_POINT('',(-1.09646890556648,-0.682553269787775,2.40801378250348));
#13697=CARTESIAN_POINT('',(-0.967408009749749,-0.885107046264793,2.34154391257971));
#13698=CARTESIAN_POINT('',(-0.82491960489764,-1.09441153826202,2.25158297975681));
#13699=CARTESIAN_POINT('',(-0.673767667796849,-1.29959060857214,2.13996693702969));
#13700=CARTESIAN_POINT('',(-0.517995257167266,-1.49171480007686,2.01060622551913));
#13701=CARTESIAN_POINT('',(-0.365759670919593,-1.65915763983763,1.87412186872851));
#13702=CARTESIAN_POINT('',(-0.226685126600932,-1.79375041347862,1.74454529479638));
#13703=CARTESIAN_POINT('',(-0.105117429134585,-1.89753324414567,1.63019870198729));
#13704=CARTESIAN_POINT('',(0.00339023494387898,-1.97963658344384,1.52810256801786));
#13705=CARTESIAN_POINT('',(0.108262399989267,-2.05056762751674,1.43115693240372));
#13706=CARTESIAN_POINT('',(0.216848228351113,-2.11561738864964,1.33163732998306));
#13707=CARTESIAN_POINT('',(0.330599690229706,-2.17633796605354,1.23028133471048));
#13708=CARTESIAN_POINT('',(0.448672398844596,-2.23101321211969,1.12705689381998));
#13709=CARTESIAN_POINT('',(0.56760920631528,-2.27947744384642,1.02817697665476));
#13710=CARTESIAN_POINT('',(0.682953915139957,-2.31888193234932,0.935771958762939));
#13711=CARTESIAN_POINT('',(0.794853873849732,-2.35182362186382,0.852885707579232));
#13712=CARTESIAN_POINT('',(0.909918493490817,-2.37920740068456,0.77417145709458));
#13713=CARTESIAN_POINT('',(1.03411545996521,-2.40196522312127,0.696721814601604));
#13714=CARTESIAN_POINT('',(1.1229755094654,-2.41528370545484,0.647670151942843));
#13715=CARTESIAN_POINT('',(1.16941812348158,-2.42116303748908,0.622867856500641));
#13716=CARTESIAN_POINT('',(1.7218899778617,-2.27876638661515,1.02821386650251));
#13717=CARTESIAN_POINT('',(1.72188997775342,-2.27876638764809,1.02821386735422));
#13718=CARTESIAN_POINT('',(1.6648125566835,-2.25788441327762,1.07492534360145));
#13719=CARTESIAN_POINT('',(1.55849119158232,-2.21616784215158,1.16360156273096));
#13720=CARTESIAN_POINT('',(1.41357620673809,-2.14600036120229,1.28891324214345));
#13721=CARTESIAN_POINT('',(1.29148884875792,-2.07637355075872,1.39831128304915));
#13722=CARTESIAN_POINT('',(1.18497221565498,-2.00685006065065,1.49549784838663));
#13723=CARTESIAN_POINT('',(1.0875124682487,-1.93662809322411,1.58577755804054));
#13724=CARTESIAN_POINT('',(0.993677190614612,-1.86180915834553,1.67177604666967));
#13725=CARTESIAN_POINT('',(0.904849339062424,-1.78600093683986,1.7525314948404));
#13726=CARTESIAN_POINT('',(0.821843510639177,-1.71038894765934,1.82539099465997));
#13727=CARTESIAN_POINT('',(0.746208668854013,-1.63863864906137,1.88953360427997));
#13728=CARTESIAN_POINT('',(0.6787300784549,-1.57272858764009,1.9443210723278));
#13729=CARTESIAN_POINT('',(0.614382756981151,-1.50863987536348,1.99405850413089));
#13730=CARTESIAN_POINT('',(0.547137174287455,-1.44095994706835,2.04338124601138));
#13731=CARTESIAN_POINT('',(0.462551588586634,-1.35523052691454,2.10154123224866));
#13732=CARTESIAN_POINT('',(0.348906493962328,-1.23926896962188,2.17269463026401));
#13733=CARTESIAN_POINT('',(0.201700290608119,-1.08854695250961,2.25292245468726));
#13734=CARTESIAN_POINT('',(0.0289100639339358,-0.911771244650881,2.33061276447511));
#13735=CARTESIAN_POINT('',(-0.151768525600471,-0.72776249962084,2.39429091967032));
#13736=CARTESIAN_POINT('',(-0.322882002635591,-0.554670138939411,2.43956598828281));
#13737=CARTESIAN_POINT('',(-0.475895180710634,-0.401334426895278,2.46895890792636));
#13738=CARTESIAN_POINT('',(-0.610929187364875,-0.267575130800168,2.48658999628524));
#13739=CARTESIAN_POINT('',(-0.734167163181301,-0.147655192327836,2.49661024612954));
#13740=CARTESIAN_POINT('',(-0.84548275968404,-0.0425703065761551,2.50024914888031));
#13741=CARTESIAN_POINT('',(-0.950786364022346,0.0531403861255453,2.50046441376172));
#13742=CARTESIAN_POINT('',(-1.05080504550169,0.140335624851767,2.49655250904118));
#13743=CARTESIAN_POINT('',(-1.15382304489182,0.226008124617482,2.49082978381224));
#13744=CARTESIAN_POINT('',(-1.26068086055755,0.310308081384881,2.4816245082542));
#13745=CARTESIAN_POINT('',(-1.37733022191057,0.39728445206913,2.46898637328531));
#13746=CARTESIAN_POINT('',(-1.50330644323044,0.48579167068559,2.45344836086874));
#13747=CARTESIAN_POINT('',(-1.63578590889686,0.573696015269218,2.43387898763581));
#13748=CARTESIAN_POINT('',(-1.72438750377409,0.630249923677443,2.41912442120318));
#13749=CARTESIAN_POINT('',(-1.76846052652774,0.658273008446418,2.4117787304228));
#13750=CARTESIAN_POINT('',(1.7546777599003,-2.42116460807664,0.622865904718876));
#13751=CARTESIAN_POINT('',(1.77221306115654,-2.41577671966447,0.645071103291481));
#13752=CARTESIAN_POINT('',(1.7998033172231,-2.40304535026923,0.690341190252128));
#13753=CARTESIAN_POINT('',(1.82100814830485,-2.38187770033016,0.760548947095618));
#13754=CARTESIAN_POINT('',(1.82529630113835,-2.36015013573462,0.825270075819465));
#13755=CARTESIAN_POINT('',(1.81639950271813,-2.3387798867642,0.883926584420198));
#13756=CARTESIAN_POINT('',(1.79606288075928,-2.31760144952251,0.93782314757103));
#13757=CARTESIAN_POINT('',(1.76474925128855,-2.29745433150166,0.986669268189568));
#13758=CARTESIAN_POINT('',(1.73766038871711,-2.28418970776434,1.01518223873698));
#13759=CARTESIAN_POINT('',(1.72188997771334,-2.27876638701387,1.02821386698038));
#13760=CARTESIAN_POINT('',(0.374308335648081,30.,2.49886592193786));
#13761=CARTESIAN_POINT('',(1.72188997787199,2.02984252223298,1.4593626468402));
#13762=CARTESIAN_POINT('',(1.70347878512788,5.35556811578597,2.90129366323662));
#13763=CARTESIAN_POINT('',(1.63826325697973,8.87237011830451,4.00081794814099));
#13764=CARTESIAN_POINT('',(1.32740122468484,17.6002153611559,5.34437148153905));
#13765=CARTESIAN_POINT('',(0.807758394929103,23.990985816255,3.61358423131065));
#13766=CARTESIAN_POINT('',(0.374308336066486,30.,2.49886592195436));
#13767=CARTESIAN_POINT('',(0.174391184360307,30.,2.49391012564957));
#13768=CARTESIAN_POINT('',(0.174391184360307,30.,2.49391012564957));
#13769=CARTESIAN_POINT('',(0.174345428716668,30.,2.49842049170522));
#13770=CARTESIAN_POINT('',(0.174865183069473,30.,2.50744739566225));
#13771=CARTESIAN_POINT('',(0.177464356376336,30.,2.52075881911808));
#13772=CARTESIAN_POINT('',(0.181835551018416,30.,2.53359790740654));
#13773=CARTESIAN_POINT('',(0.187898848266755,30.,2.54572993113372));
#13774=CARTESIAN_POINT('',(0.195543392745137,30.,2.55693307811339));
#13775=CARTESIAN_POINT('',(0.204629419071871,30.,2.5670025215315));
#13776=CARTESIAN_POINT('',(0.214990807228057,30.,2.57575416137838));
#13777=CARTESIAN_POINT('',(0.226438119724275,30.,2.58302799126992));
#13778=CARTESIAN_POINT('',(0.238762065092884,30.,2.58869102360225));
#13779=CARTESIAN_POINT('',(0.251737324367892,30.,2.59263972103283));
#13780=CARTESIAN_POINT('',(0.26512667059678,30.,2.59480188943834));
#13781=CARTESIAN_POINT('',(0.278685306066071,30.,2.59513799784616));
#13782=CARTESIAN_POINT('',(0.292165337943364,30.,2.59364190117884));
#13783=CARTESIAN_POINT('',(0.305320310507477,30.,2.59034095260466));
#13784=CARTESIAN_POINT('',(0.317909711103806,30.,2.58529550344025));
#13785=CARTESIAN_POINT('',(0.329703367442703,30.,2.57859779974143));
#13786=CARTESIAN_POINT('',(0.340485655843841,30.,2.57037029578414));
#13787=CARTESIAN_POINT('',(0.350059443491333,30.,2.56076341516443));
#13788=CARTESIAN_POINT('',(0.358249692607684,30.,2.54995280084599));
#13789=CARTESIAN_POINT('',(0.364906660709485,30.,2.53813610295993));
#13790=CARTESIAN_POINT('',(0.369908638217707,30.,2.52552936858163));
#13791=CARTESIAN_POINT('',(0.373164174179871,30.,2.51236307897907));
#13792=CARTESIAN_POINT('',(0.37413055565443,30.,2.50337301521499));
#13793=CARTESIAN_POINT('',(0.374308336066486,30.,2.49886592195436));
#13794=CARTESIAN_POINT('',(1.34869050161762,1.75,1.87679882716569));
#13795=CARTESIAN_POINT('',(1.34869050161762,1.75,1.8767988271657));
#13796=CARTESIAN_POINT('',(1.21583625699674,5.15765248292162,3.2043477655979));
#13797=CARTESIAN_POINT('',(1.07118724109753,8.79283677071074,4.20395130019985));
#13798=CARTESIAN_POINT('',(0.712091046900019,17.5856951687553,5.30876037906702));
#13799=CARTESIAN_POINT('',(0.432970045491867,23.990985816255,3.61575529792048));
#13800=CARTESIAN_POINT('',(0.174391184360306,30.,2.49391012564958));
#13801=CARTESIAN_POINT('',(1.34869050161762,1.75,1.87679882716569));
#13802=CARTESIAN_POINT('',(1.36096970437716,1.75,1.88280632110785));
#13803=CARTESIAN_POINT('',(1.38627030279596,1.75,1.89330414184651));
#13804=CARTESIAN_POINT('',(1.42587084890172,1.75,1.90426000490856));
#13805=CARTESIAN_POINT('',(1.46651876215664,1.75,1.91025836127474));
#13806=CARTESIAN_POINT('',(1.50759590414753,1.75,1.91120799822289));
#13807=CARTESIAN_POINT('',(1.54847759000358,1.75,1.90709447218369));
#13808=CARTESIAN_POINT('',(1.58854211233433,1.75,1.89798034015237));
#13809=CARTESIAN_POINT('',(1.62718018940695,1.75,1.88400420520153));
#13810=CARTESIAN_POINT('',(1.6638042325275,1.75,1.86537860951853));
#13811=CARTESIAN_POINT('',(1.6978572813368,1.75,1.84238680194274));
#13812=CARTESIAN_POINT('',(1.72846288579217,1.75,1.81569120731988));
#13813=CARTESIAN_POINT('',(1.74645566261271,1.75,1.79567730494075));
#13814=CARTESIAN_POINT('',(1.75467776072949,1.75,1.78535710368279));
#13815=CARTESIAN_POINT('',(1.16941815712109,1.75,1.78535443599077));
#13816=CARTESIAN_POINT('',(1.22866193162061,1.75,1.81682929624341));
#13817=CARTESIAN_POINT('',(1.28843014406122,1.75,1.84731696746674));
#13818=CARTESIAN_POINT('',(1.34869050161762,1.75,1.8767988271657));
#13819=CARTESIAN_POINT('',(-0.174391184360317,30.,-2.49391012564953));
#13820=CARTESIAN_POINT('',(-0.174391184360317,30.,-2.49391012564953));
#13821=CARTESIAN_POINT('',(-0.132899418477532,30.,-2.21894908960782));
#13822=CARTESIAN_POINT('',(-0.0572447084247126,30.,-1.6679210971778));
#13823=CARTESIAN_POINT('',(0.0341702854363278,30.,-0.838648439611587));
#13824=CARTESIAN_POINT('',(0.103453274549029,30.,-0.00723415767429575));
#13825=CARTESIAN_POINT('',(0.150555046523446,30.,0.825731186062472));
#13826=CARTESIAN_POINT('',(0.175442144393535,30.,1.65965592730065));
#13827=CARTESIAN_POINT('',(0.177211975200612,30.,2.21585045378715));
#13828=CARTESIAN_POINT('',(0.174391184360306,30.,2.49391012564958));
#13829=CARTESIAN_POINT('',(-1.76846052617165,1.75952514457539,-1.77597051280987));
#13830=CARTESIAN_POINT('',(-2.01624689987331,5.16423738053937,-4.70746457925735));
#13831=CARTESIAN_POINT('',(-2.13638442040409,8.69461574946053,-6.86261584951369));
#13832=CARTESIAN_POINT('',(-1.95579027473141,17.7621285764291,-9.23495767795485));
#13833=CARTESIAN_POINT('',(-0.953772150534768,23.990985816255,-5.18753921510769));
#13834=CARTESIAN_POINT('',(-0.174391184474224,30.,-2.49391012561943));
#13835=CARTESIAN_POINT('',(0.374308335648081,30.,2.49886592193786));
#13836=CARTESIAN_POINT('',(0.396386447103173,30.,1.93914111370039));
#13837=CARTESIAN_POINT('',(0.384941130328536,30.,0.817499405382221));
#13838=CARTESIAN_POINT('',(0.201137595489869,30.,-0.854982258159775));
#13839=CARTESIAN_POINT('',(-0.0312821173295558,30.,-1.95233917102264));
#13840=CARTESIAN_POINT('',(-0.174391184474224,30.,-2.49391012561943));
#13841=CARTESIAN_POINT('',(0.374308335648081,-17.1640813690494,24.7313291525642));
#13842=CARTESIAN_POINT('',(1.72188997787199,-2.27876638661421,1.02821386651555));
#13843=CARTESIAN_POINT('',(1.70347878512788,-5.19037807409472,3.1874112083503));
#13844=CARTESIAN_POINT('',(1.63826325697973,-7.90099503815909,5.68328894015915));
#13845=CARTESIAN_POINT('',(1.32740122468484,-13.4284691508519,12.5700478740686));
#13846=CARTESIAN_POINT('',(0.807758394929103,-15.1249486511574,18.9700110630536));
#13847=CARTESIAN_POINT('',(0.374308336066486,-17.1640813690637,24.731329152556));
#13848=CARTESIAN_POINT('',(0.174391184360307,-17.1597895235678,24.7338070507084));
#13849=CARTESIAN_POINT('',(0.174391184360307,-17.1597895235678,24.7338070507084));
#13850=CARTESIAN_POINT('',(0.174345428716668,-17.1636956151523,24.7315518676806));
#13851=CARTESIAN_POINT('',(0.174865183069473,-17.1715131432966,24.7270384157021));
#13852=CARTESIAN_POINT('',(0.177464356376336,-17.1830411741699,24.7203827039742));
#13853=CARTESIAN_POINT('',(0.181835551018416,-17.1941601507891,24.7139631598299));
#13854=CARTESIAN_POINT('',(0.187898848266755,-17.2046667915362,24.7078971479663));
#13855=CARTESIAN_POINT('',(0.195543392745137,-17.2143690014229,24.7022955744765));
#13856=CARTESIAN_POINT('',(0.204629419071871,-17.223089395225,24.6972608527674));
#13857=CARTESIAN_POINT('',(0.214990807228057,-17.2306685376572,24.692885032844));
#13858=CARTESIAN_POINT('',(0.226438119724275,-17.236967859126,24.6892481178982));
#13859=CARTESIAN_POINT('',(0.238762065092884,-17.2418721889883,24.6864166017321));
#13860=CARTESIAN_POINT('',(0.251737324367892,-17.245291861275,24.6844422530168));
#13861=CARTESIAN_POINT('',(0.26512667059678,-17.2471643540415,24.683361168814));
#13862=CARTESIAN_POINT('',(0.278685306066071,-17.2474554324611,24.6831931146101));
#13863=CARTESIAN_POINT('',(0.292165337943364,-17.2461597747406,24.6839411629438));
#13864=CARTESIAN_POINT('',(0.305320310507477,-17.2433010694188,24.6855916372309));
#13865=CARTESIAN_POINT('',(0.317909711103806,-17.2389315822689,24.6881143618131));
#13866=CARTESIAN_POINT('',(0.329703367442703,-17.2331312007187,24.6914632136625));
#13867=CARTESIAN_POINT('',(0.340485655843841,-17.226005973282,24.6955769656411));
#13868=CARTESIAN_POINT('',(0.350059443491333,-17.2176861706142,24.700380405951));
#13869=CARTESIAN_POINT('',(0.358249692607684,-17.2083239039839,24.7057857131102));
#13870=CARTESIAN_POINT('',(0.364906660709485,-17.1980903434257,24.7116940620532));
#13871=CARTESIAN_POINT('',(0.369908638217707,-17.1871725911954,24.7179974292423));
#13872=CARTESIAN_POINT('',(0.373164174179871,-17.175770249926,24.7245805740436));
#13873=CARTESIAN_POINT('',(0.37413055565443,-17.1679846263246,24.7290756059257));
#13874=CARTESIAN_POINT('',(0.374308336066486,-17.1640813690637,24.731329152556));
#13875=CARTESIAN_POINT('',(1.34869050161762,-2.50035546211833,0.577145043039921));
#13876=CARTESIAN_POINT('',(1.34869050161762,-2.50035546211833,0.577145043039919));
#13877=CARTESIAN_POINT('',(1.21583625699674,-5.35387280902849,2.86448419130306));
#13878=CARTESIAN_POINT('',(1.07118724109753,-8.03714700760106,5.5128443646655));
#13879=CARTESIAN_POINT('',(0.712091046900019,-13.390368935254,12.5752785698178));
#13880=CARTESIAN_POINT('',(0.432970045491867,-15.1268288499948,18.9689255297487));
#13881=CARTESIAN_POINT('',(0.174391184360306,-17.1597895235678,24.7338070507084));
#13882=CARTESIAN_POINT('',(1.34869050161762,-2.50035546211833,0.577145043039923));
#13883=CARTESIAN_POINT('',(1.36096970437716,-2.50555810448531,0.574141296068849));
#13884=CARTESIAN_POINT('',(1.38627030279596,-2.51464948392937,0.568892385699517));
#13885=CARTESIAN_POINT('',(1.42587084890172,-2.52413753966149,0.563414454168491));
#13886=CARTESIAN_POINT('',(1.46651876215664,-2.52933226865556,0.560415275985398));
#13887=CARTESIAN_POINT('',(1.50759590414753,-2.53015467837703,0.559940457511323));
#13888=CARTESIAN_POINT('',(1.54847759000358,-2.52659226032795,0.561997220530925));
#13889=CARTESIAN_POINT('',(1.58854211233433,-2.51869919045538,0.566554286546586));
#13890=CARTESIAN_POINT('',(1.62718018940695,-2.50659550254123,0.573542354022007));
#13891=CARTESIAN_POINT('',(1.6638042325275,-2.49046526351914,0.582855151863505));
#13892=CARTESIAN_POINT('',(1.6978572813368,-2.47055377407958,0.594351055651401));
#13893=CARTESIAN_POINT('',(1.72846288579217,-2.44743471096705,0.607698852962831));
#13894=CARTESIAN_POINT('',(1.74645566261271,-2.43010216307787,0.617705804152395));
#13895=CARTESIAN_POINT('',(1.75467776072949,-2.4211646066163,0.622865904781376));
#13896=CARTESIAN_POINT('',(1.16941815711089,-2.42116229632256,0.622867238630092));
#13897=CARTESIAN_POINT('',(1.22866193161376,-2.44842032488357,0.607129808502815));
#13898=CARTESIAN_POINT('',(1.28843014405776,-2.47482342266676,0.591885972890245));
#13899=CARTESIAN_POINT('',(1.34869050161762,-2.50035546211833,0.577145043039922));
#13900=CARTESIAN_POINT('',(-0.174391184360317,-12.8402104764323,27.2277171763579));
#13901=CARTESIAN_POINT('',(-0.174391184360317,-12.8402104764323,27.2277171763579));
#13902=CARTESIAN_POINT('',(-0.132899418477532,-13.0783337186953,27.0902366583371));
#13903=CARTESIAN_POINT('',(-0.0572447084247126,-13.555537958336,26.8147226621221));
#13904=CARTESIAN_POINT('',(0.0341702854363278,-14.2737091464522,26.400086333339));
#13905=CARTESIAN_POINT('',(0.103453274549029,-14.9937350356791,25.9843791923703));
#13906=CARTESIAN_POINT('',(0.150555046523446,-15.7151041838271,25.567896520502));
#13907=CARTESIAN_POINT('',(0.175442144393535,-16.4373041945838,25.1509341498829));
#13908=CARTESIAN_POINT('',(0.177211975200612,-16.9189827839669,24.8728368866396));
#13909=CARTESIAN_POINT('',(0.174391184360306,-17.1597895235678,24.7338070507084));
#13910=CARTESIAN_POINT('',(-1.76846052617165,0.658273008177733,2.41177873020471));
#13911=CARTESIAN_POINT('',(-2.01624689987331,1.4946652227826,6.82609305234897));
#13912=CARTESIAN_POINT('',(-2.13638442040409,1.59589178736232,10.9610660399339));
#13913=CARTESIAN_POINT('',(-1.95579027473141,-0.88335633623152,19.9999334114506));
#13914=CARTESIAN_POINT('',(-0.953772150534768,-7.50295216471623,23.3705727862628));
#13915=CARTESIAN_POINT('',(-0.174391184474224,-12.8402104764583,27.2277171763429));
#13916=CARTESIAN_POINT('',(0.374308335648081,-17.1640813690494,24.7313291525643));
#13917=CARTESIAN_POINT('',(0.396386447103173,-16.6793454659874,25.011191556683));
#13918=CARTESIAN_POINT('',(0.384941130328536,-15.7079752526397,25.5720124108421));
#13919=CARTESIAN_POINT('',(0.201137595489869,-14.2595636446487,26.4082532426131));
#13920=CARTESIAN_POINT('',(-0.0312821173295558,-13.3092246810909,26.9569316990445));
#13921=CARTESIAN_POINT('',(-0.174391184474224,-12.8402104764583,27.2277171763429));
#13922=CARTESIAN_POINT('',(0.374308335648081,-12.8359186309506,-27.2301950745021));
#13923=CARTESIAN_POINT('',(1.72188997787199,0.248923864381224,-2.48757651335575));
#13924=CARTESIAN_POINT('',(1.70347878512788,-0.165190041691253,-6.08870487158692));
#13925=CARTESIAN_POINT('',(1.63826325697973,-0.971375080145419,-9.68410688830014));
#13926=CARTESIAN_POINT('',(1.32740122468484,-4.17174621030408,-17.9144193556077));
#13927=CARTESIAN_POINT('',(0.807758394929103,-8.8660371650976,-22.5835952943643));
#13928=CARTESIAN_POINT('',(0.374308336066486,-12.8359186309363,-27.2301950745103));
#13929=CARTESIAN_POINT('',(0.174391184360307,-12.8402104764322,-27.2277171763579));
#13930=CARTESIAN_POINT('',(0.174391184360307,-12.8402104764322,-27.227717176358));
#13931=CARTESIAN_POINT('',(0.174345428716668,-12.8363043848477,-27.2299723593858));
#13932=CARTESIAN_POINT('',(0.174865183069473,-12.8284868567034,-27.2344858113643));
#13933=CARTESIAN_POINT('',(0.177464356376336,-12.8169588258301,-27.2411415230922));
#13934=CARTESIAN_POINT('',(0.181835551018416,-12.8058398492109,-27.2475610672364));
#13935=CARTESIAN_POINT('',(0.187898848266755,-12.7953332084638,-27.2536270791));
#13936=CARTESIAN_POINT('',(0.195543392745137,-12.7856309985771,-27.2592286525899));
#13937=CARTESIAN_POINT('',(0.204629419071871,-12.776910604775,-27.2642633742989));
#13938=CARTESIAN_POINT('',(0.214990807228057,-12.7693314623429,-27.2686391942223));
#13939=CARTESIAN_POINT('',(0.226438119724275,-12.763032140874,-27.2722761091681));
#13940=CARTESIAN_POINT('',(0.238762065092884,-12.7581278110117,-27.2751076253343));
#13941=CARTESIAN_POINT('',(0.251737324367892,-12.754708138725,-27.2770819740496));
#13942=CARTESIAN_POINT('',(0.26512667059678,-12.7528356459586,-27.2781630582523));
#13943=CARTESIAN_POINT('',(0.278685306066071,-12.7525445675389,-27.2783311124563));
#13944=CARTESIAN_POINT('',(0.292165337943364,-12.7538402252594,-27.2775830641226));
#13945=CARTESIAN_POINT('',(0.305320310507477,-12.7566989305812,-27.2759325898355));
#13946=CARTESIAN_POINT('',(0.317909711103806,-12.7610684177311,-27.2734098652533));
#13947=CARTESIAN_POINT('',(0.329703367442703,-12.7668687992813,-27.2700610134039));
#13948=CARTESIAN_POINT('',(0.340485655843841,-12.773994026718,-27.2659472614253));
#13949=CARTESIAN_POINT('',(0.350059443491333,-12.7823138293858,-27.2611438211154));
#13950=CARTESIAN_POINT('',(0.358249692607684,-12.7916760960161,-27.2557385139562));
#13951=CARTESIAN_POINT('',(0.364906660709485,-12.8019096565743,-27.2498301650131));
#13952=CARTESIAN_POINT('',(0.369908638217707,-12.8128274088047,-27.243526797824));
#13953=CARTESIAN_POINT('',(0.373164174179871,-12.824229750074,-27.2369436530227));
#13954=CARTESIAN_POINT('',(0.37413055565443,-12.8320153736754,-27.2324486211407));
#13955=CARTESIAN_POINT('',(0.374308336066486,-12.8359186309363,-27.2301950745104));
#13956=CARTESIAN_POINT('',(1.34869050161762,0.75035546211833,-2.45394387020561));
#13957=CARTESIAN_POINT('',(1.34869050161762,0.750355462118334,-2.45394387020562));
#13958=CARTESIAN_POINT('',(1.21583625699674,0.196220326106872,-6.06883195690096));
#13959=CARTESIAN_POINT('',(1.07118724109753,-0.75568976310968,-9.71679566486536));
#13960=CARTESIAN_POINT('',(0.712091046900019,-4.19532623350131,-17.8840389488849));
#13961=CARTESIAN_POINT('',(0.432970045491867,-8.86415696626018,-22.5846808276692));
#13962=CARTESIAN_POINT('',(0.174391184360306,-12.8402104764322,-27.2277171763579));
#13963=CARTESIAN_POINT('',(1.34869050161762,0.750355462118328,-2.45394387020562));
#13964=CARTESIAN_POINT('',(1.36096970437716,0.755558104485314,-2.45694761717669));
#13965=CARTESIAN_POINT('',(1.38627030279596,0.76464948392937,-2.46219652754602));
#13966=CARTESIAN_POINT('',(1.42587084890172,0.77413753966149,-2.46767445907705));
#13967=CARTESIAN_POINT('',(1.46651876215664,0.779332268655557,-2.47067363726014));
#13968=CARTESIAN_POINT('',(1.50759590414753,0.780154678377031,-2.47114845573422));
#13969=CARTESIAN_POINT('',(1.54847759000358,0.776592260327946,-2.46909169271461));
#13970=CARTESIAN_POINT('',(1.58854211233433,0.768699190455377,-2.46453462669895));
#13971=CARTESIAN_POINT('',(1.62718018940695,0.756595502541231,-2.45754655922353));
#13972=CARTESIAN_POINT('',(1.6638042325275,0.740465263519135,-2.44823376138203));
#13973=CARTESIAN_POINT('',(1.6978572813368,0.720553774079579,-2.43673785759414));
#13974=CARTESIAN_POINT('',(1.72846288349557,0.697434712701872,-2.42339006128431));
#13975=CARTESIAN_POINT('',(1.74645565853838,0.680102167002686,-2.41338311135914));
#13976=CARTESIAN_POINT('',(1.75467775504347,0.671164612797091,-2.40822301203264));
#13977=CARTESIAN_POINT('',(1.16941815712109,0.671162296327245,-2.40822167461816));
#13978=CARTESIAN_POINT('',(1.22866193162061,0.698420324886593,-2.42395910474447));
#13979=CARTESIAN_POINT('',(1.28843014406122,0.724823422668229,-2.43920294035614));
#13980=CARTESIAN_POINT('',(1.34869050161762,0.750355462118335,-2.45394387020562));
#13981=CARTESIAN_POINT('',(-0.174391184360317,-17.1597895235677,-24.7338070507084));
#13982=CARTESIAN_POINT('',(-0.174391184360317,-17.1597895235677,-24.7338070507084));
#13983=CARTESIAN_POINT('',(-0.132899418477532,-16.9216662813047,-24.8712875687293));
#13984=CARTESIAN_POINT('',(-0.0572447084247126,-16.444462041664,-25.1468015649443));
#13985=CARTESIAN_POINT('',(0.0341702854363278,-15.7262908535478,-25.5614378937274));
#13986=CARTESIAN_POINT('',(0.103453274549029,-15.0062649643209,-25.977145034696));
#13987=CARTESIAN_POINT('',(0.150555046523446,-14.2848958161729,-26.3936277065644));
#13988=CARTESIAN_POINT('',(0.175442144393535,-13.5626958054162,-26.8105900771835));
#13989=CARTESIAN_POINT('',(0.177211975200612,-13.0810172160331,-27.0886873404267));
#13990=CARTESIAN_POINT('',(0.174391184360306,-12.8402104764322,-27.227717176358));
#13991=CARTESIAN_POINT('',(-1.76846052617165,-2.41779815275312,-0.635808217394837));
#13992=CARTESIAN_POINT('',(-2.01624689987331,-6.65890260332197,-2.11862847309163));
#13993=CARTESIAN_POINT('',(-2.13638442040409,-10.2905075368229,-4.09845019042025));
#13994=CARTESIAN_POINT('',(-1.95579027473141,-16.8787722401976,-10.7649757334957));
#13995=CARTESIAN_POINT('',(-0.953772150534768,-16.4880336515387,-18.1830335711551));
#13996=CARTESIAN_POINT('',(-0.174391184474224,-17.1597895235417,-24.7338070507234));
#13997=CARTESIAN_POINT('',(0.374308335648081,-12.8359186309506,-27.2301950745021));
#13998=CARTESIAN_POINT('',(0.396386447103173,-13.3206545340126,-26.9503326703834));
#13999=CARTESIAN_POINT('',(0.384941130328536,-14.2920247473603,-26.3895118162243));
#14000=CARTESIAN_POINT('',(0.201137595489869,-15.7404363553514,-25.5532709844533));
#14001=CARTESIAN_POINT('',(-0.0312821173295558,-16.6907753189091,-25.0045925280218));
#14002=CARTESIAN_POINT('',(-0.174391184474224,-17.1597895235417,-24.7338070507234));
#14003=CARTESIAN_POINT('',(5.,2.5,-1.07156594925393E-15));
#14004=AXIS2_PLACEMENT_3D('',#14005,#14006,#14007);
#14005=CARTESIAN_POINT('',(5.,0.,-9.18485099360515E-16));
#14006=DIRECTION('',(1.,0.,-1.83697019872103E-16));
#14007=DIRECTION('',(1.1248198369964E-32,1.,6.12323399573677E-17));
#14008=CARTESIAN_POINT('',(5.,16.5,-5.81707229594992E-16));
#14009=AXIS2_PLACEMENT_3D('',#14010,#14011,#14012);
#14010=CARTESIAN_POINT('',(5.,-1.09476442525376E-47,-9.18485099360515E-16));
#14011=DIRECTION('',(1.,0.,-1.83697019872103E-16));
#14012=DIRECTION('',(1.12481983699639E-32,1.,6.12323399573677E-17));
#14013=CARTESIAN_POINT('',(5.,4.,-1.16341445918999E-15));
#14014=AXIS2_PLACEMENT_3D('',#14015,#14016,#14017);
#14015=CARTESIAN_POINT('',(5.,0.,-9.18485099360515E-16));
#14016=DIRECTION('',(1.,0.,-1.83697019872103E-16));
#14017=DIRECTION('',(1.12481983699639E-32,1.,6.12323399573677E-17));
#14018=CARTESIAN_POINT('',(5.,4.5,-1.80078793006944E-16));
#14019=AXIS2_PLACEMENT_3D('',#14020,#14021,#14022);
#14020=CARTESIAN_POINT('',(5.,10.,-3.30654635769785E-15));
#14021=DIRECTION('',(1.,0.,-1.83697019872103E-16));
#14022=DIRECTION('',(9.28260627767774E-32,-1.,5.0532154980743E-16));
#14023=CARTESIAN_POINT('',(5.,-4.5,2.75545529808155E-16));
#14024=AXIS2_PLACEMENT_3D('',#14025,#14026,#14027);
#14025=CARTESIAN_POINT('',(5.,-10.,6.12323399573677E-16));
#14026=DIRECTION('',(1.,0.,-1.83697019872103E-16));
#14027=DIRECTION('',(1.12481983699639E-32,1.,6.12323399573677E-17));
#14028=CARTESIAN_POINT('',(5.,-2.27812161407546E-16,-4.5));
#14029=AXIS2_PLACEMENT_3D('',#14030,#14031,#14032);
#14030=CARTESIAN_POINT('',(5.,-1.95943487863576E-15,-10.));
#14031=DIRECTION('',(1.,0.,-1.83697019872103E-16));
#14032=DIRECTION('',(1.83697019872103E-16,2.22044604925031E-16,1.));
#14033=CARTESIAN_POINT('',(5.,1.61245161887735E-15,4.5));
#14034=AXIS2_PLACEMENT_3D('',#14035,#14036,#14037);
#14035=CARTESIAN_POINT('',(5.,3.18408167778312E-15,10.));
#14036=DIRECTION('',(1.,0.,-1.83697019872103E-16));
#14037=DIRECTION('',(-1.83697019872103E-16,-1.22464679914735E-16,-1.));
#14038=CARTESIAN_POINT('',(9.,4.,-1.65327317884893E-15));
#14039=AXIS2_PLACEMENT_3D('',#14040,#14041,#14042);
#14040=CARTESIAN_POINT('',(9.,-6.842277657836E-49,-1.65327317884893E-15));
#14041=DIRECTION('',(1.,1.3684555315672E-48,-1.83697019872103E-16));
#14042=DIRECTION('',(3.37445951098918E-32,1.,1.83697019872103E-16));
#14043=CARTESIAN_POINT('',(10.,2.5,-1.99005104861445E-15));
#14044=AXIS2_PLACEMENT_3D('',#14045,#14046,#14047);
#14045=CARTESIAN_POINT('',(10.,0.,-1.83697019872103E-15));
#14046=DIRECTION('',(1.,0.,-1.83697019872103E-16));
#14047=DIRECTION('',(1.1248198369964E-32,1.,6.12323399573677E-17));
#14048=CARTESIAN_POINT('',(4.,17.5,-7.34788079488411E-16));
#14049=AXIS2_PLACEMENT_3D('',#14050,#14051,#14052);
#14050=CARTESIAN_POINT('',(4.,2.E-300,-7.34788079488411E-16));
#14051=DIRECTION('',(1.,0.,-1.83697019872103E-16));
#14052=DIRECTION('',(3.37445951098918E-32,1.,1.83697019872103E-16));
#14053=CARTESIAN_POINT('',(4.5,5.,-7.65566085210816E-16));
#14054=AXIS2_PLACEMENT_3D('',#14055,#14056,#14057);
#14055=CARTESIAN_POINT('',(4.5,10.,-3.2146978477618E-15));
#14056=DIRECTION('',(1.,0.,-1.83697019872103E-16));
#14057=DIRECTION('',(7.64758574182227E-32,-1.,4.16315177412612E-16));
#14058=CARTESIAN_POINT('',(4.5,-5.,3.98010209722891E-16));
#14059=AXIS2_PLACEMENT_3D('',#14060,#14061,#14062);
#14060=CARTESIAN_POINT('',(4.5,-10.,7.04171909509728E-16));
#14061=DIRECTION('',(1.,0.,-1.83697019872103E-16));
#14062=DIRECTION('',(1.12481983699639E-32,1.,6.12323399573677E-17));
#14063=CARTESIAN_POINT('',(4.5,-5.81788147466849E-16,-5.));
#14064=AXIS2_PLACEMENT_3D('',#14065,#14066,#14067);
#14065=CARTESIAN_POINT('',(4.5,-1.95943487863576E-15,-10.));
#14066=DIRECTION('',(1.,0.,-1.83697019872103E-16));
#14067=DIRECTION('',(1.83697019872103E-16,1.77541418727622E-16,1.));
#14068=CARTESIAN_POINT('',(4.5,1.48488424396617E-15,5.));
#14069=AXIS2_PLACEMENT_3D('',#14070,#14071,#14072);
#14070=CARTESIAN_POINT('',(4.5,3.18408167778312E-15,10.));
#14071=DIRECTION('',(1.,0.,-1.83697019872103E-16));
#14072=DIRECTION('',(-1.83697019872103E-16,-1.83697019872103E-16,-1.));
#14073=CARTESIAN_POINT('',(10.,3.,-1.77573785876366E-15));
#14074=AXIS2_PLACEMENT_3D('',#14075,#14076,#14077);
#14075=CARTESIAN_POINT('',(10.,0.,-1.83697019872103E-15));
#14076=DIRECTION('',(1.,0.,-1.83697019872103E-16));
#14077=DIRECTION('',(1.12481983699639E-32,1.,6.12323399573677E-17));
#14078=CARTESIAN_POINT('',(1.,17.5,-1.25526296912604E-15));
#14079=AXIS2_PLACEMENT_3D('',#14080,#14081,#14082);
#14080=CARTESIAN_POINT('',(1.,2.E-300,-1.83697019872103E-16));
#14081=DIRECTION('',(1.,0.,-1.83697019872103E-16));
#14082=DIRECTION('',(1.12481983699639E-32,1.,6.12323399573677E-17));
#14083=CARTESIAN_POINT('',(1.,5.,-1.65327317884893E-15));
#14084=AXIS2_PLACEMENT_3D('',#14085,#14086,#14087);
#14085=CARTESIAN_POINT('',(1.,10.,-2.57175827820944E-15));
#14086=DIRECTION('',(1.,2.24963967399279E-32,1.83697019872103E-16));
#14087=DIRECTION('',(1.1248198369964E-32,-1.,6.12323399573677E-17));
#14088=CARTESIAN_POINT('',(1.,-5.,1.04094977927525E-15));
#14089=AXIS2_PLACEMENT_3D('',#14090,#14091,#14092);
#14090=CARTESIAN_POINT('',(1.,-10.,1.34711147906209E-15));
#14091=DIRECTION('',(1.,0.,-1.83697019872103E-16));
#14092=DIRECTION('',(1.1248198369964E-32,1.,6.12323399573677E-17));
#14093=CARTESIAN_POINT('',(1.,-1.34711147906208E-15,-5.));
#14094=AXIS2_PLACEMENT_3D('',#14095,#14096,#14097);
#14095=CARTESIAN_POINT('',(1.,-1.95943487863576E-15,-10.));
#14096=DIRECTION('',(1.,1.83697019872103E-16,-1.12481983699639E-32));
#14097=DIRECTION('',(1.12481983699639E-32,2.06626051949262E-48,1.));
#14098=CARTESIAN_POINT('',(1.,1.95943487863577E-15,5.));
#14099=AXIS2_PLACEMENT_3D('',#14100,#14101,#14102);
#14100=CARTESIAN_POINT('',(1.,3.18408167778312E-15,10.));
#14101=DIRECTION('',(1.,-1.83697019872103E-16,3.37445951098918E-32));
#14102=DIRECTION('',(1.1248198369964E-32,-1.22464679914735E-16,-1.));
#14103=CARTESIAN_POINT('',(-6.18650910348016E-32,16.5,-1.01033360929657E-15));
#14104=AXIS2_PLACEMENT_3D('',#14105,#14106,#14107);
#14105=CARTESIAN_POINT('',(3.67394043297444E-316,2.E-300,2.E-300));
#14106=DIRECTION('',(1.,0.,-1.83697019872103E-16));
#14107=DIRECTION('',(1.12481983699639E-32,1.,6.12323399573677E-17));
#14108=CARTESIAN_POINT('',(1.,14.,-3.79640507735679E-15));
#14109=AXIS2_PLACEMENT_3D('',#14110,#14111,#14112);
#14110=CARTESIAN_POINT('',(1.,10.,-2.57175827820944E-15));
#14111=DIRECTION('',(1.,2.24963967399279E-32,1.83697019872103E-16));
#14112=DIRECTION('',(1.12481983699639E-32,1.,-1.83697019872103E-16));
#14113=CARTESIAN_POINT('',(1.,-14.,2.0818995585505E-15));
#14114=AXIS2_PLACEMENT_3D('',#14115,#14116,#14117);
#14115=CARTESIAN_POINT('',(1.,-10.,1.34711147906209E-15));
#14116=DIRECTION('',(1.,0.,-1.83697019872103E-16));
#14117=DIRECTION('',(1.12481983699639E-32,-1.,6.12323399573677E-17));
#14118=CARTESIAN_POINT('',(1.,-2.93915231795365E-15,-14.));
#14119=AXIS2_PLACEMENT_3D('',#14120,#14121,#14122);
#14120=CARTESIAN_POINT('',(1.,-1.95943487863577E-15,-10.));
#14121=DIRECTION('',(1.,1.83697019872103E-16,-1.12481983699639E-32));
#14122=DIRECTION('',(1.12481983699639E-32,-1.22464679914735E-16,-1.));
#14123=CARTESIAN_POINT('',(1.,4.65365783675994E-15,14.));
#14124=AXIS2_PLACEMENT_3D('',#14125,#14126,#14127);
#14125=CARTESIAN_POINT('',(1.,3.18408167778312E-15,10.));
#14126=DIRECTION('',(1.,-1.83697019872103E-16,3.37445951098918E-32));
#14127=DIRECTION('',(1.1248198369964E-32,2.44929359829471E-16,1.));
#14128=CARTESIAN_POINT('',(-2.57175827820944E-15,-3.12284933782575E-15,-14.));
#14129=AXIS2_PLACEMENT_3D('',#14130,#14131,#14132);
#14130=CARTESIAN_POINT('',(-1.83697019872103E-15,-2.14313189850787E-15,-10.));
#14131=DIRECTION('',(1.,0.,-1.83697019872103E-16));
#14132=DIRECTION('',(-1.83697019872103E-16,-1.22464679914735E-16,-1.));
#14133=CARTESIAN_POINT('',(-7.03879826061475E-31,14.,-3.98010209722889E-15));
#14134=AXIS2_PLACEMENT_3D('',#14135,#14136,#14137);
#14135=CARTESIAN_POINT('',(-5.06168926648376E-31,10.,-2.75545529808154E-15));
#14136=DIRECTION('',(1.,0.,-1.83697019872103E-16));
#14137=DIRECTION('',(-3.37445951098918E-32,1.,-1.83697019872103E-16));
#14138=CARTESIAN_POINT('',(2.57175827820944E-15,4.83735485663204E-15,14.));
#14139=AXIS2_PLACEMENT_3D('',#14140,#14141,#14142);
#14140=CARTESIAN_POINT('',(1.83697019872103E-15,3.36777869765522E-15,10.));
#14141=DIRECTION('',(1.,0.,-1.83697019872103E-16));
#14142=DIRECTION('',(1.83697019872103E-16,2.44929359829471E-16,1.));
#14143=CARTESIAN_POINT('',(4.6741982373831E-31,-14.,2.2655965784226E-15));
#14144=AXIS2_PLACEMENT_3D('',#14145,#14146,#14147);
#14145=CARTESIAN_POINT('',(2.81204959249098E-31,-10.,1.53080849893419E-15));
#14146=DIRECTION('',(1.,0.,-1.83697019872103E-16));
#14147=DIRECTION('',(1.12481983699639E-32,-1.,6.12323399573677E-17));
#14148=CARTESIAN_POINT('',(5.,2.5,-1.07156594925393E-15));
#14149=AXIS2_PLACEMENT_3D('',#14150,#14151,#14152);
#14150=CARTESIAN_POINT('',(5.,-1.09476442525376E-47,-9.18485099360515E-16));
#14151=DIRECTION('',(1.,0.,-1.83697019872103E-16));
#14152=DIRECTION('',(1.1248198369964E-32,1.,6.12323399573677E-17));
#14153=CARTESIAN_POINT('',(5.,29.,-3.26572479772626E-16));
#14154=AXIS2_PLACEMENT_3D('',#14155,#14156,#14157);
#14155=CARTESIAN_POINT('',(5.,-1.09476442525376E-47,-9.18485099360515E-16));
#14156=DIRECTION('',(1.,0.,-1.83697019872103E-16));
#14157=DIRECTION('',(1.12481983699639E-32,1.,6.12323399573677E-17));
#14158=CARTESIAN_POINT('',(5.,6.,-7.96020419445782E-16));
#14159=AXIS2_PLACEMENT_3D('',#14160,#14161,#14162);
#14160=CARTESIAN_POINT('',(5.,-1.09476442525376E-47,-9.18485099360515E-16));
#14161=DIRECTION('',(1.,0.,-1.83697019872103E-16));
#14162=DIRECTION('',(1.12481983699639E-32,1.,6.12323399573677E-17));
#14163=CARTESIAN_POINT('',(5.,-10.253048327205,10.253048327205));
#14164=AXIS2_PLACEMENT_3D('',#14165,#14166,#14167);
#14165=CARTESIAN_POINT('',(5.,-14.142135623731,14.142135623731));
#14166=DIRECTION('',(1.,0.,-1.83697019872103E-16));
#14167=DIRECTION('',(-1.29893408435324E-16,0.707106781186547,-0.707106781186548));
#14168=CARTESIAN_POINT('',(5.00000000000002,10.253048327205,10.2530483272049));
#14169=AXIS2_PLACEMENT_3D('',#14170,#14171,#14172);
#14170=CARTESIAN_POINT('',(5.,14.142135623731,14.1421356237309));
#14171=DIRECTION('',(1.,0.,-1.83697019872103E-16));
#14172=DIRECTION('',(-1.29893408435324E-16,-0.707106781186548,-0.707106781186547));
#14173=CARTESIAN_POINT('',(5.,10.253048327205,-10.253048327205));
#14174=AXIS2_PLACEMENT_3D('',#14175,#14176,#14177);
#14175=CARTESIAN_POINT('',(5.,14.142135623731,-14.142135623731));
#14176=DIRECTION('',(1.,0.,-1.83697019872103E-16));
#14177=DIRECTION('',(1.29893408435324E-16,-0.707106781186547,0.707106781186548));
#14178=CARTESIAN_POINT('',(5.,-10.253048327205,-10.253048327205));
#14179=AXIS2_PLACEMENT_3D('',#14180,#14181,#14182);
#14180=CARTESIAN_POINT('',(5.,-14.142135623731,-14.142135623731));
#14181=DIRECTION('',(1.,0.,-1.83697019872103E-16));
#14182=DIRECTION('',(1.29893408435324E-16,0.707106781186548,0.707106781186547));
#14183=CARTESIAN_POINT('',(5.,-14.5,-3.0616169978684E-17));
#14184=AXIS2_PLACEMENT_3D('',#14185,#14186,#14187);
#14185=CARTESIAN_POINT('',(5.,-20.,3.06161699786838E-16));
#14186=DIRECTION('',(1.,0.,-1.83697019872103E-16));
#14187=DIRECTION('',(1.12481983699639E-32,1.,6.12323399573677E-17));
#14188=CARTESIAN_POINT('',(5.,-5.33973861194385E-16,-14.5));
#14189=AXIS2_PLACEMENT_3D('',#14190,#14191,#14192);
#14190=CARTESIAN_POINT('',(5.,-2.2655965784226E-15,-20.));
#14191=DIRECTION('',(1.,0.,-1.83697019872103E-16));
#14192=DIRECTION('',(1.83697019872103E-16,2.22044604925031E-16,1.));
#14193=CARTESIAN_POINT('',(5.,14.5,1.91692973305204E-17));
#14194=AXIS2_PLACEMENT_3D('',#14195,#14196,#14197);
#14195=CARTESIAN_POINT('',(5.,20.,-3.00038465791102E-15));
#14196=DIRECTION('',(1.,0.,-1.83697019872103E-16));
#14197=DIRECTION('',(9.28260627767774E-32,-1.,5.0532154980743E-16));
#14198=CARTESIAN_POINT('',(5.,9.07793738415574E-16,14.5));
#14199=AXIS2_PLACEMENT_3D('',#14200,#14201,#14202);
#14200=CARTESIAN_POINT('',(5.,2.2655965784226E-15,20.));
#14201=DIRECTION('',(1.,0.,-1.83697019872103E-16));
#14202=DIRECTION('',(-1.83697019872103E-16,-1.22464679914735E-16,-1.));
#14203=CARTESIAN_POINT('',(9.,5.,-1.65327317884893E-15));
#14204=AXIS2_PLACEMENT_3D('',#14205,#14206,#14207);
#14205=CARTESIAN_POINT('',(9.,-1.09476442525376E-47,-1.65327317884893E-15));
#14206=DIRECTION('',(1.,0.,-1.83697019872103E-16));
#14207=DIRECTION('',(3.37445951098918E-32,1.,1.83697019872103E-16));
#14208=CARTESIAN_POINT('',(6.,5.,-1.10218211923262E-15));
#14209=AXIS2_PLACEMENT_3D('',#14210,#14211,#14212);
#14210=CARTESIAN_POINT('',(6.,-1.09476442525376E-47,-1.10218211923262E-15));
#14211=DIRECTION('',(1.,0.,-1.83697019872103E-16));
#14212=DIRECTION('',(1.12481983699639E-32,1.,6.12323399573677E-17));
#14213=CARTESIAN_POINT('',(10.,2.5,-1.99005104861445E-15));
#14214=AXIS2_PLACEMENT_3D('',#14215,#14216,#14217);
#14215=CARTESIAN_POINT('',(10.,0.,-1.83697019872103E-15));
#14216=DIRECTION('',(1.,0.,-1.83697019872103E-16));
#14217=DIRECTION('',(1.1248198369964E-32,1.,6.12323399573677E-17));
#14218=CARTESIAN_POINT('',(4.,30.,-7.34788079488411E-16));
#14219=AXIS2_PLACEMENT_3D('',#14220,#14221,#14222);
#14220=CARTESIAN_POINT('',(4.,-6.842277657836E-49,-7.34788079488411E-16));
#14221=DIRECTION('',(1.,1.3684555315672E-48,-1.83697019872103E-16));
#14222=DIRECTION('',(3.37445951098918E-32,1.,1.83697019872103E-16));
#14223=CARTESIAN_POINT('',(4.5,1.01835213000527E-15,15.));
#14224=AXIS2_PLACEMENT_3D('',#14225,#14226,#14227);
#14225=CARTESIAN_POINT('',(4.5,2.2655965784226E-15,20.));
#14226=DIRECTION('',(1.,0.,-1.83697019872103E-16));
#14227=DIRECTION('',(-1.83697019872103E-16,-1.25380505626991E-16,-1.));
#14228=CARTESIAN_POINT('',(4.5,15.,-6.85380878123785E-16));
#14229=AXIS2_PLACEMENT_3D('',#14230,#14231,#14232);
#14230=CARTESIAN_POINT('',(4.5,20.,-2.90853614797497E-15));
#14231=DIRECTION('',(1.,0.,-1.83697019872103E-16));
#14232=DIRECTION('',(7.11195724801447E-32,-1.,3.87156920290056E-16));
#14233=CARTESIAN_POINT('',(4.5,-8.87949847253688E-16,-15.));
#14234=AXIS2_PLACEMENT_3D('',#14235,#14236,#14237);
#14235=CARTESIAN_POINT('',(4.5,-2.2655965784226E-15,-20.));
#14236=DIRECTION('',(1.,0.,-1.83697019872103E-16));
#14237=DIRECTION('',(1.83697019872103E-16,1.77541418727622E-16,1.));
#14238=CARTESIAN_POINT('',(4.5,-15.,9.18485099360513E-17));
#14239=AXIS2_PLACEMENT_3D('',#14240,#14241,#14242);
#14240=CARTESIAN_POINT('',(4.5,-20.,3.9801020972289E-16));
#14241=DIRECTION('',(1.,0.,-1.83697019872103E-16));
#14242=DIRECTION('',(1.12481983699639E-32,1.,6.12323399573676E-17));
#14243=CARTESIAN_POINT('',(4.5,-10.6066017177983,-10.6066017177983));
#14244=AXIS2_PLACEMENT_3D('',#14245,#14246,#14247);
#14245=CARTESIAN_POINT('',(4.5,-14.142135623731,-14.142135623731));
#14246=DIRECTION('',(1.,1.23259516440783E-32,-1.83697019872103E-16));
#14247=DIRECTION('',(1.29893408435324E-16,0.707106781186548,0.707106781186547));
#14248=CARTESIAN_POINT('',(4.5,10.6066017177983,-10.6066017177983));
#14249=AXIS2_PLACEMENT_3D('',#14250,#14251,#14252);
#14250=CARTESIAN_POINT('',(4.5,14.142135623731,-14.142135623731));
#14251=DIRECTION('',(1.,0.,-1.83697019872103E-16));
#14252=DIRECTION('',(1.29893408435324E-16,-0.707106781186548,0.707106781186548));
#14253=CARTESIAN_POINT('',(4.5,10.6066017177983,10.6066017177983));
#14254=AXIS2_PLACEMENT_3D('',#14255,#14256,#14257);
#14255=CARTESIAN_POINT('',(4.5,14.142135623731,14.142135623731));
#14256=DIRECTION('',(1.,1.23259516440783E-32,-1.83697019872103E-16));
#14257=DIRECTION('',(-1.29893408435324E-16,-0.707106781186548,-0.707106781186547));
#14258=CARTESIAN_POINT('',(4.5,-10.6066017177983,10.6066017177983));
#14259=AXIS2_PLACEMENT_3D('',#14260,#14261,#14262);
#14260=CARTESIAN_POINT('',(4.5,-14.142135623731,14.142135623731));
#14261=DIRECTION('',(1.,1.23259516440783E-32,-1.83697019872103E-16));
#14262=DIRECTION('',(-1.29893408435324E-16,0.707106781186547,-0.707106781186548));
#14263=CARTESIAN_POINT('',(10.,4.,-1.75532707877787E-15));
#14264=AXIS2_PLACEMENT_3D('',#14265,#14266,#14267);
#14265=CARTESIAN_POINT('',(10.,-2.18952885050753E-47,-1.83697019872103E-15));
#14266=DIRECTION('',(1.,0.,-1.83697019872103E-16));
#14267=DIRECTION('',(1.12481983699639E-32,1.,6.12323399573677E-17));
#14268=CARTESIAN_POINT('',(1.,30.,-2.02066721859313E-15));
#14269=AXIS2_PLACEMENT_3D('',#14270,#14271,#14272);
#14270=CARTESIAN_POINT('',(1.,2.E-300,-1.83697019872103E-16));
#14271=DIRECTION('',(1.,0.,-1.83697019872103E-16));
#14272=DIRECTION('',(1.12481983699639E-32,1.,6.12323399573677E-17));
#14273=CARTESIAN_POINT('',(1.,1.65327317884892E-15,15.));
#14274=AXIS2_PLACEMENT_3D('',#14275,#14276,#14277);
#14275=CARTESIAN_POINT('',(1.,2.2655965784226E-15,20.));
#14276=DIRECTION('',(1.,-1.83697019872103E-16,0.));
#14277=DIRECTION('',(-3.79565899710177E-64,0.,-1.));
#14278=CARTESIAN_POINT('',(1.,15.,-1.65327317884892E-15));
#14279=AXIS2_PLACEMENT_3D('',#14280,#14281,#14282);
#14280=CARTESIAN_POINT('',(1.,20.,-2.2655965784226E-15));
#14281=DIRECTION('',(1.,0.,1.83697019872103E-16));
#14282=DIRECTION('',(-3.79565899710177E-64,-1.,0.));
#14283=CARTESIAN_POINT('',(1.,-1.65327317884892E-15,-15.));
#14284=AXIS2_PLACEMENT_3D('',#14285,#14286,#14287);
#14285=CARTESIAN_POINT('',(1.,-2.2655965784226E-15,-20.));
#14286=DIRECTION('',(1.,1.83697019872103E-16,0.));
#14287=DIRECTION('',(-3.79565899710177E-64,0.,1.));
#14288=CARTESIAN_POINT('',(1.,-15.,7.34788079488412E-16));
#14289=AXIS2_PLACEMENT_3D('',#14290,#14291,#14292);
#14290=CARTESIAN_POINT('',(1.,-20.,1.04094977927525E-15));
#14291=DIRECTION('',(1.,0.,-1.83697019872103E-16));
#14292=DIRECTION('',(1.12481983699639E-32,1.,6.12323399573677E-17));
#14293=CARTESIAN_POINT('',(1.,-10.6066017177983,-10.6066017177982));
#14294=AXIS2_PLACEMENT_3D('',#14295,#14296,#14297);
#14295=CARTESIAN_POINT('',(1.,-14.142135623731,-14.1421356237309));
#14296=DIRECTION('',(1.,1.29893408435324E-16,-1.29893408435324E-16));
#14297=DIRECTION('',(-1.07775327411441E-33,0.707106781186548,0.707106781186548));
#14298=CARTESIAN_POINT('',(1.,10.6066017177982,-10.6066017177983));
#14299=AXIS2_PLACEMENT_3D('',#14300,#14301,#14302);
#14300=CARTESIAN_POINT('',(1.,14.1421356237309,-14.142135623731));
#14301=DIRECTION('',(1.,1.29893408435324E-16,1.29893408435324E-16));
#14302=DIRECTION('',(-1.07775327411441E-33,-0.707106781186548,0.707106781186548));
#14303=CARTESIAN_POINT('',(1.,10.6066017177983,10.6066017177982));
#14304=AXIS2_PLACEMENT_3D('',#14305,#14306,#14307);
#14305=CARTESIAN_POINT('',(1.,14.142135623731,14.1421356237309));
#14306=DIRECTION('',(1.,-1.29893408435324E-16,1.29893408435324E-16));
#14307=DIRECTION('',(-1.07775327411441E-33,-0.707106781186548,-0.707106781186548));
#14308=CARTESIAN_POINT('',(1.,-10.6066017177982,10.6066017177983));
#14309=AXIS2_PLACEMENT_3D('',#14310,#14311,#14312);
#14310=CARTESIAN_POINT('',(1.,-14.1421356237309,14.142135623731));
#14311=DIRECTION('',(1.,-1.29893408435324E-16,-1.29893408435324E-16));
#14312=DIRECTION('',(-1.07775327411441E-33,0.707106781186548,-0.707106781186548));
#14313=CARTESIAN_POINT('',(-1.08732584242985E-31,29.,-1.77573785876366E-15));
#14314=AXIS2_PLACEMENT_3D('',#14315,#14316,#14317);
#14315=CARTESIAN_POINT('',(3.67394043297444E-316,2.E-300,2.E-300));
#14316=DIRECTION('',(1.,0.,-1.83697019872103E-16));
#14317=DIRECTION('',(1.12481983699639E-32,1.,6.12323399573677E-17));
#14318=CARTESIAN_POINT('',(1.,3.24531401774049E-15,24.));
#14319=AXIS2_PLACEMENT_3D('',#14320,#14321,#14322);
#14320=CARTESIAN_POINT('',(1.,2.2655965784226E-15,20.));
#14321=DIRECTION('',(1.,-1.83697019872103E-16,0.));
#14322=DIRECTION('',(2.24963967399278E-32,1.22464679914735E-16,1.));
#14323=CARTESIAN_POINT('',(1.,24.,-3.24531401774049E-15));
#14324=AXIS2_PLACEMENT_3D('',#14325,#14326,#14327);
#14325=CARTESIAN_POINT('',(1.,20.,-2.2655965784226E-15));
#14326=DIRECTION('',(1.,0.,1.83697019872103E-16));
#14327=DIRECTION('',(2.24963967399278E-32,1.,-1.22464679914735E-16));
#14328=CARTESIAN_POINT('',(1.,-3.24531401774049E-15,-24.));
#14329=AXIS2_PLACEMENT_3D('',#14330,#14331,#14332);
#14330=CARTESIAN_POINT('',(1.,-2.2655965784226E-15,-20.));
#14331=DIRECTION('',(1.,1.83697019872103E-16,0.));
#14332=DIRECTION('',(2.24963967399278E-32,-1.22464679914735E-16,-1.));
#14333=CARTESIAN_POINT('',(1.,-24.,1.77573785876366E-15));
#14334=AXIS2_PLACEMENT_3D('',#14335,#14336,#14337);
#14335=CARTESIAN_POINT('',(1.,-20.,1.04094977927525E-15));
#14336=DIRECTION('',(1.,0.,-1.83697019872103E-16));
#14337=DIRECTION('',(1.12481983699639E-32,-1.,6.12323399573677E-17));
#14338=CARTESIAN_POINT('',(1.,-16.9705627484772,-16.9705627484772));
#14339=AXIS2_PLACEMENT_3D('',#14340,#14341,#14342);
#14340=CARTESIAN_POINT('',(1.,-14.142135623731,-14.142135623731));
#14341=DIRECTION('',(1.,1.29893408435324E-16,-1.29893408435324E-16));
#14342=DIRECTION('',(1.07775327411441E-33,-0.707106781186548,-0.707106781186548));
#14343=CARTESIAN_POINT('',(1.,16.9705627484772,-16.9705627484772));
#14344=AXIS2_PLACEMENT_3D('',#14345,#14346,#14347);
#14345=CARTESIAN_POINT('',(1.,14.142135623731,-14.142135623731));
#14346=DIRECTION('',(1.,1.29893408435324E-16,1.29893408435324E-16));
#14347=DIRECTION('',(1.07775327411441E-33,0.707106781186548,-0.707106781186548));
#14348=CARTESIAN_POINT('',(1.,16.9705627484772,16.9705627484772));
#14349=AXIS2_PLACEMENT_3D('',#14350,#14351,#14352);
#14350=CARTESIAN_POINT('',(1.,14.142135623731,14.142135623731));
#14351=DIRECTION('',(1.,-1.29893408435324E-16,1.29893408435324E-16));
#14352=DIRECTION('',(1.07775327411441E-33,0.707106781186548,0.707106781186548));
#14353=CARTESIAN_POINT('',(1.,-16.9705627484772,16.9705627484772));
#14354=AXIS2_PLACEMENT_3D('',#14355,#14356,#14357);
#14355=CARTESIAN_POINT('',(1.,-14.142135623731,14.142135623731));
#14356=DIRECTION('',(1.,-1.29893408435324E-16,-1.29893408435324E-16));
#14357=DIRECTION('',(1.07775327411441E-33,-0.707106781186548,0.707106781186548));
#14358=CARTESIAN_POINT('',(-3.11744180244778E-15,-16.9705627484772,-16.9705627484772));
#14359=AXIS2_PLACEMENT_3D('',#14360,#14361,#14362);
#14360=CARTESIAN_POINT('',(-2.59786816870649E-15,-14.142135623731,-14.142135623731));
#14361=DIRECTION('',(1.,0.,-1.83697019872103E-16));
#14362=DIRECTION('',(-1.29893408435324E-16,-0.707106781186547,-0.707106781186547));
#14363=CARTESIAN_POINT('',(-4.40872847693047E-15,-3.42901103761259E-15,-24.));
#14364=AXIS2_PLACEMENT_3D('',#14365,#14366,#14367);
#14365=CARTESIAN_POINT('',(-3.67394039744206E-15,-2.44929359829471E-15,-20.));
#14366=DIRECTION('',(1.,0.,-1.83697019872103E-16));
#14367=DIRECTION('',(-1.83697019872103E-16,-1.22464679914735E-16,-1.));
#14368=CARTESIAN_POINT('',(-3.11744180244778E-15,16.9705627484772,-16.9705627484772));
#14369=AXIS2_PLACEMENT_3D('',#14370,#14371,#14372);
#14370=CARTESIAN_POINT('',(-2.59786816870649E-15,14.142135623731,-14.142135623731));
#14371=DIRECTION('',(1.,0.,-1.83697019872103E-16));
#14372=DIRECTION('',(-1.29893408435324E-16,0.707106781186547,-0.707106781186547));
#14373=CARTESIAN_POINT('',(-4.72920004646331E-31,24.,-3.42901103761259E-15));
#14374=AXIS2_PLACEMENT_3D('',#14375,#14376,#14377);
#14375=CARTESIAN_POINT('',(-4.49927934798558E-31,20.,-2.44929359829471E-15));
#14376=DIRECTION('',(1.,0.,-1.83697019872103E-16));
#14377=DIRECTION('',(-2.24963967399278E-32,1.,-1.22464679914735E-16));
#14378=CARTESIAN_POINT('',(3.11744180244778E-15,16.9705627484772,16.9705627484772));
#14379=AXIS2_PLACEMENT_3D('',#14380,#14381,#14382);
#14380=CARTESIAN_POINT('',(2.59786816870649E-15,14.142135623731,14.142135623731));
#14381=DIRECTION('',(1.,0.,-1.83697019872103E-16));
#14382=DIRECTION('',(1.29893408435324E-16,0.707106781186547,0.707106781186547));
#14383=CARTESIAN_POINT('',(4.40872847693047E-15,3.42901103761259E-15,24.));
#14384=AXIS2_PLACEMENT_3D('',#14385,#14386,#14387);
#14385=CARTESIAN_POINT('',(3.67394039744206E-15,2.44929359829471E-15,20.));
#14386=DIRECTION('',(1.,0.,-1.83697019872103E-16));
#14387=DIRECTION('',(1.83697019872103E-16,1.22464679914735E-16,1.));
#14388=CARTESIAN_POINT('',(3.11744180244778E-15,-16.9705627484772,16.9705627484772));
#14389=AXIS2_PLACEMENT_3D('',#14390,#14391,#14392);
#14390=CARTESIAN_POINT('',(2.59786816870649E-15,-14.142135623731,14.142135623731));
#14391=DIRECTION('',(1.,0.,-1.83697019872103E-16));
#14392=DIRECTION('',(1.29893408435324E-16,-0.707106781186547,0.707106781186547));
#14393=CARTESIAN_POINT('',(2.51457600149784E-31,-24.,1.95943487863576E-15));
#14394=AXIS2_PLACEMENT_3D('',#14395,#14396,#14397);
#14395=CARTESIAN_POINT('',(2.24963967399278E-31,-20.,1.22464679914735E-15));
#14396=DIRECTION('',(1.,0.,-1.83697019872103E-16));
#14397=DIRECTION('',(1.12481983699639E-32,-1.,6.12323399573677E-17));
#14398=CARTESIAN_POINT('',(30.,6.61437827766147,7.49999999999999));
#14399=CARTESIAN_POINT('',(30.,-6.61437827766147,7.49999999999999));
#14400=CARTESIAN_POINT('',(30.,6.61437827766147,7.49999999999999));
#14401=VECTOR('',#14402,1.);
#14402=DIRECTION('',(0.,-1.,3.35699888340126E-16));
#14403=CARTESIAN_POINT('',(30.,-6.61437827766148,-7.5));
#14404=AXIS2_PLACEMENT_3D('',#14405,#14406,#14407);
#14405=CARTESIAN_POINT('',(30.,0.,-5.51091059616309E-15));
#14406=DIRECTION('',(1.,0.,-1.83697019872103E-16));
#14407=DIRECTION('',(1.37772764904077E-16,-0.661437827766148,0.75));
#14408=CARTESIAN_POINT('',(30.,6.61437827766148,-7.5));
#14409=CARTESIAN_POINT('',(30.,-6.61437827766148,-7.50000000000001));
#14410=VECTOR('',#14411,1.);
#14411=DIRECTION('',(0.,1.,-1.3427995533605E-16));
#14412=AXIS2_PLACEMENT_3D('',#14413,#14414,#14415);
#14413=CARTESIAN_POINT('',(30.,0.,-5.51091059616309E-15));
#14414=DIRECTION('',(1.,1.23259516440783E-32,-1.83697019872103E-16));
#14415=DIRECTION('',(-1.37772764904077E-16,0.661437827766149,-0.749999999999999));
#14416=CARTESIAN_POINT('',(30.,2.5,-5.66399144605651E-15));
#14417=AXIS2_PLACEMENT_3D('',#14418,#14419,#14420);
#14418=CARTESIAN_POINT('',(30.,0.,-5.51091059616309E-15));
#14419=DIRECTION('',(1.,0.,-1.83697019872103E-16));
#14420=DIRECTION('',(1.12481983699639E-32,1.,6.12323399573676E-17));
#14421=CARTESIAN_POINT('',(40.,2.5,-7.50096164477754E-15));
#14422=AXIS2_PLACEMENT_3D('',#14423,#14424,#14425);
#14423=CARTESIAN_POINT('',(40.,0.,-7.34788079488412E-15));
#14424=DIRECTION('',(1.,0.,-1.83697019872103E-16));
#14425=DIRECTION('',(1.12481983699639E-32,1.,6.12323399573676E-17));
#14426=CARTESIAN_POINT('',(9.18485099360515E-16,6.61437827766147,7.5));
#14427=CARTESIAN_POINT('',(4.59242549680258E-16,6.61437827766147,7.5));
#14428=VECTOR('',#14429,1.);
#14429=DIRECTION('',(1.,0.,-1.77635683940025E-16));
#14430=CARTESIAN_POINT('',(3.26366152893765E-16,-6.61437827766148,7.5));
#14431=CARTESIAN_POINT('',(-1.08749301487986E-15,-6.61437827766148,7.5));
#14432=VECTOR('',#14433,1.);
#14433=DIRECTION('',(1.3427995533605E-16,1.,0.));
#14434=CARTESIAN_POINT('',(1.63183076446882E-16,-6.61437827766148,7.5));
#14435=VECTOR('',#14436,1.);
#14436=DIRECTION('',(1.,-3.5527136788005E-16,-1.77635683940025E-16));
#14437=CARTESIAN_POINT('',(-9.18485099360514E-16,-6.61437827766148,-7.5));
#14438=AXIS2_PLACEMENT_3D('',#14439,#14440,#14441);
#14439=CARTESIAN_POINT('',(1.8369702411905E-316,1.E-300,1.E-300));
#14440=DIRECTION('',(1.,0.,-1.83697019872103E-16));
#14441=DIRECTION('',(1.37772764904077E-16,-0.661437827766148,0.75));
#14442=CARTESIAN_POINT('',(-4.59242549680257E-16,-6.61437827766148,-7.5));
#14443=VECTOR('',#14444,1.);
#14444=DIRECTION('',(1.,-3.5527136788005E-16,-1.77635683940025E-16));
#14445=CARTESIAN_POINT('',(-1.51060404582726E-15,6.61437827766148,-7.5));
#14446=CARTESIAN_POINT('',(-6.88863824520387E-16,6.61437827766148,-7.5));
#14447=VECTOR('',#14448,1.);
#14448=DIRECTION('',(0.,-1.,-6.71399776680251E-17));
#14449=CARTESIAN_POINT('',(-7.5530202291363E-16,6.61437827766148,-7.5));
#14450=VECTOR('',#14451,1.);
#14451=DIRECTION('',(1.,3.5527136788005E-16,-1.77635683940025E-16));
#14452=AXIS2_PLACEMENT_3D('',#14453,#14454,#14455);
#14453=CARTESIAN_POINT('',(1.8369702411905E-316,1.E-300,1.E-300));
#14454=DIRECTION('',(1.,1.23259516440783E-32,-1.83697019872103E-16));
#14455=DIRECTION('',(-1.37772764904077E-16,0.661437827766149,-0.749999999999999));
#14456=CARTESIAN_POINT('',(107.,0.5,-5.));
#14457=CARTESIAN_POINT('',(107.,0.5,-0.5));
#14458=CARTESIAN_POINT('',(107.,0.5,-0.5));
#14459=VECTOR('',#14460,1.);
#14460=DIRECTION('',(0.,9.86864910777917E-17,-1.));
#14461=CARTESIAN_POINT('',(10.,0.500000000000001,-7.));
#14462=CARTESIAN_POINT('',(107.,0.5,-5.));
#14463=VECTOR('',#14464,1.);
#14464=DIRECTION('',(-0.999787505309968,1.14431660631719E-18,-0.0206141753672159));
#14465=CARTESIAN_POINT('',(10.,0.5,-0.5));
#14466=CARTESIAN_POINT('',(10.,0.500000000000001,-7.));
#14467=VECTOR('',#14468,1.);
#14468=DIRECTION('',(0.,-8.5401771125012E-17,1.));
#14469=CARTESIAN_POINT('',(107.,0.5,-0.5));
#14470=VECTOR('',#14471,1.);
#14471=DIRECTION('',(-1.,1.14455981920119E-18,-3.43367945760358E-18));
#14472=CARTESIAN_POINT('',(107.,-0.5,-5.));
#14473=CARTESIAN_POINT('',(107.,0.5,-5.));
#14474=VECTOR('',#14475,1.);
#14475=DIRECTION('',(0.,-1.,0.));
#14476=CARTESIAN_POINT('',(10.,-0.5,-7.));
#14477=CARTESIAN_POINT('',(107.,-0.5,-5.));
#14478=VECTOR('',#14479,1.);
#14479=DIRECTION('',(-0.999787505309968,0.,-0.0206141753672159));
#14480=CARTESIAN_POINT('',(10.,-0.5,-7.));
#14481=VECTOR('',#14482,1.);
#14482=DIRECTION('',(0.,1.,0.));
#14483=CARTESIAN_POINT('',(107.,-0.5,-0.5));
#14484=CARTESIAN_POINT('',(107.,-0.5,-5.));
#14485=VECTOR('',#14486,1.);
#14486=DIRECTION('',(0.,-9.86864910777917E-17,1.));
#14487=CARTESIAN_POINT('',(10.,-0.5,-0.5));
#14488=CARTESIAN_POINT('',(107.,-0.5,-0.5));
#14489=VECTOR('',#14490,1.);
#14490=DIRECTION('',(-1.,0.,1.14455981920119E-18));
#14491=CARTESIAN_POINT('',(10.,-0.5,-0.5));
#14492=VECTOR('',#14493,1.);
#14493=DIRECTION('',(0.,5.97812397875084E-17,-1.));
#14494=CARTESIAN_POINT('',(107.,-5.,-0.5));
#14495=CARTESIAN_POINT('',(107.,-0.5,-0.5));
#14496=VECTOR('',#14497,1.);
#14497=DIRECTION('',(0.,-1.,-9.86864910777917E-17));
#14498=CARTESIAN_POINT('',(10.,-7.,-0.5));
#14499=CARTESIAN_POINT('',(107.,-5.,-0.5));
#14500=VECTOR('',#14501,1.);
#14501=DIRECTION('',(-0.999787505309968,-0.0206141753672158,1.14431660631719E-18));
#14502=CARTESIAN_POINT('',(10.,-7.,-0.5));
#14503=VECTOR('',#14504,1.);
#14504=DIRECTION('',(0.,1.,1.02482125350014E-16));
#14505=CARTESIAN_POINT('',(107.,-5.,0.5));
#14506=CARTESIAN_POINT('',(107.,-5.,-0.5));
#14507=VECTOR('',#14508,1.);
#14508=DIRECTION('',(0.,0.,1.));
#14509=CARTESIAN_POINT('',(10.,-7.,0.5));
#14510=CARTESIAN_POINT('',(107.,-5.,0.5));
#14511=VECTOR('',#14512,1.);
#14512=DIRECTION('',(-0.999787505309968,-0.0206141753672158,0.));
#14513=CARTESIAN_POINT('',(10.,-7.,0.5));
#14514=VECTOR('',#14515,1.);
#14515=DIRECTION('',(0.,0.,-1.));
#14516=CARTESIAN_POINT('',(107.,-0.5,0.5));
#14517=CARTESIAN_POINT('',(107.,-5.,0.5));
#14518=VECTOR('',#14519,1.);
#14519=DIRECTION('',(0.,1.,9.86864910777917E-17));
#14520=CARTESIAN_POINT('',(10.,-0.5,0.5));
#14521=CARTESIAN_POINT('',(107.,-0.5,0.5));
#14522=VECTOR('',#14523,1.);
#14523=DIRECTION('',(-1.,1.14455981920119E-18,0.));
#14524=CARTESIAN_POINT('',(10.,-0.5,0.5));
#14525=VECTOR('',#14526,1.);
#14526=DIRECTION('',(0.,-1.,-1.11022302462516E-16));
#14527=CARTESIAN_POINT('',(107.,-0.500000000000001,5.));
#14528=CARTESIAN_POINT('',(107.,-0.5,0.5));
#14529=VECTOR('',#14530,1.);
#14530=DIRECTION('',(0.,-4.93432455388958E-17,1.));
#14531=CARTESIAN_POINT('',(10.,-0.5,7.));
#14532=CARTESIAN_POINT('',(107.,-0.500000000000001,5.));
#14533=VECTOR('',#14534,1.);
#14534=DIRECTION('',(-0.999787505309968,5.72158303158594E-18,0.0206141753672159));
#14535=CARTESIAN_POINT('',(10.,-0.5,7.));
#14536=VECTOR('',#14537,1.);
#14537=DIRECTION('',(0.,6.83214169000096E-17,-1.));
#14538=CARTESIAN_POINT('',(107.,0.5,5.));
#14539=CARTESIAN_POINT('',(107.,-0.500000000000001,5.));
#14540=VECTOR('',#14541,1.);
#14541=DIRECTION('',(0.,1.,0.));
#14542=CARTESIAN_POINT('',(10.,0.5,7.));
#14543=CARTESIAN_POINT('',(107.,0.5,5.));
#14544=VECTOR('',#14545,1.);
#14545=DIRECTION('',(-0.999787505309968,-1.71647490947578E-18,0.0206141753672159));
#14546=CARTESIAN_POINT('',(10.,0.5,7.));
#14547=VECTOR('',#14548,1.);
#14548=DIRECTION('',(0.,-1.,0.));
#14549=CARTESIAN_POINT('',(107.,0.5,0.5));
#14550=CARTESIAN_POINT('',(107.,0.5,5.));
#14551=VECTOR('',#14552,1.);
#14552=DIRECTION('',(0.,9.86864910777917E-17,-1.));
#14553=CARTESIAN_POINT('',(10.,0.5,0.5));
#14554=CARTESIAN_POINT('',(107.,0.5,0.5));
#14555=VECTOR('',#14556,1.);
#14556=DIRECTION('',(-1.,-2.28911963840238E-18,0.));
#14557=CARTESIAN_POINT('',(10.,0.5,0.5));
#14558=VECTOR('',#14559,1.);
#14559=DIRECTION('',(0.,-5.97812397875084E-17,1.));
#14560=CARTESIAN_POINT('',(107.,5.,0.5));
#14561=CARTESIAN_POINT('',(107.,0.5,0.5));
#14562=VECTOR('',#14563,1.);
#14563=DIRECTION('',(0.,1.,7.40148683083438E-17));
#14564=CARTESIAN_POINT('',(10.,7.0000000000003,0.5));
#14565=CARTESIAN_POINT('',(107.,5.,0.5));
#14566=VECTOR('',#14567,1.);
#14567=DIRECTION('',(-0.999787505309968,0.0206141753672188,1.14431660631719E-18));
#14568=CARTESIAN_POINT('',(10.,7.0000000000003,0.5));
#14569=VECTOR('',#14570,1.);
#14570=DIRECTION('',(0.,-1.,-6.83214169000065E-17));
#14571=CARTESIAN_POINT('',(107.,5.,-0.5));
#14572=CARTESIAN_POINT('',(107.,5.,0.5));
#14573=VECTOR('',#14574,1.);
#14574=DIRECTION('',(0.,0.,-1.));
#14575=CARTESIAN_POINT('',(10.,6.9999999999997,-0.5));
#14576=CARTESIAN_POINT('',(107.,5.,-0.5));
#14577=VECTOR('',#14578,1.);
#14578=DIRECTION('',(-0.999787505309968,0.0206141753672174,-2.28863321263438E-18));
#14579=CARTESIAN_POINT('',(10.,7.0000000000003,-0.5));
#14580=VECTOR('',#14581,1.);
#14581=DIRECTION('',(0.,0.,1.));
#14582=CARTESIAN_POINT('',(107.,5.,-0.5));
#14583=VECTOR('',#14584,1.);
#14584=DIRECTION('',(0.,-1.,-9.86864910777917E-17));
#14585=CARTESIAN_POINT('',(10.,0.5,-0.500000000000001));
#14586=VECTOR('',#14587,1.);
#14587=DIRECTION('',(0.,1.,0.));
#14588=CARTESIAN_POINT('',(107.,-2.4492935982947E-15,-10.));
#14589=AXIS2_PLACEMENT_3D('',#14590,#14591,#14592);
#14590=CARTESIAN_POINT('',(107.,0.,-1.9655581126315E-14));
#14591=DIRECTION('',(1.,0.,-1.83697019872103E-16));
#14592=DIRECTION('',(-1.83697019872103E-16,-1.22464679914735E-16,-1.));
#14593=CARTESIAN_POINT('',(10.,9.,-2.38806125833734E-15));
#14594=AXIS2_PLACEMENT_3D('',#14595,#14596,#14597);
#14595=CARTESIAN_POINT('',(10.,0.,-1.83697019872103E-15));
#14596=DIRECTION('',(1.,0.,-1.83697019872103E-16));
#14597=DIRECTION('',(1.12481983699639E-32,1.,6.12323399573677E-17));
#14598=CARTESIAN_POINT('',(108.,-2.4492935982947E-15,-10.));
#14599=AXIS2_PLACEMENT_3D('',#14600,#14601,#14602);
#14600=CARTESIAN_POINT('',(108.,0.,-1.98392781461871E-14));
#14601=DIRECTION('',(1.,0.,-1.83697019872103E-16));
#14602=DIRECTION('',(-1.83697019872103E-16,-1.22464679914735E-16,-1.));
#14603=CARTESIAN_POINT('',(-1.01233785329675E-31,9.,-5.51091059616309E-16));
#14604=AXIS2_PLACEMENT_3D('',#14605,#14606,#14607);
#14605=CARTESIAN_POINT('',(1.8369702411905E-316,1.E-300,1.E-300));
#14606=DIRECTION('',(1.,0.,-1.83697019872103E-16));
#14607=DIRECTION('',(1.12481983699639E-32,1.,6.12323399573677E-17));
#14608=CARTESIAN_POINT('',(91.,9.,-1.72675198679777E-14));
#14609=AXIS2_PLACEMENT_3D('',#14610,#14611,#14612);
#14610=CARTESIAN_POINT('',(91.,0.,-1.67164288083614E-14));
#14611=DIRECTION('',(1.,0.,-1.83697019872103E-16));
#14612=DIRECTION('',(1.12481983699639E-32,1.,6.12323399573676E-17));
#14613=CARTESIAN_POINT('',(1.,-9.,1.22464679914735E-16));
#14614=CARTESIAN_POINT('',(1.,9.,-2.04107799857892E-16));
#14615=AXIS2_PLACEMENT_3D('',#14616,#14617,#14618);
#14616=CARTESIAN_POINT('',(1.,1.E-300,-1.83697019872103E-16));
#14617=DIRECTION('',(1.,0.,-1.83697019872103E-16));
#14618=DIRECTION('',(-4.37429936609709E-32,-1.,-2.38125766500874E-16));
#14619=AXIS2_PLACEMENT_3D('',#14620,#14621,#14622);
#14620=CARTESIAN_POINT('',(1.,1.E-300,-1.83697019872103E-16));
#14621=DIRECTION('',(1.,0.,-1.83697019872103E-16));
#14622=DIRECTION('',(2.1246596921043E-32,1.,1.15661086586139E-16));
#14623=CARTESIAN_POINT('',(90.,7.65404249467096E-16,-10.));
#14624=CARTESIAN_POINT('',(90.,-1.53080849893419E-16,9.99999999999998));
#14625=AXIS2_PLACEMENT_3D('',#14626,#14627,#14628);
#14626=CARTESIAN_POINT('',(90.,0.,-1.65327317884893E-14));
#14627=DIRECTION('',(1.,0.,-1.83697019872103E-16));
#14628=DIRECTION('',(-1.83697019872103E-16,1.22464679914735E-16,-1.));
#14629=CARTESIAN_POINT('',(90.,-10.,-1.67368395883472E-14));
#14630=AXIS2_PLACEMENT_3D('',#14631,#14632,#14633);
#14631=CARTESIAN_POINT('',(90.,0.,-1.65327317884893E-14));
#14632=DIRECTION('',(1.,0.,-1.83697019872103E-16));
#14633=DIRECTION('',(-3.37445951098918E-32,-1.,-1.83697019872103E-16));
#14634=CARTESIAN_POINT('',(90.,-7.07106781186547,7.07106781186547));
#14635=AXIS2_PLACEMENT_3D('',#14636,#14637,#14638);
#14636=CARTESIAN_POINT('',(90.,0.,-1.65327317884893E-14));
#14637=DIRECTION('',(1.,0.,-1.83697019872103E-16));
#14638=DIRECTION('',(1.29893408435324E-16,-0.707106781186547,0.707106781186548));
#14639=AXIS2_PLACEMENT_3D('',#14640,#14641,#14642);
#14640=CARTESIAN_POINT('',(90.,0.,-1.65327317884893E-14));
#14641=DIRECTION('',(1.,0.,-1.83697019872103E-16));
#14642=DIRECTION('',(1.83697019872103E-16,0.,1.));
#14643=CARTESIAN_POINT('',(1.29893408435324E-15,-7.07106781186547,7.07106781186548));
#14644=CARTESIAN_POINT('',(-8.53960381738332E-31,10.,-4.66324619374395E-15));
#14645=AXIS2_PLACEMENT_3D('',#14646,#14647,#14648);
#14646=CARTESIAN_POINT('',(1.8369702411905E-316,1.E-300,1.E-300));
#14647=DIRECTION('',(-1.,0.,1.83697019872103E-16));
#14648=DIRECTION('',(1.29893408435324E-16,-0.707106781186547,0.707106781186548));
#14649=CARTESIAN_POINT('',(-8.97719398817998E-16,-10.,-8.87868929381831E-16));
#14650=AXIS2_PLACEMENT_3D('',#14651,#14652,#14653);
#14651=CARTESIAN_POINT('',(1.8369702411905E-316,1.E-300,1.E-300));
#14652=DIRECTION('',(-1.,0.,1.83697019872103E-16));
#14653=DIRECTION('',(1.12481983699639E-33,-1.,6.12323399573677E-18));
#14654=AXIS2_PLACEMENT_3D('',#14655,#14656,#14657);
#14655=CARTESIAN_POINT('',(1.8369702411905E-316,1.E-300,1.E-300));
#14656=DIRECTION('',(-1.,0.,1.83697019872103E-16));
#14657=DIRECTION('',(-1.05199080983738E-31,1.,-5.72677123760535E-16));
#14658=CARTESIAN_POINT('',(90.,-15.,9.99999999999998));
#14659=CARTESIAN_POINT('',(90.,-20.,4.99999999999998));
#14660=AXIS2_PLACEMENT_3D('',#14661,#14662,#14663);
#14661=CARTESIAN_POINT('',(90.,-15.,4.99999999999998));
#14662=DIRECTION('',(-1.,0.,1.83697019872103E-16));
#14663=DIRECTION('',(9.78934372881762E-32,-1.,5.32907051820075E-16));
#14664=CARTESIAN_POINT('',(90.,-7.65404249467095E-17,9.99999999999998));
#14665=VECTOR('',#14666,1.);
#14666=DIRECTION('',(0.,-1.,-2.368475785867E-16));
#14667=CARTESIAN_POINT('',(90.,-15.,-10.));
#14668=CARTESIAN_POINT('',(90.,-15.,-10.));
#14669=VECTOR('',#14670,1.);
#14670=DIRECTION('',(0.,1.,0.));
#14671=CARTESIAN_POINT('',(90.,-20.,-5.00000000000002));
#14672=AXIS2_PLACEMENT_3D('',#14673,#14674,#14675);
#14673=CARTESIAN_POINT('',(90.,-15.,-5.00000000000002));
#14674=DIRECTION('',(-1.,0.,1.83697019872103E-16));
#14675=DIRECTION('',(-1.83697019872103E-16,-3.5527136788005E-16,-1.));
#14676=CARTESIAN_POINT('',(90.,-20.,4.99999999999998));
#14677=VECTOR('',#14678,1.);
#14678=DIRECTION('',(0.,0.,-1.));
#14679=CARTESIAN_POINT('',(90.,20.,4.99999999999998));
#14680=CARTESIAN_POINT('',(90.,15.,9.99999999999998));
#14681=AXIS2_PLACEMENT_3D('',#14682,#14683,#14684);
#14682=CARTESIAN_POINT('',(90.,15.,4.99999999999998));
#14683=DIRECTION('',(-1.,0.,1.83697019872103E-16));
#14684=DIRECTION('',(1.83697019872103E-16,0.,1.));
#14685=CARTESIAN_POINT('',(90.,20.,-5.00000000000002));
#14686=CARTESIAN_POINT('',(90.,20.,-5.00000000000002));
#14687=VECTOR('',#14688,1.);
#14688=DIRECTION('',(0.,0.,1.));
#14689=CARTESIAN_POINT('',(90.,15.,-10.));
#14690=AXIS2_PLACEMENT_3D('',#14691,#14692,#14693);
#14691=CARTESIAN_POINT('',(90.,15.,-5.00000000000002));
#14692=DIRECTION('',(-1.,0.,1.83697019872103E-16));
#14693=DIRECTION('',(3.26311457627254E-32,1.,1.77635683940025E-16));
#14694=CARTESIAN_POINT('',(90.,3.82702124733548E-16,-10.));
#14695=VECTOR('',#14696,1.);
#14696=DIRECTION('',(0.,1.,1.1842378929335E-16));
#14697=CARTESIAN_POINT('',(90.,15.,9.99999999999998));
#14698=VECTOR('',#14699,1.);
#14699=DIRECTION('',(0.,-1.,4.736951571734E-16));
#14700=CARTESIAN_POINT('',(2.99951956532372E-32,8.,1.27000408800466E-16));
#14701=CARTESIAN_POINT('',(-4.49927934798558E-32,-8.,-2.17714986515086E-16));
#14702=AXIS2_PLACEMENT_3D('',#14703,#14704,#14705);
#14703=CARTESIAN_POINT('',(1.8369702411905E-316,1.E-300,1.E-300));
#14704=DIRECTION('',(1.,0.,-1.83697019872103E-16));
#14705=DIRECTION('',(3.37445951098918E-32,1.,1.83697019872103E-16));
#14706=AXIS2_PLACEMENT_3D('',#14707,#14708,#14709);
#14707=CARTESIAN_POINT('',(1.8369702411905E-316,1.E-300,1.E-300));
#14708=DIRECTION('',(1.,0.,-1.83697019872103E-16));
#14709=DIRECTION('',(-1.1248198369964E-32,-1.,-6.12323399573677E-17));
#14710=CARTESIAN_POINT('',(-8.98280646253589E-16,-2.,-5.));
#14711=CARTESIAN_POINT('',(-4.59242549680258E-16,2.,-5.));
#14712=AXIS2_PLACEMENT_3D('',#14713,#14714,#14715);
#14713=CARTESIAN_POINT('',(-9.18485099360515E-16,8.53959946505512E-16,-5.));
#14714=DIRECTION('',(-1.,0.,1.83697019872103E-16));
#14715=DIRECTION('',(0.,-1.,0.));
#14716=AXIS2_PLACEMENT_3D('',#14717,#14718,#14719);
#14717=CARTESIAN_POINT('',(-9.18485099360515E-16,8.53959946505512E-16,-5.));
#14718=DIRECTION('',(-1.,0.,1.83697019872103E-16));
#14719=DIRECTION('',(0.,1.,0.));
#14720=CARTESIAN_POINT('',(91.,15.,9.99999999999998));
#14721=CARTESIAN_POINT('',(91.,20.,4.99999999999998));
#14722=AXIS2_PLACEMENT_3D('',#14723,#14724,#14725);
#14723=CARTESIAN_POINT('',(91.,15.,4.99999999999998));
#14724=DIRECTION('',(1.,0.,-1.83697019872103E-16));
#14725=DIRECTION('',(0.,1.,0.));
#14726=CARTESIAN_POINT('',(91.,-15.,9.99999999999998));
#14727=CARTESIAN_POINT('',(91.,15.,9.99999999999999));
#14728=VECTOR('',#14729,1.);
#14729=DIRECTION('',(0.,-1.,-8.2896652505345E-16));
#14730=CARTESIAN_POINT('',(91.,-20.,4.99999999999998));
#14731=AXIS2_PLACEMENT_3D('',#14732,#14733,#14734);
#14732=CARTESIAN_POINT('',(91.,-15.,4.99999999999998));
#14733=DIRECTION('',(1.,2.18952885050753E-47,-1.83697019872103E-16));
#14734=DIRECTION('',(1.83697019872103E-16,-1.06581410364015E-15,1.));
#14735=CARTESIAN_POINT('',(91.,-20.,-5.00000000000002));
#14736=CARTESIAN_POINT('',(91.,-20.,4.99999999999998));
#14737=VECTOR('',#14738,1.);
#14738=DIRECTION('',(0.,0.,-1.));
#14739=CARTESIAN_POINT('',(91.,-15.,-10.));
#14740=AXIS2_PLACEMENT_3D('',#14741,#14742,#14743);
#14741=CARTESIAN_POINT('',(91.,-15.,-5.00000000000002));
#14742=DIRECTION('',(1.,0.,-1.83697019872103E-16));
#14743=DIRECTION('',(9.78934372881762E-32,-1.,5.32907051820075E-16));
#14744=CARTESIAN_POINT('',(91.,15.,-10.));
#14745=CARTESIAN_POINT('',(91.,-15.,-10.));
#14746=VECTOR('',#14747,1.);
#14747=DIRECTION('',(0.,1.,5.9211894646675E-17));
#14748=CARTESIAN_POINT('',(91.,20.,-5.00000000000002));
#14749=AXIS2_PLACEMENT_3D('',#14750,#14751,#14752);
#14750=CARTESIAN_POINT('',(91.,15.,-5.00000000000002));
#14751=DIRECTION('',(1.,0.,-1.83697019872103E-16));
#14752=DIRECTION('',(-1.83697019872103E-16,7.105427357601E-16,-1.));
#14753=CARTESIAN_POINT('',(91.,20.,-5.00000000000002));
#14754=VECTOR('',#14755,1.);
#14755=DIRECTION('',(0.,0.,1.));
#14756=CARTESIAN_POINT('',(-1.,-9.,-1.0654427152582E-15));
#14757=CARTESIAN_POINT('',(-1.,9.,1.53387011593206E-15));
#14758=AXIS2_PLACEMENT_3D('',#14759,#14760,#14761);
#14759=CARTESIAN_POINT('',(-1.,0.,1.83697019872103E-16));
#14760=DIRECTION('',(-1.,0.,1.83697019872103E-16));
#14761=DIRECTION('',(-1.12481983699639E-32,-1.,-6.12323399573677E-17));
#14762=AXIS2_PLACEMENT_3D('',#14763,#14764,#14765);
#14763=CARTESIAN_POINT('',(-1.,0.,1.83697019872103E-16));
#14764=DIRECTION('',(-1.,0.,1.83697019872103E-16));
#14765=DIRECTION('',(3.37445951098918E-32,1.,1.83697019872103E-16));
#14766=CARTESIAN_POINT('',(90.,-15.,-10.));
#14767=VECTOR('',#14768,1.);
#14768=DIRECTION('',(1.,0.,0.));
#14769=CARTESIAN_POINT('',(90.,15.,-10.));
#14770=VECTOR('',#14771,1.);
#14771=DIRECTION('',(1.,0.,0.));
#14772=CARTESIAN_POINT('',(90.,-20.,4.99999999999998));
#14773=VECTOR('',#14774,1.);
#14774=DIRECTION('',(1.,0.,0.));
#14775=CARTESIAN_POINT('',(90.,-20.,-5.00000000000002));
#14776=VECTOR('',#14777,1.);
#14777=DIRECTION('',(1.,0.,0.));
#14778=CARTESIAN_POINT('',(90.,15.,9.99999999999998));
#14779=VECTOR('',#14780,1.);
#14780=DIRECTION('',(1.,0.,0.));
#14781=CARTESIAN_POINT('',(90.,-15.,9.99999999999998));
#14782=VECTOR('',#14783,1.);
#14783=DIRECTION('',(1.,0.,0.));
#14784=CARTESIAN_POINT('',(90.,20.,4.99999999999998));
#14785=VECTOR('',#14786,1.);
#14786=DIRECTION('',(1.,0.,0.));
#14787=CARTESIAN_POINT('',(90.,20.,-5.00000000000002));
#14788=VECTOR('',#14789,1.);
#14789=DIRECTION('',(1.,0.,0.));
#14790=CARTESIAN_POINT('',(-1.,-0.999999999999999,-5.));
#14791=CARTESIAN_POINT('',(-1.,1.,-5.));
#14792=AXIS2_PLACEMENT_3D('',#14793,#14794,#14795);
#14793=CARTESIAN_POINT('',(-1.,8.53959946505512E-16,-5.));
#14794=DIRECTION('',(-1.,0.,1.83697019872103E-16));
#14795=DIRECTION('',(0.,-1.,0.));
#14796=AXIS2_PLACEMENT_3D('',#14797,#14798,#14799);
#14797=CARTESIAN_POINT('',(-1.,8.53959946505512E-16,-5.));
#14798=DIRECTION('',(-1.,0.,1.83697019872103E-16));
#14799=DIRECTION('',(0.,1.,0.));
#14800=CARTESIAN_POINT('',(-11.,-0.999999999999999,-5.));
#14801=CARTESIAN_POINT('',(-11.,1.,-5.));
#14802=AXIS2_PLACEMENT_3D('',#14803,#14804,#14805);
#14803=CARTESIAN_POINT('',(-11.,8.53959946505512E-16,-5.));
#14804=DIRECTION('',(-1.,0.,1.83697019872103E-16));
#14805=DIRECTION('',(0.,1.,0.));
#14806=AXIS2_PLACEMENT_3D('',#14807,#14808,#14809);
#14807=CARTESIAN_POINT('',(-11.,8.53959946505512E-16,-5.));
#14808=DIRECTION('',(-1.,0.,1.83697019872103E-16));
#14809=DIRECTION('',(0.,-1.,0.));
#14810=CARTESIAN_POINT('',(-1.,3.,-5.));
#14811=CARTESIAN_POINT('',(-1.,-3.,-5.));
#14812=AXIS2_PLACEMENT_3D('',#14813,#14814,#14815);
#14813=CARTESIAN_POINT('',(-1.,8.53959946505512E-16,-5.));
#14814=DIRECTION('',(-1.,0.,1.83697019872103E-16));
#14815=DIRECTION('',(0.,1.,0.));
#14816=AXIS2_PLACEMENT_3D('',#14817,#14818,#14819);
#14817=CARTESIAN_POINT('',(-1.,8.53959946505512E-16,-5.));
#14818=DIRECTION('',(-1.,0.,1.83697019872103E-16));
#14819=DIRECTION('',(0.,-1.,0.));
#14820=CARTESIAN_POINT('',(-10.,2.,-5.));
#14821=CARTESIAN_POINT('',(-10.,-2.,-5.));
#14822=AXIS2_PLACEMENT_3D('',#14823,#14824,#14825);
#14823=CARTESIAN_POINT('',(-10.,8.53959946505512E-16,-5.));
#14824=DIRECTION('',(-1.,0.,1.83697019872103E-16));
#14825=DIRECTION('',(0.,1.,0.));
#14826=AXIS2_PLACEMENT_3D('',#14827,#14828,#14829);
#14827=CARTESIAN_POINT('',(-10.,8.53959946505512E-16,-5.));
#14828=DIRECTION('',(-1.,0.,1.83697019872103E-16));
#14829=DIRECTION('',(0.,-1.,0.));
#14830=CARTESIAN_POINT('',(-2.,-2.,-5.));
#14831=CARTESIAN_POINT('',(-2.,2.,-5.));
#14832=AXIS2_PLACEMENT_3D('',#14833,#14834,#14835);
#14833=CARTESIAN_POINT('',(-2.,8.53959946505512E-16,-5.));
#14834=DIRECTION('',(-1.,0.,1.83697019872103E-16));
#14835=DIRECTION('',(0.,-1.,0.));
#14836=AXIS2_PLACEMENT_3D('',#14837,#14838,#14839);
#14837=CARTESIAN_POINT('',(-2.,8.53959946505512E-16,-5.));
#14838=DIRECTION('',(-1.,0.,1.83697019872103E-16));
#14839=DIRECTION('',(0.,1.,0.));
#14840=CARTESIAN_POINT('',(230.,-64.2475680473609,32.4999999999983));
#14841=CARTESIAN_POINT('',(3.98010209722858E-15,-64.2475680473609,32.4999999999983));
#14842=CARTESIAN_POINT('',(230.,-64.2475680473602,32.4999999999993));
#14843=VECTOR('',#14844,1.);
#14844=DIRECTION('',(-1.,0.,-8.03222223033157E-16));
#14845=CARTESIAN_POINT('',(-3.98010209722858E-15,-64.2475680473609,-32.4999999999983));
#14846=AXIS2_PLACEMENT_3D('',#14847,#14848,#14849);
#14847=CARTESIAN_POINT('',(2.20436427954729E-316,1.2E-300,1.2E-300));
#14848=DIRECTION('',(1.,-1.23259516440783E-32,-1.83697019872103E-16));
#14849=DIRECTION('',(8.29187936922566E-17,-0.892327333991128,0.451388888888823));
#14850=CARTESIAN_POINT('',(230.,-64.2475680473609,-32.4999999999983));
#14851=CARTESIAN_POINT('',(230.,-64.2475680473603,-32.4999999999992));
#14852=VECTOR('',#14853,1.);
#14853=DIRECTION('',(-1.,0.,9.8858119757927E-16));
#14854=AXIS2_PLACEMENT_3D('',#14855,#14856,#14857);
#14855=CARTESIAN_POINT('',(230.,0.,-4.22503145705837E-14));
#14856=DIRECTION('',(1.,-1.23259516440783E-32,-1.83697019872103E-16));
#14857=DIRECTION('',(8.29187936922566E-17,-0.892327333991128,0.451388888888823));
#14858=CARTESIAN_POINT('',(230.,64.2475680473609,-32.4999999999983));
#14859=CARTESIAN_POINT('',(-3.98010209722858E-15,64.2475680473609,-32.4999999999982));
#14860=CARTESIAN_POINT('',(230.,64.2475680473603,-32.4999999999993));
#14861=VECTOR('',#14862,1.);
#14862=DIRECTION('',(-1.,0.,9.8858119757927E-16));
#14863=CARTESIAN_POINT('',(3.98010209722859E-15,64.2475680473608,32.4999999999983));
#14864=AXIS2_PLACEMENT_3D('',#14865,#14866,#14867);
#14865=CARTESIAN_POINT('',(2.20436427954729E-316,1.2E-300,1.2E-300));
#14866=DIRECTION('',(1.,-1.23259516440783E-32,-1.83697019872103E-16));
#14867=DIRECTION('',(-8.29187936922566E-17,0.892327333991128,-0.451388888888823));
#14868=CARTESIAN_POINT('',(230.,64.2475680473608,32.4999999999983));
#14869=CARTESIAN_POINT('',(230.,64.2475680473602,32.4999999999993));
#14870=VECTOR('',#14871,1.);
#14871=DIRECTION('',(-1.,0.,-8.03222223033157E-16));
#14872=AXIS2_PLACEMENT_3D('',#14873,#14874,#14875);
#14873=CARTESIAN_POINT('',(230.,0.,-4.22503145705837E-14));
#14874=DIRECTION('',(1.,-1.23259516440783E-32,-1.83697019872103E-16));
#14875=DIRECTION('',(-8.29187936922566E-17,0.892327333991128,-0.451388888888823));
#14876=CARTESIAN_POINT('',(230.,64.2475680473612,-7.50000000000003));
#14877=CARTESIAN_POINT('',(230.,-64.2475680473612,-7.50000000000004));
#14878=CARTESIAN_POINT('',(230.,64.2475680473612,-7.50000000000003));
#14879=VECTOR('',#14880,1.);
#14880=DIRECTION('',(0.,-1.,-3.4560779757663E-16));
#14881=CARTESIAN_POINT('',(230.,-64.2475680473612,-7.50000000000004));
#14882=VECTOR('',#14883,1.);
#14883=DIRECTION('',(0.,-7.1054273576013E-16,1.));
#14884=CARTESIAN_POINT('',(230.,-64.2475680473612,-17.5));
#14885=CARTESIAN_POINT('',(230.,-64.2475680473612,-32.4999999999983));
#14886=VECTOR('',#14887,1.);
#14887=DIRECTION('',(0.,1.89478062869382E-15,1.));
#14888=CARTESIAN_POINT('',(230.,64.2475680473612,-17.5));
#14889=CARTESIAN_POINT('',(230.,-64.2475680473612,-17.5));
#14890=VECTOR('',#14891,1.);
#14891=DIRECTION('',(0.,1.,0.));
#14892=CARTESIAN_POINT('',(230.,64.2475680473612,-17.5));
#14893=VECTOR('',#14894,1.);
#14894=DIRECTION('',(0.,1.89478062869382E-15,-1.));
#14895=CARTESIAN_POINT('',(230.,64.2475680473612,32.4999999999983));
#14896=VECTOR('',#14897,1.);
#14897=DIRECTION('',(0.,7.1054273576013E-16,-1.));
#14898=CARTESIAN_POINT('',(0.,-64.2475680473612,-7.49999999999999));
#14899=CARTESIAN_POINT('',(0.,64.2475680473612,-7.49999999999999));
#14900=CARTESIAN_POINT('',(-6.88863824520386E-16,-64.2475680473612,-7.49999999999999));
#14901=VECTOR('',#14902,1.);
#14902=DIRECTION('',(7.52055399344748E-32,1.,4.35465824946554E-16));
#14903=CARTESIAN_POINT('',(-6.88863824520385E-16,64.2475680473612,-7.49999999999999));
#14904=VECTOR('',#14905,1.);
#14905=DIRECTION('',(9.18485099360515E-17,7.10542735760131E-16,1.));
#14906=CARTESIAN_POINT('',(0.,64.2475680473612,-17.5));
#14907=CARTESIAN_POINT('',(-2.98507657292151E-15,64.2475680473612,-32.4999999999982));
#14908=VECTOR('',#14909,1.);
#14909=DIRECTION('',(9.18485099360516E-17,-1.89478062869383E-15,1.));
#14910=CARTESIAN_POINT('',(0.,-64.2475680473612,-17.5));
#14911=CARTESIAN_POINT('',(-1.6073489238809E-15,64.2475680473612,-17.5));
#14912=VECTOR('',#14913,1.);
#14913=DIRECTION('',(-1.53480693743826E-33,-1.,0.));
#14914=CARTESIAN_POINT('',(-1.6073489238809E-15,-64.2475680473612,-17.5));
#14915=VECTOR('',#14916,1.);
#14916=DIRECTION('',(-9.18485099360515E-17,-1.89478062869382E-15,-1.));
#14917=CARTESIAN_POINT('',(2.98507657292152E-15,-64.2475680473612,32.4999999999983));
#14918=VECTOR('',#14919,1.);
#14919=DIRECTION('',(-9.18485099360515E-17,-7.1054273576013E-16,-1.));
#14920=CARTESIAN_POINT('',(230.,-64.2475680473612,-7.50000000000004));
#14921=VECTOR('',#14922,1.);
#14922=DIRECTION('',(-1.,2.8421709430404E-15,1.85358974546113E-16));
#14923=CARTESIAN_POINT('',(230.,-64.2475680473612,-17.5));
#14924=VECTOR('',#14925,1.);
#14925=DIRECTION('',(-1.,2.8421709430404E-15,9.26794872730565E-17));
#14926=CARTESIAN_POINT('',(230.,64.2475680473612,-17.5));
#14927=VECTOR('',#14928,1.);
#14928=DIRECTION('',(-1.,-2.8421709430404E-15,9.26794872730565E-17));
#14929=CARTESIAN_POINT('',(230.,64.2475680473612,-7.50000000000003));
#14930=VECTOR('',#14931,1.);
#14931=DIRECTION('',(-1.,-2.8421709430404E-15,-3.3596314136483E-16));
#14932=CARTESIAN_POINT('',(4.60339078379909E-15,39.1075134967818,25.0596922421722));
#14933=CARTESIAN_POINT('',(4.60339078379909E-15,-40.8924865032182,25.0596922421722));
#14934=CARTESIAN_POINT('',(4.60339078379909E-15,39.1075134967818,25.0596922421722));
#14935=VECTOR('',#14936,1.);
#14936=DIRECTION('',(-8.87468518373639E-32,-1.,7.54951656745107E-16));
#14937=CARTESIAN_POINT('',(100.,-40.8924865032182,25.0596922421722));
#14938=CARTESIAN_POINT('',(4.60339078379909E-15,-40.8924865032182,25.0596922421722));
#14939=VECTOR('',#14940,1.);
#14940=DIRECTION('',(1.,2.8421709430404E-16,5.6843418860808E-16));
#14941=CARTESIAN_POINT('',(100.,39.1075134967818,25.0596922421722));
#14942=CARTESIAN_POINT('',(100.,39.1075134967818,25.0596922421722));
#14943=VECTOR('',#14944,1.);
#14944=DIRECTION('',(0.,-1.,7.99360577730113E-16));
#14945=CARTESIAN_POINT('',(4.60339078379909E-15,39.1075134967818,25.0596922421722));
#14946=VECTOR('',#14947,1.);
#14947=DIRECTION('',(1.,2.1316282072803E-16,5.6843418860808E-16));
#14948=CARTESIAN_POINT('',(-2.74449001108503E-15,-40.8924865032182,-14.9403077578278));
#14949=CARTESIAN_POINT('',(4.60339078379909E-15,-40.8924865032182,25.0596922421722));
#14950=VECTOR('',#14951,1.);
#14951=DIRECTION('',(-1.83697019872103E-16,5.32907051820075E-16,-1.));
#14952=CARTESIAN_POINT('',(100.,-40.8924865032182,-14.9403077578278));
#14953=CARTESIAN_POINT('',(-2.74449001108503E-15,-40.8924865032182,-14.9403077578278));
#14954=VECTOR('',#14955,1.);
#14955=DIRECTION('',(1.,2.1316282072803E-16,-5.6843418860808E-16));
#14956=CARTESIAN_POINT('',(100.,-40.8924865032182,25.0596922421722));
#14957=VECTOR('',#14958,1.);
#14958=DIRECTION('',(0.,5.32907051820075E-16,-1.));
#14959=CARTESIAN_POINT('',(-2.74449001108503E-15,39.1075134967818,-14.9403077578278));
#14960=CARTESIAN_POINT('',(-2.74449001108503E-15,-40.8924865032182,-14.9403077578278));
#14961=VECTOR('',#14962,1.);
#14962=DIRECTION('',(-9.86076131526264E-33,1.,8.43769498715118E-16));
#14963=CARTESIAN_POINT('',(100.,39.1075134967818,-14.9403077578278));
#14964=CARTESIAN_POINT('',(-2.74449001108503E-15,39.1075134967818,-14.9403077578278));
#14965=VECTOR('',#14966,1.);
#14966=DIRECTION('',(1.,2.8421709430404E-16,-5.86197757002083E-16));
#14967=CARTESIAN_POINT('',(100.,-40.8924865032182,-14.9403077578278));
#14968=VECTOR('',#14969,1.);
#14969=DIRECTION('',(0.,1.,8.21565038222615E-16));
#14970=CARTESIAN_POINT('',(-2.74449001108503E-15,39.1075134967818,-14.9403077578278));
#14971=VECTOR('',#14972,1.);
#14972=DIRECTION('',(1.83697019872103E-16,5.32907051820075E-16,1.));
#14973=CARTESIAN_POINT('',(100.,39.1075134967818,-14.9403077578278));
#14974=VECTOR('',#14975,1.);
#14975=DIRECTION('',(0.,5.32907051820075E-16,1.));
#14976=CARTESIAN_POINT('',(4.01476182042996E-15,37.2614317843503,21.8553454118373));
#14977=CARTESIAN_POINT('',(4.01476182042995E-15,-42.7385682156497,21.8553454118373));
#14978=CARTESIAN_POINT('',(4.01476182042996E-15,37.2614317843503,21.8553454118373));
#14979=VECTOR('',#14980,1.);
#14980=DIRECTION('',(-6.90253292068386E-32,-1.,1.77635683940025E-16));
#14981=CARTESIAN_POINT('',(200.,-42.7385682156497,21.8553454118373));
#14982=CARTESIAN_POINT('',(4.01476182042995E-15,-42.7385682156497,21.8553454118373));
#14983=VECTOR('',#14984,1.);
#14984=DIRECTION('',(1.,-3.12638803734444E-15,-1.77635683940025E-17));
#14985=CARTESIAN_POINT('',(200.,37.2614317843503,21.8553454118373));
#14986=CARTESIAN_POINT('',(200.,37.2614317843503,21.8553454118373));
#14987=VECTOR('',#14988,1.);
#14988=DIRECTION('',(0.,-1.,1.33226762955019E-16));
#14989=CARTESIAN_POINT('',(4.01476182042996E-15,37.2614317843503,21.8553454118373));
#14990=VECTOR('',#14991,1.);
#14991=DIRECTION('',(1.,1.3855583347322E-15,0.));
#14992=CARTESIAN_POINT('',(-3.33311897445416E-15,-42.7385682156497,-18.1446545881627));
#14993=CARTESIAN_POINT('',(4.01476182042995E-15,-42.7385682156497,21.8553454118373));
#14994=VECTOR('',#14995,1.);
#14995=DIRECTION('',(-1.83697019872103E-16,-1.59872115546023E-15,-1.));
#14996=CARTESIAN_POINT('',(200.,-42.7385682156497,-18.1446545881627));
#14997=CARTESIAN_POINT('',(-3.33311897445416E-15,-42.7385682156497,-18.1446545881627));
#14998=VECTOR('',#14999,1.);
#14999=DIRECTION('',(1.,-3.16191517413245E-15,0.));
#15000=CARTESIAN_POINT('',(200.,-42.7385682156497,21.8553454118373));
#15001=VECTOR('',#15002,1.);
#15002=DIRECTION('',(0.,-1.59872115546023E-15,-1.));
#15003=CARTESIAN_POINT('',(-3.33311897445416E-15,37.2614317843503,-18.1446545881627));
#15004=CARTESIAN_POINT('',(-3.33311897445417E-15,-42.7385682156497,-18.1446545881627));
#15005=VECTOR('',#15006,1.);
#15006=DIRECTION('',(3.45126646034192E-32,1.,2.66453525910037E-16));
#15007=CARTESIAN_POINT('',(200.,37.2614317843503,-18.1446545881627));
#15008=CARTESIAN_POINT('',(-3.33311897445416E-15,37.2614317843503,-18.1446545881627));
#15009=VECTOR('',#15010,1.);
#15010=DIRECTION('',(1.,1.4210854715202E-15,0.));
#15011=CARTESIAN_POINT('',(200.,-42.7385682156497,-18.1446545881627));
#15012=VECTOR('',#15013,1.);
#15013=DIRECTION('',(0.,1.,3.10862446895043E-16));
#15014=CARTESIAN_POINT('',(-3.33311897445417E-15,37.2614317843503,-18.1446545881627));
#15015=VECTOR('',#15016,1.);
#15016=DIRECTION('',(1.83697019872103E-16,-1.59872115546022E-15,1.));
#15017=CARTESIAN_POINT('',(200.,37.2614317843503,-18.1446545881627));
#15018=VECTOR('',#15019,1.);
#15019=DIRECTION('',(0.,-1.59872115546022E-15,1.));
ENDSEC;
END-ISO-10303-21;
